{
  "id": "34ab2d81-4c4b-4072-b2f2-0d8047ab0e5d",
  "sequences": {
    "set": 1,
    "game": 1,
    "point": 3,
    "serve": 1,
    "rally": 1
  },
  "match": {
    "season": 2025,
    "tournament_id": 9999,
    "draw_code": "MS001",
    "court_id": 1,
    "players": [
      {
        "forename": "Andy",
        "surname": "Bernard",
        "team": 1,
        "external_id": "AB12"
      },
      {
        "forename": "Cedric",
        "surname": "Diggory",
        "team": 2,
        "external_id": "CD34"
      }
    ]
  },
  "shots": [
    {
      "shot_no": 1,
      "team": 2,
      "stroke": "serve",
      "spin": {
        "type": "backspin",
        "rpm": -3864.819
      },
      "speed_ms": 52.925,
      "call": "in",
      "distance": -0.137,
      "time_utc": "2025-01-01T11:11:33.896Z",
      "time": 0.0,
      "duration": 0.829
    }
  ],
  "samples": [
    {
      "time": -2.14,
      "players": [
        {
          "team": 1,
          "pos": {
            "x": 15.38,
            "y": 4.06
          }
        },
        {
          "team": 2,
          "pos": {
            "x": -12.16,
            "y": -1.41
          }
        }
      ]
    },
    {
      "time": -2.12,
      "players": [
        {
          "team": 1,
          "pos": {
            "x": 15.38,
            "y": 4.06
          }
        },
        {
          "team": 2,
          "pos": {
            "x": -12.14,
            "y": -1.43
          }
        }
      ]
    },
    {
      "time": -2.1,
      "players": [
        {
          "team": 1,
          "pos": {
            "x": 15.38,
            "y": 4.06
          }
        },
        {
          "team": 2,
          "pos": {
            "x": -12.14,
            "y": -1.43
          }
        }
      ]
    },
    {
      "time": -2.08,
      "players": [
        {
          "team": 1,
          "pos": {
            "x": 15.38,
            "y": 4.06
          }
        },
        {
          "team": 2,
          "pos": {
            "x": -12.13,
            "y": -1.45
          }
        }
      ]
    },
    {
      "time": -2.06,
      "players": [
        {
          "team": 1,
          "pos": {
            "x": 15.38,
            "y": 4.06
          }
        },
        {
          "team": 2,
          "pos": {
            "x": -12.13,
            "y": -1.43
          }
        }
      ]
    },
    {
      "time": -2.04,
      "players": [
        {
          "team": 1,
          "pos": {
            "x": 15.38,
            "y": 4.06
          }
        },
        {
          "team": 2,
          "pos": {
            "x": -12.12,
            "y": -1.42
          }
        }
      ]
    },
    {
      "time": -2.02,
      "players": [
        {
          "team": 1,
          "pos": {
            "x": 15.38,
            "y": 4.06
          }
        },
        {
          "team": 2,
          "pos": {
            "x": -12.07,
            "y": -1.44
          }
        }
      ]
    },
    {
      "time": -2.0,
      "players": [
        {
          "team": 1,
          "pos": {
            "x": 15.38,
            "y": 4.06
          }
        },
        {
          "team": 2,
          "pos": {
            "x": -12.04,
            "y": -1.45
          }
        }
      ]
    },
    {
      "time": -1.98,
      "players": [
        {
          "team": 1,
          "pos": {
            "x": 15.38,
            "y": 4.06
          }
        },
        {
          "team": 2,
          "pos": {
            "x": -12.01,
            "y": -1.44
          }
        }
      ]
    },
    {
      "time": -1.96,
      "players": [
        {
          "team": 1,
          "pos": {
            "x": 15.38,
            "y": 4.06
          }
        },
        {
          "team": 2,
          "pos": {
            "x": -11.99,
            "y": -1.44
          }
        }
      ]
    },
    {
      "time": -1.94,
      "players": [
        {
          "team": 1,
          "pos": {
            "x": 15.38,
            "y": 4.06
          }
        },
        {
          "team": 2,
          "pos": {
            "x": -11.97,
            "y": -1.44
          }
        }
      ]
    },
    {
      "time": -1.92,
      "players": [
        {
          "team": 1,
          "pos": {
            "x": 15.38,
            "y": 4.06
          }
        },
        {
          "team": 2,
          "pos": {
            "x": -11.98,
            "y": -1.42
          }
        }
      ]
    },
    {
      "time": -1.9,
      "players": [
        {
          "team": 1,
          "pos": {
            "x": 15.38,
            "y": 4.06
          }
        },
        {
          "team": 2,
          "pos": {
            "x": -11.94,
            "y": -1.38
          }
        }
      ]
    },
    {
      "time": -1.88,
      "players": [
        {
          "team": 1,
          "pos": {
            "x": 15.38,
            "y": 4.06
          }
        },
        {
          "team": 2,
          "pos": {
            "x": -11.9,
            "y": -1.36
          }
        }
      ]
    },
    {
      "time": -1.86,
      "players": [
        {
          "team": 1,
          "pos": {
            "x": 15.38,
            "y": 4.06
          }
        },
        {
          "team": 2,
          "pos": {
            "x": -11.87,
            "y": -1.35
          }
        }
      ]
    },
    {
      "time": -1.84,
      "players": [
        {
          "team": 1,
          "pos": {
            "x": 15.38,
            "y": 4.06
          }
        },
        {
          "team": 2,
          "pos": {
            "x": -11.9,
            "y": -1.33
          }
        }
      ]
    },
    {
      "time": -1.82,
      "players": [
        {
          "team": 1,
          "pos": {
            "x": 15.38,
            "y": 4.06
          }
        },
        {
          "team": 2,
          "pos": {
            "x": -11.94,
            "y": -1.32
          }
        }
      ]
    },
    {
      "time": -1.8,
      "players": [
        {
          "team": 1,
          "pos": {
            "x": 15.38,
            "y": 4.06
          }
        },
        {
          "team": 2,
          "pos": {
            "x": -11.96,
            "y": -1.31
          }
        }
      ]
    },
    {
      "time": -1.78,
      "players": [
        {
          "team": 1,
          "pos": {
            "x": 15.38,
            "y": 4.06
          }
        },
        {
          "team": 2,
          "pos": {
            "x": -11.97,
            "y": -1.29
          }
        }
      ]
    },
    {
      "time": -1.76,
      "players": [
        {
          "team": 1,
          "pos": {
            "x": 15.38,
            "y": 4.06
          }
        },
        {
          "team": 2,
          "pos": {
            "x": -12.01,
            "y": -1.28
          }
        }
      ]
    },
    {
      "time": -1.74,
      "players": [
        {
          "team": 1,
          "pos": {
            "x": 15.38,
            "y": 4.06
          }
        },
        {
          "team": 2,
          "pos": {
            "x": -12.06,
            "y": -1.26
          }
        }
      ]
    },
    {
      "time": -1.72,
      "players": [
        {
          "team": 1,
          "pos": {
            "x": 15.38,
            "y": 4.06
          }
        },
        {
          "team": 2,
          "pos": {
            "x": -12.08,
            "y": -1.29
          }
        }
      ]
    },
    {
      "time": -1.7,
      "players": [
        {
          "team": 1,
          "pos": {
            "x": 15.38,
            "y": 4.06
          }
        },
        {
          "team": 2,
          "pos": {
            "x": -12.08,
            "y": -1.33
          }
        }
      ]
    },
    {
      "time": -1.68,
      "players": [
        {
          "team": 1,
          "pos": {
            "x": 15.38,
            "y": 4.06
          }
        },
        {
          "team": 2,
          "pos": {
            "x": -12.12,
            "y": -1.33
          }
        }
      ]
    },
    {
      "time": -1.66,
      "players": [
        {
          "team": 1,
          "pos": {
            "x": 15.38,
            "y": 4.06
          }
        },
        {
          "team": 2,
          "pos": {
            "x": -12.11,
            "y": -1.37
          }
        }
      ]
    },
    {
      "time": -1.64,
      "players": [
        {
          "team": 1,
          "pos": {
            "x": 15.38,
            "y": 4.06
          }
        },
        {
          "team": 2,
          "pos": {
            "x": -12.1,
            "y": -1.41
          }
        }
      ]
    },
    {
      "time": -1.62,
      "players": [
        {
          "team": 1,
          "pos": {
            "x": 15.38,
            "y": 4.06
          }
        },
        {
          "team": 2,
          "pos": {
            "x": -12.1,
            "y": -1.45
          }
        }
      ]
    },
    {
      "time": -1.6,
      "players": [
        {
          "team": 1,
          "pos": {
            "x": 15.38,
            "y": 4.06
          }
        },
        {
          "team": 2,
          "pos": {
            "x": -12.13,
            "y": -1.47
          }
        }
      ]
    },
    {
      "time": -1.58,
      "players": [
        {
          "team": 1,
          "pos": {
            "x": 15.38,
            "y": 4.06
          }
        },
        {
          "team": 2,
          "pos": {
            "x": -12.12,
            "y": -1.51
          }
        }
      ]
    },
    {
      "time": -1.56,
      "players": [
        {
          "team": 1,
          "pos": {
            "x": 15.38,
            "y": 4.06
          }
        },
        {
          "team": 2,
          "pos": {
            "x": -12.12,
            "y": -1.55
          }
        }
      ]
    },
    {
      "time": -1.54,
      "players": [
        {
          "team": 1,
          "pos": {
            "x": 15.38,
            "y": 4.06
          }
        },
        {
          "team": 2,
          "pos": {
            "x": -12.11,
            "y": -1.56
          }
        }
      ]
    },
    {
      "time": -1.52,
      "players": [
        {
          "team": 1,
          "pos": {
            "x": 15.38,
            "y": 4.06
          }
        },
        {
          "team": 2,
          "pos": {
            "x": -12.1,
            "y": -1.6
          }
        }
      ]
    },
    {
      "time": -1.5,
      "players": [
        {
          "team": 1,
          "pos": {
            "x": 15.38,
            "y": 4.06
          }
        },
        {
          "team": 2,
          "pos": {
            "x": -12.07,
            "y": -1.61
          }
        }
      ]
    },
    {
      "time": -1.48,
      "players": [
        {
          "team": 1,
          "pos": {
            "x": 15.38,
            "y": 4.06
          }
        },
        {
          "team": 2,
          "pos": {
            "x": -12.08,
            "y": -1.65
          }
        }
      ]
    },
    {
      "time": -1.46,
      "players": [
        {
          "team": 1,
          "pos": {
            "x": 15.38,
            "y": 4.06
          }
        },
        {
          "team": 2,
          "pos": {
            "x": -12.08,
            "y": -1.67
          }
        }
      ]
    },
    {
      "time": -1.44,
      "players": [
        {
          "team": 1,
          "pos": {
            "x": 15.38,
            "y": 4.06
          }
        },
        {
          "team": 2,
          "pos": {
            "x": -12.11,
            "y": -1.68
          }
        }
      ]
    },
    {
      "time": -1.42,
      "players": [
        {
          "team": 1,
          "pos": {
            "x": 15.38,
            "y": 4.06
          }
        },
        {
          "team": 2,
          "pos": {
            "x": -12.17,
            "y": -1.65
          }
        }
      ]
    },
    {
      "time": -1.4,
      "players": [
        {
          "team": 1,
          "pos": {
            "x": 15.38,
            "y": 4.06
          }
        },
        {
          "team": 2,
          "pos": {
            "x": -12.2,
            "y": -1.66
          }
        }
      ]
    },
    {
      "time": -1.38,
      "players": [
        {
          "team": 1,
          "pos": {
            "x": 15.38,
            "y": 4.06
          }
        },
        {
          "team": 2,
          "pos": {
            "x": -12.24,
            "y": -1.65
          }
        }
      ]
    },
    {
      "time": -1.36,
      "players": [
        {
          "team": 1,
          "pos": {
            "x": 15.38,
            "y": 4.06
          }
        },
        {
          "team": 2,
          "pos": {
            "x": -12.28,
            "y": -1.66
          }
        }
      ]
    },
    {
      "time": -1.34,
      "players": [
        {
          "team": 1,
          "pos": {
            "x": 15.38,
            "y": 4.06
          }
        },
        {
          "team": 2,
          "pos": {
            "x": -12.31,
            "y": -1.7
          }
        }
      ]
    },
    {
      "time": -1.32,
      "players": [
        {
          "team": 1,
          "pos": {
            "x": 15.38,
            "y": 4.06
          }
        },
        {
          "team": 2,
          "pos": {
            "x": -12.34,
            "y": -1.71
          }
        }
      ]
    },
    {
      "time": -1.3,
      "players": [
        {
          "team": 1,
          "pos": {
            "x": 15.38,
            "y": 4.06
          }
        },
        {
          "team": 2,
          "pos": {
            "x": -12.36,
            "y": -1.75
          }
        }
      ]
    },
    {
      "time": -1.28,
      "players": [
        {
          "team": 1,
          "pos": {
            "x": 15.38,
            "y": 4.06
          }
        },
        {
          "team": 2,
          "pos": {
            "x": -12.36,
            "y": -1.79
          }
        }
      ]
    },
    {
      "time": -1.26,
      "players": [
        {
          "team": 1,
          "pos": {
            "x": 15.38,
            "y": 4.06
          }
        },
        {
          "team": 2,
          "pos": {
            "x": -12.36,
            "y": -1.83
          }
        }
      ]
    },
    {
      "time": -1.24,
      "players": [
        {
          "team": 1,
          "pos": {
            "x": 15.38,
            "y": 4.06
          }
        },
        {
          "team": 2,
          "pos": {
            "x": -12.36,
            "y": -1.86
          }
        }
      ]
    },
    {
      "time": -1.22,
      "players": [
        {
          "team": 1,
          "pos": {
            "x": 15.38,
            "y": 4.06
          }
        },
        {
          "team": 2,
          "pos": {
            "x": -12.34,
            "y": -1.89
          }
        }
      ]
    },
    {
      "time": -1.2,
      "players": [
        {
          "team": 1,
          "pos": {
            "x": 15.38,
            "y": 4.06
          }
        },
        {
          "team": 2,
          "pos": {
            "x": -12.31,
            "y": -1.91
          }
        }
      ]
    },
    {
      "time": -1.18,
      "players": [
        {
          "team": 1,
          "pos": {
            "x": 15.38,
            "y": 4.06
          }
        },
        {
          "team": 2,
          "pos": {
            "x": -12.28,
            "y": -1.9
          }
        }
      ]
    },
    {
      "time": -1.16,
      "players": [
        {
          "team": 1,
          "pos": {
            "x": 15.38,
            "y": 4.06
          }
        },
        {
          "team": 2,
          "pos": {
            "x": -12.26,
            "y": -1.93
          }
        }
      ]
    },
    {
      "time": -1.14,
      "players": [
        {
          "team": 1,
          "pos": {
            "x": 15.38,
            "y": 4.06
          }
        },
        {
          "team": 2,
          "pos": {
            "x": -12.23,
            "y": -1.94
          }
        }
      ]
    },
    {
      "time": -1.12,
      "players": [
        {
          "team": 1,
          "pos": {
            "x": 15.38,
            "y": 4.06
          }
        },
        {
          "team": 2,
          "pos": {
            "x": -12.23,
            "y": -1.96
          }
        }
      ]
    },
    {
      "time": -1.1,
      "players": [
        {
          "team": 1,
          "pos": {
            "x": 15.38,
            "y": 4.06
          }
        },
        {
          "team": 2,
          "pos": {
            "x": -12.27,
            "y": -1.91
          }
        }
      ]
    },
    {
      "time": -1.08,
      "players": [
        {
          "team": 1,
          "pos": {
            "x": 15.38,
            "y": 4.06
          }
        },
        {
          "team": 2,
          "pos": {
            "x": -12.26,
            "y": -1.92
          }
        }
      ]
    },
    {
      "time": -1.06,
      "players": [
        {
          "team": 1,
          "pos": {
            "x": 15.38,
            "y": 4.06
          }
        },
        {
          "team": 2,
          "pos": {
            "x": -12.23,
            "y": -1.93
          }
        }
      ]
    },
    {
      "time": -1.04,
      "players": [
        {
          "team": 1,
          "pos": {
            "x": 15.38,
            "y": 4.06
          }
        },
        {
          "team": 2,
          "pos": {
            "x": -12.22,
            "y": -1.91
          }
        }
      ]
    },
    {
      "time": -1.02,
      "players": [
        {
          "team": 1,
          "pos": {
            "x": 15.38,
            "y": 4.06
          }
        },
        {
          "team": 2,
          "pos": {
            "x": -12.26,
            "y": -1.83
          }
        }
      ]
    },
    {
      "time": -1.0,
      "players": [
        {
          "team": 1,
          "pos": {
            "x": 15.38,
            "y": 4.06
          }
        },
        {
          "team": 2,
          "pos": {
            "x": -12.3,
            "y": -1.78
          }
        }
      ]
    },
    {
      "time": -0.98,
      "players": [
        {
          "team": 1,
          "pos": {
            "x": 15.38,
            "y": 4.06
          }
        },
        {
          "team": 2,
          "pos": {
            "x": -12.34,
            "y": -1.72
          }
        }
      ]
    },
    {
      "time": -0.96,
      "players": [
        {
          "team": 1,
          "pos": {
            "x": 15.38,
            "y": 4.06
          }
        },
        {
          "team": 2,
          "pos": {
            "x": -12.39,
            "y": -1.67
          }
        }
      ]
    },
    {
      "time": -0.94,
      "players": [
        {
          "team": 1,
          "pos": {
            "x": 15.38,
            "y": 4.06
          }
        },
        {
          "team": 2,
          "pos": {
            "x": -12.42,
            "y": -1.67
          }
        }
      ]
    },
    {
      "time": -0.935,
      "ball": {
        "pos": {
          "x": -12.096,
          "y": -1.044,
          "z": 0.814
        }
      },
      "players": [
        {
          "team": 1,
          "pos": {
            "x": 15.38,
            "y": 4.06
          }
        },
        {
          "team": 2,
          "pos": {
            "x": -12.45,
            "y": -1.66
          }
        }
      ]
    },
    {
      "time": -0.92,
      "ball": {
        "pos": {
          "x": -12.059,
          "y": -1.025,
          "z": 0.895
        }
      },
      "players": [
        {
          "team": 1,
          "pos": {
            "x": 15.38,
            "y": 4.06
          }
        },
        {
          "team": 2,
          "pos": {
            "x": -12.45,
            "y": -1.65
          }
        }
      ]
    },
    {
      "time": -0.9,
      "ball": {
        "pos": {
          "x": -12.012,
          "y": -1.002,
          "z": 1.001
        }
      },
      "players": [
        {
          "team": 1,
          "pos": {
            "x": 15.38,
            "y": 4.06
          }
        },
        {
          "team": 2,
          "pos": {
            "x": -12.48,
            "y": -1.61
          }
        }
      ]
    },
    {
      "time": -0.88,
      "ball": {
        "pos": {
          "x": -11.968,
          "y": -0.98,
          "z": 1.105
        }
      },
      "players": [
        {
          "team": 1,
          "pos": {
            "x": 15.38,
            "y": 4.06
          }
        },
        {
          "team": 2,
          "pos": {
            "x": -12.49,
            "y": -1.59
          }
        }
      ]
    },
    {
      "time": -0.86,
      "ball": {
        "pos": {
          "x": -11.925,
          "y": -0.961,
          "z": 1.208
        }
      },
      "players": [
        {
          "team": 1,
          "pos": {
            "x": 15.38,
            "y": 4.06
          }
        },
        {
          "team": 2,
          "pos": {
            "x": -12.5,
            "y": -1.58
          }
        }
      ]
    },
    {
      "time": -0.84,
      "ball": {
        "pos": {
          "x": -11.885,
          "y": -0.944,
          "z": 1.308
        }
      },
      "players": [
        {
          "team": 1,
          "pos": {
            "x": 15.38,
            "y": 4.06
          }
        },
        {
          "team": 2,
          "pos": {
            "x": -12.48,
            "y": -1.59
          }
        }
      ]
    },
    {
      "time": -0.82,
      "ball": {
        "pos": {
          "x": -11.846,
          "y": -0.928,
          "z": 1.407
        }
      },
      "players": [
        {
          "team": 1,
          "pos": {
            "x": 15.38,
            "y": 4.06
          }
        },
        {
          "team": 2,
          "pos": {
            "x": -12.49,
            "y": -1.54
          }
        }
      ]
    },
    {
      "time": -0.8,
      "ball": {
        "pos": {
          "x": -11.81,
          "y": -0.915,
          "z": 1.504
        }
      },
      "players": [
        {
          "team": 1,
          "pos": {
            "x": 15.38,
            "y": 4.06
          }
        },
        {
          "team": 2,
          "pos": {
            "x": -12.49,
            "y": -1.48
          }
        }
      ]
    },
    {
      "time": -0.78,
      "ball": {
        "pos": {
          "x": -11.775,
          "y": -0.903,
          "z": 1.598
        }
      },
      "players": [
        {
          "team": 1,
          "pos": {
            "x": 15.38,
            "y": 4.06
          }
        },
        {
          "team": 2,
          "pos": {
            "x": -12.48,
            "y": -1.44
          }
        }
      ]
    },
    {
      "time": -0.76,
      "ball": {
        "pos": {
          "x": -11.743,
          "y": -0.893,
          "z": 1.691
        }
      },
      "players": [
        {
          "team": 1,
          "pos": {
            "x": 15.38,
            "y": 4.06
          }
        },
        {
          "team": 2,
          "pos": {
            "x": -12.46,
            "y": -1.44
          }
        }
      ]
    },
    {
      "time": -0.74,
      "ball": {
        "pos": {
          "x": -11.712,
          "y": -0.885,
          "z": 1.781
        }
      },
      "players": [
        {
          "team": 1,
          "pos": {
            "x": 15.38,
            "y": 4.06
          }
        },
        {
          "team": 2,
          "pos": {
            "x": -12.43,
            "y": -1.45
          }
        }
      ]
    },
    {
      "time": -0.72,
      "ball": {
        "pos": {
          "x": -11.682,
          "y": -0.878,
          "z": 1.869
        }
      },
      "players": [
        {
          "team": 1,
          "pos": {
            "x": 15.38,
            "y": 4.06
          }
        },
        {
          "team": 2,
          "pos": {
            "x": -12.43,
            "y": -1.4
          }
        }
      ]
    },
    {
      "time": -0.7,
      "ball": {
        "pos": {
          "x": -11.655,
          "y": -0.872,
          "z": 1.955
        }
      },
      "players": [
        {
          "team": 1,
          "pos": {
            "x": 15.38,
            "y": 4.06
          }
        },
        {
          "team": 2,
          "pos": {
            "x": -12.41,
            "y": -1.34
          }
        }
      ]
    },
    {
      "time": -0.68,
      "ball": {
        "pos": {
          "x": -11.629,
          "y": -0.869,
          "z": 2.038
        }
      },
      "players": [
        {
          "team": 1,
          "pos": {
            "x": 15.38,
            "y": 4.06
          }
        },
        {
          "team": 2,
          "pos": {
            "x": -12.39,
            "y": -1.36
          }
        }
      ]
    },
    {
      "time": -0.66,
      "ball": {
        "pos": {
          "x": -11.604,
          "y": -0.866,
          "z": 2.119
        }
      },
      "players": [
        {
          "team": 1,
          "pos": {
            "x": 15.38,
            "y": 4.06
          }
        },
        {
          "team": 2,
          "pos": {
            "x": -12.38,
            "y": -1.31
          }
        }
      ]
    },
    {
      "time": -0.64,
      "ball": {
        "pos": {
          "x": -11.58,
          "y": -0.865,
          "z": 2.197
        }
      },
      "players": [
        {
          "team": 1,
          "pos": {
            "x": 15.38,
            "y": 4.06
          }
        },
        {
          "team": 2,
          "pos": {
            "x": -12.37,
            "y": -1.27
          }
        }
      ]
    },
    {
      "time": -0.62,
      "ball": {
        "pos": {
          "x": -11.558,
          "y": -0.866,
          "z": 2.273
        }
      },
      "players": [
        {
          "team": 1,
          "pos": {
            "x": 15.38,
            "y": 4.05
          }
        },
        {
          "team": 2,
          "pos": {
            "x": -12.37,
            "y": -1.21
          }
        }
      ]
    },
    {
      "time": -0.6,
      "ball": {
        "pos": {
          "x": -11.538,
          "y": -0.867,
          "z": 2.346
        }
      },
      "players": [
        {
          "team": 1,
          "pos": {
            "x": 15.38,
            "y": 4.05
          }
        },
        {
          "team": 2,
          "pos": {
            "x": -12.35,
            "y": -1.15
          }
        }
      ]
    },
    {
      "time": -0.58,
      "ball": {
        "pos": {
          "x": -11.518,
          "y": -0.87,
          "z": 2.416
        }
      },
      "players": [
        {
          "team": 1,
          "pos": {
            "x": 15.37,
            "y": 4.05
          }
        },
        {
          "team": 2,
          "pos": {
            "x": -12.31,
            "y": -1.1
          }
        }
      ]
    },
    {
      "time": -0.56,
      "ball": {
        "pos": {
          "x": -11.5,
          "y": -0.873,
          "z": 2.484
        }
      },
      "players": [
        {
          "team": 1,
          "pos": {
            "x": 15.37,
            "y": 4.05
          }
        },
        {
          "team": 2,
          "pos": {
            "x": -12.3,
            "y": -1.03
          }
        }
      ]
    },
    {
      "time": -0.54,
      "ball": {
        "pos": {
          "x": -11.482,
          "y": -0.878,
          "z": 2.549
        }
      },
      "players": [
        {
          "team": 1,
          "pos": {
            "x": 15.38,
            "y": 4.05
          }
        },
        {
          "team": 2,
          "pos": {
            "x": -12.31,
            "y": -0.99
          }
        }
      ]
    },
    {
      "time": -0.52,
      "ball": {
        "pos": {
          "x": -11.466,
          "y": -0.884,
          "z": 2.611
        }
      },
      "players": [
        {
          "team": 1,
          "pos": {
            "x": 15.41,
            "y": 4.07
          }
        },
        {
          "team": 2,
          "pos": {
            "x": -12.29,
            "y": -0.98
          }
        }
      ]
    },
    {
      "time": -0.5,
      "ball": {
        "pos": {
          "x": -11.45,
          "y": -0.891,
          "z": 2.67
        }
      },
      "players": [
        {
          "team": 1,
          "pos": {
            "x": 15.41,
            "y": 4.06
          }
        },
        {
          "team": 2,
          "pos": {
            "x": -12.29,
            "y": -1.01
          }
        }
      ]
    },
    {
      "time": -0.48,
      "ball": {
        "pos": {
          "x": -11.435,
          "y": -0.898,
          "z": 2.725
        }
      },
      "players": [
        {
          "team": 1,
          "pos": {
            "x": 15.39,
            "y": 4.07
          }
        },
        {
          "team": 2,
          "pos": {
            "x": -12.29,
            "y": -1.04
          }
        }
      ]
    },
    {
      "time": -0.46,
      "ball": {
        "pos": {
          "x": -11.421,
          "y": -0.907,
          "z": 2.778
        }
      },
      "players": [
        {
          "team": 1,
          "pos": {
            "x": 15.39,
            "y": 4.07
          }
        },
        {
          "team": 2,
          "pos": {
            "x": -12.3,
            "y": -1.03
          }
        }
      ]
    },
    {
      "time": -0.44,
      "ball": {
        "pos": {
          "x": -11.408,
          "y": -0.916,
          "z": 2.828
        }
      },
      "players": [
        {
          "team": 1,
          "pos": {
            "x": 15.39,
            "y": 4.07
          }
        },
        {
          "team": 2,
          "pos": {
            "x": -12.3,
            "y": -1.02
          }
        }
      ]
    },
    {
      "time": -0.42,
      "ball": {
        "pos": {
          "x": -11.395,
          "y": -0.926,
          "z": 2.874
        }
      },
      "players": [
        {
          "team": 1,
          "pos": {
            "x": 15.46,
            "y": 4.07
          }
        },
        {
          "team": 2,
          "pos": {
            "x": -12.29,
            "y": -1.02
          }
        }
      ]
    },
    {
      "time": -0.4,
      "ball": {
        "pos": {
          "x": -11.383,
          "y": -0.936,
          "z": 2.917
        }
      },
      "players": [
        {
          "team": 1,
          "pos": {
            "x": 15.55,
            "y": 4.07
          }
        },
        {
          "team": 2,
          "pos": {
            "x": -12.3,
            "y": -0.98
          }
        }
      ]
    },
    {
      "time": -0.38,
      "ball": {
        "pos": {
          "x": -11.371,
          "y": -0.947,
          "z": 2.957
        }
      },
      "players": [
        {
          "team": 1,
          "pos": {
            "x": 15.66,
            "y": 4.04
          }
        },
        {
          "team": 2,
          "pos": {
            "x": -12.33,
            "y": -0.96
          }
        }
      ]
    },
    {
      "time": -0.36,
      "ball": {
        "pos": {
          "x": -11.36,
          "y": -0.959,
          "z": 2.994
        }
      },
      "players": [
        {
          "team": 1,
          "pos": {
            "x": 15.73,
            "y": 4.01
          }
        },
        {
          "team": 2,
          "pos": {
            "x": -12.34,
            "y": -0.94
          }
        }
      ]
    },
    {
      "time": -0.34,
      "ball": {
        "pos": {
          "x": -11.349,
          "y": -0.971,
          "z": 3.026
        }
      },
      "players": [
        {
          "team": 1,
          "pos": {
            "x": 15.74,
            "y": 4.03
          }
        },
        {
          "team": 2,
          "pos": {
            "x": -12.35,
            "y": -0.92
          }
        }
      ]
    },
    {
      "time": -0.32,
      "ball": {
        "pos": {
          "x": -11.338,
          "y": -0.983,
          "z": 3.056
        }
      },
      "players": [
        {
          "team": 1,
          "pos": {
            "x": 15.71,
            "y": 4.04
          }
        },
        {
          "team": 2,
          "pos": {
            "x": -12.36,
            "y": -0.94
          }
        }
      ]
    },
    {
      "time": -0.3,
      "ball": {
        "pos": {
          "x": -11.328,
          "y": -0.996,
          "z": 3.082
        }
      },
      "players": [
        {
          "team": 1,
          "pos": {
            "x": 15.75,
            "y": 4.0
          }
        },
        {
          "team": 2,
          "pos": {
            "x": -12.36,
            "y": -0.94
          }
        }
      ]
    },
    {
      "time": -0.28,
      "ball": {
        "pos": {
          "x": -11.317,
          "y": -1.008,
          "z": 3.104
        }
      },
      "players": [
        {
          "team": 1,
          "pos": {
            "x": 15.76,
            "y": 3.96
          }
        },
        {
          "team": 2,
          "pos": {
            "x": -12.36,
            "y": -0.96
          }
        }
      ]
    },
    {
      "time": -0.26,
      "ball": {
        "pos": {
          "x": -11.307,
          "y": -1.021,
          "z": 3.122
        }
      },
      "players": [
        {
          "team": 1,
          "pos": {
            "x": 15.75,
            "y": 3.92
          }
        },
        {
          "team": 2,
          "pos": {
            "x": -12.34,
            "y": -0.95
          }
        }
      ]
    },
    {
      "time": -0.24,
      "ball": {
        "pos": {
          "x": -11.296,
          "y": -1.035,
          "z": 3.136
        }
      },
      "players": [
        {
          "team": 1,
          "pos": {
            "x": 15.77,
            "y": 3.88
          }
        },
        {
          "team": 2,
          "pos": {
            "x": -12.34,
            "y": -0.94
          }
        }
      ]
    },
    {
      "time": -0.22,
      "ball": {
        "pos": {
          "x": -11.286,
          "y": -1.048,
          "z": 3.147
        }
      },
      "players": [
        {
          "team": 1,
          "pos": {
            "x": 15.79,
            "y": 3.88
          }
        },
        {
          "team": 2,
          "pos": {
            "x": -12.33,
            "y": -0.9
          }
        }
      ]
    },
    {
      "time": -0.2,
      "ball": {
        "pos": {
          "x": -11.275,
          "y": -1.061,
          "z": 3.154
        }
      },
      "players": [
        {
          "team": 1,
          "pos": {
            "x": 15.76,
            "y": 3.9
          }
        },
        {
          "team": 2,
          "pos": {
            "x": -12.26,
            "y": -0.9
          }
        }
      ]
    },
    {
      "time": -0.18,
      "ball": {
        "pos": {
          "x": -11.264,
          "y": -1.074,
          "z": 3.156
        }
      },
      "players": [
        {
          "team": 1,
          "pos": {
            "x": 15.72,
            "y": 3.9
          }
        },
        {
          "team": 2,
          "pos": {
            "x": -12.15,
            "y": -0.95
          }
        }
      ]
    },
    {
      "time": -0.177,
      "ball": {
        "pos": {
          "x": -11.262,
          "y": -1.077,
          "z": 3.156
        }
      },
      "players": [
        {
          "team": 1,
          "pos": {
            "x": 15.74,
            "y": 3.91
          }
        },
        {
          "team": 2,
          "pos": {
            "x": -12.04,
            "y": -0.99
          }
        }
      ]
    },
    {
      "time": -0.16,
      "ball": {
        "pos": {
          "x": -11.253,
          "y": -1.088,
          "z": 3.155
        }
      },
      "players": [
        {
          "team": 1,
          "pos": {
            "x": 15.69,
            "y": 3.9
          }
        },
        {
          "team": 2,
          "pos": {
            "x": -12.01,
            "y": -1.0
          }
        }
      ]
    },
    {
      "time": -0.14,
      "ball": {
        "pos": {
          "x": -11.241,
          "y": -1.1,
          "z": 3.15
        }
      },
      "players": [
        {
          "team": 1,
          "pos": {
            "x": 15.73,
            "y": 3.9
          }
        },
        {
          "team": 2,
          "pos": {
            "x": -11.86,
            "y": -1.06
          }
        }
      ]
    },
    {
      "time": -0.12,
      "ball": {
        "pos": {
          "x": -11.229,
          "y": -1.113,
          "z": 3.14
        }
      },
      "players": [
        {
          "team": 1,
          "pos": {
            "x": 15.78,
            "y": 3.88
          }
        },
        {
          "team": 2,
          "pos": {
            "x": -11.82,
            "y": -1.05
          }
        }
      ]
    },
    {
      "time": -0.1,
      "ball": {
        "pos": {
          "x": -11.216,
          "y": -1.126,
          "z": 3.126
        }
      },
      "players": [
        {
          "team": 1,
          "pos": {
            "x": 15.81,
            "y": 3.87
          }
        },
        {
          "team": 2,
          "pos": {
            "x": -11.73,
            "y": -1.09
          }
        }
      ]
    },
    {
      "time": -0.08,
      "ball": {
        "pos": {
          "x": -11.203,
          "y": -1.138,
          "z": 3.108
        }
      },
      "players": [
        {
          "team": 1,
          "pos": {
            "x": 15.82,
            "y": 3.87
          }
        },
        {
          "team": 2,
          "pos": {
            "x": -11.66,
            "y": -1.07
          }
        }
      ]
    },
    {
      "time": -0.06,
      "ball": {
        "pos": {
          "x": -11.189,
          "y": -1.149,
          "z": 3.085
        }
      },
      "players": [
        {
          "team": 1,
          "pos": {
            "x": 15.86,
            "y": 3.89
          }
        },
        {
          "team": 2,
          "pos": {
            "x": -11.61,
            "y": -1.04
          }
        }
      ]
    },
    {
      "time": -0.04,
      "ball": {
        "pos": {
          "x": -11.174,
          "y": -1.16,
          "z": 3.058
        }
      },
      "players": [
        {
          "team": 1,
          "pos": {
            "x": 15.91,
            "y": 3.89
          }
        },
        {
          "team": 2,
          "pos": {
            "x": -11.55,
            "y": -0.98
          }
        }
      ]
    },
    {
      "time": -0.02,
      "ball": {
        "pos": {
          "x": -11.159,
          "y": -1.171,
          "z": 3.026
        }
      },
      "players": [
        {
          "team": 1,
          "pos": {
            "x": 15.93,
            "y": 3.89
          }
        },
        {
          "team": 2,
          "pos": {
            "x": -11.53,
            "y": -0.94
          }
        }
      ]
    },
    {
      "time": 0.0,
      "event": "hit",
      "ball": {
        "pos": {
          "x": -11.142,
          "y": -1.181,
          "z": 2.99
        }
      },
      "players": [
        {
          "team": 1,
          "pos": {
            "x": 15.9,
            "y": 3.89
          }
        },
        {
          "team": 2,
          "pos": {
            "x": -11.48,
            "y": -0.9
          }
        }
      ]
    },
    {
      "time": 0.02,
      "ball": {
        "pos": {
          "x": -10.165,
          "y": -0.828,
          "z": 2.86
        }
      },
      "players": [
        {
          "team": 1,
          "pos": {
            "x": 15.89,
            "y": 3.89
          }
        },
        {
          "team": 2,
          "pos": {
            "x": -11.44,
            "y": -0.87
          }
        }
      ]
    },
    {
      "time": 0.04,
      "ball": {
        "pos": {
          "x": -9.205,
          "y": -0.487,
          "z": 2.727
        }
      },
      "players": [
        {
          "team": 1,
          "pos": {
            "x": 15.89,
            "y": 3.89
          }
        },
        {
          "team": 2,
          "pos": {
            "x": -11.39,
            "y": -0.81
          }
        }
      ]
    },
    {
      "time": 0.06,
      "ball": {
        "pos": {
          "x": -8.264,
          "y": -0.157,
          "z": 2.592
        }
      },
      "players": [
        {
          "team": 1,
          "pos": {
            "x": 15.92,
            "y": 3.89
          }
        },
        {
          "team": 2,
          "pos": {
            "x": -11.35,
            "y": -0.75
          }
        }
      ]
    },
    {
      "time": 0.08,
      "ball": {
        "pos": {
          "x": -7.341,
          "y": 0.163,
          "z": 2.455
        }
      },
      "players": [
        {
          "team": 1,
          "pos": {
            "x": 15.91,
            "y": 3.89
          }
        },
        {
          "team": 2,
          "pos": {
            "x": -11.32,
            "y": -0.72
          }
        }
      ]
    },
    {
      "time": 0.1,
      "ball": {
        "pos": {
          "x": -6.435,
          "y": 0.471,
          "z": 2.316
        }
      },
      "players": [
        {
          "team": 1,
          "pos": {
            "x": 15.89,
            "y": 3.89
          }
        },
        {
          "team": 2,
          "pos": {
            "x": -11.29,
            "y": -0.72
          }
        }
      ]
    },
    {
      "time": 0.12,
      "ball": {
        "pos": {
          "x": -5.546,
          "y": 0.77,
          "z": 2.175
        }
      },
      "players": [
        {
          "team": 1,
          "pos": {
            "x": 15.76,
            "y": 3.9
          }
        },
        {
          "team": 2,
          "pos": {
            "x": -11.18,
            "y": -0.73
          }
        }
      ]
    },
    {
      "time": 0.14,
      "ball": {
        "pos": {
          "x": -4.673,
          "y": 1.058,
          "z": 2.032
        }
      },
      "players": [
        {
          "team": 1,
          "pos": {
            "x": 15.7,
            "y": 3.91
          }
        },
        {
          "team": 2,
          "pos": {
            "x": -11.09,
            "y": -0.74
          }
        }
      ]
    },
    {
      "time": 0.16,
      "ball": {
        "pos": {
          "x": -3.816,
          "y": 1.337,
          "z": 1.887
        }
      },
      "players": [
        {
          "team": 1,
          "pos": {
            "x": 15.69,
            "y": 3.93
          }
        },
        {
          "team": 2,
          "pos": {
            "x": -11.04,
            "y": -0.77
          }
        }
      ]
    },
    {
      "time": 0.18,
      "ball": {
        "pos": {
          "x": -2.975,
          "y": 1.607,
          "z": 1.739
        }
      },
      "players": [
        {
          "team": 1,
          "pos": {
            "x": 15.63,
            "y": 3.96
          }
        },
        {
          "team": 2,
          "pos": {
            "x": -11.01,
            "y": -0.78
          }
        }
      ]
    },
    {
      "time": 0.2,
      "ball": {
        "pos": {
          "x": -2.148,
          "y": 1.867,
          "z": 1.59
        }
      },
      "players": [
        {
          "team": 1,
          "pos": {
            "x": 15.53,
            "y": 3.96
          }
        },
        {
          "team": 2,
          "pos": {
            "x": -11.01,
            "y": -0.76
          }
        }
      ]
    },
    {
      "time": 0.22,
      "ball": {
        "pos": {
          "x": -1.336,
          "y": 2.12,
          "z": 1.438
        }
      },
      "players": [
        {
          "team": 1,
          "pos": {
            "x": 15.46,
            "y": 3.93
          }
        },
        {
          "team": 2,
          "pos": {
            "x": -10.98,
            "y": -0.77
          }
        }
      ]
    },
    {
      "time": 0.24,
      "ball": {
        "pos": {
          "x": -0.538,
          "y": 2.363,
          "z": 1.283
        }
      },
      "players": [
        {
          "team": 1,
          "pos": {
            "x": 15.44,
            "y": 3.96
          }
        },
        {
          "team": 2,
          "pos": {
            "x": -10.97,
            "y": -0.76
          }
        }
      ]
    },
    {
      "time": 0.254,
      "ball": {
        "pos": {
          "x": -0.0,
          "y": 2.526,
          "z": 1.177
        }
      },
      "players": [
        {
          "team": 1,
          "pos": {
            "x": 15.44,
            "y": 3.96
          }
        },
        {
          "team": 2,
          "pos": {
            "x": -10.94,
            "y": -0.77
          }
        }
      ]
    },
    {
      "time": 0.26,
      "ball": {
        "pos": {
          "x": 0.246,
          "y": 2.599,
          "z": 1.127
        }
      },
      "players": [
        {
          "team": 1,
          "pos": {
            "x": 15.38,
            "y": 3.95
          }
        },
        {
          "team": 2,
          "pos": {
            "x": -10.94,
            "y": -0.77
          }
        }
      ]
    },
    {
      "time": 0.28,
      "ball": {
        "pos": {
          "x": 1.017,
          "y": 2.827,
          "z": 0.968
        }
      },
      "players": [
        {
          "team": 1,
          "pos": {
            "x": 15.38,
            "y": 3.97
          }
        },
        {
          "team": 2,
          "pos": {
            "x": -10.92,
            "y": -0.76
          }
        }
      ]
    },
    {
      "time": 0.3,
      "ball": {
        "pos": {
          "x": 1.775,
          "y": 3.048,
          "z": 0.807
        }
      },
      "players": [
        {
          "team": 1,
          "pos": {
            "x": 15.36,
            "y": 3.98
          }
        },
        {
          "team": 2,
          "pos": {
            "x": -10.9,
            "y": -0.76
          }
        }
      ]
    },
    {
      "time": 0.32,
      "ball": {
        "pos": {
          "x": 2.522,
          "y": 3.262,
          "z": 0.644
        }
      },
      "players": [
        {
          "team": 1,
          "pos": {
            "x": 15.33,
            "y": 3.99
          }
        },
        {
          "team": 2,
          "pos": {
            "x": -10.91,
            "y": -0.76
          }
        }
      ]
    },
    {
      "time": 0.34,
      "ball": {
        "pos": {
          "x": 3.256,
          "y": 3.47,
          "z": 0.478
        }
      },
      "players": [
        {
          "team": 1,
          "pos": {
            "x": 15.31,
            "y": 3.99
          }
        },
        {
          "team": 2,
          "pos": {
            "x": -10.95,
            "y": -0.78
          }
        }
      ]
    },
    {
      "time": 0.36,
      "ball": {
        "pos": {
          "x": 3.979,
          "y": 3.67,
          "z": 0.31
        }
      },
      "players": [
        {
          "team": 1,
          "pos": {
            "x": 15.31,
            "y": 4.0
          }
        },
        {
          "team": 2,
          "pos": {
            "x": -10.97,
            "y": -0.79
          }
        }
      ]
    },
    {
      "time": 0.38,
      "ball": {
        "pos": {
          "x": 4.691,
          "y": 3.865,
          "z": 0.139
        }
      },
      "players": [
        {
          "team": 1,
          "pos": {
            "x": 15.34,
            "y": 4.02
          }
        },
        {
          "team": 2,
          "pos": {
            "x": -10.99,
            "y": -0.79
          }
        }
      ]
    },
    {
      "time": 0.392,
      "event": "bounce",
      "ball": {
        "pos": {
          "x": 5.128,
          "y": 3.983,
          "z": 0.032
        }
      },
      "players": [
        {
          "team": 1,
          "pos": {
            "x": 15.33,
            "y": 4.01
          }
        },
        {
          "team": 2,
          "pos": {
            "x": -11.0,
            "y": -0.8
          }
        }
      ]
    },
    {
      "time": 0.4,
      "ball": {
        "pos": {
          "x": 5.348,
          "y": 4.046,
          "z": 0.043
        }
      },
      "players": [
        {
          "team": 1,
          "pos": {
            "x": 15.35,
            "y": 4.04
          }
        },
        {
          "team": 2,
          "pos": {
            "x": -11.0,
            "y": -0.8
          }
        }
      ]
    },
    {
      "time": 0.42,
      "ball": {
        "pos": {
          "x": 5.86,
          "y": 4.193,
          "z": 0.189
        }
      },
      "players": [
        {
          "team": 1,
          "pos": {
            "x": 15.36,
            "y": 4.06
          }
        },
        {
          "team": 2,
          "pos": {
            "x": -11.01,
            "y": -0.84
          }
        }
      ]
    },
    {
      "time": 0.44,
      "ball": {
        "pos": {
          "x": 6.364,
          "y": 4.335,
          "z": 0.324
        }
      },
      "players": [
        {
          "team": 1,
          "pos": {
            "x": 15.36,
            "y": 4.1
          }
        },
        {
          "team": 2,
          "pos": {
            "x": -10.98,
            "y": -0.8
          }
        }
      ]
    },
    {
      "time": 0.46,
      "ball": {
        "pos": {
          "x": 6.86,
          "y": 4.473,
          "z": 0.45
        }
      },
      "players": [
        {
          "team": 1,
          "pos": {
            "x": 15.36,
            "y": 4.15
          }
        },
        {
          "team": 2,
          "pos": {
            "x": -10.94,
            "y": -0.76
          }
        }
      ]
    },
    {
      "time": 0.48,
      "ball": {
        "pos": {
          "x": 7.348,
          "y": 4.606,
          "z": 0.566
        }
      },
      "players": [
        {
          "team": 1,
          "pos": {
            "x": 15.35,
            "y": 4.19
          }
        },
        {
          "team": 2,
          "pos": {
            "x": -10.91,
            "y": -0.72
          }
        }
      ]
    },
    {
      "time": 0.5,
      "ball": {
        "pos": {
          "x": 7.83,
          "y": 4.736,
          "z": 0.673
        }
      },
      "players": [
        {
          "team": 1,
          "pos": {
            "x": 15.31,
            "y": 4.24
          }
        },
        {
          "team": 2,
          "pos": {
            "x": -10.9,
            "y": -0.68
          }
        }
      ]
    },
    {
      "time": 0.52,
      "ball": {
        "pos": {
          "x": 8.304,
          "y": 4.861,
          "z": 0.772
        }
      },
      "players": [
        {
          "team": 1,
          "pos": {
            "x": 15.3,
            "y": 4.28
          }
        },
        {
          "team": 2,
          "pos": {
            "x": -10.86,
            "y": -0.67
          }
        }
      ]
    },
    {
      "time": 0.54,
      "ball": {
        "pos": {
          "x": 8.773,
          "y": 4.983,
          "z": 0.862
        }
      },
      "players": [
        {
          "team": 1,
          "pos": {
            "x": 15.29,
            "y": 4.31
          }
        },
        {
          "team": 2,
          "pos": {
            "x": -10.83,
            "y": -0.68
          }
        }
      ]
    },
    {
      "time": 0.56,
      "ball": {
        "pos": {
          "x": 9.236,
          "y": 5.102,
          "z": 0.943
        }
      },
      "players": [
        {
          "team": 1,
          "pos": {
            "x": 15.27,
            "y": 4.36
          }
        },
        {
          "team": 2,
          "pos": {
            "x": -10.8,
            "y": -0.67
          }
        }
      ]
    },
    {
      "time": 0.58,
      "ball": {
        "pos": {
          "x": 9.694,
          "y": 5.218,
          "z": 1.017
        }
      },
      "players": [
        {
          "team": 1,
          "pos": {
            "x": 15.26,
            "y": 4.4
          }
        },
        {
          "team": 2,
          "pos": {
            "x": -10.79,
            "y": -0.61
          }
        }
      ]
    },
    {
      "time": 0.6,
      "ball": {
        "pos": {
          "x": 10.148,
          "y": 5.331,
          "z": 1.084
        }
      },
      "players": [
        {
          "team": 1,
          "pos": {
            "x": 15.26,
            "y": 4.4
          }
        },
        {
          "team": 2,
          "pos": {
            "x": -10.77,
            "y": -0.62
          }
        }
      ]
    },
    {
      "time": 0.62,
      "ball": {
        "pos": {
          "x": 10.597,
          "y": 5.442,
          "z": 1.143
        }
      },
      "players": [
        {
          "team": 1,
          "pos": {
            "x": 15.26,
            "y": 4.4
          }
        },
        {
          "team": 2,
          "pos": {
            "x": -10.77,
            "y": -0.62
          }
        }
      ]
    },
    {
      "time": 0.64,
      "ball": {
        "pos": {
          "x": 11.042,
          "y": 5.55,
          "z": 1.196
        }
      },
      "players": [
        {
          "team": 1,
          "pos": {
            "x": 15.26,
            "y": 4.4
          }
        },
        {
          "team": 2,
          "pos": {
            "x": -10.77,
            "y": -0.62
          }
        }
      ]
    },
    {
      "time": 0.66,
      "ball": {
        "pos": {
          "x": 11.484,
          "y": 5.657,
          "z": 1.242
        }
      },
      "players": [
        {
          "team": 1,
          "pos": {
            "x": 15.26,
            "y": 4.4
          }
        },
        {
          "team": 2,
          "pos": {
            "x": -10.77,
            "y": -0.62
          }
        }
      ]
    },
    {
      "time": 0.68,
      "ball": {
        "pos": {
          "x": 11.924,
          "y": 5.763,
          "z": 1.282
        }
      },
      "players": [
        {
          "team": 1,
          "pos": {
            "x": 15.26,
            "y": 4.4
          }
        },
        {
          "team": 2,
          "pos": {
            "x": -10.77,
            "y": -0.62
          }
        }
      ]
    },
    {
      "time": 0.7,
      "ball": {
        "pos": {
          "x": 12.361,
          "y": 5.867,
          "z": 1.316
        }
      },
      "players": [
        {
          "team": 1,
          "pos": {
            "x": 15.26,
            "y": 4.4
          }
        },
        {
          "team": 2,
          "pos": {
            "x": -10.77,
            "y": -0.62
          }
        }
      ]
    },
    {
      "time": 0.72,
      "ball": {
        "pos": {
          "x": 12.796,
          "y": 5.97,
          "z": 1.345
        }
      },
      "players": [
        {
          "team": 1,
          "pos": {
            "x": 15.26,
            "y": 4.4
          }
        },
        {
          "team": 2,
          "pos": {
            "x": -10.77,
            "y": -0.62
          }
        }
      ]
    },
    {
      "time": 0.74,
      "ball": {
        "pos": {
          "x": 13.23,
          "y": 6.072,
          "z": 1.369
        }
      },
      "players": [
        {
          "team": 1,
          "pos": {
            "x": 15.26,
            "y": 4.4
          }
        },
        {
          "team": 2,
          "pos": {
            "x": -10.77,
            "y": -0.62
          }
        }
      ]
    },
    {
      "time": 0.76,
      "ball": {
        "pos": {
          "x": 13.663,
          "y": 6.174,
          "z": 1.388
        }
      },
      "players": [
        {
          "team": 1,
          "pos": {
            "x": 15.26,
            "y": 4.4
          }
        },
        {
          "team": 2,
          "pos": {
            "x": -10.77,
            "y": -0.62
          }
        }
      ]
    },
    {
      "time": 0.78,
      "ball": {
        "pos": {
          "x": 14.095,
          "y": 6.276,
          "z": 1.403
        }
      },
      "players": [
        {
          "team": 1,
          "pos": {
            "x": 15.26,
            "y": 4.4
          }
        },
        {
          "team": 2,
          "pos": {
            "x": -10.77,
            "y": -0.62
          }
        }
      ]
    },
    {
      "time": 0.8,
      "ball": {
        "pos": {
          "x": 14.528,
          "y": 6.378,
          "z": 1.414
        }
      },
      "players": [
        {
          "team": 1,
          "pos": {
            "x": 15.26,
            "y": 4.4
          }
        },
        {
          "team": 2,
          "pos": {
            "x": -10.77,
            "y": -0.62
          }
        }
      ]
    },
    {
      "time": 0.82,
      "ball": {
        "pos": {
          "x": 14.961,
          "y": 6.48,
          "z": 1.421
        }
      },
      "players": [
        {
          "team": 1,
          "pos": {
            "x": 15.26,
            "y": 4.4
          }
        },
        {
          "team": 2,
          "pos": {
            "x": -10.77,
            "y": -0.62
          }
        }
      ]
    },
    {
      "time": 0.829,
      "ball": {
        "pos": {
          "x": 15.154,
          "y": 6.526,
          "z": 1.423
        }
      },
      "players": [
        {
          "team": 1,
          "pos": {
            "x": 15.26,
            "y": 4.4
          }
        },
        {
          "team": 2,
          "pos": {
            "x": -10.77,
            "y": -0.62
          }
        }
      ]
    },
    {
      "time": 0.84,
      "players": [
        {
          "team": 1,
          "pos": {
            "x": 15.26,
            "y": 4.4
          }
        },
        {
          "team": 2,
          "pos": {
            "x": -10.77,
            "y": -0.62
          }
        }
      ]
    },
    {
      "time": 0.86,
      "players": [
        {
          "team": 1,
          "pos": {
            "x": 15.26,
            "y": 4.4
          }
        },
        {
          "team": 2,
          "pos": {
            "x": -10.77,
            "y": -0.62
          }
        }
      ]
    },
    {
      "time": 0.88,
      "players": [
        {
          "team": 1,
          "pos": {
            "x": 15.26,
            "y": 4.4
          }
        },
        {
          "team": 2,
          "pos": {
            "x": -10.77,
            "y": -0.62
          }
        }
      ]
    },
    {
      "time": 0.9,
      "players": [
        {
          "team": 1,
          "pos": {
            "x": 15.26,
            "y": 4.4
          }
        },
        {
          "team": 2,
          "pos": {
            "x": -10.77,
            "y": -0.62
          }
        }
      ]
    },
    {
      "time": 0.92,
      "players": [
        {
          "team": 1,
          "pos": {
            "x": 15.26,
            "y": 4.4
          }
        },
        {
          "team": 2,
          "pos": {
            "x": -10.77,
            "y": -0.62
          }
        }
      ]
    },
    {
      "time": 0.94,
      "players": [
        {
          "team": 1,
          "pos": {
            "x": 15.26,
            "y": 4.4
          }
        },
        {
          "team": 2,
          "pos": {
            "x": -10.77,
            "y": -0.62
          }
        }
      ]
    },
    {
      "time": 0.96,
      "players": [
        {
          "team": 1,
          "pos": {
            "x": 15.26,
            "y": 4.4
          }
        },
        {
          "team": 2,
          "pos": {
            "x": -10.77,
            "y": -0.62
          }
        }
      ]
    },
    {
      "time": 0.98,
      "players": [
        {
          "team": 1,
          "pos": {
            "x": 15.26,
            "y": 4.4
          }
        },
        {
          "team": 2,
          "pos": {
            "x": -10.77,
            "y": -0.62
          }
        }
      ]
    },
    {
      "time": 1.0,
      "players": [
        {
          "team": 1,
          "pos": {
            "x": 15.26,
            "y": 4.4
          }
        },
        {
          "team": 2,
          "pos": {
            "x": -10.77,
            "y": -0.62
          }
        }
      ]
    },
    {
      "time": 1.02,
      "players": [
        {
          "team": 1,
          "pos": {
            "x": 15.26,
            "y": 4.4
          }
        },
        {
          "team": 2,
          "pos": {
            "x": -10.77,
            "y": -0.62
          }
        }
      ]
    },
    {
      "time": 1.04,
      "players": [
        {
          "team": 1,
          "pos": {
            "x": 15.26,
            "y": 4.4
          }
        },
        {
          "team": 2,
          "pos": {
            "x": -10.77,
            "y": -0.62
          }
        }
      ]
    },
    {
      "time": 1.06,
      "players": [
        {
          "team": 1,
          "pos": {
            "x": 15.26,
            "y": 4.4
          }
        },
        {
          "team": 2,
          "pos": {
            "x": -10.77,
            "y": -0.62
          }
        }
      ]
    },
    {
      "time": 1.08,
      "players": [
        {
          "team": 1,
          "pos": {
            "x": 15.26,
            "y": 4.4
          }
        },
        {
          "team": 2,
          "pos": {
            "x": -10.77,
            "y": -0.62
          }
        }
      ]
    },
    {
      "time": 1.1,
      "players": [
        {
          "team": 1,
          "pos": {
            "x": 15.26,
            "y": 4.4
          }
        },
        {
          "team": 2,
          "pos": {
            "x": -10.77,
            "y": -0.62
          }
        }
      ]
    },
    {
      "time": 1.12,
      "players": [
        {
          "team": 1,
          "pos": {
            "x": 15.26,
            "y": 4.4
          }
        },
        {
          "team": 2,
          "pos": {
            "x": -10.77,
            "y": -0.62
          }
        }
      ]
    },
    {
      "time": 1.14,
      "players": [
        {
          "team": 1,
          "pos": {
            "x": 15.26,
            "y": 4.4
          }
        },
        {
          "team": 2,
          "pos": {
            "x": -10.77,
            "y": -0.62
          }
        }
      ]
    },
    {
      "time": 1.16,
      "players": [
        {
          "team": 1,
          "pos": {
            "x": 15.26,
            "y": 4.4
          }
        },
        {
          "team": 2,
          "pos": {
            "x": -10.77,
            "y": -0.62
          }
        }
      ]
    },
    {
      "time": 1.18,
      "players": [
        {
          "team": 1,
          "pos": {
            "x": 15.26,
            "y": 4.4
          }
        },
        {
          "team": 2,
          "pos": {
            "x": -10.77,
            "y": -0.62
          }
        }
      ]
    },
    {
      "time": 1.2,
      "players": [
        {
          "team": 1,
          "pos": {
            "x": 15.26,
            "y": 4.4
          }
        },
        {
          "team": 2,
          "pos": {
            "x": -10.77,
            "y": -0.62
          }
        }
      ]
    },
    {
      "time": 1.22,
      "players": [
        {
          "team": 1,
          "pos": {
            "x": 15.26,
            "y": 4.4
          }
        },
        {
          "team": 2,
          "pos": {
            "x": -10.77,
            "y": -0.62
          }
        }
      ]
    },
    {
      "time": 1.24,
      "players": [
        {
          "team": 1,
          "pos": {
            "x": 15.26,
            "y": 4.4
          }
        },
        {
          "team": 2,
          "pos": {
            "x": -10.77,
            "y": -0.62
          }
        }
      ]
    },
    {
      "time": 1.26,
      "players": [
        {
          "team": 1,
          "pos": {
            "x": 15.26,
            "y": 4.4
          }
        },
        {
          "team": 2,
          "pos": {
            "x": -10.77,
            "y": -0.62
          }
        }
      ]
    },
    {
      "time": 1.28,
      "players": [
        {
          "team": 1,
          "pos": {
            "x": 15.26,
            "y": 4.4
          }
        },
        {
          "team": 2,
          "pos": {
            "x": -10.77,
            "y": -0.62
          }
        }
      ]
    },
    {
      "time": 1.3,
      "players": [
        {
          "team": 1,
          "pos": {
            "x": 15.26,
            "y": 4.4
          }
        },
        {
          "team": 2,
          "pos": {
            "x": -10.77,
            "y": -0.62
          }
        }
      ]
    },
    {
      "time": 1.32,
      "players": [
        {
          "team": 1,
          "pos": {
            "x": 15.26,
            "y": 4.4
          }
        },
        {
          "team": 2,
          "pos": {
            "x": -10.77,
            "y": -0.62
          }
        }
      ]
    },
    {
      "time": 1.34,
      "players": [
        {
          "team": 1,
          "pos": {
            "x": 15.26,
            "y": 4.4
          }
        },
        {
          "team": 2,
          "pos": {
            "x": -10.77,
            "y": -0.62
          }
        }
      ]
    },
    {
      "time": 1.36,
      "players": [
        {
          "team": 1,
          "pos": {
            "x": 15.26,
            "y": 4.4
          }
        },
        {
          "team": 2,
          "pos": {
            "x": -10.77,
            "y": -0.62
          }
        }
      ]
    },
    {
      "time": 1.38,
      "players": [
        {
          "team": 1,
          "pos": {
            "x": 15.26,
            "y": 4.4
          }
        },
        {
          "team": 2,
          "pos": {
            "x": -10.77,
            "y": -0.62
          }
        }
      ]
    },
    {
      "time": 1.4,
      "players": [
        {
          "team": 1,
          "pos": {
            "x": 15.26,
            "y": 4.4
          }
        },
        {
          "team": 2,
          "pos": {
            "x": -10.77,
            "y": -0.62
          }
        }
      ]
    },
    {
      "time": 1.42,
      "players": [
        {
          "team": 1,
          "pos": {
            "x": 15.26,
            "y": 4.4
          }
        },
        {
          "team": 2,
          "pos": {
            "x": -10.77,
            "y": -0.62
          }
        }
      ]
    },
    {
      "time": 1.44,
      "players": [
        {
          "team": 1,
          "pos": {
            "x": 15.26,
            "y": 4.4
          }
        },
        {
          "team": 2,
          "pos": {
            "x": -10.77,
            "y": -0.62
          }
        }
      ]
    },
    {
      "time": 1.46,
      "players": [
        {
          "team": 1,
          "pos": {
            "x": 15.26,
            "y": 4.4
          }
        },
        {
          "team": 2,
          "pos": {
            "x": -10.77,
            "y": -0.62
          }
        }
      ]
    },
    {
      "time": 1.48,
      "players": [
        {
          "team": 1,
          "pos": {
            "x": 15.26,
            "y": 4.4
          }
        },
        {
          "team": 2,
          "pos": {
            "x": -10.77,
            "y": -0.62
          }
        }
      ]
    },
    {
      "time": 1.5,
      "players": [
        {
          "team": 1,
          "pos": {
            "x": 15.26,
            "y": 4.4
          }
        },
        {
          "team": 2,
          "pos": {
            "x": -10.77,
            "y": -0.62
          }
        }
      ]
    },
    {
      "time": 1.52,
      "players": [
        {
          "team": 1,
          "pos": {
            "x": 15.26,
            "y": 4.4
          }
        },
        {
          "team": 2,
          "pos": {
            "x": -10.77,
            "y": -0.62
          }
        }
      ]
    },
    {
      "time": 1.54,
      "players": [
        {
          "team": 1,
          "pos": {
            "x": 15.26,
            "y": 4.4
          }
        },
        {
          "team": 2,
          "pos": {
            "x": -10.77,
            "y": -0.62
          }
        }
      ]
    },
    {
      "time": 1.56,
      "players": [
        {
          "team": 1,
          "pos": {
            "x": 15.26,
            "y": 4.4
          }
        },
        {
          "team": 2,
          "pos": {
            "x": -10.77,
            "y": -0.62
          }
        }
      ]
    },
    {
      "time": 1.58,
      "players": [
        {
          "team": 1,
          "pos": {
            "x": 15.26,
            "y": 4.4
          }
        },
        {
          "team": 2,
          "pos": {
            "x": -10.77,
            "y": -0.62
          }
        }
      ]
    },
    {
      "time": 1.6,
      "players": [
        {
          "team": 1,
          "pos": {
            "x": 15.26,
            "y": 4.4
          }
        },
        {
          "team": 2,
          "pos": {
            "x": -10.77,
            "y": -0.62
          }
        }
      ]
    },
    {
      "time": 1.62,
      "players": [
        {
          "team": 1,
          "pos": {
            "x": 15.26,
            "y": 4.4
          }
        },
        {
          "team": 2,
          "pos": {
            "x": -10.77,
            "y": -0.62
          }
        }
      ]
    },
    {
      "time": 1.64,
      "players": [
        {
          "team": 1,
          "pos": {
            "x": 15.26,
            "y": 4.4
          }
        },
        {
          "team": 2,
          "pos": {
            "x": -10.77,
            "y": -0.62
          }
        }
      ]
    },
    {
      "time": 1.66,
      "players": [
        {
          "team": 1,
          "pos": {
            "x": 15.26,
            "y": 4.4
          }
        },
        {
          "team": 2,
          "pos": {
            "x": -10.77,
            "y": -0.62
          }
        }
      ]
    },
    {
      "time": 1.68,
      "players": [
        {
          "team": 1,
          "pos": {
            "x": 15.26,
            "y": 4.4
          }
        },
        {
          "team": 2,
          "pos": {
            "x": -10.77,
            "y": -0.62
          }
        }
      ]
    },
    {
      "time": 1.7,
      "players": [
        {
          "team": 1,
          "pos": {
            "x": 15.26,
            "y": 4.4
          }
        },
        {
          "team": 2,
          "pos": {
            "x": -10.77,
            "y": -0.62
          }
        }
      ]
    },
    {
      "time": 1.72,
      "players": [
        {
          "team": 1,
          "pos": {
            "x": 15.26,
            "y": 4.4
          }
        },
        {
          "team": 2,
          "pos": {
            "x": -10.77,
            "y": -0.62
          }
        }
      ]
    },
    {
      "time": 1.74,
      "players": [
        {
          "team": 1,
          "pos": {
            "x": 15.26,
            "y": 4.4
          }
        },
        {
          "team": 2,
          "pos": {
            "x": -10.77,
            "y": -0.62
          }
        }
      ]
    },
    {
      "time": 1.76,
      "players": [
        {
          "team": 1,
          "pos": {
            "x": 15.26,
            "y": 4.4
          }
        },
        {
          "team": 2,
          "pos": {
            "x": -10.77,
            "y": -0.62
          }
        }
      ]
    },
    {
      "time": 1.78,
      "players": [
        {
          "team": 1,
          "pos": {
            "x": 15.26,
            "y": 4.4
          }
        },
        {
          "team": 2,
          "pos": {
            "x": -10.77,
            "y": -0.62
          }
        }
      ]
    },
    {
      "time": 1.8,
      "players": [
        {
          "team": 1,
          "pos": {
            "x": 15.26,
            "y": 4.4
          }
        },
        {
          "team": 2,
          "pos": {
            "x": -10.77,
            "y": -0.62
          }
        }
      ]
    },
    {
      "time": 1.82,
      "players": [
        {
          "team": 1,
          "pos": {
            "x": 15.26,
            "y": 4.4
          }
        },
        {
          "team": 2,
          "pos": {
            "x": -10.77,
            "y": -0.62
          }
        }
      ]
    },
    {
      "time": 1.84,
      "players": [
        {
          "team": 1,
          "pos": {
            "x": 15.26,
            "y": 4.4
          }
        },
        {
          "team": 2,
          "pos": {
            "x": -10.77,
            "y": -0.62
          }
        }
      ]
    },
    {
      "time": 1.86,
      "players": [
        {
          "team": 1,
          "pos": {
            "x": 15.26,
            "y": 4.4
          }
        },
        {
          "team": 2,
          "pos": {
            "x": -10.77,
            "y": -0.62
          }
        }
      ]
    },
    {
      "time": 1.88,
      "players": [
        {
          "team": 1,
          "pos": {
            "x": 15.26,
            "y": 4.4
          }
        },
        {
          "team": 2,
          "pos": {
            "x": -10.77,
            "y": -0.62
          }
        }
      ]
    },
    {
      "time": 1.9,
      "players": [
        {
          "team": 1,
          "pos": {
            "x": 15.26,
            "y": 4.4
          }
        },
        {
          "team": 2,
          "pos": {
            "x": -10.77,
            "y": -0.62
          }
        }
      ]
    },
    {
      "time": 1.92,
      "players": [
        {
          "team": 1,
          "pos": {
            "x": 15.26,
            "y": 4.4
          }
        },
        {
          "team": 2,
          "pos": {
            "x": -10.77,
            "y": -0.62
          }
        }
      ]
    },
    {
      "time": 1.94,
      "players": [
        {
          "team": 1,
          "pos": {
            "x": 15.26,
            "y": 4.4
          }
        },
        {
          "team": 2,
          "pos": {
            "x": -10.77,
            "y": -0.62
          }
        }
      ]
    },
    {
      "time": 1.96,
      "players": [
        {
          "team": 1,
          "pos": {
            "x": 15.26,
            "y": 4.4
          }
        },
        {
          "team": 2,
          "pos": {
            "x": -10.77,
            "y": -0.62
          }
        }
      ]
    },
    {
      "time": 1.98,
      "players": [
        {
          "team": 1,
          "pos": {
            "x": 15.26,
            "y": 4.4
          }
        },
        {
          "team": 2,
          "pos": {
            "x": -10.77,
            "y": -0.62
          }
        }
      ]
    },
    {
      "time": 2.0,
      "players": [
        {
          "team": 1,
          "pos": {
            "x": 15.26,
            "y": 4.4
          }
        },
        {
          "team": 2,
          "pos": {
            "x": -10.77,
            "y": -0.62
          }
        }
      ]
    },
    {
      "time": 2.02,
      "players": [
        {
          "team": 1,
          "pos": {
            "x": 15.26,
            "y": 4.4
          }
        },
        {
          "team": 2,
          "pos": {
            "x": -10.77,
            "y": -0.62
          }
        }
      ]
    },
    {
      "time": 2.04,
      "players": [
        {
          "team": 1,
          "pos": {
            "x": 15.26,
            "y": 4.4
          }
        },
        {
          "team": 2,
          "pos": {
            "x": -10.77,
            "y": -0.62
          }
        }
      ]
    },
    {
      "time": 2.06,
      "players": [
        {
          "team": 1,
          "pos": {
            "x": 15.26,
            "y": 4.4
          }
        },
        {
          "team": 2,
          "pos": {
            "x": -10.77,
            "y": -0.62
          }
        }
      ]
    },
    {
      "time": 2.08,
      "players": [
        {
          "team": 1,
          "pos": {
            "x": 15.26,
            "y": 4.4
          }
        },
        {
          "team": 2,
          "pos": {
            "x": -10.77,
            "y": -0.62
          }
        }
      ]
    },
    {
      "time": 2.1,
      "players": [
        {
          "team": 1,
          "pos": {
            "x": 15.26,
            "y": 4.4
          }
        },
        {
          "team": 2,
          "pos": {
            "x": -10.77,
            "y": -0.62
          }
        }
      ]
    },
    {
      "time": 2.12,
      "players": [
        {
          "team": 1,
          "pos": {
            "x": 15.26,
            "y": 4.4
          }
        },
        {
          "team": 2,
          "pos": {
            "x": -10.77,
            "y": -0.62
          }
        }
      ]
    },
    {
      "time": 2.14,
      "players": [
        {
          "team": 1,
          "pos": {
            "x": 15.26,
            "y": 4.4
          }
        },
        {
          "team": 2,
          "pos": {
            "x": -10.77,
            "y": -0.62
          }
        }
      ]
    },
    {
      "time": 2.16,
      "players": [
        {
          "team": 1,
          "pos": {
            "x": 15.26,
            "y": 4.4
          }
        },
        {
          "team": 2,
          "pos": {
            "x": -10.77,
            "y": -0.62
          }
        }
      ]
    },
    {
      "time": 2.18,
      "players": [
        {
          "team": 1,
          "pos": {
            "x": 15.26,
            "y": 4.4
          }
        },
        {
          "team": 2,
          "pos": {
            "x": -10.77,
            "y": -0.62
          }
        }
      ]
    },
    {
      "time": 2.2,
      "players": [
        {
          "team": 1,
          "pos": {
            "x": 15.26,
            "y": 4.4
          }
        },
        {
          "team": 2,
          "pos": {
            "x": -10.77,
            "y": -0.62
          }
        }
      ]
    },
    {
      "time": 2.22,
      "players": [
        {
          "team": 1,
          "pos": {
            "x": 15.26,
            "y": 4.4
          }
        },
        {
          "team": 2,
          "pos": {
            "x": -10.77,
            "y": -0.62
          }
        }
      ]
    },
    {
      "time": 2.24,
      "players": [
        {
          "team": 1,
          "pos": {
            "x": 15.26,
            "y": 4.4
          }
        },
        {
          "team": 2,
          "pos": {
            "x": -10.77,
            "y": -0.62
          }
        }
      ]
    },
    {
      "time": 2.26,
      "players": [
        {
          "team": 1,
          "pos": {
            "x": 15.26,
            "y": 4.4
          }
        },
        {
          "team": 2,
          "pos": {
            "x": -10.77,
            "y": -0.62
          }
        }
      ]
    },
    {
      "time": 2.28,
      "players": [
        {
          "team": 1,
          "pos": {
            "x": 15.26,
            "y": 4.4
          }
        },
        {
          "team": 2,
          "pos": {
            "x": -10.77,
            "y": -0.62
          }
        }
      ]
    },
    {
      "time": 2.3,
      "players": [
        {
          "team": 1,
          "pos": {
            "x": 15.26,
            "y": 4.4
          }
        },
        {
          "team": 2,
          "pos": {
            "x": -10.77,
            "y": -0.62
          }
        }
      ]
    },
    {
      "time": 2.32,
      "players": [
        {
          "team": 1,
          "pos": {
            "x": 15.26,
            "y": 4.4
          }
        },
        {
          "team": 2,
          "pos": {
            "x": -10.77,
            "y": -0.62
          }
        }
      ]
    },
    {
      "time": 2.34,
      "players": [
        {
          "team": 1,
          "pos": {
            "x": 15.26,
            "y": 4.4
          }
        },
        {
          "team": 2,
          "pos": {
            "x": -10.77,
            "y": -0.62
          }
        }
      ]
    },
    {
      "time": 2.36,
      "players": [
        {
          "team": 1,
          "pos": {
            "x": 15.26,
            "y": 4.4
          }
        },
        {
          "team": 2,
          "pos": {
            "x": -10.77,
            "y": -0.62
          }
        }
      ]
    },
    {
      "time": 2.38,
      "players": [
        {
          "team": 1,
          "pos": {
            "x": 15.26,
            "y": 4.4
          }
        },
        {
          "team": 2,
          "pos": {
            "x": -10.77,
            "y": -0.62
          }
        }
      ]
    },
    {
      "time": 2.4,
      "players": [
        {
          "team": 1,
          "pos": {
            "x": 15.26,
            "y": 4.4
          }
        },
        {
          "team": 2,
          "pos": {
            "x": -10.77,
            "y": -0.62
          }
        }
      ]
    },
    {
      "time": 2.42,
      "players": [
        {
          "team": 1,
          "pos": {
            "x": 15.26,
            "y": 4.4
          }
        },
        {
          "team": 2,
          "pos": {
            "x": -10.77,
            "y": -0.62
          }
        }
      ]
    },
    {
      "time": 2.44,
      "players": [
        {
          "team": 1,
          "pos": {
            "x": 15.26,
            "y": 4.4
          }
        },
        {
          "team": 2,
          "pos": {
            "x": -10.77,
            "y": -0.62
          }
        }
      ]
    },
    {
      "time": 2.46,
      "players": [
        {
          "team": 1,
          "pos": {
            "x": 15.26,
            "y": 4.4
          }
        },
        {
          "team": 2,
          "pos": {
            "x": -10.77,
            "y": -0.62
          }
        }
      ]
    },
    {
      "time": 2.48,
      "players": [
        {
          "team": 1,
          "pos": {
            "x": 15.26,
            "y": 4.4
          }
        },
        {
          "team": 2,
          "pos": {
            "x": -10.77,
            "y": -0.62
          }
        }
      ]
    },
    {
      "time": 2.5,
      "players": [
        {
          "team": 1,
          "pos": {
            "x": 15.26,
            "y": 4.4
          }
        },
        {
          "team": 2,
          "pos": {
            "x": -10.77,
            "y": -0.62
          }
        }
      ]
    },
    {
      "time": 2.52,
      "players": [
        {
          "team": 1,
          "pos": {
            "x": 15.26,
            "y": 4.4
          }
        },
        {
          "team": 2,
          "pos": {
            "x": -10.77,
            "y": -0.62
          }
        }
      ]
    },
    {
      "time": 2.54,
      "players": [
        {
          "team": 1,
          "pos": {
            "x": 15.26,
            "y": 4.4
          }
        },
        {
          "team": 2,
          "pos": {
            "x": -10.77,
            "y": -0.62
          }
        }
      ]
    },
    {
      "time": 2.56,
      "players": [
        {
          "team": 1,
          "pos": {
            "x": 15.26,
            "y": 4.4
          }
        },
        {
          "team": 2,
          "pos": {
            "x": -10.77,
            "y": -0.62
          }
        }
      ]
    },
    {
      "time": 2.58,
      "players": [
        {
          "team": 1,
          "pos": {
            "x": 15.26,
            "y": 4.4
          }
        },
        {
          "team": 2,
          "pos": {
            "x": -10.77,
            "y": -0.62
          }
        }
      ]
    },
    {
      "time": 2.6,
      "players": [
        {
          "team": 1,
          "pos": {
            "x": 15.26,
            "y": 4.4
          }
        },
        {
          "team": 2,
          "pos": {
            "x": -10.77,
            "y": -0.62
          }
        }
      ]
    },
    {
      "time": 2.62,
      "players": [
        {
          "team": 1,
          "pos": {
            "x": 15.26,
            "y": 4.4
          }
        },
        {
          "team": 2,
          "pos": {
            "x": -10.77,
            "y": -0.62
          }
        }
      ]
    },
    {
      "time": 2.64,
      "players": [
        {
          "team": 1,
          "pos": {
            "x": 15.26,
            "y": 4.4
          }
        },
        {
          "team": 2,
          "pos": {
            "x": -10.77,
            "y": -0.62
          }
        }
      ]
    },
    {
      "time": 2.66,
      "players": [
        {
          "team": 1,
          "pos": {
            "x": 15.26,
            "y": 4.4
          }
        },
        {
          "team": 2,
          "pos": {
            "x": -10.77,
            "y": -0.62
          }
        }
      ]
    },
    {
      "time": 2.68,
      "players": [
        {
          "team": 1,
          "pos": {
            "x": 15.26,
            "y": 4.4
          }
        },
        {
          "team": 2,
          "pos": {
            "x": -10.77,
            "y": -0.62
          }
        }
      ]
    },
    {
      "time": 2.7,
      "players": [
        {
          "team": 1,
          "pos": {
            "x": 15.26,
            "y": 4.4
          }
        },
        {
          "team": 2,
          "pos": {
            "x": -10.77,
            "y": -0.62
          }
        }
      ]
    },
    {
      "time": 2.72,
      "players": [
        {
          "team": 1,
          "pos": {
            "x": 15.26,
            "y": 4.4
          }
        },
        {
          "team": 2,
          "pos": {
            "x": -10.77,
            "y": -0.62
          }
        }
      ]
    },
    {
      "time": 2.74,
      "players": [
        {
          "team": 1,
          "pos": {
            "x": 15.26,
            "y": 4.4
          }
        },
        {
          "team": 2,
          "pos": {
            "x": -10.77,
            "y": -0.62
          }
        }
      ]
    },
    {
      "time": 2.76,
      "players": [
        {
          "team": 1,
          "pos": {
            "x": 15.26,
            "y": 4.4
          }
        },
        {
          "team": 2,
          "pos": {
            "x": -10.77,
            "y": -0.62
          }
        }
      ]
    },
    {
      "time": 2.78,
      "players": [
        {
          "team": 1,
          "pos": {
            "x": 15.26,
            "y": 4.4
          }
        },
        {
          "team": 2,
          "pos": {
            "x": -10.77,
            "y": -0.62
          }
        }
      ]
    },
    {
      "time": 2.8,
      "players": [
        {
          "team": 1,
          "pos": {
            "x": 15.26,
            "y": 4.4
          }
        },
        {
          "team": 2,
          "pos": {
            "x": -10.77,
            "y": -0.62
          }
        }
      ]
    },
    {
      "time": 2.82,
      "players": [
        {
          "team": 1,
          "pos": {
            "x": 15.26,
            "y": 4.4
          }
        },
        {
          "team": 2,
          "pos": {
            "x": -10.77,
            "y": -0.62
          }
        }
      ]
    },
    {
      "time": 2.84,
      "players": [
        {
          "team": 1,
          "pos": {
            "x": 15.26,
            "y": 4.4
          }
        },
        {
          "team": 2,
          "pos": {
            "x": -10.77,
            "y": -0.62
          }
        }
      ]
    },
    {
      "time": 2.86,
      "players": [
        {
          "team": 1,
          "pos": {
            "x": 15.26,
            "y": 4.4
          }
        },
        {
          "team": 2,
          "pos": {
            "x": -10.77,
            "y": -0.62
          }
        }
      ]
    },
    {
      "time": 2.88,
      "players": [
        {
          "team": 1,
          "pos": {
            "x": 15.26,
            "y": 4.4
          }
        },
        {
          "team": 2,
          "pos": {
            "x": -10.77,
            "y": -0.62
          }
        }
      ]
    },
    {
      "time": 2.9,
      "players": [
        {
          "team": 1,
          "pos": {
            "x": 15.26,
            "y": 4.4
          }
        },
        {
          "team": 2,
          "pos": {
            "x": -10.77,
            "y": -0.62
          }
        }
      ]
    },
    {
      "time": 2.92,
      "players": [
        {
          "team": 1,
          "pos": {
            "x": 15.26,
            "y": 4.4
          }
        },
        {
          "team": 2,
          "pos": {
            "x": -10.77,
            "y": -0.62
          }
        }
      ]
    },
    {
      "time": 2.94,
      "players": [
        {
          "team": 1,
          "pos": {
            "x": 15.26,
            "y": 4.4
          }
        },
        {
          "team": 2,
          "pos": {
            "x": -10.77,
            "y": -0.62
          }
        }
      ]
    },
    {
      "time": 2.96,
      "players": [
        {
          "team": 1,
          "pos": {
            "x": 15.26,
            "y": 4.4
          }
        },
        {
          "team": 2,
          "pos": {
            "x": -10.77,
            "y": -0.62
          }
        }
      ]
    },
    {
      "time": 2.98,
      "players": [
        {
          "team": 1,
          "pos": {
            "x": 15.26,
            "y": 4.4
          }
        },
        {
          "team": 2,
          "pos": {
            "x": -10.77,
            "y": -0.62
          }
        }
      ]
    },
    {
      "time": 3.0,
      "players": [
        {
          "team": 1,
          "pos": {
            "x": 15.26,
            "y": 4.4
          }
        },
        {
          "team": 2,
          "pos": {
            "x": -10.77,
            "y": -0.62
          }
        }
      ]
    },
    {
      "time": 3.02,
      "players": [
        {
          "team": 1,
          "pos": {
            "x": 15.26,
            "y": 4.4
          }
        },
        {
          "team": 2,
          "pos": {
            "x": -10.77,
            "y": -0.62
          }
        }
      ]
    },
    {
      "time": 3.04,
      "players": [
        {
          "team": 1,
          "pos": {
            "x": 15.26,
            "y": 4.4
          }
        },
        {
          "team": 2,
          "pos": {
            "x": -10.77,
            "y": -0.62
          }
        }
      ]
    },
    {
      "time": 3.06,
      "players": [
        {
          "team": 1,
          "pos": {
            "x": 15.26,
            "y": 4.4
          }
        },
        {
          "team": 2,
          "pos": {
            "x": -10.77,
            "y": -0.62
          }
        }
      ]
    },
    {
      "time": 3.08,
      "players": [
        {
          "team": 1,
          "pos": {
            "x": 15.26,
            "y": 4.4
          }
        },
        {
          "team": 2,
          "pos": {
            "x": -10.77,
            "y": -0.62
          }
        }
      ]
    },
    {
      "time": 3.1,
      "players": [
        {
          "team": 1,
          "pos": {
            "x": 15.26,
            "y": 4.4
          }
        },
        {
          "team": 2,
          "pos": {
            "x": -10.77,
            "y": -0.62
          }
        }
      ]
    },
    {
      "time": 3.12,
      "players": [
        {
          "team": 1,
          "pos": {
            "x": 15.26,
            "y": 4.4
          }
        },
        {
          "team": 2,
          "pos": {
            "x": -10.77,
            "y": -0.62
          }
        }
      ]
    },
    {
      "time": 3.14,
      "players": [
        {
          "team": 1,
          "pos": {
            "x": 15.26,
            "y": 4.4
          }
        },
        {
          "team": 2,
          "pos": {
            "x": -10.77,
            "y": -0.62
          }
        }
      ]
    },
    {
      "time": 3.16,
      "players": [
        {
          "team": 1,
          "pos": {
            "x": 15.26,
            "y": 4.4
          }
        },
        {
          "team": 2,
          "pos": {
            "x": -10.77,
            "y": -0.62
          }
        }
      ]
    },
    {
      "time": 3.18,
      "players": [
        {
          "team": 1,
          "pos": {
            "x": 15.26,
            "y": 4.4
          }
        },
        {
          "team": 2,
          "pos": {
            "x": -10.77,
            "y": -0.62
          }
        }
      ]
    },
    {
      "time": 3.2,
      "players": [
        {
          "team": 1,
          "pos": {
            "x": 15.26,
            "y": 4.4
          }
        },
        {
          "team": 2,
          "pos": {
            "x": -10.77,
            "y": -0.62
          }
        }
      ]
    },
    {
      "time": 3.22,
      "players": [
        {
          "team": 1,
          "pos": {
            "x": 15.26,
            "y": 4.4
          }
        },
        {
          "team": 2,
          "pos": {
            "x": -10.77,
            "y": -0.62
          }
        }
      ]
    },
    {
      "time": 3.24,
      "players": [
        {
          "team": 1,
          "pos": {
            "x": 15.26,
            "y": 4.4
          }
        },
        {
          "team": 2,
          "pos": {
            "x": -10.77,
            "y": -0.62
          }
        }
      ]
    },
    {
      "time": 3.26,
      "players": [
        {
          "team": 1,
          "pos": {
            "x": 15.26,
            "y": 4.4
          }
        },
        {
          "team": 2,
          "pos": {
            "x": -10.77,
            "y": -0.62
          }
        }
      ]
    },
    {
      "time": 3.28,
      "players": [
        {
          "team": 1,
          "pos": {
            "x": 15.26,
            "y": 4.4
          }
        },
        {
          "team": 2,
          "pos": {
            "x": -10.77,
            "y": -0.62
          }
        }
      ]
    },
    {
      "time": 3.3,
      "players": [
        {
          "team": 1,
          "pos": {
            "x": 15.26,
            "y": 4.4
          }
        },
        {
          "team": 2,
          "pos": {
            "x": -10.77,
            "y": -0.62
          }
        }
      ]
    },
    {
      "time": 3.32,
      "players": [
        {
          "team": 1,
          "pos": {
            "x": 15.26,
            "y": 4.4
          }
        },
        {
          "team": 2,
          "pos": {
            "x": -10.77,
            "y": -0.62
          }
        }
      ]
    }
  ]
}