{
  "id": "95d0459f-7c9b-4333-99b3-9a73531ceba0",
  "sequences": {
    "set": 1,
    "game": 3,
    "point": 8,
    "serve": 1,
    "rally": 1
  },
  "match": {
    "season": 2025,
    "tournament_id": 9999,
    "draw_code": "MS001",
    "court_id": 1,
    "players": [
      {
        "forename": "Andy",
        "surname": "Bernard",
        "team": 1,
        "external_id": "AB12"
      },
      {
        "forename": "Cedric",
        "surname": "Diggory",
        "team": 2,
        "external_id": "CD34"
      }
    ]
  },
  "shots": [
    {
      "shot_no": 1,
      "team": 2,
      "stroke": "serve",
      "spin": {
        "type": "backspin",
        "rpm": -3921.754
      },
      "speed_ms": 50.758,
      "call": "out",
      "distance": 0.841,
      "time_utc": "2025-01-01T11:21:27.730Z",
      "time": 0.0,
      "duration": 0.756
    }
  ],
  "samples": [
    {
      "time": -1.72,
      "players": [
        {
          "team": 1,
          "pos": {
            "x": 11.82,
            "y": -1.62
          }
        },
        {
          "team": 2,
          "pos": {
            "x": -14.66,
            "y": 4.36
          }
        }
      ]
    },
    {
      "time": -1.7,
      "players": [
        {
          "team": 1,
          "pos": {
            "x": 11.82,
            "y": -1.6
          }
        },
        {
          "team": 2,
          "pos": {
            "x": -14.62,
            "y": 4.4
          }
        }
      ]
    },
    {
      "time": -1.68,
      "players": [
        {
          "team": 1,
          "pos": {
            "x": 11.82,
            "y": -1.58
          }
        },
        {
          "team": 2,
          "pos": {
            "x": -14.62,
            "y": 4.4
          }
        }
      ]
    },
    {
      "time": -1.66,
      "players": [
        {
          "team": 1,
          "pos": {
            "x": 11.82,
            "y": -1.57
          }
        },
        {
          "team": 2,
          "pos": {
            "x": -14.61,
            "y": 4.39
          }
        }
      ]
    },
    {
      "time": -1.64,
      "players": [
        {
          "team": 1,
          "pos": {
            "x": 11.83,
            "y": -1.55
          }
        },
        {
          "team": 2,
          "pos": {
            "x": -14.6,
            "y": 4.4
          }
        }
      ]
    },
    {
      "time": -1.62,
      "players": [
        {
          "team": 1,
          "pos": {
            "x": 11.84,
            "y": -1.53
          }
        },
        {
          "team": 2,
          "pos": {
            "x": -14.59,
            "y": 4.39
          }
        }
      ]
    },
    {
      "time": -1.6,
      "players": [
        {
          "team": 1,
          "pos": {
            "x": 11.85,
            "y": -1.54
          }
        },
        {
          "team": 2,
          "pos": {
            "x": -14.58,
            "y": 4.38
          }
        }
      ]
    },
    {
      "time": -1.58,
      "players": [
        {
          "team": 1,
          "pos": {
            "x": 11.86,
            "y": -1.52
          }
        },
        {
          "team": 2,
          "pos": {
            "x": -14.6,
            "y": 4.38
          }
        }
      ]
    },
    {
      "time": -1.56,
      "players": [
        {
          "team": 1,
          "pos": {
            "x": 11.86,
            "y": -1.51
          }
        },
        {
          "team": 2,
          "pos": {
            "x": -14.64,
            "y": 4.41
          }
        }
      ]
    },
    {
      "time": -1.54,
      "players": [
        {
          "team": 1,
          "pos": {
            "x": 11.87,
            "y": -1.51
          }
        },
        {
          "team": 2,
          "pos": {
            "x": -14.63,
            "y": 4.42
          }
        }
      ]
    },
    {
      "time": -1.52,
      "players": [
        {
          "team": 1,
          "pos": {
            "x": 11.88,
            "y": -1.53
          }
        },
        {
          "team": 2,
          "pos": {
            "x": -14.61,
            "y": 4.44
          }
        }
      ]
    },
    {
      "time": -1.5,
      "players": [
        {
          "team": 1,
          "pos": {
            "x": 11.89,
            "y": -1.52
          }
        },
        {
          "team": 2,
          "pos": {
            "x": -14.6,
            "y": 4.42
          }
        }
      ]
    },
    {
      "time": -1.48,
      "players": [
        {
          "team": 1,
          "pos": {
            "x": 11.91,
            "y": -1.51
          }
        },
        {
          "team": 2,
          "pos": {
            "x": -14.6,
            "y": 4.4
          }
        }
      ]
    },
    {
      "time": -1.46,
      "players": [
        {
          "team": 1,
          "pos": {
            "x": 11.92,
            "y": -1.51
          }
        },
        {
          "team": 2,
          "pos": {
            "x": -14.6,
            "y": 4.37
          }
        }
      ]
    },
    {
      "time": -1.44,
      "players": [
        {
          "team": 1,
          "pos": {
            "x": 11.93,
            "y": -1.51
          }
        },
        {
          "team": 2,
          "pos": {
            "x": -14.61,
            "y": 4.38
          }
        }
      ]
    },
    {
      "time": -1.42,
      "players": [
        {
          "team": 1,
          "pos": {
            "x": 11.97,
            "y": -1.49
          }
        },
        {
          "team": 2,
          "pos": {
            "x": -14.63,
            "y": 4.36
          }
        }
      ]
    },
    {
      "time": -1.4,
      "players": [
        {
          "team": 1,
          "pos": {
            "x": 11.99,
            "y": -1.48
          }
        },
        {
          "team": 2,
          "pos": {
            "x": -14.62,
            "y": 4.33
          }
        }
      ]
    },
    {
      "time": -1.38,
      "players": [
        {
          "team": 1,
          "pos": {
            "x": 12.0,
            "y": -1.46
          }
        },
        {
          "team": 2,
          "pos": {
            "x": -14.66,
            "y": 4.3
          }
        }
      ]
    },
    {
      "time": -1.36,
      "players": [
        {
          "team": 1,
          "pos": {
            "x": 12.02,
            "y": -1.45
          }
        },
        {
          "team": 2,
          "pos": {
            "x": -14.67,
            "y": 4.28
          }
        }
      ]
    },
    {
      "time": -1.34,
      "players": [
        {
          "team": 1,
          "pos": {
            "x": 12.05,
            "y": -1.41
          }
        },
        {
          "team": 2,
          "pos": {
            "x": -14.66,
            "y": 4.29
          }
        }
      ]
    },
    {
      "time": -1.32,
      "players": [
        {
          "team": 1,
          "pos": {
            "x": 12.1,
            "y": -1.36
          }
        },
        {
          "team": 2,
          "pos": {
            "x": -14.66,
            "y": 4.28
          }
        }
      ]
    },
    {
      "time": -1.3,
      "players": [
        {
          "team": 1,
          "pos": {
            "x": 12.1,
            "y": -1.32
          }
        },
        {
          "team": 2,
          "pos": {
            "x": -14.67,
            "y": 4.31
          }
        }
      ]
    },
    {
      "time": -1.28,
      "players": [
        {
          "team": 1,
          "pos": {
            "x": 12.15,
            "y": -1.29
          }
        },
        {
          "team": 2,
          "pos": {
            "x": -14.68,
            "y": 4.3
          }
        }
      ]
    },
    {
      "time": -1.26,
      "players": [
        {
          "team": 1,
          "pos": {
            "x": 12.17,
            "y": -1.26
          }
        },
        {
          "team": 2,
          "pos": {
            "x": -14.7,
            "y": 4.25
          }
        }
      ]
    },
    {
      "time": -1.24,
      "players": [
        {
          "team": 1,
          "pos": {
            "x": 12.2,
            "y": -1.25
          }
        },
        {
          "team": 2,
          "pos": {
            "x": -14.71,
            "y": 4.23
          }
        }
      ]
    },
    {
      "time": -1.22,
      "players": [
        {
          "team": 1,
          "pos": {
            "x": 12.25,
            "y": -1.22
          }
        },
        {
          "team": 2,
          "pos": {
            "x": -14.72,
            "y": 4.21
          }
        }
      ]
    },
    {
      "time": -1.2,
      "players": [
        {
          "team": 1,
          "pos": {
            "x": 12.3,
            "y": -1.2
          }
        },
        {
          "team": 2,
          "pos": {
            "x": -14.71,
            "y": 4.25
          }
        }
      ]
    },
    {
      "time": -1.18,
      "players": [
        {
          "team": 1,
          "pos": {
            "x": 12.29,
            "y": -1.19
          }
        },
        {
          "team": 2,
          "pos": {
            "x": -14.71,
            "y": 4.25
          }
        }
      ]
    },
    {
      "time": -1.16,
      "players": [
        {
          "team": 1,
          "pos": {
            "x": 12.28,
            "y": -1.16
          }
        },
        {
          "team": 2,
          "pos": {
            "x": -14.71,
            "y": 4.2
          }
        }
      ]
    },
    {
      "time": -1.14,
      "players": [
        {
          "team": 1,
          "pos": {
            "x": 12.28,
            "y": -1.15
          }
        },
        {
          "team": 2,
          "pos": {
            "x": -14.65,
            "y": 4.23
          }
        }
      ]
    },
    {
      "time": -1.12,
      "players": [
        {
          "team": 1,
          "pos": {
            "x": 12.28,
            "y": -1.13
          }
        },
        {
          "team": 2,
          "pos": {
            "x": -14.66,
            "y": 4.23
          }
        }
      ]
    },
    {
      "time": -1.1,
      "players": [
        {
          "team": 1,
          "pos": {
            "x": 12.27,
            "y": -1.12
          }
        },
        {
          "team": 2,
          "pos": {
            "x": -14.66,
            "y": 4.23
          }
        }
      ]
    },
    {
      "time": -1.08,
      "players": [
        {
          "team": 1,
          "pos": {
            "x": 12.26,
            "y": -1.1
          }
        },
        {
          "team": 2,
          "pos": {
            "x": -14.59,
            "y": 4.26
          }
        }
      ]
    },
    {
      "time": -1.06,
      "players": [
        {
          "team": 1,
          "pos": {
            "x": 12.28,
            "y": -1.08
          }
        },
        {
          "team": 2,
          "pos": {
            "x": -14.62,
            "y": 4.28
          }
        }
      ]
    },
    {
      "time": -1.04,
      "players": [
        {
          "team": 1,
          "pos": {
            "x": 12.28,
            "y": -1.06
          }
        },
        {
          "team": 2,
          "pos": {
            "x": -14.65,
            "y": 4.31
          }
        }
      ]
    },
    {
      "time": -1.02,
      "players": [
        {
          "team": 1,
          "pos": {
            "x": 12.27,
            "y": -1.07
          }
        },
        {
          "team": 2,
          "pos": {
            "x": -14.67,
            "y": 4.31
          }
        }
      ]
    },
    {
      "time": -1.0,
      "players": [
        {
          "team": 1,
          "pos": {
            "x": 12.29,
            "y": -1.05
          }
        },
        {
          "team": 2,
          "pos": {
            "x": -14.69,
            "y": 4.29
          }
        }
      ]
    },
    {
      "time": -0.98,
      "players": [
        {
          "team": 1,
          "pos": {
            "x": 12.28,
            "y": -1.05
          }
        },
        {
          "team": 2,
          "pos": {
            "x": -14.7,
            "y": 4.33
          }
        }
      ]
    },
    {
      "time": -0.96,
      "players": [
        {
          "team": 1,
          "pos": {
            "x": 12.34,
            "y": -1.15
          }
        },
        {
          "team": 2,
          "pos": {
            "x": -14.74,
            "y": 4.35
          }
        }
      ]
    },
    {
      "time": -0.94,
      "players": [
        {
          "team": 1,
          "pos": {
            "x": 12.36,
            "y": -1.17
          }
        },
        {
          "team": 2,
          "pos": {
            "x": -14.75,
            "y": 4.37
          }
        }
      ]
    },
    {
      "time": -0.92,
      "players": [
        {
          "team": 1,
          "pos": {
            "x": 12.39,
            "y": -1.2
          }
        },
        {
          "team": 2,
          "pos": {
            "x": -14.78,
            "y": 4.41
          }
        }
      ]
    },
    {
      "time": -0.9,
      "players": [
        {
          "team": 1,
          "pos": {
            "x": 12.42,
            "y": -1.24
          }
        },
        {
          "team": 2,
          "pos": {
            "x": -14.76,
            "y": 4.37
          }
        }
      ]
    },
    {
      "time": -0.88,
      "players": [
        {
          "team": 1,
          "pos": {
            "x": 12.46,
            "y": -1.33
          }
        },
        {
          "team": 2,
          "pos": {
            "x": -14.77,
            "y": 4.38
          }
        }
      ]
    },
    {
      "time": -0.86,
      "players": [
        {
          "team": 1,
          "pos": {
            "x": 12.45,
            "y": -1.36
          }
        },
        {
          "team": 2,
          "pos": {
            "x": -14.75,
            "y": 4.35
          }
        }
      ]
    },
    {
      "time": -0.84,
      "players": [
        {
          "team": 1,
          "pos": {
            "x": 12.45,
            "y": -1.41
          }
        },
        {
          "team": 2,
          "pos": {
            "x": -14.77,
            "y": 4.36
          }
        }
      ]
    },
    {
      "time": -0.82,
      "players": [
        {
          "team": 1,
          "pos": {
            "x": 12.44,
            "y": -1.48
          }
        },
        {
          "team": 2,
          "pos": {
            "x": -14.76,
            "y": 4.37
          }
        }
      ]
    },
    {
      "time": -0.8,
      "players": [
        {
          "team": 1,
          "pos": {
            "x": 12.42,
            "y": -1.54
          }
        },
        {
          "team": 2,
          "pos": {
            "x": -14.76,
            "y": 4.39
          }
        }
      ]
    },
    {
      "time": -0.784,
      "ball": {
        "pos": {
          "x": 11.717,
          "y": -2.121,
          "z": 1.59
        }
      },
      "players": [
        {
          "team": 1,
          "pos": {
            "x": 12.41,
            "y": -1.6
          }
        },
        {
          "team": 2,
          "pos": {
            "x": -14.74,
            "y": 4.37
          }
        }
      ]
    },
    {
      "time": -0.78,
      "ball": {
        "pos": {
          "x": 11.715,
          "y": -2.119,
          "z": 1.614
        }
      },
      "players": [
        {
          "team": 1,
          "pos": {
            "x": 12.4,
            "y": -1.59
          }
        },
        {
          "team": 2,
          "pos": {
            "x": -14.75,
            "y": 4.38
          }
        }
      ]
    },
    {
      "time": -0.76,
      "ball": {
        "pos": {
          "x": 11.706,
          "y": -2.11,
          "z": 1.726
        }
      },
      "players": [
        {
          "team": 1,
          "pos": {
            "x": 12.4,
            "y": -1.62
          }
        },
        {
          "team": 2,
          "pos": {
            "x": -14.73,
            "y": 4.38
          }
        }
      ]
    },
    {
      "time": -0.74,
      "ball": {
        "pos": {
          "x": 11.698,
          "y": -2.101,
          "z": 1.834
        }
      },
      "players": [
        {
          "team": 1,
          "pos": {
            "x": 12.37,
            "y": -1.62
          }
        },
        {
          "team": 2,
          "pos": {
            "x": -14.76,
            "y": 4.4
          }
        }
      ]
    },
    {
      "time": -0.72,
      "ball": {
        "pos": {
          "x": 11.689,
          "y": -2.092,
          "z": 1.938
        }
      },
      "players": [
        {
          "team": 1,
          "pos": {
            "x": 12.39,
            "y": -1.65
          }
        },
        {
          "team": 2,
          "pos": {
            "x": -14.75,
            "y": 4.4
          }
        }
      ]
    },
    {
      "time": -0.7,
      "ball": {
        "pos": {
          "x": 11.68,
          "y": -2.083,
          "z": 2.038
        }
      },
      "players": [
        {
          "team": 1,
          "pos": {
            "x": 12.38,
            "y": -1.68
          }
        },
        {
          "team": 2,
          "pos": {
            "x": -14.73,
            "y": 4.37
          }
        }
      ]
    },
    {
      "time": -0.68,
      "ball": {
        "pos": {
          "x": 11.672,
          "y": -2.073,
          "z": 2.134
        }
      },
      "players": [
        {
          "team": 1,
          "pos": {
            "x": 12.35,
            "y": -1.68
          }
        },
        {
          "team": 2,
          "pos": {
            "x": -14.73,
            "y": 4.33
          }
        }
      ]
    },
    {
      "time": -0.66,
      "ball": {
        "pos": {
          "x": 11.663,
          "y": -2.064,
          "z": 2.225
        }
      },
      "players": [
        {
          "team": 1,
          "pos": {
            "x": 12.39,
            "y": -1.69
          }
        },
        {
          "team": 2,
          "pos": {
            "x": -14.7,
            "y": 4.35
          }
        }
      ]
    },
    {
      "time": -0.64,
      "ball": {
        "pos": {
          "x": 11.655,
          "y": -2.055,
          "z": 2.313
        }
      },
      "players": [
        {
          "team": 1,
          "pos": {
            "x": 12.38,
            "y": -1.75
          }
        },
        {
          "team": 2,
          "pos": {
            "x": -14.69,
            "y": 4.34
          }
        }
      ]
    },
    {
      "time": -0.62,
      "ball": {
        "pos": {
          "x": 11.647,
          "y": -2.046,
          "z": 2.397
        }
      },
      "players": [
        {
          "team": 1,
          "pos": {
            "x": 12.41,
            "y": -1.76
          }
        },
        {
          "team": 2,
          "pos": {
            "x": -14.69,
            "y": 4.33
          }
        }
      ]
    },
    {
      "time": -0.6,
      "ball": {
        "pos": {
          "x": 11.638,
          "y": -2.037,
          "z": 2.477
        }
      },
      "players": [
        {
          "team": 1,
          "pos": {
            "x": 12.45,
            "y": -1.75
          }
        },
        {
          "team": 2,
          "pos": {
            "x": -14.69,
            "y": 4.32
          }
        }
      ]
    },
    {
      "time": -0.58,
      "ball": {
        "pos": {
          "x": 11.63,
          "y": -2.028,
          "z": 2.552
        }
      },
      "players": [
        {
          "team": 1,
          "pos": {
            "x": 12.49,
            "y": -1.77
          }
        },
        {
          "team": 2,
          "pos": {
            "x": -14.68,
            "y": 4.31
          }
        }
      ]
    },
    {
      "time": -0.56,
      "ball": {
        "pos": {
          "x": 11.622,
          "y": -2.019,
          "z": 2.624
        }
      },
      "players": [
        {
          "team": 1,
          "pos": {
            "x": 12.51,
            "y": -1.79
          }
        },
        {
          "team": 2,
          "pos": {
            "x": -14.67,
            "y": 4.3
          }
        }
      ]
    },
    {
      "time": -0.54,
      "ball": {
        "pos": {
          "x": 11.614,
          "y": -2.01,
          "z": 2.692
        }
      },
      "players": [
        {
          "team": 1,
          "pos": {
            "x": 12.52,
            "y": -1.78
          }
        },
        {
          "team": 2,
          "pos": {
            "x": -14.66,
            "y": 4.28
          }
        }
      ]
    },
    {
      "time": -0.52,
      "ball": {
        "pos": {
          "x": 11.605,
          "y": -2.0,
          "z": 2.755
        }
      },
      "players": [
        {
          "team": 1,
          "pos": {
            "x": 12.54,
            "y": -1.79
          }
        },
        {
          "team": 2,
          "pos": {
            "x": -14.65,
            "y": 4.27
          }
        }
      ]
    },
    {
      "time": -0.5,
      "ball": {
        "pos": {
          "x": 11.597,
          "y": -1.991,
          "z": 2.815
        }
      },
      "players": [
        {
          "team": 1,
          "pos": {
            "x": 12.49,
            "y": -1.8
          }
        },
        {
          "team": 2,
          "pos": {
            "x": -14.63,
            "y": 4.25
          }
        }
      ]
    },
    {
      "time": -0.48,
      "ball": {
        "pos": {
          "x": 11.589,
          "y": -1.982,
          "z": 2.871
        }
      },
      "players": [
        {
          "team": 1,
          "pos": {
            "x": 12.5,
            "y": -1.84
          }
        },
        {
          "team": 2,
          "pos": {
            "x": -14.6,
            "y": 4.25
          }
        }
      ]
    },
    {
      "time": -0.46,
      "ball": {
        "pos": {
          "x": 11.581,
          "y": -1.973,
          "z": 2.923
        }
      },
      "players": [
        {
          "team": 1,
          "pos": {
            "x": 12.49,
            "y": -1.9
          }
        },
        {
          "team": 2,
          "pos": {
            "x": -14.58,
            "y": 4.22
          }
        }
      ]
    },
    {
      "time": -0.44,
      "ball": {
        "pos": {
          "x": 11.573,
          "y": -1.964,
          "z": 2.971
        }
      },
      "players": [
        {
          "team": 1,
          "pos": {
            "x": 12.46,
            "y": -1.9
          }
        },
        {
          "team": 2,
          "pos": {
            "x": -14.56,
            "y": 4.22
          }
        }
      ]
    },
    {
      "time": -0.42,
      "ball": {
        "pos": {
          "x": 11.565,
          "y": -1.955,
          "z": 3.015
        }
      },
      "players": [
        {
          "team": 1,
          "pos": {
            "x": 12.44,
            "y": -1.9
          }
        },
        {
          "team": 2,
          "pos": {
            "x": -14.53,
            "y": 4.19
          }
        }
      ]
    },
    {
      "time": -0.4,
      "ball": {
        "pos": {
          "x": 11.557,
          "y": -1.946,
          "z": 3.055
        }
      },
      "players": [
        {
          "team": 1,
          "pos": {
            "x": 12.39,
            "y": -1.89
          }
        },
        {
          "team": 2,
          "pos": {
            "x": -14.51,
            "y": 4.14
          }
        }
      ]
    },
    {
      "time": -0.38,
      "ball": {
        "pos": {
          "x": 11.549,
          "y": -1.937,
          "z": 3.091
        }
      },
      "players": [
        {
          "team": 1,
          "pos": {
            "x": 12.39,
            "y": -1.88
          }
        },
        {
          "team": 2,
          "pos": {
            "x": -14.47,
            "y": 4.11
          }
        }
      ]
    },
    {
      "time": -0.36,
      "ball": {
        "pos": {
          "x": 11.541,
          "y": -1.928,
          "z": 3.123
        }
      },
      "players": [
        {
          "team": 1,
          "pos": {
            "x": 12.4,
            "y": -1.92
          }
        },
        {
          "team": 2,
          "pos": {
            "x": -14.44,
            "y": 4.06
          }
        }
      ]
    },
    {
      "time": -0.34,
      "ball": {
        "pos": {
          "x": 11.533,
          "y": -1.919,
          "z": 3.151
        }
      },
      "players": [
        {
          "team": 1,
          "pos": {
            "x": 12.39,
            "y": -1.89
          }
        },
        {
          "team": 2,
          "pos": {
            "x": -14.45,
            "y": 4.0
          }
        }
      ]
    },
    {
      "time": -0.32,
      "ball": {
        "pos": {
          "x": 11.525,
          "y": -1.909,
          "z": 3.175
        }
      },
      "players": [
        {
          "team": 1,
          "pos": {
            "x": 12.35,
            "y": -1.84
          }
        },
        {
          "team": 2,
          "pos": {
            "x": -14.45,
            "y": 3.95
          }
        }
      ]
    },
    {
      "time": -0.3,
      "ball": {
        "pos": {
          "x": 11.517,
          "y": -1.9,
          "z": 3.195
        }
      },
      "players": [
        {
          "team": 1,
          "pos": {
            "x": 12.28,
            "y": -1.84
          }
        },
        {
          "team": 2,
          "pos": {
            "x": -14.42,
            "y": 3.93
          }
        }
      ]
    },
    {
      "time": -0.28,
      "ball": {
        "pos": {
          "x": 11.509,
          "y": -1.891,
          "z": 3.212
        }
      },
      "players": [
        {
          "team": 1,
          "pos": {
            "x": 12.3,
            "y": -1.85
          }
        },
        {
          "team": 2,
          "pos": {
            "x": -14.42,
            "y": 3.91
          }
        }
      ]
    },
    {
      "time": -0.26,
      "ball": {
        "pos": {
          "x": 11.501,
          "y": -1.882,
          "z": 3.224
        }
      },
      "players": [
        {
          "team": 1,
          "pos": {
            "x": 12.32,
            "y": -1.82
          }
        },
        {
          "team": 2,
          "pos": {
            "x": -14.36,
            "y": 3.92
          }
        }
      ]
    },
    {
      "time": -0.24,
      "ball": {
        "pos": {
          "x": 11.493,
          "y": -1.873,
          "z": 3.233
        }
      },
      "players": [
        {
          "team": 1,
          "pos": {
            "x": 12.26,
            "y": -1.77
          }
        },
        {
          "team": 2,
          "pos": {
            "x": -14.33,
            "y": 3.91
          }
        }
      ]
    },
    {
      "time": -0.22,
      "ball": {
        "pos": {
          "x": 11.485,
          "y": -1.864,
          "z": 3.238
        }
      },
      "players": [
        {
          "team": 1,
          "pos": {
            "x": 12.18,
            "y": -1.72
          }
        },
        {
          "team": 2,
          "pos": {
            "x": -14.33,
            "y": 3.89
          }
        }
      ]
    },
    {
      "time": -0.206,
      "ball": {
        "pos": {
          "x": 11.479,
          "y": -1.857,
          "z": 3.239
        }
      },
      "players": [
        {
          "team": 1,
          "pos": {
            "x": 12.1,
            "y": -1.66
          }
        },
        {
          "team": 2,
          "pos": {
            "x": -14.31,
            "y": 3.96
          }
        }
      ]
    },
    {
      "time": -0.2,
      "ball": {
        "pos": {
          "x": 11.476,
          "y": -1.855,
          "z": 3.239
        }
      },
      "players": [
        {
          "team": 1,
          "pos": {
            "x": 12.12,
            "y": -1.67
          }
        },
        {
          "team": 2,
          "pos": {
            "x": -14.33,
            "y": 3.94
          }
        }
      ]
    },
    {
      "time": -0.18,
      "ball": {
        "pos": {
          "x": 11.468,
          "y": -1.846,
          "z": 3.236
        }
      },
      "players": [
        {
          "team": 1,
          "pos": {
            "x": 12.07,
            "y": -1.64
          }
        },
        {
          "team": 2,
          "pos": {
            "x": -14.27,
            "y": 3.98
          }
        }
      ]
    },
    {
      "time": -0.16,
      "ball": {
        "pos": {
          "x": 11.46,
          "y": -1.837,
          "z": 3.229
        }
      },
      "players": [
        {
          "team": 1,
          "pos": {
            "x": 12.01,
            "y": -1.59
          }
        },
        {
          "team": 2,
          "pos": {
            "x": -14.23,
            "y": 4.04
          }
        }
      ]
    },
    {
      "time": -0.14,
      "ball": {
        "pos": {
          "x": 11.452,
          "y": -1.828,
          "z": 3.218
        }
      },
      "players": [
        {
          "team": 1,
          "pos": {
            "x": 11.97,
            "y": -1.55
          }
        },
        {
          "team": 2,
          "pos": {
            "x": -14.18,
            "y": 4.07
          }
        }
      ]
    },
    {
      "time": -0.12,
      "ball": {
        "pos": {
          "x": 11.444,
          "y": -1.818,
          "z": 3.203
        }
      },
      "players": [
        {
          "team": 1,
          "pos": {
            "x": 11.92,
            "y": -1.56
          }
        },
        {
          "team": 2,
          "pos": {
            "x": -14.15,
            "y": 4.06
          }
        }
      ]
    },
    {
      "time": -0.1,
      "ball": {
        "pos": {
          "x": 11.435,
          "y": -1.809,
          "z": 3.185
        }
      },
      "players": [
        {
          "team": 1,
          "pos": {
            "x": 11.85,
            "y": -1.54
          }
        },
        {
          "team": 2,
          "pos": {
            "x": -14.11,
            "y": 4.05
          }
        }
      ]
    },
    {
      "time": -0.08,
      "ball": {
        "pos": {
          "x": 11.427,
          "y": -1.8,
          "z": 3.163
        }
      },
      "players": [
        {
          "team": 1,
          "pos": {
            "x": 11.79,
            "y": -1.51
          }
        },
        {
          "team": 2,
          "pos": {
            "x": -14.07,
            "y": 4.04
          }
        }
      ]
    },
    {
      "time": -0.06,
      "ball": {
        "pos": {
          "x": 11.419,
          "y": -1.791,
          "z": 3.137
        }
      },
      "players": [
        {
          "team": 1,
          "pos": {
            "x": 11.77,
            "y": -1.57
          }
        },
        {
          "team": 2,
          "pos": {
            "x": -14.03,
            "y": 4.04
          }
        }
      ]
    },
    {
      "time": -0.04,
      "ball": {
        "pos": {
          "x": 11.41,
          "y": -1.782,
          "z": 3.107
        }
      },
      "players": [
        {
          "team": 1,
          "pos": {
            "x": 11.69,
            "y": -1.58
          }
        },
        {
          "team": 2,
          "pos": {
            "x": -14.0,
            "y": 4.03
          }
        }
      ]
    },
    {
      "time": -0.02,
      "ball": {
        "pos": {
          "x": 11.402,
          "y": -1.773,
          "z": 3.073
        }
      },
      "players": [
        {
          "team": 1,
          "pos": {
            "x": 11.6,
            "y": -1.61
          }
        },
        {
          "team": 2,
          "pos": {
            "x": -13.95,
            "y": 4.02
          }
        }
      ]
    },
    {
      "time": 0.0,
      "event": "hit",
      "ball": {
        "pos": {
          "x": 11.393,
          "y": -1.764,
          "z": 3.035
        }
      },
      "players": [
        {
          "team": 1,
          "pos": {
            "x": 11.54,
            "y": -1.67
          }
        },
        {
          "team": 2,
          "pos": {
            "x": -13.9,
            "y": 4.01
          }
        }
      ]
    },
    {
      "time": 0.02,
      "ball": {
        "pos": {
          "x": 10.438,
          "y": -1.472,
          "z": 2.929
        }
      },
      "players": [
        {
          "team": 1,
          "pos": {
            "x": 11.51,
            "y": -1.73
          }
        },
        {
          "team": 2,
          "pos": {
            "x": -13.85,
            "y": 4.02
          }
        }
      ]
    },
    {
      "time": 0.04,
      "ball": {
        "pos": {
          "x": 9.503,
          "y": -1.181,
          "z": 2.82
        }
      },
      "players": [
        {
          "team": 1,
          "pos": {
            "x": 11.43,
            "y": -1.77
          }
        },
        {
          "team": 2,
          "pos": {
            "x": -13.81,
            "y": 4.04
          }
        }
      ]
    },
    {
      "time": 0.06,
      "ball": {
        "pos": {
          "x": 8.589,
          "y": -0.891,
          "z": 2.71
        }
      },
      "players": [
        {
          "team": 1,
          "pos": {
            "x": 11.36,
            "y": -1.8
          }
        },
        {
          "team": 2,
          "pos": {
            "x": -13.8,
            "y": 4.06
          }
        }
      ]
    },
    {
      "time": 0.08,
      "ball": {
        "pos": {
          "x": 7.695,
          "y": -0.601,
          "z": 2.598
        }
      },
      "players": [
        {
          "team": 1,
          "pos": {
            "x": 11.27,
            "y": -1.84
          }
        },
        {
          "team": 2,
          "pos": {
            "x": -13.81,
            "y": 4.05
          }
        }
      ]
    },
    {
      "time": 0.1,
      "ball": {
        "pos": {
          "x": 6.821,
          "y": -0.312,
          "z": 2.483
        }
      },
      "players": [
        {
          "team": 1,
          "pos": {
            "x": 11.2,
            "y": -1.83
          }
        },
        {
          "team": 2,
          "pos": {
            "x": -13.88,
            "y": 4.03
          }
        }
      ]
    },
    {
      "time": 0.12,
      "ball": {
        "pos": {
          "x": 5.966,
          "y": -0.023,
          "z": 2.367
        }
      },
      "players": [
        {
          "team": 1,
          "pos": {
            "x": 11.19,
            "y": -1.8
          }
        },
        {
          "team": 2,
          "pos": {
            "x": -13.94,
            "y": 4.02
          }
        }
      ]
    },
    {
      "time": 0.14,
      "ball": {
        "pos": {
          "x": 5.13,
          "y": 0.266,
          "z": 2.249
        }
      },
      "players": [
        {
          "team": 1,
          "pos": {
            "x": 11.16,
            "y": -1.77
          }
        },
        {
          "team": 2,
          "pos": {
            "x": -14.01,
            "y": 4.02
          }
        }
      ]
    },
    {
      "time": 0.16,
      "ball": {
        "pos": {
          "x": 4.313,
          "y": 0.553,
          "z": 2.129
        }
      },
      "players": [
        {
          "team": 1,
          "pos": {
            "x": 11.15,
            "y": -1.74
          }
        },
        {
          "team": 2,
          "pos": {
            "x": -14.06,
            "y": 4.01
          }
        }
      ]
    },
    {
      "time": 0.18,
      "ball": {
        "pos": {
          "x": 3.513,
          "y": 0.841,
          "z": 2.007
        }
      },
      "players": [
        {
          "team": 1,
          "pos": {
            "x": 11.12,
            "y": -1.71
          }
        },
        {
          "team": 2,
          "pos": {
            "x": -14.12,
            "y": 4.0
          }
        }
      ]
    },
    {
      "time": 0.2,
      "ball": {
        "pos": {
          "x": 2.73,
          "y": 1.128,
          "z": 1.883
        }
      },
      "players": [
        {
          "team": 1,
          "pos": {
            "x": 11.09,
            "y": -1.71
          }
        },
        {
          "team": 2,
          "pos": {
            "x": -14.07,
            "y": 4.0
          }
        }
      ]
    },
    {
      "time": 0.22,
      "ball": {
        "pos": {
          "x": 1.965,
          "y": 1.415,
          "z": 1.757
        }
      },
      "players": [
        {
          "team": 1,
          "pos": {
            "x": 11.07,
            "y": -1.72
          }
        },
        {
          "team": 2,
          "pos": {
            "x": -14.12,
            "y": 3.99
          }
        }
      ]
    },
    {
      "time": 0.24,
      "ball": {
        "pos": {
          "x": 1.216,
          "y": 1.701,
          "z": 1.629
        }
      },
      "players": [
        {
          "team": 1,
          "pos": {
            "x": 11.06,
            "y": -1.72
          }
        },
        {
          "team": 2,
          "pos": {
            "x": -14.08,
            "y": 3.96
          }
        }
      ]
    },
    {
      "time": 0.26,
      "ball": {
        "pos": {
          "x": 0.483,
          "y": 1.987,
          "z": 1.499
        }
      },
      "players": [
        {
          "team": 1,
          "pos": {
            "x": 11.03,
            "y": -1.73
          }
        },
        {
          "team": 2,
          "pos": {
            "x": -14.1,
            "y": 3.95
          }
        }
      ]
    },
    {
      "time": 0.273,
      "ball": {
        "pos": {
          "x": 0.0,
          "y": 2.178,
          "z": 1.411
        }
      },
      "players": [
        {
          "team": 1,
          "pos": {
            "x": 11.0,
            "y": -1.76
          }
        },
        {
          "team": 2,
          "pos": {
            "x": -14.12,
            "y": 3.96
          }
        }
      ]
    },
    {
      "time": 0.28,
      "ball": {
        "pos": {
          "x": -0.235,
          "y": 2.273,
          "z": 1.367
        }
      },
      "players": [
        {
          "team": 1,
          "pos": {
            "x": 11.01,
            "y": -1.76
          }
        },
        {
          "team": 2,
          "pos": {
            "x": -14.11,
            "y": 3.95
          }
        }
      ]
    },
    {
      "time": 0.3,
      "ball": {
        "pos": {
          "x": -0.938,
          "y": 2.558,
          "z": 1.233
        }
      },
      "players": [
        {
          "team": 1,
          "pos": {
            "x": 10.99,
            "y": -1.76
          }
        },
        {
          "team": 2,
          "pos": {
            "x": -14.13,
            "y": 3.97
          }
        }
      ]
    },
    {
      "time": 0.32,
      "ball": {
        "pos": {
          "x": -1.626,
          "y": 2.843,
          "z": 1.097
        }
      },
      "players": [
        {
          "team": 1,
          "pos": {
            "x": 10.96,
            "y": -1.77
          }
        },
        {
          "team": 2,
          "pos": {
            "x": -14.13,
            "y": 3.99
          }
        }
      ]
    },
    {
      "time": 0.34,
      "ball": {
        "pos": {
          "x": -2.3,
          "y": 3.128,
          "z": 0.96
        }
      },
      "players": [
        {
          "team": 1,
          "pos": {
            "x": 10.99,
            "y": -1.77
          }
        },
        {
          "team": 2,
          "pos": {
            "x": -14.12,
            "y": 4.02
          }
        }
      ]
    },
    {
      "time": 0.36,
      "ball": {
        "pos": {
          "x": -2.96,
          "y": 3.412,
          "z": 0.82
        }
      },
      "players": [
        {
          "team": 1,
          "pos": {
            "x": 11.02,
            "y": -1.78
          }
        },
        {
          "team": 2,
          "pos": {
            "x": -14.09,
            "y": 4.06
          }
        }
      ]
    },
    {
      "time": 0.38,
      "ball": {
        "pos": {
          "x": -3.608,
          "y": 3.697,
          "z": 0.679
        }
      },
      "players": [
        {
          "team": 1,
          "pos": {
            "x": 11.05,
            "y": -1.79
          }
        },
        {
          "team": 2,
          "pos": {
            "x": -14.08,
            "y": 4.08
          }
        }
      ]
    },
    {
      "time": 0.4,
      "ball": {
        "pos": {
          "x": -4.242,
          "y": 3.981,
          "z": 0.535
        }
      },
      "players": [
        {
          "team": 1,
          "pos": {
            "x": 11.07,
            "y": -1.8
          }
        },
        {
          "team": 2,
          "pos": {
            "x": -14.07,
            "y": 4.09
          }
        }
      ]
    },
    {
      "time": 0.42,
      "ball": {
        "pos": {
          "x": -4.865,
          "y": 4.265,
          "z": 0.39
        }
      },
      "players": [
        {
          "team": 1,
          "pos": {
            "x": 11.11,
            "y": -1.8
          }
        },
        {
          "team": 2,
          "pos": {
            "x": -14.02,
            "y": 4.09
          }
        }
      ]
    },
    {
      "time": 0.44,
      "ball": {
        "pos": {
          "x": -5.476,
          "y": 4.549,
          "z": 0.242
        }
      },
      "players": [
        {
          "team": 1,
          "pos": {
            "x": 11.1,
            "y": -1.82
          }
        },
        {
          "team": 2,
          "pos": {
            "x": -13.97,
            "y": 4.09
          }
        }
      ]
    },
    {
      "time": 0.46,
      "ball": {
        "pos": {
          "x": -6.075,
          "y": 4.833,
          "z": 0.093
        }
      },
      "players": [
        {
          "team": 1,
          "pos": {
            "x": 11.08,
            "y": -1.84
          }
        },
        {
          "team": 2,
          "pos": {
            "x": -13.91,
            "y": 4.09
          }
        }
      ]
    },
    {
      "time": 0.469,
      "event": "bounce",
      "ball": {
        "pos": {
          "x": -6.339,
          "y": 4.959,
          "z": 0.026
        }
      },
      "players": [
        {
          "team": 1,
          "pos": {
            "x": 11.06,
            "y": -1.86
          }
        },
        {
          "team": 2,
          "pos": {
            "x": -13.87,
            "y": 4.13
          }
        }
      ]
    },
    {
      "time": 0.48,
      "ball": {
        "pos": {
          "x": -6.61,
          "y": 5.082,
          "z": 0.056
        }
      },
      "players": [
        {
          "team": 1,
          "pos": {
            "x": 11.06,
            "y": -1.86
          }
        },
        {
          "team": 2,
          "pos": {
            "x": -13.89,
            "y": 4.12
          }
        }
      ]
    },
    {
      "time": 0.5,
      "ball": {
        "pos": {
          "x": -7.058,
          "y": 5.281,
          "z": 0.17
        }
      },
      "players": [
        {
          "team": 1,
          "pos": {
            "x": 11.02,
            "y": -1.87
          }
        },
        {
          "team": 2,
          "pos": {
            "x": -13.84,
            "y": 4.17
          }
        }
      ]
    },
    {
      "time": 0.52,
      "ball": {
        "pos": {
          "x": -7.497,
          "y": 5.48,
          "z": 0.277
        }
      },
      "players": [
        {
          "team": 1,
          "pos": {
            "x": 11.01,
            "y": -1.83
          }
        },
        {
          "team": 2,
          "pos": {
            "x": -13.76,
            "y": 4.24
          }
        }
      ]
    },
    {
      "time": 0.54,
      "ball": {
        "pos": {
          "x": -7.927,
          "y": 5.68,
          "z": 0.377
        }
      },
      "players": [
        {
          "team": 1,
          "pos": {
            "x": 11.01,
            "y": -1.83
          }
        },
        {
          "team": 2,
          "pos": {
            "x": -13.76,
            "y": 4.24
          }
        }
      ]
    },
    {
      "time": 0.56,
      "ball": {
        "pos": {
          "x": -8.349,
          "y": 5.88,
          "z": 0.469
        }
      },
      "players": [
        {
          "team": 1,
          "pos": {
            "x": 11.01,
            "y": -1.83
          }
        },
        {
          "team": 2,
          "pos": {
            "x": -13.76,
            "y": 4.24
          }
        }
      ]
    },
    {
      "time": 0.58,
      "ball": {
        "pos": {
          "x": -8.765,
          "y": 6.08,
          "z": 0.555
        }
      },
      "players": [
        {
          "team": 1,
          "pos": {
            "x": 11.01,
            "y": -1.83
          }
        },
        {
          "team": 2,
          "pos": {
            "x": -13.76,
            "y": 4.24
          }
        }
      ]
    },
    {
      "time": 0.6,
      "ball": {
        "pos": {
          "x": -9.174,
          "y": 6.281,
          "z": 0.633
        }
      },
      "players": [
        {
          "team": 1,
          "pos": {
            "x": 11.01,
            "y": -1.83
          }
        },
        {
          "team": 2,
          "pos": {
            "x": -13.76,
            "y": 4.24
          }
        }
      ]
    },
    {
      "time": 0.62,
      "ball": {
        "pos": {
          "x": -9.577,
          "y": 6.481,
          "z": 0.705
        }
      },
      "players": [
        {
          "team": 1,
          "pos": {
            "x": 11.01,
            "y": -1.83
          }
        },
        {
          "team": 2,
          "pos": {
            "x": -13.76,
            "y": 4.24
          }
        }
      ]
    },
    {
      "time": 0.64,
      "ball": {
        "pos": {
          "x": -9.976,
          "y": 6.682,
          "z": 0.771
        }
      },
      "players": [
        {
          "team": 1,
          "pos": {
            "x": 11.01,
            "y": -1.83
          }
        },
        {
          "team": 2,
          "pos": {
            "x": -13.76,
            "y": 4.24
          }
        }
      ]
    },
    {
      "time": 0.66,
      "ball": {
        "pos": {
          "x": -10.37,
          "y": 6.882,
          "z": 0.83
        }
      },
      "players": [
        {
          "team": 1,
          "pos": {
            "x": 11.01,
            "y": -1.83
          }
        },
        {
          "team": 2,
          "pos": {
            "x": -13.76,
            "y": 4.24
          }
        }
      ]
    },
    {
      "time": 0.68,
      "ball": {
        "pos": {
          "x": -10.761,
          "y": 7.083,
          "z": 0.884
        }
      },
      "players": [
        {
          "team": 1,
          "pos": {
            "x": 11.01,
            "y": -1.83
          }
        },
        {
          "team": 2,
          "pos": {
            "x": -13.76,
            "y": 4.24
          }
        }
      ]
    },
    {
      "time": 0.7,
      "ball": {
        "pos": {
          "x": -11.149,
          "y": 7.283,
          "z": 0.932
        }
      },
      "players": [
        {
          "team": 1,
          "pos": {
            "x": 11.01,
            "y": -1.83
          }
        },
        {
          "team": 2,
          "pos": {
            "x": -13.76,
            "y": 4.24
          }
        }
      ]
    },
    {
      "time": 0.72,
      "ball": {
        "pos": {
          "x": -11.534,
          "y": 7.483,
          "z": 0.975
        }
      },
      "players": [
        {
          "team": 1,
          "pos": {
            "x": 11.01,
            "y": -1.83
          }
        },
        {
          "team": 2,
          "pos": {
            "x": -13.76,
            "y": 4.24
          }
        }
      ]
    },
    {
      "time": 0.74,
      "ball": {
        "pos": {
          "x": -11.918,
          "y": 7.683,
          "z": 1.012
        }
      },
      "players": [
        {
          "team": 1,
          "pos": {
            "x": 11.01,
            "y": -1.83
          }
        },
        {
          "team": 2,
          "pos": {
            "x": -13.76,
            "y": 4.24
          }
        }
      ]
    },
    {
      "time": 0.756,
      "ball": {
        "pos": {
          "x": -12.221,
          "y": 7.841,
          "z": 1.038
        }
      },
      "players": [
        {
          "team": 1,
          "pos": {
            "x": 11.01,
            "y": -1.83
          }
        },
        {
          "team": 2,
          "pos": {
            "x": -13.76,
            "y": 4.24
          }
        }
      ]
    },
    {
      "time": 0.76,
      "players": [
        {
          "team": 1,
          "pos": {
            "x": 11.01,
            "y": -1.83
          }
        },
        {
          "team": 2,
          "pos": {
            "x": -13.76,
            "y": 4.24
          }
        }
      ]
    },
    {
      "time": 0.78,
      "players": [
        {
          "team": 1,
          "pos": {
            "x": 11.01,
            "y": -1.83
          }
        },
        {
          "team": 2,
          "pos": {
            "x": -13.76,
            "y": 4.24
          }
        }
      ]
    },
    {
      "time": 0.8,
      "players": [
        {
          "team": 1,
          "pos": {
            "x": 11.01,
            "y": -1.83
          }
        },
        {
          "team": 2,
          "pos": {
            "x": -13.76,
            "y": 4.24
          }
        }
      ]
    },
    {
      "time": 0.82,
      "players": [
        {
          "team": 1,
          "pos": {
            "x": 11.01,
            "y": -1.83
          }
        },
        {
          "team": 2,
          "pos": {
            "x": -13.76,
            "y": 4.24
          }
        }
      ]
    },
    {
      "time": 0.84,
      "players": [
        {
          "team": 1,
          "pos": {
            "x": 11.01,
            "y": -1.83
          }
        },
        {
          "team": 2,
          "pos": {
            "x": -13.76,
            "y": 4.24
          }
        }
      ]
    },
    {
      "time": 0.86,
      "players": [
        {
          "team": 1,
          "pos": {
            "x": 11.01,
            "y": -1.83
          }
        },
        {
          "team": 2,
          "pos": {
            "x": -13.76,
            "y": 4.24
          }
        }
      ]
    },
    {
      "time": 0.88,
      "players": [
        {
          "team": 1,
          "pos": {
            "x": 11.01,
            "y": -1.83
          }
        },
        {
          "team": 2,
          "pos": {
            "x": -13.76,
            "y": 4.24
          }
        }
      ]
    },
    {
      "time": 0.9,
      "players": [
        {
          "team": 1,
          "pos": {
            "x": 11.01,
            "y": -1.83
          }
        },
        {
          "team": 2,
          "pos": {
            "x": -13.76,
            "y": 4.24
          }
        }
      ]
    },
    {
      "time": 0.92,
      "players": [
        {
          "team": 1,
          "pos": {
            "x": 11.01,
            "y": -1.83
          }
        },
        {
          "team": 2,
          "pos": {
            "x": -13.76,
            "y": 4.24
          }
        }
      ]
    },
    {
      "time": 0.94,
      "players": [
        {
          "team": 1,
          "pos": {
            "x": 11.01,
            "y": -1.83
          }
        },
        {
          "team": 2,
          "pos": {
            "x": -13.76,
            "y": 4.24
          }
        }
      ]
    },
    {
      "time": 0.96,
      "players": [
        {
          "team": 1,
          "pos": {
            "x": 11.01,
            "y": -1.83
          }
        },
        {
          "team": 2,
          "pos": {
            "x": -13.76,
            "y": 4.24
          }
        }
      ]
    },
    {
      "time": 0.98,
      "players": [
        {
          "team": 1,
          "pos": {
            "x": 11.01,
            "y": -1.83
          }
        },
        {
          "team": 2,
          "pos": {
            "x": -13.76,
            "y": 4.24
          }
        }
      ]
    },
    {
      "time": 1.0,
      "players": [
        {
          "team": 1,
          "pos": {
            "x": 11.01,
            "y": -1.83
          }
        },
        {
          "team": 2,
          "pos": {
            "x": -13.76,
            "y": 4.24
          }
        }
      ]
    },
    {
      "time": 1.02,
      "players": [
        {
          "team": 1,
          "pos": {
            "x": 11.01,
            "y": -1.83
          }
        },
        {
          "team": 2,
          "pos": {
            "x": -13.76,
            "y": 4.24
          }
        }
      ]
    },
    {
      "time": 1.04,
      "players": [
        {
          "team": 1,
          "pos": {
            "x": 11.01,
            "y": -1.83
          }
        },
        {
          "team": 2,
          "pos": {
            "x": -13.76,
            "y": 4.24
          }
        }
      ]
    },
    {
      "time": 1.06,
      "players": [
        {
          "team": 1,
          "pos": {
            "x": 11.01,
            "y": -1.83
          }
        },
        {
          "team": 2,
          "pos": {
            "x": -13.76,
            "y": 4.24
          }
        }
      ]
    },
    {
      "time": 1.08,
      "players": [
        {
          "team": 1,
          "pos": {
            "x": 11.01,
            "y": -1.83
          }
        },
        {
          "team": 2,
          "pos": {
            "x": -13.76,
            "y": 4.24
          }
        }
      ]
    },
    {
      "time": 1.1,
      "players": [
        {
          "team": 1,
          "pos": {
            "x": 11.01,
            "y": -1.83
          }
        },
        {
          "team": 2,
          "pos": {
            "x": -13.76,
            "y": 4.24
          }
        }
      ]
    },
    {
      "time": 1.12,
      "players": [
        {
          "team": 1,
          "pos": {
            "x": 11.01,
            "y": -1.83
          }
        },
        {
          "team": 2,
          "pos": {
            "x": -13.76,
            "y": 4.24
          }
        }
      ]
    },
    {
      "time": 1.14,
      "players": [
        {
          "team": 1,
          "pos": {
            "x": 11.01,
            "y": -1.83
          }
        },
        {
          "team": 2,
          "pos": {
            "x": -13.76,
            "y": 4.24
          }
        }
      ]
    },
    {
      "time": 1.16,
      "players": [
        {
          "team": 1,
          "pos": {
            "x": 11.01,
            "y": -1.83
          }
        },
        {
          "team": 2,
          "pos": {
            "x": -13.76,
            "y": 4.24
          }
        }
      ]
    },
    {
      "time": 1.18,
      "players": [
        {
          "team": 1,
          "pos": {
            "x": 11.01,
            "y": -1.83
          }
        },
        {
          "team": 2,
          "pos": {
            "x": -13.76,
            "y": 4.24
          }
        }
      ]
    },
    {
      "time": 1.2,
      "players": [
        {
          "team": 1,
          "pos": {
            "x": 11.01,
            "y": -1.83
          }
        },
        {
          "team": 2,
          "pos": {
            "x": -13.76,
            "y": 4.24
          }
        }
      ]
    },
    {
      "time": 1.22,
      "players": [
        {
          "team": 1,
          "pos": {
            "x": 11.01,
            "y": -1.83
          }
        },
        {
          "team": 2,
          "pos": {
            "x": -13.76,
            "y": 4.24
          }
        }
      ]
    },
    {
      "time": 1.24,
      "players": [
        {
          "team": 1,
          "pos": {
            "x": 11.01,
            "y": -1.83
          }
        },
        {
          "team": 2,
          "pos": {
            "x": -13.76,
            "y": 4.24
          }
        }
      ]
    },
    {
      "time": 1.26,
      "players": [
        {
          "team": 1,
          "pos": {
            "x": 11.01,
            "y": -1.83
          }
        },
        {
          "team": 2,
          "pos": {
            "x": -13.76,
            "y": 4.24
          }
        }
      ]
    },
    {
      "time": 1.28,
      "players": [
        {
          "team": 1,
          "pos": {
            "x": 11.01,
            "y": -1.83
          }
        },
        {
          "team": 2,
          "pos": {
            "x": -13.76,
            "y": 4.24
          }
        }
      ]
    },
    {
      "time": 1.3,
      "players": [
        {
          "team": 1,
          "pos": {
            "x": 11.01,
            "y": -1.83
          }
        },
        {
          "team": 2,
          "pos": {
            "x": -13.76,
            "y": 4.24
          }
        }
      ]
    },
    {
      "time": 1.32,
      "players": [
        {
          "team": 1,
          "pos": {
            "x": 11.01,
            "y": -1.83
          }
        },
        {
          "team": 2,
          "pos": {
            "x": -13.76,
            "y": 4.24
          }
        }
      ]
    },
    {
      "time": 1.34,
      "players": [
        {
          "team": 1,
          "pos": {
            "x": 11.01,
            "y": -1.83
          }
        },
        {
          "team": 2,
          "pos": {
            "x": -13.76,
            "y": 4.24
          }
        }
      ]
    },
    {
      "time": 1.36,
      "players": [
        {
          "team": 1,
          "pos": {
            "x": 11.01,
            "y": -1.83
          }
        },
        {
          "team": 2,
          "pos": {
            "x": -13.76,
            "y": 4.24
          }
        }
      ]
    },
    {
      "time": 1.38,
      "players": [
        {
          "team": 1,
          "pos": {
            "x": 11.01,
            "y": -1.83
          }
        },
        {
          "team": 2,
          "pos": {
            "x": -13.76,
            "y": 4.24
          }
        }
      ]
    },
    {
      "time": 1.4,
      "players": [
        {
          "team": 1,
          "pos": {
            "x": 11.01,
            "y": -1.83
          }
        },
        {
          "team": 2,
          "pos": {
            "x": -13.76,
            "y": 4.24
          }
        }
      ]
    },
    {
      "time": 1.42,
      "players": [
        {
          "team": 1,
          "pos": {
            "x": 11.01,
            "y": -1.83
          }
        },
        {
          "team": 2,
          "pos": {
            "x": -13.76,
            "y": 4.24
          }
        }
      ]
    },
    {
      "time": 1.44,
      "players": [
        {
          "team": 1,
          "pos": {
            "x": 11.01,
            "y": -1.83
          }
        },
        {
          "team": 2,
          "pos": {
            "x": -13.76,
            "y": 4.24
          }
        }
      ]
    },
    {
      "time": 1.46,
      "players": [
        {
          "team": 1,
          "pos": {
            "x": 11.01,
            "y": -1.83
          }
        },
        {
          "team": 2,
          "pos": {
            "x": -13.76,
            "y": 4.24
          }
        }
      ]
    },
    {
      "time": 1.48,
      "players": [
        {
          "team": 1,
          "pos": {
            "x": 11.01,
            "y": -1.83
          }
        },
        {
          "team": 2,
          "pos": {
            "x": -13.76,
            "y": 4.24
          }
        }
      ]
    },
    {
      "time": 1.5,
      "players": [
        {
          "team": 1,
          "pos": {
            "x": 11.01,
            "y": -1.83
          }
        },
        {
          "team": 2,
          "pos": {
            "x": -13.76,
            "y": 4.24
          }
        }
      ]
    },
    {
      "time": 1.52,
      "players": [
        {
          "team": 1,
          "pos": {
            "x": 11.01,
            "y": -1.83
          }
        },
        {
          "team": 2,
          "pos": {
            "x": -13.76,
            "y": 4.24
          }
        }
      ]
    },
    {
      "time": 1.54,
      "players": [
        {
          "team": 1,
          "pos": {
            "x": 11.01,
            "y": -1.83
          }
        },
        {
          "team": 2,
          "pos": {
            "x": -13.76,
            "y": 4.24
          }
        }
      ]
    },
    {
      "time": 1.56,
      "players": [
        {
          "team": 1,
          "pos": {
            "x": 11.01,
            "y": -1.83
          }
        },
        {
          "team": 2,
          "pos": {
            "x": -13.76,
            "y": 4.24
          }
        }
      ]
    },
    {
      "time": 1.58,
      "players": [
        {
          "team": 1,
          "pos": {
            "x": 11.01,
            "y": -1.83
          }
        },
        {
          "team": 2,
          "pos": {
            "x": -13.76,
            "y": 4.24
          }
        }
      ]
    },
    {
      "time": 1.6,
      "players": [
        {
          "team": 1,
          "pos": {
            "x": 11.01,
            "y": -1.83
          }
        },
        {
          "team": 2,
          "pos": {
            "x": -13.76,
            "y": 4.24
          }
        }
      ]
    },
    {
      "time": 1.62,
      "players": [
        {
          "team": 1,
          "pos": {
            "x": 11.01,
            "y": -1.83
          }
        },
        {
          "team": 2,
          "pos": {
            "x": -13.76,
            "y": 4.24
          }
        }
      ]
    },
    {
      "time": 1.64,
      "players": [
        {
          "team": 1,
          "pos": {
            "x": 11.01,
            "y": -1.83
          }
        },
        {
          "team": 2,
          "pos": {
            "x": -13.76,
            "y": 4.24
          }
        }
      ]
    },
    {
      "time": 1.66,
      "players": [
        {
          "team": 1,
          "pos": {
            "x": 11.01,
            "y": -1.83
          }
        },
        {
          "team": 2,
          "pos": {
            "x": -13.76,
            "y": 4.24
          }
        }
      ]
    },
    {
      "time": 1.68,
      "players": [
        {
          "team": 1,
          "pos": {
            "x": 11.01,
            "y": -1.83
          }
        },
        {
          "team": 2,
          "pos": {
            "x": -13.76,
            "y": 4.24
          }
        }
      ]
    },
    {
      "time": 1.7,
      "players": [
        {
          "team": 1,
          "pos": {
            "x": 11.01,
            "y": -1.83
          }
        },
        {
          "team": 2,
          "pos": {
            "x": -13.76,
            "y": 4.24
          }
        }
      ]
    },
    {
      "time": 1.72,
      "players": [
        {
          "team": 1,
          "pos": {
            "x": 11.01,
            "y": -1.83
          }
        },
        {
          "team": 2,
          "pos": {
            "x": -13.76,
            "y": 4.24
          }
        }
      ]
    },
    {
      "time": 1.74,
      "players": [
        {
          "team": 1,
          "pos": {
            "x": 11.01,
            "y": -1.83
          }
        },
        {
          "team": 2,
          "pos": {
            "x": -13.76,
            "y": 4.24
          }
        }
      ]
    },
    {
      "time": 1.76,
      "players": [
        {
          "team": 1,
          "pos": {
            "x": 11.01,
            "y": -1.83
          }
        },
        {
          "team": 2,
          "pos": {
            "x": -13.76,
            "y": 4.24
          }
        }
      ]
    },
    {
      "time": 1.78,
      "players": [
        {
          "team": 1,
          "pos": {
            "x": 11.01,
            "y": -1.83
          }
        },
        {
          "team": 2,
          "pos": {
            "x": -13.76,
            "y": 4.24
          }
        }
      ]
    },
    {
      "time": 1.8,
      "players": [
        {
          "team": 1,
          "pos": {
            "x": 11.01,
            "y": -1.83
          }
        },
        {
          "team": 2,
          "pos": {
            "x": -13.76,
            "y": 4.24
          }
        }
      ]
    },
    {
      "time": 1.82,
      "players": [
        {
          "team": 1,
          "pos": {
            "x": 11.01,
            "y": -1.83
          }
        },
        {
          "team": 2,
          "pos": {
            "x": -13.76,
            "y": 4.24
          }
        }
      ]
    },
    {
      "time": 1.84,
      "players": [
        {
          "team": 1,
          "pos": {
            "x": 11.01,
            "y": -1.83
          }
        },
        {
          "team": 2,
          "pos": {
            "x": -13.76,
            "y": 4.24
          }
        }
      ]
    },
    {
      "time": 1.86,
      "players": [
        {
          "team": 1,
          "pos": {
            "x": 11.01,
            "y": -1.83
          }
        },
        {
          "team": 2,
          "pos": {
            "x": -13.76,
            "y": 4.24
          }
        }
      ]
    },
    {
      "time": 1.88,
      "players": [
        {
          "team": 1,
          "pos": {
            "x": 11.01,
            "y": -1.83
          }
        },
        {
          "team": 2,
          "pos": {
            "x": -13.76,
            "y": 4.24
          }
        }
      ]
    },
    {
      "time": 1.9,
      "players": [
        {
          "team": 1,
          "pos": {
            "x": 11.01,
            "y": -1.83
          }
        },
        {
          "team": 2,
          "pos": {
            "x": -13.76,
            "y": 4.24
          }
        }
      ]
    },
    {
      "time": 1.92,
      "players": [
        {
          "team": 1,
          "pos": {
            "x": 11.01,
            "y": -1.83
          }
        },
        {
          "team": 2,
          "pos": {
            "x": -13.76,
            "y": 4.24
          }
        }
      ]
    },
    {
      "time": 1.94,
      "players": [
        {
          "team": 1,
          "pos": {
            "x": 11.01,
            "y": -1.83
          }
        },
        {
          "team": 2,
          "pos": {
            "x": -13.76,
            "y": 4.24
          }
        }
      ]
    },
    {
      "time": 1.96,
      "players": [
        {
          "team": 1,
          "pos": {
            "x": 11.01,
            "y": -1.83
          }
        },
        {
          "team": 2,
          "pos": {
            "x": -13.76,
            "y": 4.24
          }
        }
      ]
    },
    {
      "time": 1.98,
      "players": [
        {
          "team": 1,
          "pos": {
            "x": 11.01,
            "y": -1.83
          }
        },
        {
          "team": 2,
          "pos": {
            "x": -13.76,
            "y": 4.24
          }
        }
      ]
    },
    {
      "time": 2.0,
      "players": [
        {
          "team": 1,
          "pos": {
            "x": 11.01,
            "y": -1.83
          }
        },
        {
          "team": 2,
          "pos": {
            "x": -13.76,
            "y": 4.24
          }
        }
      ]
    },
    {
      "time": 2.02,
      "players": [
        {
          "team": 1,
          "pos": {
            "x": 11.01,
            "y": -1.83
          }
        },
        {
          "team": 2,
          "pos": {
            "x": -13.76,
            "y": 4.24
          }
        }
      ]
    },
    {
      "time": 2.04,
      "players": [
        {
          "team": 1,
          "pos": {
            "x": 11.01,
            "y": -1.83
          }
        },
        {
          "team": 2,
          "pos": {
            "x": -13.76,
            "y": 4.24
          }
        }
      ]
    },
    {
      "time": 2.06,
      "players": [
        {
          "team": 1,
          "pos": {
            "x": 11.01,
            "y": -1.83
          }
        },
        {
          "team": 2,
          "pos": {
            "x": -13.76,
            "y": 4.24
          }
        }
      ]
    },
    {
      "time": 2.08,
      "players": [
        {
          "team": 1,
          "pos": {
            "x": 11.01,
            "y": -1.83
          }
        },
        {
          "team": 2,
          "pos": {
            "x": -13.76,
            "y": 4.24
          }
        }
      ]
    },
    {
      "time": 2.1,
      "players": [
        {
          "team": 1,
          "pos": {
            "x": 11.01,
            "y": -1.83
          }
        },
        {
          "team": 2,
          "pos": {
            "x": -13.76,
            "y": 4.24
          }
        }
      ]
    },
    {
      "time": 2.12,
      "players": [
        {
          "team": 1,
          "pos": {
            "x": 11.01,
            "y": -1.83
          }
        },
        {
          "team": 2,
          "pos": {
            "x": -13.76,
            "y": 4.24
          }
        }
      ]
    },
    {
      "time": 2.14,
      "players": [
        {
          "team": 1,
          "pos": {
            "x": 11.01,
            "y": -1.83
          }
        },
        {
          "team": 2,
          "pos": {
            "x": -13.76,
            "y": 4.24
          }
        }
      ]
    },
    {
      "time": 2.16,
      "players": [
        {
          "team": 1,
          "pos": {
            "x": 11.01,
            "y": -1.83
          }
        },
        {
          "team": 2,
          "pos": {
            "x": -13.76,
            "y": 4.24
          }
        }
      ]
    },
    {
      "time": 2.18,
      "players": [
        {
          "team": 1,
          "pos": {
            "x": 11.01,
            "y": -1.83
          }
        },
        {
          "team": 2,
          "pos": {
            "x": -13.76,
            "y": 4.24
          }
        }
      ]
    },
    {
      "time": 2.2,
      "players": [
        {
          "team": 1,
          "pos": {
            "x": 11.01,
            "y": -1.83
          }
        },
        {
          "team": 2,
          "pos": {
            "x": -13.76,
            "y": 4.24
          }
        }
      ]
    },
    {
      "time": 2.22,
      "players": [
        {
          "team": 1,
          "pos": {
            "x": 11.01,
            "y": -1.83
          }
        },
        {
          "team": 2,
          "pos": {
            "x": -13.76,
            "y": 4.24
          }
        }
      ]
    },
    {
      "time": 2.24,
      "players": [
        {
          "team": 1,
          "pos": {
            "x": 11.01,
            "y": -1.83
          }
        },
        {
          "team": 2,
          "pos": {
            "x": -13.76,
            "y": 4.24
          }
        }
      ]
    },
    {
      "time": 2.26,
      "players": [
        {
          "team": 1,
          "pos": {
            "x": 11.01,
            "y": -1.83
          }
        },
        {
          "team": 2,
          "pos": {
            "x": -13.76,
            "y": 4.24
          }
        }
      ]
    },
    {
      "time": 2.28,
      "players": [
        {
          "team": 1,
          "pos": {
            "x": 11.01,
            "y": -1.83
          }
        },
        {
          "team": 2,
          "pos": {
            "x": -13.76,
            "y": 4.24
          }
        }
      ]
    },
    {
      "time": 2.3,
      "players": [
        {
          "team": 1,
          "pos": {
            "x": 11.01,
            "y": -1.83
          }
        },
        {
          "team": 2,
          "pos": {
            "x": -13.76,
            "y": 4.24
          }
        }
      ]
    },
    {
      "time": 2.32,
      "players": [
        {
          "team": 1,
          "pos": {
            "x": 11.01,
            "y": -1.83
          }
        },
        {
          "team": 2,
          "pos": {
            "x": -13.76,
            "y": 4.24
          }
        }
      ]
    },
    {
      "time": 2.34,
      "players": [
        {
          "team": 1,
          "pos": {
            "x": 11.01,
            "y": -1.83
          }
        },
        {
          "team": 2,
          "pos": {
            "x": -13.76,
            "y": 4.24
          }
        }
      ]
    },
    {
      "time": 2.36,
      "players": [
        {
          "team": 1,
          "pos": {
            "x": 11.01,
            "y": -1.83
          }
        },
        {
          "team": 2,
          "pos": {
            "x": -13.76,
            "y": 4.24
          }
        }
      ]
    },
    {
      "time": 2.38,
      "players": [
        {
          "team": 1,
          "pos": {
            "x": 11.01,
            "y": -1.83
          }
        },
        {
          "team": 2,
          "pos": {
            "x": -13.76,
            "y": 4.24
          }
        }
      ]
    },
    {
      "time": 2.4,
      "players": [
        {
          "team": 1,
          "pos": {
            "x": 11.01,
            "y": -1.83
          }
        },
        {
          "team": 2,
          "pos": {
            "x": -13.76,
            "y": 4.24
          }
        }
      ]
    },
    {
      "time": 2.42,
      "players": [
        {
          "team": 1,
          "pos": {
            "x": 11.01,
            "y": -1.83
          }
        },
        {
          "team": 2,
          "pos": {
            "x": -13.76,
            "y": 4.24
          }
        }
      ]
    },
    {
      "time": 2.44,
      "players": [
        {
          "team": 1,
          "pos": {
            "x": 11.01,
            "y": -1.83
          }
        },
        {
          "team": 2,
          "pos": {
            "x": -13.76,
            "y": 4.24
          }
        }
      ]
    },
    {
      "time": 2.46,
      "players": [
        {
          "team": 1,
          "pos": {
            "x": 11.01,
            "y": -1.83
          }
        },
        {
          "team": 2,
          "pos": {
            "x": -13.76,
            "y": 4.24
          }
        }
      ]
    },
    {
      "time": 2.48,
      "players": [
        {
          "team": 1,
          "pos": {
            "x": 11.01,
            "y": -1.83
          }
        },
        {
          "team": 2,
          "pos": {
            "x": -13.76,
            "y": 4.24
          }
        }
      ]
    },
    {
      "time": 2.5,
      "players": [
        {
          "team": 1,
          "pos": {
            "x": 11.01,
            "y": -1.83
          }
        },
        {
          "team": 2,
          "pos": {
            "x": -13.76,
            "y": 4.24
          }
        }
      ]
    },
    {
      "time": 2.52,
      "players": [
        {
          "team": 1,
          "pos": {
            "x": 11.01,
            "y": -1.83
          }
        },
        {
          "team": 2,
          "pos": {
            "x": -13.76,
            "y": 4.24
          }
        }
      ]
    },
    {
      "time": 2.54,
      "players": [
        {
          "team": 1,
          "pos": {
            "x": 11.01,
            "y": -1.83
          }
        },
        {
          "team": 2,
          "pos": {
            "x": -13.76,
            "y": 4.24
          }
        }
      ]
    },
    {
      "time": 2.56,
      "players": [
        {
          "team": 1,
          "pos": {
            "x": 11.01,
            "y": -1.83
          }
        },
        {
          "team": 2,
          "pos": {
            "x": -13.76,
            "y": 4.24
          }
        }
      ]
    },
    {
      "time": 2.58,
      "players": [
        {
          "team": 1,
          "pos": {
            "x": 11.01,
            "y": -1.83
          }
        },
        {
          "team": 2,
          "pos": {
            "x": -13.76,
            "y": 4.24
          }
        }
      ]
    },
    {
      "time": 2.6,
      "players": [
        {
          "team": 1,
          "pos": {
            "x": 11.01,
            "y": -1.83
          }
        },
        {
          "team": 2,
          "pos": {
            "x": -13.76,
            "y": 4.24
          }
        }
      ]
    },
    {
      "time": 2.62,
      "players": [
        {
          "team": 1,
          "pos": {
            "x": 11.01,
            "y": -1.83
          }
        },
        {
          "team": 2,
          "pos": {
            "x": -13.76,
            "y": 4.24
          }
        }
      ]
    },
    {
      "time": 2.64,
      "players": [
        {
          "team": 1,
          "pos": {
            "x": 11.01,
            "y": -1.83
          }
        },
        {
          "team": 2,
          "pos": {
            "x": -13.76,
            "y": 4.24
          }
        }
      ]
    },
    {
      "time": 2.66,
      "players": [
        {
          "team": 1,
          "pos": {
            "x": 11.01,
            "y": -1.83
          }
        },
        {
          "team": 2,
          "pos": {
            "x": -13.76,
            "y": 4.24
          }
        }
      ]
    },
    {
      "time": 2.68,
      "players": [
        {
          "team": 1,
          "pos": {
            "x": 11.01,
            "y": -1.83
          }
        },
        {
          "team": 2,
          "pos": {
            "x": -13.76,
            "y": 4.24
          }
        }
      ]
    },
    {
      "time": 2.7,
      "players": [
        {
          "team": 1,
          "pos": {
            "x": 11.01,
            "y": -1.83
          }
        },
        {
          "team": 2,
          "pos": {
            "x": -13.76,
            "y": 4.24
          }
        }
      ]
    },
    {
      "time": 2.72,
      "players": [
        {
          "team": 1,
          "pos": {
            "x": 11.01,
            "y": -1.83
          }
        },
        {
          "team": 2,
          "pos": {
            "x": -13.76,
            "y": 4.24
          }
        }
      ]
    },
    {
      "time": 2.74,
      "players": [
        {
          "team": 1,
          "pos": {
            "x": 11.01,
            "y": -1.83
          }
        },
        {
          "team": 2,
          "pos": {
            "x": -13.76,
            "y": 4.24
          }
        }
      ]
    },
    {
      "time": 2.76,
      "players": [
        {
          "team": 1,
          "pos": {
            "x": 11.01,
            "y": -1.83
          }
        },
        {
          "team": 2,
          "pos": {
            "x": -13.76,
            "y": 4.24
          }
        }
      ]
    },
    {
      "time": 2.78,
      "players": [
        {
          "team": 1,
          "pos": {
            "x": 11.01,
            "y": -1.83
          }
        },
        {
          "team": 2,
          "pos": {
            "x": -13.76,
            "y": 4.24
          }
        }
      ]
    },
    {
      "time": 2.8,
      "players": [
        {
          "team": 1,
          "pos": {
            "x": 11.01,
            "y": -1.83
          }
        },
        {
          "team": 2,
          "pos": {
            "x": -13.76,
            "y": 4.24
          }
        }
      ]
    },
    {
      "time": 2.82,
      "players": [
        {
          "team": 1,
          "pos": {
            "x": 11.01,
            "y": -1.83
          }
        },
        {
          "team": 2,
          "pos": {
            "x": -13.76,
            "y": 4.24
          }
        }
      ]
    },
    {
      "time": 2.84,
      "players": [
        {
          "team": 1,
          "pos": {
            "x": 11.01,
            "y": -1.83
          }
        },
        {
          "team": 2,
          "pos": {
            "x": -13.76,
            "y": 4.24
          }
        }
      ]
    },
    {
      "time": 2.86,
      "players": [
        {
          "team": 1,
          "pos": {
            "x": 11.01,
            "y": -1.83
          }
        },
        {
          "team": 2,
          "pos": {
            "x": -13.76,
            "y": 4.24
          }
        }
      ]
    },
    {
      "time": 2.88,
      "players": [
        {
          "team": 1,
          "pos": {
            "x": 11.01,
            "y": -1.83
          }
        },
        {
          "team": 2,
          "pos": {
            "x": -13.76,
            "y": 4.24
          }
        }
      ]
    },
    {
      "time": 2.9,
      "players": [
        {
          "team": 1,
          "pos": {
            "x": 11.01,
            "y": -1.83
          }
        },
        {
          "team": 2,
          "pos": {
            "x": -13.76,
            "y": 4.24
          }
        }
      ]
    },
    {
      "time": 2.92,
      "players": [
        {
          "team": 1,
          "pos": {
            "x": 11.01,
            "y": -1.83
          }
        },
        {
          "team": 2,
          "pos": {
            "x": -13.76,
            "y": 4.24
          }
        }
      ]
    },
    {
      "time": 2.94,
      "players": [
        {
          "team": 1,
          "pos": {
            "x": 11.01,
            "y": -1.83
          }
        },
        {
          "team": 2,
          "pos": {
            "x": -13.76,
            "y": 4.24
          }
        }
      ]
    },
    {
      "time": 2.96,
      "players": [
        {
          "team": 1,
          "pos": {
            "x": 11.01,
            "y": -1.83
          }
        },
        {
          "team": 2,
          "pos": {
            "x": -13.76,
            "y": 4.24
          }
        }
      ]
    },
    {
      "time": 2.98,
      "players": [
        {
          "team": 1,
          "pos": {
            "x": 11.01,
            "y": -1.83
          }
        },
        {
          "team": 2,
          "pos": {
            "x": -13.76,
            "y": 4.24
          }
        }
      ]
    },
    {
      "time": 3.0,
      "players": [
        {
          "team": 1,
          "pos": {
            "x": 11.01,
            "y": -1.83
          }
        },
        {
          "team": 2,
          "pos": {
            "x": -13.76,
            "y": 4.24
          }
        }
      ]
    },
    {
      "time": 3.02,
      "players": [
        {
          "team": 1,
          "pos": {
            "x": 11.01,
            "y": -1.83
          }
        },
        {
          "team": 2,
          "pos": {
            "x": -13.76,
            "y": 4.24
          }
        }
      ]
    },
    {
      "time": 3.04,
      "players": [
        {
          "team": 1,
          "pos": {
            "x": 11.01,
            "y": -1.83
          }
        },
        {
          "team": 2,
          "pos": {
            "x": -13.76,
            "y": 4.24
          }
        }
      ]
    },
    {
      "time": 3.06,
      "players": [
        {
          "team": 1,
          "pos": {
            "x": 11.01,
            "y": -1.83
          }
        },
        {
          "team": 2,
          "pos": {
            "x": -13.76,
            "y": 4.24
          }
        }
      ]
    },
    {
      "time": 3.08,
      "players": [
        {
          "team": 1,
          "pos": {
            "x": 11.01,
            "y": -1.83
          }
        },
        {
          "team": 2,
          "pos": {
            "x": -13.76,
            "y": 4.24
          }
        }
      ]
    },
    {
      "time": 3.1,
      "players": [
        {
          "team": 1,
          "pos": {
            "x": 11.01,
            "y": -1.83
          }
        },
        {
          "team": 2,
          "pos": {
            "x": -13.76,
            "y": 4.24
          }
        }
      ]
    },
    {
      "time": 3.12,
      "players": [
        {
          "team": 1,
          "pos": {
            "x": 11.01,
            "y": -1.83
          }
        },
        {
          "team": 2,
          "pos": {
            "x": -13.76,
            "y": 4.24
          }
        }
      ]
    },
    {
      "time": 3.14,
      "players": [
        {
          "team": 1,
          "pos": {
            "x": 11.01,
            "y": -1.83
          }
        },
        {
          "team": 2,
          "pos": {
            "x": -13.76,
            "y": 4.24
          }
        }
      ]
    }
  ]
}