{
  "id": "39706c91-24ad-43d4-b75f-35946ef524ea",
  "sequences": {
    "set": 1,
    "game": 3,
    "point": 3,
    "serve": 1,
    "rally": 1
  },
  "match": {
    "season": 2025,
    "tournament_id": 9999,
    "draw_code": "MS001",
    "court_id": 1,
    "players": [
      {
        "forename": "Andy",
        "surname": "Bernard",
        "team": 1,
        "external_id": "AB12"
      },
      {
        "forename": "Cedric",
        "surname": "Diggory",
        "team": 2,
        "external_id": "CD34"
      }
    ]
  },
  "shots": [
    {
      "shot_no": 1,
      "team": 2,
      "stroke": "serve",
      "spin": {
        "type": "backspin",
        "rpm": -4328.497
      },
      "speed_ms": 58.382,
      "call": "out",
      "distance": null,
      "time_utc": "2025-01-01T11:17:35.386Z",
      "time": 0.0,
      "duration": 1.812
    }
  ],
  "samples": [
    {
      "time": -2.12,
      "players": [
        {
          "team": 1,
          "pos": {
            "x": 12.43,
            "y": 0.97
          }
        },
        {
          "team": 2,
          "pos": {
            "x": -15.21,
            "y": -4.09
          }
        }
      ]
    },
    {
      "time": -2.1,
      "players": [
        {
          "team": 1,
          "pos": {
            "x": 12.42,
            "y": 0.97
          }
        },
        {
          "team": 2,
          "pos": {
            "x": -15.21,
            "y": -4.09
          }
        }
      ]
    },
    {
      "time": -2.08,
      "players": [
        {
          "team": 1,
          "pos": {
            "x": 12.37,
            "y": 0.98
          }
        },
        {
          "team": 2,
          "pos": {
            "x": -15.21,
            "y": -4.09
          }
        }
      ]
    },
    {
      "time": -2.06,
      "players": [
        {
          "team": 1,
          "pos": {
            "x": 12.35,
            "y": 0.97
          }
        },
        {
          "team": 2,
          "pos": {
            "x": -15.21,
            "y": -4.09
          }
        }
      ]
    },
    {
      "time": -2.04,
      "players": [
        {
          "team": 1,
          "pos": {
            "x": 12.29,
            "y": 0.98
          }
        },
        {
          "team": 2,
          "pos": {
            "x": -15.21,
            "y": -4.09
          }
        }
      ]
    },
    {
      "time": -2.02,
      "players": [
        {
          "team": 1,
          "pos": {
            "x": 12.27,
            "y": 0.97
          }
        },
        {
          "team": 2,
          "pos": {
            "x": -15.21,
            "y": -4.09
          }
        }
      ]
    },
    {
      "time": -2.0,
      "players": [
        {
          "team": 1,
          "pos": {
            "x": 12.24,
            "y": 0.94
          }
        },
        {
          "team": 2,
          "pos": {
            "x": -15.21,
            "y": -4.09
          }
        }
      ]
    },
    {
      "time": -1.98,
      "players": [
        {
          "team": 1,
          "pos": {
            "x": 12.16,
            "y": 0.95
          }
        },
        {
          "team": 2,
          "pos": {
            "x": -15.21,
            "y": -4.09
          }
        }
      ]
    },
    {
      "time": -1.96,
      "players": [
        {
          "team": 1,
          "pos": {
            "x": 12.11,
            "y": 0.96
          }
        },
        {
          "team": 2,
          "pos": {
            "x": -15.21,
            "y": -4.09
          }
        }
      ]
    },
    {
      "time": -1.94,
      "players": [
        {
          "team": 1,
          "pos": {
            "x": 12.09,
            "y": 0.96
          }
        },
        {
          "team": 2,
          "pos": {
            "x": -15.21,
            "y": -4.09
          }
        }
      ]
    },
    {
      "time": -1.92,
      "players": [
        {
          "team": 1,
          "pos": {
            "x": 12.07,
            "y": 0.96
          }
        },
        {
          "team": 2,
          "pos": {
            "x": -15.21,
            "y": -4.09
          }
        }
      ]
    },
    {
      "time": -1.9,
      "players": [
        {
          "team": 1,
          "pos": {
            "x": 12.04,
            "y": 0.97
          }
        },
        {
          "team": 2,
          "pos": {
            "x": -15.21,
            "y": -4.09
          }
        }
      ]
    },
    {
      "time": -1.88,
      "players": [
        {
          "team": 1,
          "pos": {
            "x": 11.98,
            "y": 0.98
          }
        },
        {
          "team": 2,
          "pos": {
            "x": -15.21,
            "y": -4.09
          }
        }
      ]
    },
    {
      "time": -1.86,
      "players": [
        {
          "team": 1,
          "pos": {
            "x": 11.94,
            "y": 0.99
          }
        },
        {
          "team": 2,
          "pos": {
            "x": -15.21,
            "y": -4.09
          }
        }
      ]
    },
    {
      "time": -1.84,
      "players": [
        {
          "team": 1,
          "pos": {
            "x": 11.88,
            "y": 1.01
          }
        },
        {
          "team": 2,
          "pos": {
            "x": -15.21,
            "y": -4.09
          }
        }
      ]
    },
    {
      "time": -1.82,
      "players": [
        {
          "team": 1,
          "pos": {
            "x": 11.94,
            "y": 1.01
          }
        },
        {
          "team": 2,
          "pos": {
            "x": -15.21,
            "y": -4.09
          }
        }
      ]
    },
    {
      "time": -1.8,
      "players": [
        {
          "team": 1,
          "pos": {
            "x": 11.89,
            "y": 1.02
          }
        },
        {
          "team": 2,
          "pos": {
            "x": -15.21,
            "y": -4.09
          }
        }
      ]
    },
    {
      "time": -1.78,
      "players": [
        {
          "team": 1,
          "pos": {
            "x": 11.86,
            "y": 1.03
          }
        },
        {
          "team": 2,
          "pos": {
            "x": -15.21,
            "y": -4.09
          }
        }
      ]
    },
    {
      "time": -1.76,
      "players": [
        {
          "team": 1,
          "pos": {
            "x": 11.83,
            "y": 1.03
          }
        },
        {
          "team": 2,
          "pos": {
            "x": -15.21,
            "y": -4.09
          }
        }
      ]
    },
    {
      "time": -1.74,
      "players": [
        {
          "team": 1,
          "pos": {
            "x": 11.82,
            "y": 1.03
          }
        },
        {
          "team": 2,
          "pos": {
            "x": -15.21,
            "y": -4.09
          }
        }
      ]
    },
    {
      "time": -1.72,
      "players": [
        {
          "team": 1,
          "pos": {
            "x": 11.81,
            "y": 1.04
          }
        },
        {
          "team": 2,
          "pos": {
            "x": -15.21,
            "y": -4.09
          }
        }
      ]
    },
    {
      "time": -1.7,
      "players": [
        {
          "team": 1,
          "pos": {
            "x": 11.79,
            "y": 1.06
          }
        },
        {
          "team": 2,
          "pos": {
            "x": -15.21,
            "y": -4.09
          }
        }
      ]
    },
    {
      "time": -1.68,
      "players": [
        {
          "team": 1,
          "pos": {
            "x": 11.79,
            "y": 1.08
          }
        },
        {
          "team": 2,
          "pos": {
            "x": -15.21,
            "y": -4.09
          }
        }
      ]
    },
    {
      "time": -1.66,
      "players": [
        {
          "team": 1,
          "pos": {
            "x": 11.77,
            "y": 1.08
          }
        },
        {
          "team": 2,
          "pos": {
            "x": -15.21,
            "y": -4.09
          }
        }
      ]
    },
    {
      "time": -1.64,
      "players": [
        {
          "team": 1,
          "pos": {
            "x": 11.76,
            "y": 1.08
          }
        },
        {
          "team": 2,
          "pos": {
            "x": -15.21,
            "y": -4.09
          }
        }
      ]
    },
    {
      "time": -1.62,
      "players": [
        {
          "team": 1,
          "pos": {
            "x": 11.76,
            "y": 1.08
          }
        },
        {
          "team": 2,
          "pos": {
            "x": -15.21,
            "y": -4.09
          }
        }
      ]
    },
    {
      "time": -1.6,
      "players": [
        {
          "team": 1,
          "pos": {
            "x": 11.81,
            "y": 1.13
          }
        },
        {
          "team": 2,
          "pos": {
            "x": -15.21,
            "y": -4.09
          }
        }
      ]
    },
    {
      "time": -1.58,
      "players": [
        {
          "team": 1,
          "pos": {
            "x": 11.83,
            "y": 1.16
          }
        },
        {
          "team": 2,
          "pos": {
            "x": -15.21,
            "y": -4.09
          }
        }
      ]
    },
    {
      "time": -1.56,
      "players": [
        {
          "team": 1,
          "pos": {
            "x": 11.91,
            "y": 1.21
          }
        },
        {
          "team": 2,
          "pos": {
            "x": -15.21,
            "y": -4.09
          }
        }
      ]
    },
    {
      "time": -1.54,
      "players": [
        {
          "team": 1,
          "pos": {
            "x": 11.91,
            "y": 1.22
          }
        },
        {
          "team": 2,
          "pos": {
            "x": -15.21,
            "y": -4.09
          }
        }
      ]
    },
    {
      "time": -1.52,
      "players": [
        {
          "team": 1,
          "pos": {
            "x": 11.93,
            "y": 1.24
          }
        },
        {
          "team": 2,
          "pos": {
            "x": -15.21,
            "y": -4.09
          }
        }
      ]
    },
    {
      "time": -1.5,
      "players": [
        {
          "team": 1,
          "pos": {
            "x": 11.94,
            "y": 1.3
          }
        },
        {
          "team": 2,
          "pos": {
            "x": -15.21,
            "y": -4.09
          }
        }
      ]
    },
    {
      "time": -1.48,
      "players": [
        {
          "team": 1,
          "pos": {
            "x": 12.02,
            "y": 1.31
          }
        },
        {
          "team": 2,
          "pos": {
            "x": -15.21,
            "y": -4.09
          }
        }
      ]
    },
    {
      "time": -1.46,
      "players": [
        {
          "team": 1,
          "pos": {
            "x": 12.03,
            "y": 1.35
          }
        },
        {
          "team": 2,
          "pos": {
            "x": -15.21,
            "y": -4.09
          }
        }
      ]
    },
    {
      "time": -1.44,
      "players": [
        {
          "team": 1,
          "pos": {
            "x": 12.04,
            "y": 1.3
          }
        },
        {
          "team": 2,
          "pos": {
            "x": -15.21,
            "y": -4.09
          }
        }
      ]
    },
    {
      "time": -1.42,
      "players": [
        {
          "team": 1,
          "pos": {
            "x": 12.04,
            "y": 1.32
          }
        },
        {
          "team": 2,
          "pos": {
            "x": -15.21,
            "y": -4.09
          }
        }
      ]
    },
    {
      "time": -1.4,
      "players": [
        {
          "team": 1,
          "pos": {
            "x": 12.12,
            "y": 1.29
          }
        },
        {
          "team": 2,
          "pos": {
            "x": -15.21,
            "y": -4.09
          }
        }
      ]
    },
    {
      "time": -1.38,
      "players": [
        {
          "team": 1,
          "pos": {
            "x": 12.1,
            "y": 1.32
          }
        },
        {
          "team": 2,
          "pos": {
            "x": -15.21,
            "y": -4.09
          }
        }
      ]
    },
    {
      "time": -1.36,
      "players": [
        {
          "team": 1,
          "pos": {
            "x": 12.1,
            "y": 1.36
          }
        },
        {
          "team": 2,
          "pos": {
            "x": -15.21,
            "y": -4.09
          }
        }
      ]
    },
    {
      "time": -1.34,
      "players": [
        {
          "team": 1,
          "pos": {
            "x": 12.13,
            "y": 1.41
          }
        },
        {
          "team": 2,
          "pos": {
            "x": -15.21,
            "y": -4.09
          }
        }
      ]
    },
    {
      "time": -1.32,
      "players": [
        {
          "team": 1,
          "pos": {
            "x": 12.14,
            "y": 1.46
          }
        },
        {
          "team": 2,
          "pos": {
            "x": -15.21,
            "y": -4.09
          }
        }
      ]
    },
    {
      "time": -1.3,
      "players": [
        {
          "team": 1,
          "pos": {
            "x": 12.13,
            "y": 1.46
          }
        },
        {
          "team": 2,
          "pos": {
            "x": -15.21,
            "y": -4.09
          }
        }
      ]
    },
    {
      "time": -1.28,
      "players": [
        {
          "team": 1,
          "pos": {
            "x": 12.14,
            "y": 1.44
          }
        },
        {
          "team": 2,
          "pos": {
            "x": -15.21,
            "y": -4.09
          }
        }
      ]
    },
    {
      "time": -1.26,
      "players": [
        {
          "team": 1,
          "pos": {
            "x": 12.12,
            "y": 1.47
          }
        },
        {
          "team": 2,
          "pos": {
            "x": -15.21,
            "y": -4.09
          }
        }
      ]
    },
    {
      "time": -1.24,
      "players": [
        {
          "team": 1,
          "pos": {
            "x": 12.12,
            "y": 1.5
          }
        },
        {
          "team": 2,
          "pos": {
            "x": -15.21,
            "y": -4.09
          }
        }
      ]
    },
    {
      "time": -1.22,
      "players": [
        {
          "team": 1,
          "pos": {
            "x": 12.16,
            "y": 1.5
          }
        },
        {
          "team": 2,
          "pos": {
            "x": -15.21,
            "y": -4.09
          }
        }
      ]
    },
    {
      "time": -1.2,
      "players": [
        {
          "team": 1,
          "pos": {
            "x": 12.11,
            "y": 1.51
          }
        },
        {
          "team": 2,
          "pos": {
            "x": -15.21,
            "y": -4.09
          }
        }
      ]
    },
    {
      "time": -1.18,
      "players": [
        {
          "team": 1,
          "pos": {
            "x": 12.1,
            "y": 1.55
          }
        },
        {
          "team": 2,
          "pos": {
            "x": -15.21,
            "y": -4.09
          }
        }
      ]
    },
    {
      "time": -1.16,
      "players": [
        {
          "team": 1,
          "pos": {
            "x": 12.07,
            "y": 1.54
          }
        },
        {
          "team": 2,
          "pos": {
            "x": -15.21,
            "y": -4.09
          }
        }
      ]
    },
    {
      "time": -1.14,
      "players": [
        {
          "team": 1,
          "pos": {
            "x": 12.06,
            "y": 1.58
          }
        },
        {
          "team": 2,
          "pos": {
            "x": -15.21,
            "y": -4.09
          }
        }
      ]
    },
    {
      "time": -1.12,
      "players": [
        {
          "team": 1,
          "pos": {
            "x": 12.04,
            "y": 1.6
          }
        },
        {
          "team": 2,
          "pos": {
            "x": -15.21,
            "y": -4.09
          }
        }
      ]
    },
    {
      "time": -1.1,
      "players": [
        {
          "team": 1,
          "pos": {
            "x": 12.04,
            "y": 1.63
          }
        },
        {
          "team": 2,
          "pos": {
            "x": -15.22,
            "y": -4.09
          }
        }
      ]
    },
    {
      "time": -1.08,
      "players": [
        {
          "team": 1,
          "pos": {
            "x": 12.04,
            "y": 1.66
          }
        },
        {
          "team": 2,
          "pos": {
            "x": -15.22,
            "y": -4.09
          }
        }
      ]
    },
    {
      "time": -1.06,
      "players": [
        {
          "team": 1,
          "pos": {
            "x": 12.05,
            "y": 1.68
          }
        },
        {
          "team": 2,
          "pos": {
            "x": -15.21,
            "y": -4.09
          }
        }
      ]
    },
    {
      "time": -1.04,
      "players": [
        {
          "team": 1,
          "pos": {
            "x": 12.09,
            "y": 1.67
          }
        },
        {
          "team": 2,
          "pos": {
            "x": -15.22,
            "y": -4.09
          }
        }
      ]
    },
    {
      "time": -1.02,
      "players": [
        {
          "team": 1,
          "pos": {
            "x": 12.08,
            "y": 1.68
          }
        },
        {
          "team": 2,
          "pos": {
            "x": -15.23,
            "y": -4.09
          }
        }
      ]
    },
    {
      "time": -1.0,
      "players": [
        {
          "team": 1,
          "pos": {
            "x": 12.12,
            "y": 1.64
          }
        },
        {
          "team": 2,
          "pos": {
            "x": -15.27,
            "y": -4.1
          }
        }
      ]
    },
    {
      "time": -0.98,
      "players": [
        {
          "team": 1,
          "pos": {
            "x": 12.13,
            "y": 1.63
          }
        },
        {
          "team": 2,
          "pos": {
            "x": -15.27,
            "y": -4.11
          }
        }
      ]
    },
    {
      "time": -0.96,
      "players": [
        {
          "team": 1,
          "pos": {
            "x": 12.16,
            "y": 1.6
          }
        },
        {
          "team": 2,
          "pos": {
            "x": -15.22,
            "y": -4.1
          }
        }
      ]
    },
    {
      "time": -0.94,
      "players": [
        {
          "team": 1,
          "pos": {
            "x": 12.19,
            "y": 1.58
          }
        },
        {
          "team": 2,
          "pos": {
            "x": -15.25,
            "y": -4.11
          }
        }
      ]
    },
    {
      "time": -0.92,
      "players": [
        {
          "team": 1,
          "pos": {
            "x": 12.23,
            "y": 1.56
          }
        },
        {
          "team": 2,
          "pos": {
            "x": -15.26,
            "y": -4.09
          }
        }
      ]
    },
    {
      "time": -0.9,
      "players": [
        {
          "team": 1,
          "pos": {
            "x": 12.3,
            "y": 1.47
          }
        },
        {
          "team": 2,
          "pos": {
            "x": -15.19,
            "y": -4.07
          }
        }
      ]
    },
    {
      "time": -0.88,
      "players": [
        {
          "team": 1,
          "pos": {
            "x": 12.32,
            "y": 1.45
          }
        },
        {
          "team": 2,
          "pos": {
            "x": -15.19,
            "y": -4.06
          }
        }
      ]
    },
    {
      "time": -0.86,
      "players": [
        {
          "team": 1,
          "pos": {
            "x": 12.34,
            "y": 1.42
          }
        },
        {
          "team": 2,
          "pos": {
            "x": -15.11,
            "y": -4.05
          }
        }
      ]
    },
    {
      "time": -0.84,
      "players": [
        {
          "team": 1,
          "pos": {
            "x": 12.38,
            "y": 1.36
          }
        },
        {
          "team": 2,
          "pos": {
            "x": -15.07,
            "y": -4.03
          }
        }
      ]
    },
    {
      "time": -0.82,
      "players": [
        {
          "team": 1,
          "pos": {
            "x": 12.4,
            "y": 1.33
          }
        },
        {
          "team": 2,
          "pos": {
            "x": -15.09,
            "y": -4.03
          }
        }
      ]
    },
    {
      "time": -0.814,
      "ball": {
        "pos": {
          "x": 11.796,
          "y": 0.543,
          "z": 1.406
        }
      },
      "players": [
        {
          "team": 1,
          "pos": {
            "x": 12.42,
            "y": 1.27
          }
        },
        {
          "team": 2,
          "pos": {
            "x": -15.22,
            "y": -4.1
          }
        }
      ]
    },
    {
      "time": -0.8,
      "ball": {
        "pos": {
          "x": 11.785,
          "y": 0.546,
          "z": 1.486
        }
      },
      "players": [
        {
          "team": 1,
          "pos": {
            "x": 12.42,
            "y": 1.27
          }
        },
        {
          "team": 2,
          "pos": {
            "x": -15.13,
            "y": -4.0
          }
        }
      ]
    },
    {
      "time": -0.78,
      "ball": {
        "pos": {
          "x": 11.769,
          "y": 0.549,
          "z": 1.6
        }
      },
      "players": [
        {
          "team": 1,
          "pos": {
            "x": 12.43,
            "y": 1.21
          }
        },
        {
          "team": 2,
          "pos": {
            "x": -15.11,
            "y": -3.97
          }
        }
      ]
    },
    {
      "time": -0.76,
      "ball": {
        "pos": {
          "x": 11.753,
          "y": 0.553,
          "z": 1.71
        }
      },
      "players": [
        {
          "team": 1,
          "pos": {
            "x": 12.44,
            "y": 1.22
          }
        },
        {
          "team": 2,
          "pos": {
            "x": -15.14,
            "y": -3.97
          }
        }
      ]
    },
    {
      "time": -0.74,
      "ball": {
        "pos": {
          "x": 11.737,
          "y": 0.556,
          "z": 1.816
        }
      },
      "players": [
        {
          "team": 1,
          "pos": {
            "x": 12.43,
            "y": 1.23
          }
        },
        {
          "team": 2,
          "pos": {
            "x": -15.15,
            "y": -3.9
          }
        }
      ]
    },
    {
      "time": -0.72,
      "ball": {
        "pos": {
          "x": 11.722,
          "y": 0.559,
          "z": 1.918
        }
      },
      "players": [
        {
          "team": 1,
          "pos": {
            "x": 12.41,
            "y": 1.21
          }
        },
        {
          "team": 2,
          "pos": {
            "x": -15.18,
            "y": -3.9
          }
        }
      ]
    },
    {
      "time": -0.7,
      "ball": {
        "pos": {
          "x": 11.706,
          "y": 0.563,
          "z": 2.016
        }
      },
      "players": [
        {
          "team": 1,
          "pos": {
            "x": 12.38,
            "y": 1.24
          }
        },
        {
          "team": 2,
          "pos": {
            "x": -15.22,
            "y": -3.89
          }
        }
      ]
    },
    {
      "time": -0.68,
      "ball": {
        "pos": {
          "x": 11.691,
          "y": 0.566,
          "z": 2.11
        }
      },
      "players": [
        {
          "team": 1,
          "pos": {
            "x": 12.38,
            "y": 1.27
          }
        },
        {
          "team": 2,
          "pos": {
            "x": -15.25,
            "y": -3.86
          }
        }
      ]
    },
    {
      "time": -0.66,
      "ball": {
        "pos": {
          "x": 11.676,
          "y": 0.569,
          "z": 2.2
        }
      },
      "players": [
        {
          "team": 1,
          "pos": {
            "x": 12.38,
            "y": 1.24
          }
        },
        {
          "team": 2,
          "pos": {
            "x": -15.25,
            "y": -3.85
          }
        }
      ]
    },
    {
      "time": -0.64,
      "ball": {
        "pos": {
          "x": 11.661,
          "y": 0.572,
          "z": 2.286
        }
      },
      "players": [
        {
          "team": 1,
          "pos": {
            "x": 12.39,
            "y": 1.27
          }
        },
        {
          "team": 2,
          "pos": {
            "x": -15.3,
            "y": -3.85
          }
        }
      ]
    },
    {
      "time": -0.62,
      "ball": {
        "pos": {
          "x": 11.646,
          "y": 0.575,
          "z": 2.369
        }
      },
      "players": [
        {
          "team": 1,
          "pos": {
            "x": 12.37,
            "y": 1.3
          }
        },
        {
          "team": 2,
          "pos": {
            "x": -15.32,
            "y": -3.86
          }
        }
      ]
    },
    {
      "time": -0.6,
      "ball": {
        "pos": {
          "x": 11.631,
          "y": 0.578,
          "z": 2.447
        }
      },
      "players": [
        {
          "team": 1,
          "pos": {
            "x": 12.33,
            "y": 1.31
          }
        },
        {
          "team": 2,
          "pos": {
            "x": -15.29,
            "y": -3.85
          }
        }
      ]
    },
    {
      "time": -0.58,
      "ball": {
        "pos": {
          "x": 11.616,
          "y": 0.581,
          "z": 2.522
        }
      },
      "players": [
        {
          "team": 1,
          "pos": {
            "x": 12.31,
            "y": 1.28
          }
        },
        {
          "team": 2,
          "pos": {
            "x": -15.3,
            "y": -3.85
          }
        }
      ]
    },
    {
      "time": -0.56,
      "ball": {
        "pos": {
          "x": 11.602,
          "y": 0.584,
          "z": 2.592
        }
      },
      "players": [
        {
          "team": 1,
          "pos": {
            "x": 12.27,
            "y": 1.26
          }
        },
        {
          "team": 2,
          "pos": {
            "x": -15.3,
            "y": -3.86
          }
        }
      ]
    },
    {
      "time": -0.54,
      "ball": {
        "pos": {
          "x": 11.587,
          "y": 0.587,
          "z": 2.659
        }
      },
      "players": [
        {
          "team": 1,
          "pos": {
            "x": 12.25,
            "y": 1.26
          }
        },
        {
          "team": 2,
          "pos": {
            "x": -15.29,
            "y": -3.85
          }
        }
      ]
    },
    {
      "time": -0.52,
      "ball": {
        "pos": {
          "x": 11.573,
          "y": 0.589,
          "z": 2.721
        }
      },
      "players": [
        {
          "team": 1,
          "pos": {
            "x": 12.24,
            "y": 1.26
          }
        },
        {
          "team": 2,
          "pos": {
            "x": -15.29,
            "y": -3.85
          }
        }
      ]
    },
    {
      "time": -0.5,
      "ball": {
        "pos": {
          "x": 11.559,
          "y": 0.592,
          "z": 2.78
        }
      },
      "players": [
        {
          "team": 1,
          "pos": {
            "x": 12.21,
            "y": 1.26
          }
        },
        {
          "team": 2,
          "pos": {
            "x": -15.31,
            "y": -3.84
          }
        }
      ]
    },
    {
      "time": -0.48,
      "ball": {
        "pos": {
          "x": 11.545,
          "y": 0.595,
          "z": 2.835
        }
      },
      "players": [
        {
          "team": 1,
          "pos": {
            "x": 12.18,
            "y": 1.22
          }
        },
        {
          "team": 2,
          "pos": {
            "x": -15.28,
            "y": -3.84
          }
        }
      ]
    },
    {
      "time": -0.46,
      "ball": {
        "pos": {
          "x": 11.531,
          "y": 0.598,
          "z": 2.885
        }
      },
      "players": [
        {
          "team": 1,
          "pos": {
            "x": 12.16,
            "y": 1.2
          }
        },
        {
          "team": 2,
          "pos": {
            "x": -15.27,
            "y": -3.83
          }
        }
      ]
    },
    {
      "time": -0.44,
      "ball": {
        "pos": {
          "x": 11.517,
          "y": 0.6,
          "z": 2.932
        }
      },
      "players": [
        {
          "team": 1,
          "pos": {
            "x": 12.14,
            "y": 1.16
          }
        },
        {
          "team": 2,
          "pos": {
            "x": -15.26,
            "y": -3.84
          }
        }
      ]
    },
    {
      "time": -0.42,
      "ball": {
        "pos": {
          "x": 11.503,
          "y": 0.603,
          "z": 2.975
        }
      },
      "players": [
        {
          "team": 1,
          "pos": {
            "x": 12.13,
            "y": 1.08
          }
        },
        {
          "team": 2,
          "pos": {
            "x": -15.25,
            "y": -3.81
          }
        }
      ]
    },
    {
      "time": -0.4,
      "ball": {
        "pos": {
          "x": 11.49,
          "y": 0.606,
          "z": 3.013
        }
      },
      "players": [
        {
          "team": 1,
          "pos": {
            "x": 12.12,
            "y": 1.03
          }
        },
        {
          "team": 2,
          "pos": {
            "x": -15.25,
            "y": -3.78
          }
        }
      ]
    },
    {
      "time": -0.38,
      "ball": {
        "pos": {
          "x": 11.477,
          "y": 0.608,
          "z": 3.048
        }
      },
      "players": [
        {
          "team": 1,
          "pos": {
            "x": 12.09,
            "y": 1.05
          }
        },
        {
          "team": 2,
          "pos": {
            "x": -15.23,
            "y": -3.8
          }
        }
      ]
    },
    {
      "time": -0.36,
      "ball": {
        "pos": {
          "x": 11.463,
          "y": 0.611,
          "z": 3.079
        }
      },
      "players": [
        {
          "team": 1,
          "pos": {
            "x": 12.08,
            "y": 1.07
          }
        },
        {
          "team": 2,
          "pos": {
            "x": -15.23,
            "y": -3.78
          }
        }
      ]
    },
    {
      "time": -0.34,
      "ball": {
        "pos": {
          "x": 11.45,
          "y": 0.614,
          "z": 3.106
        }
      },
      "players": [
        {
          "team": 1,
          "pos": {
            "x": 12.06,
            "y": 1.1
          }
        },
        {
          "team": 2,
          "pos": {
            "x": -15.26,
            "y": -3.82
          }
        }
      ]
    },
    {
      "time": -0.32,
      "ball": {
        "pos": {
          "x": 11.437,
          "y": 0.616,
          "z": 3.129
        }
      },
      "players": [
        {
          "team": 1,
          "pos": {
            "x": 12.03,
            "y": 1.11
          }
        },
        {
          "team": 2,
          "pos": {
            "x": -15.24,
            "y": -3.83
          }
        }
      ]
    },
    {
      "time": -0.3,
      "ball": {
        "pos": {
          "x": 11.424,
          "y": 0.619,
          "z": 3.148
        }
      },
      "players": [
        {
          "team": 1,
          "pos": {
            "x": 12.03,
            "y": 1.14
          }
        },
        {
          "team": 2,
          "pos": {
            "x": -15.24,
            "y": -3.79
          }
        }
      ]
    },
    {
      "time": -0.28,
      "ball": {
        "pos": {
          "x": 11.411,
          "y": 0.621,
          "z": 3.162
        }
      },
      "players": [
        {
          "team": 1,
          "pos": {
            "x": 12.05,
            "y": 1.15
          }
        },
        {
          "team": 2,
          "pos": {
            "x": -15.26,
            "y": -3.76
          }
        }
      ]
    },
    {
      "time": -0.26,
      "ball": {
        "pos": {
          "x": 11.399,
          "y": 0.624,
          "z": 3.173
        }
      },
      "players": [
        {
          "team": 1,
          "pos": {
            "x": 12.09,
            "y": 1.16
          }
        },
        {
          "team": 2,
          "pos": {
            "x": -15.27,
            "y": -3.77
          }
        }
      ]
    },
    {
      "time": -0.24,
      "ball": {
        "pos": {
          "x": 11.386,
          "y": 0.627,
          "z": 3.18
        }
      },
      "players": [
        {
          "team": 1,
          "pos": {
            "x": 12.13,
            "y": 1.18
          }
        },
        {
          "team": 2,
          "pos": {
            "x": -15.28,
            "y": -3.75
          }
        }
      ]
    },
    {
      "time": -0.22,
      "ball": {
        "pos": {
          "x": 11.373,
          "y": 0.629,
          "z": 3.183
        }
      },
      "players": [
        {
          "team": 1,
          "pos": {
            "x": 12.17,
            "y": 1.19
          }
        },
        {
          "team": 2,
          "pos": {
            "x": -15.28,
            "y": -3.71
          }
        }
      ]
    },
    {
      "time": -0.216,
      "ball": {
        "pos": {
          "x": 11.371,
          "y": 0.63,
          "z": 3.183
        }
      },
      "players": [
        {
          "team": 1,
          "pos": {
            "x": 12.18,
            "y": 1.13
          }
        },
        {
          "team": 2,
          "pos": {
            "x": -15.23,
            "y": -3.79
          }
        }
      ]
    },
    {
      "time": -0.2,
      "ball": {
        "pos": {
          "x": 11.361,
          "y": 0.632,
          "z": 3.182
        }
      },
      "players": [
        {
          "team": 1,
          "pos": {
            "x": 12.18,
            "y": 1.12
          }
        },
        {
          "team": 2,
          "pos": {
            "x": -15.27,
            "y": -3.72
          }
        }
      ]
    },
    {
      "time": -0.18,
      "ball": {
        "pos": {
          "x": 11.349,
          "y": 0.634,
          "z": 3.177
        }
      },
      "players": [
        {
          "team": 1,
          "pos": {
            "x": 12.17,
            "y": 1.11
          }
        },
        {
          "team": 2,
          "pos": {
            "x": -15.26,
            "y": -3.68
          }
        }
      ]
    },
    {
      "time": -0.16,
      "ball": {
        "pos": {
          "x": 11.337,
          "y": 0.637,
          "z": 3.167
        }
      },
      "players": [
        {
          "team": 1,
          "pos": {
            "x": 12.1,
            "y": 1.12
          }
        },
        {
          "team": 2,
          "pos": {
            "x": -15.22,
            "y": -3.64
          }
        }
      ]
    },
    {
      "time": -0.14,
      "ball": {
        "pos": {
          "x": 11.325,
          "y": 0.64,
          "z": 3.154
        }
      },
      "players": [
        {
          "team": 1,
          "pos": {
            "x": 12.08,
            "y": 1.12
          }
        },
        {
          "team": 2,
          "pos": {
            "x": -15.19,
            "y": -3.6
          }
        }
      ]
    },
    {
      "time": -0.12,
      "ball": {
        "pos": {
          "x": 11.313,
          "y": 0.642,
          "z": 3.137
        }
      },
      "players": [
        {
          "team": 1,
          "pos": {
            "x": 12.07,
            "y": 1.13
          }
        },
        {
          "team": 2,
          "pos": {
            "x": -15.15,
            "y": -3.58
          }
        }
      ]
    },
    {
      "time": -0.1,
      "ball": {
        "pos": {
          "x": 11.301,
          "y": 0.645,
          "z": 3.116
        }
      },
      "players": [
        {
          "team": 1,
          "pos": {
            "x": 12.03,
            "y": 1.09
          }
        },
        {
          "team": 2,
          "pos": {
            "x": -15.1,
            "y": -3.61
          }
        }
      ]
    },
    {
      "time": -0.08,
      "ball": {
        "pos": {
          "x": 11.289,
          "y": 0.647,
          "z": 3.09
        }
      },
      "players": [
        {
          "team": 1,
          "pos": {
            "x": 11.97,
            "y": 1.04
          }
        },
        {
          "team": 2,
          "pos": {
            "x": -15.05,
            "y": -3.63
          }
        }
      ]
    },
    {
      "time": -0.06,
      "ball": {
        "pos": {
          "x": 11.278,
          "y": 0.65,
          "z": 3.061
        }
      },
      "players": [
        {
          "team": 1,
          "pos": {
            "x": 11.94,
            "y": 0.98
          }
        },
        {
          "team": 2,
          "pos": {
            "x": -15.03,
            "y": -3.62
          }
        }
      ]
    },
    {
      "time": -0.04,
      "ball": {
        "pos": {
          "x": 11.266,
          "y": 0.653,
          "z": 3.028
        }
      },
      "players": [
        {
          "team": 1,
          "pos": {
            "x": 11.88,
            "y": 0.91
          }
        },
        {
          "team": 2,
          "pos": {
            "x": -15.03,
            "y": -3.6
          }
        }
      ]
    },
    {
      "time": -0.02,
      "ball": {
        "pos": {
          "x": 11.255,
          "y": 0.656,
          "z": 2.991
        }
      },
      "players": [
        {
          "team": 1,
          "pos": {
            "x": 11.8,
            "y": 0.88
          }
        },
        {
          "team": 2,
          "pos": {
            "x": -15.04,
            "y": -3.58
          }
        }
      ]
    },
    {
      "time": 0.0,
      "event": "hit",
      "ball": {
        "pos": {
          "x": 11.244,
          "y": 0.659,
          "z": 2.949
        }
      },
      "players": [
        {
          "team": 1,
          "pos": {
            "x": 11.76,
            "y": 0.84
          }
        },
        {
          "team": 2,
          "pos": {
            "x": -15.0,
            "y": -3.55
          }
        }
      ]
    },
    {
      "time": 0.02,
      "ball": {
        "pos": {
          "x": 10.131,
          "y": 0.409,
          "z": 2.773
        }
      },
      "players": [
        {
          "team": 1,
          "pos": {
            "x": 11.73,
            "y": 0.79
          }
        },
        {
          "team": 2,
          "pos": {
            "x": -14.98,
            "y": -3.57
          }
        }
      ]
    },
    {
      "time": 0.04,
      "ball": {
        "pos": {
          "x": 9.044,
          "y": 0.168,
          "z": 2.596
        }
      },
      "players": [
        {
          "team": 1,
          "pos": {
            "x": 11.68,
            "y": 0.73
          }
        },
        {
          "team": 2,
          "pos": {
            "x": -14.96,
            "y": -3.58
          }
        }
      ]
    },
    {
      "time": 0.06,
      "ball": {
        "pos": {
          "x": 7.982,
          "y": -0.065,
          "z": 2.416
        }
      },
      "players": [
        {
          "team": 1,
          "pos": {
            "x": 11.6,
            "y": 0.71
          }
        },
        {
          "team": 2,
          "pos": {
            "x": -14.95,
            "y": -3.59
          }
        }
      ]
    },
    {
      "time": 0.08,
      "ball": {
        "pos": {
          "x": 6.946,
          "y": -0.291,
          "z": 2.235
        }
      },
      "players": [
        {
          "team": 1,
          "pos": {
            "x": 11.53,
            "y": 0.74
          }
        },
        {
          "team": 2,
          "pos": {
            "x": -14.96,
            "y": -3.57
          }
        }
      ]
    },
    {
      "time": 0.1,
      "ball": {
        "pos": {
          "x": 5.932,
          "y": -0.509,
          "z": 2.053
        }
      },
      "players": [
        {
          "team": 1,
          "pos": {
            "x": 11.45,
            "y": 0.75
          }
        },
        {
          "team": 2,
          "pos": {
            "x": -14.98,
            "y": -3.54
          }
        }
      ]
    },
    {
      "time": 0.12,
      "ball": {
        "pos": {
          "x": 4.942,
          "y": -0.721,
          "z": 1.868
        }
      },
      "players": [
        {
          "team": 1,
          "pos": {
            "x": 11.4,
            "y": 0.76
          }
        },
        {
          "team": 2,
          "pos": {
            "x": -14.96,
            "y": -3.51
          }
        }
      ]
    },
    {
      "time": 0.14,
      "ball": {
        "pos": {
          "x": 3.973,
          "y": -0.925,
          "z": 1.682
        }
      },
      "players": [
        {
          "team": 1,
          "pos": {
            "x": 11.35,
            "y": 0.74
          }
        },
        {
          "team": 2,
          "pos": {
            "x": -14.96,
            "y": -3.54
          }
        }
      ]
    },
    {
      "time": 0.16,
      "ball": {
        "pos": {
          "x": 3.026,
          "y": -1.123,
          "z": 1.495
        }
      },
      "players": [
        {
          "team": 1,
          "pos": {
            "x": 11.3,
            "y": 0.71
          }
        },
        {
          "team": 2,
          "pos": {
            "x": -14.96,
            "y": -3.54
          }
        }
      ]
    },
    {
      "time": 0.18,
      "ball": {
        "pos": {
          "x": 2.099,
          "y": -1.315,
          "z": 1.305
        }
      },
      "players": [
        {
          "team": 1,
          "pos": {
            "x": 11.25,
            "y": 0.66
          }
        },
        {
          "team": 2,
          "pos": {
            "x": -14.95,
            "y": -3.56
          }
        }
      ]
    },
    {
      "time": 0.2,
      "ball": {
        "pos": {
          "x": 1.192,
          "y": -1.501,
          "z": 1.114
        }
      },
      "players": [
        {
          "team": 1,
          "pos": {
            "x": 11.21,
            "y": 0.65
          }
        },
        {
          "team": 2,
          "pos": {
            "x": -14.97,
            "y": -3.53
          }
        }
      ]
    },
    {
      "time": 0.22,
      "ball": {
        "pos": {
          "x": 0.303,
          "y": -1.681,
          "z": 0.921
        }
      },
      "players": [
        {
          "team": 1,
          "pos": {
            "x": 11.16,
            "y": 0.68
          }
        },
        {
          "team": 2,
          "pos": {
            "x": -14.99,
            "y": -3.52
          }
        }
      ]
    },
    {
      "time": 0.229,
      "ball": {
        "pos": {
          "x": -0.078,
          "y": -1.758,
          "z": 0.837
        }
      },
      "players": [
        {
          "team": 1,
          "pos": {
            "x": 11.13,
            "y": 0.71
          }
        },
        {
          "team": 2,
          "pos": {
            "x": -14.96,
            "y": -3.57
          }
        }
      ]
    },
    {
      "time": 0.24,
      "ball": {
        "pos": {
          "x": -0.069,
          "y": -1.784,
          "z": 0.777
        }
      },
      "players": [
        {
          "team": 1,
          "pos": {
            "x": 11.14,
            "y": 0.71
          }
        },
        {
          "team": 2,
          "pos": {
            "x": -14.96,
            "y": -3.5
          }
        }
      ]
    },
    {
      "time": 0.26,
      "ball": {
        "pos": {
          "x": -0.052,
          "y": -1.829,
          "z": 0.674
        }
      },
      "players": [
        {
          "team": 1,
          "pos": {
            "x": 11.13,
            "y": 0.73
          }
        },
        {
          "team": 2,
          "pos": {
            "x": -14.98,
            "y": -3.52
          }
        }
      ]
    },
    {
      "time": 0.28,
      "ball": {
        "pos": {
          "x": -0.034,
          "y": -1.872,
          "z": 0.574
        }
      },
      "players": [
        {
          "team": 1,
          "pos": {
            "x": 11.12,
            "y": 0.77
          }
        },
        {
          "team": 2,
          "pos": {
            "x": -14.96,
            "y": -3.52
          }
        }
      ]
    },
    {
      "time": 0.3,
      "ball": {
        "pos": {
          "x": -0.016,
          "y": -1.911,
          "z": 0.478
        }
      },
      "players": [
        {
          "team": 1,
          "pos": {
            "x": 11.13,
            "y": 0.79
          }
        },
        {
          "team": 2,
          "pos": {
            "x": -14.94,
            "y": -3.48
          }
        }
      ]
    },
    {
      "time": 0.32,
      "ball": {
        "pos": {
          "x": 0.005,
          "y": -1.947,
          "z": 0.387
        }
      },
      "players": [
        {
          "team": 1,
          "pos": {
            "x": 11.13,
            "y": 0.81
          }
        },
        {
          "team": 2,
          "pos": {
            "x": -14.89,
            "y": -3.47
          }
        }
      ]
    },
    {
      "time": 0.34,
      "ball": {
        "pos": {
          "x": 0.026,
          "y": -1.98,
          "z": 0.301
        }
      },
      "players": [
        {
          "team": 1,
          "pos": {
            "x": 11.13,
            "y": 0.82
          }
        },
        {
          "team": 2,
          "pos": {
            "x": -14.89,
            "y": -3.5
          }
        }
      ]
    },
    {
      "time": 0.36,
      "ball": {
        "pos": {
          "x": 0.05,
          "y": -2.01,
          "z": 0.221
        }
      },
      "players": [
        {
          "team": 1,
          "pos": {
            "x": 11.14,
            "y": 0.81
          }
        },
        {
          "team": 2,
          "pos": {
            "x": -14.85,
            "y": -3.52
          }
        }
      ]
    },
    {
      "time": 0.38,
      "ball": {
        "pos": {
          "x": 0.075,
          "y": -2.035,
          "z": 0.147
        }
      },
      "players": [
        {
          "team": 1,
          "pos": {
            "x": 11.14,
            "y": 0.78
          }
        },
        {
          "team": 2,
          "pos": {
            "x": -14.84,
            "y": -3.51
          }
        }
      ]
    },
    {
      "time": 0.4,
      "ball": {
        "pos": {
          "x": 0.102,
          "y": -2.057,
          "z": 0.082
        }
      },
      "players": [
        {
          "team": 1,
          "pos": {
            "x": 11.14,
            "y": 0.74
          }
        },
        {
          "team": 2,
          "pos": {
            "x": -14.84,
            "y": -3.5
          }
        }
      ]
    },
    {
      "time": 0.417,
      "event": "bounce",
      "ball": {
        "pos": {
          "x": 0.128,
          "y": -2.072,
          "z": 0.031
        }
      },
      "players": [
        {
          "team": 1,
          "pos": {
            "x": 11.13,
            "y": 0.67
          }
        },
        {
          "team": 2,
          "pos": {
            "x": -14.98,
            "y": -3.53
          }
        }
      ]
    },
    {
      "time": 0.42,
      "ball": {
        "pos": {
          "x": 0.132,
          "y": -2.074,
          "z": 0.015
        }
      },
      "players": [
        {
          "team": 1,
          "pos": {
            "x": 11.13,
            "y": 0.69
          }
        },
        {
          "team": 2,
          "pos": {
            "x": -14.81,
            "y": -3.51
          }
        }
      ]
    },
    {
      "time": 0.44,
      "ball": {
        "pos": {
          "x": 0.176,
          "y": -2.089,
          "z": 0.094
        }
      },
      "players": [
        {
          "team": 1,
          "pos": {
            "x": 11.13,
            "y": 0.66
          }
        },
        {
          "team": 2,
          "pos": {
            "x": -14.8,
            "y": -3.53
          }
        }
      ]
    },
    {
      "time": 0.46,
      "ball": {
        "pos": {
          "x": 0.222,
          "y": -2.103,
          "z": 0.161
        }
      },
      "players": [
        {
          "team": 1,
          "pos": {
            "x": 11.09,
            "y": 0.64
          }
        },
        {
          "team": 2,
          "pos": {
            "x": -14.8,
            "y": -3.54
          }
        }
      ]
    },
    {
      "time": 0.48,
      "ball": {
        "pos": {
          "x": 0.267,
          "y": -2.118,
          "z": 0.223
        }
      },
      "players": [
        {
          "team": 1,
          "pos": {
            "x": 11.09,
            "y": 0.6
          }
        },
        {
          "team": 2,
          "pos": {
            "x": -14.8,
            "y": -3.55
          }
        }
      ]
    },
    {
      "time": 0.5,
      "ball": {
        "pos": {
          "x": 0.313,
          "y": -2.132,
          "z": 0.279
        }
      },
      "players": [
        {
          "team": 1,
          "pos": {
            "x": 11.05,
            "y": 0.55
          }
        },
        {
          "team": 2,
          "pos": {
            "x": -14.8,
            "y": -3.57
          }
        }
      ]
    },
    {
      "time": 0.52,
      "ball": {
        "pos": {
          "x": 0.358,
          "y": -2.146,
          "z": 0.331
        }
      },
      "players": [
        {
          "team": 1,
          "pos": {
            "x": 11.05,
            "y": 0.52
          }
        },
        {
          "team": 2,
          "pos": {
            "x": -14.81,
            "y": -3.55
          }
        }
      ]
    },
    {
      "time": 0.54,
      "ball": {
        "pos": {
          "x": 0.403,
          "y": -2.16,
          "z": 0.378
        }
      },
      "players": [
        {
          "team": 1,
          "pos": {
            "x": 11.04,
            "y": 0.53
          }
        },
        {
          "team": 2,
          "pos": {
            "x": -14.82,
            "y": -3.55
          }
        }
      ]
    },
    {
      "time": 0.56,
      "ball": {
        "pos": {
          "x": 0.447,
          "y": -2.174,
          "z": 0.421
        }
      },
      "players": [
        {
          "team": 1,
          "pos": {
            "x": 11.02,
            "y": 0.54
          }
        },
        {
          "team": 2,
          "pos": {
            "x": -14.83,
            "y": -3.55
          }
        }
      ]
    },
    {
      "time": 0.58,
      "ball": {
        "pos": {
          "x": 0.491,
          "y": -2.188,
          "z": 0.458
        }
      },
      "players": [
        {
          "team": 1,
          "pos": {
            "x": 10.99,
            "y": 0.49
          }
        },
        {
          "team": 2,
          "pos": {
            "x": -14.83,
            "y": -3.56
          }
        }
      ]
    },
    {
      "time": 0.6,
      "ball": {
        "pos": {
          "x": 0.536,
          "y": -2.201,
          "z": 0.491
        }
      },
      "players": [
        {
          "team": 1,
          "pos": {
            "x": 10.95,
            "y": 0.47
          }
        },
        {
          "team": 2,
          "pos": {
            "x": -14.85,
            "y": -3.56
          }
        }
      ]
    },
    {
      "time": 0.62,
      "ball": {
        "pos": {
          "x": 0.579,
          "y": -2.215,
          "z": 0.519
        }
      },
      "players": [
        {
          "team": 1,
          "pos": {
            "x": 10.91,
            "y": 0.48
          }
        },
        {
          "team": 2,
          "pos": {
            "x": -14.86,
            "y": -3.54
          }
        }
      ]
    },
    {
      "time": 0.64,
      "ball": {
        "pos": {
          "x": 0.623,
          "y": -2.228,
          "z": 0.543
        }
      },
      "players": [
        {
          "team": 1,
          "pos": {
            "x": 10.86,
            "y": 0.52
          }
        },
        {
          "team": 2,
          "pos": {
            "x": -14.84,
            "y": -3.54
          }
        }
      ]
    },
    {
      "time": 0.66,
      "ball": {
        "pos": {
          "x": 0.667,
          "y": -2.242,
          "z": 0.562
        }
      },
      "players": [
        {
          "team": 1,
          "pos": {
            "x": 10.79,
            "y": 0.56
          }
        },
        {
          "team": 2,
          "pos": {
            "x": -14.82,
            "y": -3.52
          }
        }
      ]
    },
    {
      "time": 0.68,
      "ball": {
        "pos": {
          "x": 0.71,
          "y": -2.255,
          "z": 0.577
        }
      },
      "players": [
        {
          "team": 1,
          "pos": {
            "x": 10.73,
            "y": 0.6
          }
        },
        {
          "team": 2,
          "pos": {
            "x": -14.8,
            "y": -3.48
          }
        }
      ]
    },
    {
      "time": 0.7,
      "ball": {
        "pos": {
          "x": 0.753,
          "y": -2.268,
          "z": 0.587
        }
      },
      "players": [
        {
          "team": 1,
          "pos": {
            "x": 10.66,
            "y": 0.63
          }
        },
        {
          "team": 2,
          "pos": {
            "x": -14.77,
            "y": -3.44
          }
        }
      ]
    },
    {
      "time": 0.72,
      "ball": {
        "pos": {
          "x": 0.796,
          "y": -2.281,
          "z": 0.594
        }
      },
      "players": [
        {
          "team": 1,
          "pos": {
            "x": 10.62,
            "y": 0.66
          }
        },
        {
          "team": 2,
          "pos": {
            "x": -14.75,
            "y": -3.41
          }
        }
      ]
    },
    {
      "time": 0.739,
      "ball": {
        "pos": {
          "x": 0.836,
          "y": -2.294,
          "z": 0.595
        }
      },
      "players": [
        {
          "team": 1,
          "pos": {
            "x": 10.59,
            "y": 0.7
          }
        },
        {
          "team": 2,
          "pos": {
            "x": -14.85,
            "y": -3.56
          }
        }
      ]
    },
    {
      "time": 0.74,
      "ball": {
        "pos": {
          "x": 0.839,
          "y": -2.295,
          "z": 0.595
        }
      },
      "players": [
        {
          "team": 1,
          "pos": {
            "x": 10.58,
            "y": 0.69
          }
        },
        {
          "team": 2,
          "pos": {
            "x": -14.72,
            "y": -3.39
          }
        }
      ]
    },
    {
      "time": 0.76,
      "ball": {
        "pos": {
          "x": 0.882,
          "y": -2.308,
          "z": 0.593
        }
      },
      "players": [
        {
          "team": 1,
          "pos": {
            "x": 10.59,
            "y": 0.69
          }
        },
        {
          "team": 2,
          "pos": {
            "x": -14.67,
            "y": -3.38
          }
        }
      ]
    },
    {
      "time": 0.78,
      "ball": {
        "pos": {
          "x": 0.924,
          "y": -2.321,
          "z": 0.586
        }
      },
      "players": [
        {
          "team": 1,
          "pos": {
            "x": 10.61,
            "y": 0.68
          }
        },
        {
          "team": 2,
          "pos": {
            "x": -14.63,
            "y": -3.39
          }
        }
      ]
    },
    {
      "time": 0.8,
      "ball": {
        "pos": {
          "x": 0.967,
          "y": -2.334,
          "z": 0.576
        }
      },
      "players": [
        {
          "team": 1,
          "pos": {
            "x": 10.61,
            "y": 0.68
          }
        },
        {
          "team": 2,
          "pos": {
            "x": -14.59,
            "y": -3.41
          }
        }
      ]
    },
    {
      "time": 0.82,
      "ball": {
        "pos": {
          "x": 1.009,
          "y": -2.347,
          "z": 0.561
        }
      },
      "players": [
        {
          "team": 1,
          "pos": {
            "x": 10.62,
            "y": 0.68
          }
        },
        {
          "team": 2,
          "pos": {
            "x": -14.54,
            "y": -3.39
          }
        }
      ]
    },
    {
      "time": 0.84,
      "ball": {
        "pos": {
          "x": 1.052,
          "y": -2.36,
          "z": 0.542
        }
      },
      "players": [
        {
          "team": 1,
          "pos": {
            "x": 10.63,
            "y": 0.62
          }
        },
        {
          "team": 2,
          "pos": {
            "x": -14.51,
            "y": -3.38
          }
        }
      ]
    },
    {
      "time": 0.86,
      "ball": {
        "pos": {
          "x": 1.094,
          "y": -2.373,
          "z": 0.52
        }
      },
      "players": [
        {
          "team": 1,
          "pos": {
            "x": 10.6,
            "y": 0.65
          }
        },
        {
          "team": 2,
          "pos": {
            "x": -14.46,
            "y": -3.37
          }
        }
      ]
    },
    {
      "time": 0.88,
      "ball": {
        "pos": {
          "x": 1.136,
          "y": -2.386,
          "z": 0.493
        }
      },
      "players": [
        {
          "team": 1,
          "pos": {
            "x": 10.57,
            "y": 0.67
          }
        },
        {
          "team": 2,
          "pos": {
            "x": -14.41,
            "y": -3.35
          }
        }
      ]
    },
    {
      "time": 0.9,
      "ball": {
        "pos": {
          "x": 1.178,
          "y": -2.398,
          "z": 0.463
        }
      },
      "players": [
        {
          "team": 1,
          "pos": {
            "x": 10.53,
            "y": 0.67
          }
        },
        {
          "team": 2,
          "pos": {
            "x": -14.38,
            "y": -3.32
          }
        }
      ]
    },
    {
      "time": 0.92,
      "ball": {
        "pos": {
          "x": 1.22,
          "y": -2.411,
          "z": 0.429
        }
      },
      "players": [
        {
          "team": 1,
          "pos": {
            "x": 10.49,
            "y": 0.59
          }
        },
        {
          "team": 2,
          "pos": {
            "x": -14.34,
            "y": -3.31
          }
        }
      ]
    },
    {
      "time": 0.94,
      "ball": {
        "pos": {
          "x": 1.263,
          "y": -2.424,
          "z": 0.391
        }
      },
      "players": [
        {
          "team": 1,
          "pos": {
            "x": 10.44,
            "y": 0.52
          }
        },
        {
          "team": 2,
          "pos": {
            "x": -14.31,
            "y": -3.31
          }
        }
      ]
    },
    {
      "time": 0.96,
      "ball": {
        "pos": {
          "x": 1.305,
          "y": -2.437,
          "z": 0.35
        }
      },
      "players": [
        {
          "team": 1,
          "pos": {
            "x": 10.43,
            "y": 0.45
          }
        },
        {
          "team": 2,
          "pos": {
            "x": -14.28,
            "y": -3.3
          }
        }
      ]
    },
    {
      "time": 0.98,
      "ball": {
        "pos": {
          "x": 1.347,
          "y": -2.45,
          "z": 0.305
        }
      },
      "players": [
        {
          "team": 1,
          "pos": {
            "x": 10.38,
            "y": 0.42
          }
        },
        {
          "team": 2,
          "pos": {
            "x": -14.24,
            "y": -3.31
          }
        }
      ]
    },
    {
      "time": 1.0,
      "ball": {
        "pos": {
          "x": 1.389,
          "y": -2.463,
          "z": 0.257
        }
      },
      "players": [
        {
          "team": 1,
          "pos": {
            "x": 10.34,
            "y": 0.47
          }
        },
        {
          "team": 2,
          "pos": {
            "x": -14.22,
            "y": -3.3
          }
        }
      ]
    },
    {
      "time": 1.02,
      "ball": {
        "pos": {
          "x": 1.431,
          "y": -2.476,
          "z": 0.205
        }
      },
      "players": [
        {
          "team": 1,
          "pos": {
            "x": 10.31,
            "y": 0.5
          }
        },
        {
          "team": 2,
          "pos": {
            "x": -14.2,
            "y": -3.28
          }
        }
      ]
    },
    {
      "time": 1.04,
      "ball": {
        "pos": {
          "x": 1.473,
          "y": -2.489,
          "z": 0.149
        }
      },
      "players": [
        {
          "team": 1,
          "pos": {
            "x": 10.29,
            "y": 0.47
          }
        },
        {
          "team": 2,
          "pos": {
            "x": -14.19,
            "y": -3.33
          }
        }
      ]
    },
    {
      "time": 1.06,
      "ball": {
        "pos": {
          "x": 1.516,
          "y": -2.503,
          "z": 0.091
        }
      },
      "players": [
        {
          "team": 1,
          "pos": {
            "x": 10.25,
            "y": 0.53
          }
        },
        {
          "team": 2,
          "pos": {
            "x": -14.18,
            "y": -3.38
          }
        }
      ]
    },
    {
      "time": 1.079,
      "event": "bounce",
      "ball": {
        "pos": {
          "x": 1.556,
          "y": -2.515,
          "z": 0.031
        }
      },
      "players": [
        {
          "team": 1,
          "pos": {
            "x": 10.16,
            "y": 0.58
          }
        },
        {
          "team": 2,
          "pos": {
            "x": -14.32,
            "y": -3.3
          }
        }
      ]
    },
    {
      "time": 1.08,
      "ball": {
        "pos": {
          "x": 1.558,
          "y": -2.516,
          "z": 0.023
        }
      },
      "players": [
        {
          "team": 1,
          "pos": {
            "x": 10.2,
            "y": 0.56
          }
        },
        {
          "team": 2,
          "pos": {
            "x": -14.16,
            "y": -3.38
          }
        }
      ]
    },
    {
      "time": 1.1,
      "ball": {
        "pos": {
          "x": 1.599,
          "y": -2.528,
          "z": 0.064
        }
      },
      "players": [
        {
          "team": 1,
          "pos": {
            "x": 10.14,
            "y": 0.59
          }
        },
        {
          "team": 2,
          "pos": {
            "x": -14.16,
            "y": -3.42
          }
        }
      ]
    },
    {
      "time": 1.12,
      "ball": {
        "pos": {
          "x": 1.64,
          "y": -2.541,
          "z": 0.103
        }
      },
      "players": [
        {
          "team": 1,
          "pos": {
            "x": 10.1,
            "y": 0.59
          }
        },
        {
          "team": 2,
          "pos": {
            "x": -14.16,
            "y": -3.42
          }
        }
      ]
    },
    {
      "time": 1.14,
      "ball": {
        "pos": {
          "x": 1.681,
          "y": -2.554,
          "z": 0.137
        }
      },
      "players": [
        {
          "team": 1,
          "pos": {
            "x": 10.09,
            "y": 0.63
          }
        },
        {
          "team": 2,
          "pos": {
            "x": -14.2,
            "y": -3.38
          }
        }
      ]
    },
    {
      "time": 1.16,
      "ball": {
        "pos": {
          "x": 1.721,
          "y": -2.567,
          "z": 0.168
        }
      },
      "players": [
        {
          "team": 1,
          "pos": {
            "x": 10.08,
            "y": 0.63
          }
        },
        {
          "team": 2,
          "pos": {
            "x": -14.24,
            "y": -3.37
          }
        }
      ]
    },
    {
      "time": 1.18,
      "ball": {
        "pos": {
          "x": 1.762,
          "y": -2.581,
          "z": 0.194
        }
      },
      "players": [
        {
          "team": 1,
          "pos": {
            "x": 10.07,
            "y": 0.67
          }
        },
        {
          "team": 2,
          "pos": {
            "x": -14.29,
            "y": -3.43
          }
        }
      ]
    },
    {
      "time": 1.2,
      "ball": {
        "pos": {
          "x": 1.803,
          "y": -2.594,
          "z": 0.217
        }
      },
      "players": [
        {
          "team": 1,
          "pos": {
            "x": 10.05,
            "y": 0.68
          }
        },
        {
          "team": 2,
          "pos": {
            "x": -14.3,
            "y": -3.47
          }
        }
      ]
    },
    {
      "time": 1.22,
      "ball": {
        "pos": {
          "x": 1.843,
          "y": -2.607,
          "z": 0.235
        }
      },
      "players": [
        {
          "team": 1,
          "pos": {
            "x": 10.04,
            "y": 0.7
          }
        },
        {
          "team": 2,
          "pos": {
            "x": -14.3,
            "y": -3.47
          }
        }
      ]
    },
    {
      "time": 1.24,
      "ball": {
        "pos": {
          "x": 1.883,
          "y": -2.621,
          "z": 0.25
        }
      },
      "players": [
        {
          "team": 1,
          "pos": {
            "x": 10.02,
            "y": 0.73
          }
        },
        {
          "team": 2,
          "pos": {
            "x": -14.3,
            "y": -3.47
          }
        }
      ]
    },
    {
      "time": 1.26,
      "ball": {
        "pos": {
          "x": 1.924,
          "y": -2.634,
          "z": 0.261
        }
      },
      "players": [
        {
          "team": 1,
          "pos": {
            "x": 9.98,
            "y": 0.74
          }
        },
        {
          "team": 2,
          "pos": {
            "x": -14.3,
            "y": -3.47
          }
        }
      ]
    },
    {
      "time": 1.28,
      "ball": {
        "pos": {
          "x": 1.964,
          "y": -2.647,
          "z": 0.267
        }
      },
      "players": [
        {
          "team": 1,
          "pos": {
            "x": 9.94,
            "y": 0.76
          }
        },
        {
          "team": 2,
          "pos": {
            "x": -14.3,
            "y": -3.47
          }
        }
      ]
    },
    {
      "time": 1.3,
      "ball": {
        "pos": {
          "x": 2.004,
          "y": -2.661,
          "z": 0.27
        }
      },
      "players": [
        {
          "team": 1,
          "pos": {
            "x": 9.91,
            "y": 0.77
          }
        },
        {
          "team": 2,
          "pos": {
            "x": -14.3,
            "y": -3.47
          }
        }
      ]
    },
    {
      "time": 1.304,
      "ball": {
        "pos": {
          "x": 2.011,
          "y": -2.663,
          "z": 0.27
        }
      },
      "players": [
        {
          "team": 1,
          "pos": {
            "x": 9.88,
            "y": 0.76
          }
        },
        {
          "team": 2,
          "pos": {
            "x": -14.23,
            "y": -3.36
          }
        }
      ]
    },
    {
      "time": 1.32,
      "ball": {
        "pos": {
          "x": 2.044,
          "y": -2.674,
          "z": 0.269
        }
      },
      "players": [
        {
          "team": 1,
          "pos": {
            "x": 9.88,
            "y": 0.75
          }
        },
        {
          "team": 2,
          "pos": {
            "x": -14.3,
            "y": -3.47
          }
        }
      ]
    },
    {
      "time": 1.34,
      "ball": {
        "pos": {
          "x": 2.084,
          "y": -2.688,
          "z": 0.264
        }
      },
      "players": [
        {
          "team": 1,
          "pos": {
            "x": 9.88,
            "y": 0.73
          }
        },
        {
          "team": 2,
          "pos": {
            "x": -14.3,
            "y": -3.47
          }
        }
      ]
    },
    {
      "time": 1.36,
      "ball": {
        "pos": {
          "x": 2.123,
          "y": -2.701,
          "z": 0.255
        }
      },
      "players": [
        {
          "team": 1,
          "pos": {
            "x": 9.88,
            "y": 0.73
          }
        },
        {
          "team": 2,
          "pos": {
            "x": -14.3,
            "y": -3.47
          }
        }
      ]
    },
    {
      "time": 1.38,
      "ball": {
        "pos": {
          "x": 2.163,
          "y": -2.715,
          "z": 0.241
        }
      },
      "players": [
        {
          "team": 1,
          "pos": {
            "x": 9.88,
            "y": 0.73
          }
        },
        {
          "team": 2,
          "pos": {
            "x": -14.3,
            "y": -3.47
          }
        }
      ]
    },
    {
      "time": 1.4,
      "ball": {
        "pos": {
          "x": 2.203,
          "y": -2.728,
          "z": 0.224
        }
      },
      "players": [
        {
          "team": 1,
          "pos": {
            "x": 9.88,
            "y": 0.73
          }
        },
        {
          "team": 2,
          "pos": {
            "x": -14.3,
            "y": -3.47
          }
        }
      ]
    },
    {
      "time": 1.42,
      "ball": {
        "pos": {
          "x": 2.242,
          "y": -2.741,
          "z": 0.203
        }
      },
      "players": [
        {
          "team": 1,
          "pos": {
            "x": 9.88,
            "y": 0.73
          }
        },
        {
          "team": 2,
          "pos": {
            "x": -14.3,
            "y": -3.47
          }
        }
      ]
    },
    {
      "time": 1.44,
      "ball": {
        "pos": {
          "x": 2.282,
          "y": -2.754,
          "z": 0.178
        }
      },
      "players": [
        {
          "team": 1,
          "pos": {
            "x": 9.88,
            "y": 0.73
          }
        },
        {
          "team": 2,
          "pos": {
            "x": -14.3,
            "y": -3.47
          }
        }
      ]
    },
    {
      "time": 1.46,
      "ball": {
        "pos": {
          "x": 2.321,
          "y": -2.767,
          "z": 0.149
        }
      },
      "players": [
        {
          "team": 1,
          "pos": {
            "x": 9.88,
            "y": 0.73
          }
        },
        {
          "team": 2,
          "pos": {
            "x": -14.3,
            "y": -3.47
          }
        }
      ]
    },
    {
      "time": 1.48,
      "ball": {
        "pos": {
          "x": 2.36,
          "y": -2.78,
          "z": 0.116
        }
      },
      "players": [
        {
          "team": 1,
          "pos": {
            "x": 9.88,
            "y": 0.73
          }
        },
        {
          "team": 2,
          "pos": {
            "x": -14.3,
            "y": -3.47
          }
        }
      ]
    },
    {
      "time": 1.5,
      "ball": {
        "pos": {
          "x": 2.399,
          "y": -2.793,
          "z": 0.079
        }
      },
      "players": [
        {
          "team": 1,
          "pos": {
            "x": 9.88,
            "y": 0.73
          }
        },
        {
          "team": 2,
          "pos": {
            "x": -14.3,
            "y": -3.47
          }
        }
      ]
    },
    {
      "time": 1.52,
      "ball": {
        "pos": {
          "x": 2.438,
          "y": -2.806,
          "z": 0.039
        }
      },
      "players": [
        {
          "team": 1,
          "pos": {
            "x": 9.88,
            "y": 0.73
          }
        },
        {
          "team": 2,
          "pos": {
            "x": -14.3,
            "y": -3.47
          }
        }
      ]
    },
    {
      "time": 1.524,
      "event": "bounce",
      "ball": {
        "pos": {
          "x": 2.446,
          "y": -2.808,
          "z": 0.031
        }
      },
      "players": [
        {
          "team": 1,
          "pos": {
            "x": 9.88,
            "y": 0.73
          }
        },
        {
          "team": 2,
          "pos": {
            "x": -14.3,
            "y": -3.47
          }
        }
      ]
    },
    {
      "time": 1.54,
      "ball": {
        "pos": {
          "x": 2.476,
          "y": -2.819,
          "z": 0.048
        }
      },
      "players": [
        {
          "team": 1,
          "pos": {
            "x": 9.88,
            "y": 0.73
          }
        },
        {
          "team": 2,
          "pos": {
            "x": -14.3,
            "y": -3.47
          }
        }
      ]
    },
    {
      "time": 1.56,
      "ball": {
        "pos": {
          "x": 2.514,
          "y": -2.832,
          "z": 0.069
        }
      },
      "players": [
        {
          "team": 1,
          "pos": {
            "x": 9.88,
            "y": 0.73
          }
        },
        {
          "team": 2,
          "pos": {
            "x": -14.3,
            "y": -3.47
          }
        }
      ]
    },
    {
      "time": 1.58,
      "ball": {
        "pos": {
          "x": 2.551,
          "y": -2.846,
          "z": 0.086
        }
      },
      "players": [
        {
          "team": 1,
          "pos": {
            "x": 9.88,
            "y": 0.73
          }
        },
        {
          "team": 2,
          "pos": {
            "x": -14.3,
            "y": -3.47
          }
        }
      ]
    },
    {
      "time": 1.6,
      "ball": {
        "pos": {
          "x": 2.589,
          "y": -2.859,
          "z": 0.1
        }
      },
      "players": [
        {
          "team": 1,
          "pos": {
            "x": 9.88,
            "y": 0.73
          }
        },
        {
          "team": 2,
          "pos": {
            "x": -14.3,
            "y": -3.47
          }
        }
      ]
    },
    {
      "time": 1.62,
      "ball": {
        "pos": {
          "x": 2.627,
          "y": -2.873,
          "z": 0.111
        }
      },
      "players": [
        {
          "team": 1,
          "pos": {
            "x": 9.88,
            "y": 0.73
          }
        },
        {
          "team": 2,
          "pos": {
            "x": -14.3,
            "y": -3.47
          }
        }
      ]
    },
    {
      "time": 1.64,
      "ball": {
        "pos": {
          "x": 2.664,
          "y": -2.886,
          "z": 0.118
        }
      },
      "players": [
        {
          "team": 1,
          "pos": {
            "x": 9.88,
            "y": 0.73
          }
        },
        {
          "team": 2,
          "pos": {
            "x": -14.3,
            "y": -3.47
          }
        }
      ]
    },
    {
      "time": 1.66,
      "ball": {
        "pos": {
          "x": 2.702,
          "y": -2.9,
          "z": 0.121
        }
      },
      "players": [
        {
          "team": 1,
          "pos": {
            "x": 9.88,
            "y": 0.73
          }
        },
        {
          "team": 2,
          "pos": {
            "x": -14.3,
            "y": -3.47
          }
        }
      ]
    },
    {
      "time": 1.669,
      "ball": {
        "pos": {
          "x": 2.718,
          "y": -2.906,
          "z": 0.122
        }
      },
      "players": [
        {
          "team": 1,
          "pos": {
            "x": 9.88,
            "y": 0.73
          }
        },
        {
          "team": 2,
          "pos": {
            "x": -14.3,
            "y": -3.47
          }
        }
      ]
    },
    {
      "time": 1.68,
      "ball": {
        "pos": {
          "x": 2.739,
          "y": -2.913,
          "z": 0.121
        }
      },
      "players": [
        {
          "team": 1,
          "pos": {
            "x": 9.88,
            "y": 0.73
          }
        },
        {
          "team": 2,
          "pos": {
            "x": -14.3,
            "y": -3.47
          }
        }
      ]
    },
    {
      "time": 1.7,
      "ball": {
        "pos": {
          "x": 2.777,
          "y": -2.927,
          "z": 0.117
        }
      },
      "players": [
        {
          "team": 1,
          "pos": {
            "x": 9.88,
            "y": 0.73
          }
        },
        {
          "team": 2,
          "pos": {
            "x": -14.3,
            "y": -3.47
          }
        }
      ]
    },
    {
      "time": 1.72,
      "ball": {
        "pos": {
          "x": 2.814,
          "y": -2.94,
          "z": 0.109
        }
      },
      "players": [
        {
          "team": 1,
          "pos": {
            "x": 9.88,
            "y": 0.73
          }
        },
        {
          "team": 2,
          "pos": {
            "x": -14.3,
            "y": -3.47
          }
        }
      ]
    },
    {
      "time": 1.74,
      "ball": {
        "pos": {
          "x": 2.851,
          "y": -2.953,
          "z": 0.098
        }
      },
      "players": [
        {
          "team": 1,
          "pos": {
            "x": 9.88,
            "y": 0.73
          }
        },
        {
          "team": 2,
          "pos": {
            "x": -14.3,
            "y": -3.47
          }
        }
      ]
    },
    {
      "time": 1.76,
      "ball": {
        "pos": {
          "x": 2.888,
          "y": -2.966,
          "z": 0.082
        }
      },
      "players": [
        {
          "team": 1,
          "pos": {
            "x": 9.88,
            "y": 0.73
          }
        },
        {
          "team": 2,
          "pos": {
            "x": -14.3,
            "y": -3.47
          }
        }
      ]
    },
    {
      "time": 1.78,
      "ball": {
        "pos": {
          "x": 2.925,
          "y": -2.979,
          "z": 0.063
        }
      },
      "players": [
        {
          "team": 1,
          "pos": {
            "x": 9.88,
            "y": 0.73
          }
        },
        {
          "team": 2,
          "pos": {
            "x": -14.3,
            "y": -3.47
          }
        }
      ]
    },
    {
      "time": 1.8,
      "ball": {
        "pos": {
          "x": 2.962,
          "y": -2.991,
          "z": 0.039
        }
      },
      "players": [
        {
          "team": 1,
          "pos": {
            "x": 9.88,
            "y": 0.73
          }
        },
        {
          "team": 2,
          "pos": {
            "x": -14.3,
            "y": -3.47
          }
        }
      ]
    },
    {
      "time": 1.807,
      "event": "bounce",
      "ball": {
        "pos": {
          "x": 2.975,
          "y": -2.996,
          "z": 0.029
        }
      },
      "players": [
        {
          "team": 1,
          "pos": {
            "x": 9.88,
            "y": 0.73
          }
        },
        {
          "team": 2,
          "pos": {
            "x": -14.3,
            "y": -3.47
          }
        }
      ]
    },
    {
      "time": 1.812,
      "ball": {
        "pos": {
          "x": 2.984,
          "y": -2.999,
          "z": 0.029
        }
      },
      "players": [
        {
          "team": 1,
          "pos": {
            "x": 9.88,
            "y": 0.73
          }
        },
        {
          "team": 2,
          "pos": {
            "x": -14.3,
            "y": -3.47
          }
        }
      ]
    },
    {
      "time": 1.82,
      "players": [
        {
          "team": 1,
          "pos": {
            "x": 9.88,
            "y": 0.73
          }
        },
        {
          "team": 2,
          "pos": {
            "x": -14.3,
            "y": -3.47
          }
        }
      ]
    },
    {
      "time": 1.84,
      "players": [
        {
          "team": 1,
          "pos": {
            "x": 9.88,
            "y": 0.73
          }
        },
        {
          "team": 2,
          "pos": {
            "x": -14.3,
            "y": -3.47
          }
        }
      ]
    },
    {
      "time": 1.86,
      "players": [
        {
          "team": 1,
          "pos": {
            "x": 9.88,
            "y": 0.73
          }
        },
        {
          "team": 2,
          "pos": {
            "x": -14.3,
            "y": -3.47
          }
        }
      ]
    },
    {
      "time": 1.88,
      "players": [
        {
          "team": 1,
          "pos": {
            "x": 9.88,
            "y": 0.73
          }
        },
        {
          "team": 2,
          "pos": {
            "x": -14.3,
            "y": -3.47
          }
        }
      ]
    },
    {
      "time": 1.9,
      "players": [
        {
          "team": 1,
          "pos": {
            "x": 9.88,
            "y": 0.73
          }
        },
        {
          "team": 2,
          "pos": {
            "x": -14.3,
            "y": -3.47
          }
        }
      ]
    },
    {
      "time": 1.92,
      "players": [
        {
          "team": 1,
          "pos": {
            "x": 9.88,
            "y": 0.73
          }
        },
        {
          "team": 2,
          "pos": {
            "x": -14.3,
            "y": -3.47
          }
        }
      ]
    },
    {
      "time": 1.94,
      "players": [
        {
          "team": 1,
          "pos": {
            "x": 9.88,
            "y": 0.73
          }
        },
        {
          "team": 2,
          "pos": {
            "x": -14.3,
            "y": -3.47
          }
        }
      ]
    },
    {
      "time": 1.96,
      "players": [
        {
          "team": 1,
          "pos": {
            "x": 9.88,
            "y": 0.73
          }
        },
        {
          "team": 2,
          "pos": {
            "x": -14.3,
            "y": -3.47
          }
        }
      ]
    },
    {
      "time": 1.98,
      "players": [
        {
          "team": 1,
          "pos": {
            "x": 9.88,
            "y": 0.73
          }
        },
        {
          "team": 2,
          "pos": {
            "x": -14.3,
            "y": -3.47
          }
        }
      ]
    },
    {
      "time": 2.0,
      "players": [
        {
          "team": 1,
          "pos": {
            "x": 9.88,
            "y": 0.73
          }
        },
        {
          "team": 2,
          "pos": {
            "x": -14.3,
            "y": -3.47
          }
        }
      ]
    },
    {
      "time": 2.02,
      "players": [
        {
          "team": 1,
          "pos": {
            "x": 9.88,
            "y": 0.73
          }
        },
        {
          "team": 2,
          "pos": {
            "x": -14.3,
            "y": -3.47
          }
        }
      ]
    },
    {
      "time": 2.04,
      "players": [
        {
          "team": 1,
          "pos": {
            "x": 9.88,
            "y": 0.73
          }
        },
        {
          "team": 2,
          "pos": {
            "x": -14.3,
            "y": -3.47
          }
        }
      ]
    },
    {
      "time": 2.06,
      "players": [
        {
          "team": 1,
          "pos": {
            "x": 9.88,
            "y": 0.73
          }
        },
        {
          "team": 2,
          "pos": {
            "x": -14.3,
            "y": -3.47
          }
        }
      ]
    },
    {
      "time": 2.08,
      "players": [
        {
          "team": 1,
          "pos": {
            "x": 9.88,
            "y": 0.73
          }
        },
        {
          "team": 2,
          "pos": {
            "x": -14.3,
            "y": -3.47
          }
        }
      ]
    }
  ]
}