{
  "id": "b3e7ed08-1ec1-4cb4-b9d2-53a92692bf4b",
  "sequences": {
    "set": 1,
    "game": 4,
    "point": 4,
    "serve": 1,
    "rally": 1
  },
  "match": {
    "season": 2025,
    "tournament_id": 9999,
    "draw_code": "MS001",
    "court_id": 1,
    "players": [
      {
        "forename": "Andy",
        "surname": "Bernard",
        "team": 1,
        "external_id": "AB12"
      },
      {
        "forename": "Cedric",
        "surname": "Diggory",
        "team": 2,
        "external_id": "CD34"
      }
    ]
  },
  "shots": [
    {
      "shot_no": 1,
      "team": 1,
      "stroke": "serve",
      "spin": {
        "type": "backspin",
        "rpm": -3656.571
      },
      "speed_ms": 56.11,
      "call": "out",
      "distance": 2.083,
      "time_utc": "2025-01-01T11:28:04.600Z",
      "time": 0.0,
      "duration": 1.04
    }
  ],
  "samples": [
    {
      "time": -2.58,
      "players": [
        {
          "team": 1,
          "pos": {
            "x": 12.21,
            "y": -1.19
          }
        },
        {
          "team": 2,
          "pos": {
            "x": -15.17,
            "y": 3.76
          }
        }
      ]
    },
    {
      "time": -2.56,
      "players": [
        {
          "team": 1,
          "pos": {
            "x": 12.21,
            "y": -1.19
          }
        },
        {
          "team": 2,
          "pos": {
            "x": -15.17,
            "y": 3.76
          }
        }
      ]
    },
    {
      "time": -2.54,
      "players": [
        {
          "team": 1,
          "pos": {
            "x": 12.16,
            "y": -1.2
          }
        },
        {
          "team": 2,
          "pos": {
            "x": -15.17,
            "y": 3.76
          }
        }
      ]
    },
    {
      "time": -2.52,
      "players": [
        {
          "team": 1,
          "pos": {
            "x": 12.11,
            "y": -1.22
          }
        },
        {
          "team": 2,
          "pos": {
            "x": -15.17,
            "y": 3.75
          }
        }
      ]
    },
    {
      "time": -2.5,
      "players": [
        {
          "team": 1,
          "pos": {
            "x": 12.08,
            "y": -1.24
          }
        },
        {
          "team": 2,
          "pos": {
            "x": -15.17,
            "y": 3.74
          }
        }
      ]
    },
    {
      "time": -2.48,
      "players": [
        {
          "team": 1,
          "pos": {
            "x": 12.09,
            "y": -1.24
          }
        },
        {
          "team": 2,
          "pos": {
            "x": -15.17,
            "y": 3.72
          }
        }
      ]
    },
    {
      "time": -2.46,
      "players": [
        {
          "team": 1,
          "pos": {
            "x": 12.08,
            "y": -1.22
          }
        },
        {
          "team": 2,
          "pos": {
            "x": -15.16,
            "y": 3.7
          }
        }
      ]
    },
    {
      "time": -2.44,
      "players": [
        {
          "team": 1,
          "pos": {
            "x": 12.04,
            "y": -1.22
          }
        },
        {
          "team": 2,
          "pos": {
            "x": -15.14,
            "y": 3.66
          }
        }
      ]
    },
    {
      "time": -2.42,
      "players": [
        {
          "team": 1,
          "pos": {
            "x": 12.0,
            "y": -1.23
          }
        },
        {
          "team": 2,
          "pos": {
            "x": -15.12,
            "y": 3.63
          }
        }
      ]
    },
    {
      "time": -2.4,
      "players": [
        {
          "team": 1,
          "pos": {
            "x": 12.01,
            "y": -1.23
          }
        },
        {
          "team": 2,
          "pos": {
            "x": -15.06,
            "y": 3.63
          }
        }
      ]
    },
    {
      "time": -2.38,
      "players": [
        {
          "team": 1,
          "pos": {
            "x": 12.04,
            "y": -1.23
          }
        },
        {
          "team": 2,
          "pos": {
            "x": -15.04,
            "y": 3.62
          }
        }
      ]
    },
    {
      "time": -2.36,
      "players": [
        {
          "team": 1,
          "pos": {
            "x": 12.03,
            "y": -1.22
          }
        },
        {
          "team": 2,
          "pos": {
            "x": -15.01,
            "y": 3.61
          }
        }
      ]
    },
    {
      "time": -2.34,
      "players": [
        {
          "team": 1,
          "pos": {
            "x": 12.03,
            "y": -1.23
          }
        },
        {
          "team": 2,
          "pos": {
            "x": -14.98,
            "y": 3.59
          }
        }
      ]
    },
    {
      "time": -2.32,
      "players": [
        {
          "team": 1,
          "pos": {
            "x": 12.07,
            "y": -1.22
          }
        },
        {
          "team": 2,
          "pos": {
            "x": -14.96,
            "y": 3.59
          }
        }
      ]
    },
    {
      "time": -2.3,
      "players": [
        {
          "team": 1,
          "pos": {
            "x": 12.07,
            "y": -1.2
          }
        },
        {
          "team": 2,
          "pos": {
            "x": -14.9,
            "y": 3.57
          }
        }
      ]
    },
    {
      "time": -2.28,
      "players": [
        {
          "team": 1,
          "pos": {
            "x": 12.11,
            "y": -1.2
          }
        },
        {
          "team": 2,
          "pos": {
            "x": -14.88,
            "y": 3.55
          }
        }
      ]
    },
    {
      "time": -2.26,
      "players": [
        {
          "team": 1,
          "pos": {
            "x": 12.14,
            "y": -1.21
          }
        },
        {
          "team": 2,
          "pos": {
            "x": -14.86,
            "y": 3.53
          }
        }
      ]
    },
    {
      "time": -2.24,
      "players": [
        {
          "team": 1,
          "pos": {
            "x": 12.14,
            "y": -1.18
          }
        },
        {
          "team": 2,
          "pos": {
            "x": -14.84,
            "y": 3.51
          }
        }
      ]
    },
    {
      "time": -2.22,
      "players": [
        {
          "team": 1,
          "pos": {
            "x": 12.15,
            "y": -1.18
          }
        },
        {
          "team": 2,
          "pos": {
            "x": -14.83,
            "y": 3.5
          }
        }
      ]
    },
    {
      "time": -2.2,
      "players": [
        {
          "team": 1,
          "pos": {
            "x": 12.16,
            "y": -1.17
          }
        },
        {
          "team": 2,
          "pos": {
            "x": -14.83,
            "y": 3.5
          }
        }
      ]
    },
    {
      "time": -2.18,
      "players": [
        {
          "team": 1,
          "pos": {
            "x": 12.19,
            "y": -1.15
          }
        },
        {
          "team": 2,
          "pos": {
            "x": -14.85,
            "y": 3.53
          }
        }
      ]
    },
    {
      "time": -2.16,
      "players": [
        {
          "team": 1,
          "pos": {
            "x": 12.21,
            "y": -1.16
          }
        },
        {
          "team": 2,
          "pos": {
            "x": -14.81,
            "y": 3.54
          }
        }
      ]
    },
    {
      "time": -2.14,
      "players": [
        {
          "team": 1,
          "pos": {
            "x": 12.19,
            "y": -1.14
          }
        },
        {
          "team": 2,
          "pos": {
            "x": -14.74,
            "y": 3.51
          }
        }
      ]
    },
    {
      "time": -2.12,
      "players": [
        {
          "team": 1,
          "pos": {
            "x": 12.15,
            "y": -1.15
          }
        },
        {
          "team": 2,
          "pos": {
            "x": -14.79,
            "y": 3.54
          }
        }
      ]
    },
    {
      "time": -2.1,
      "players": [
        {
          "team": 1,
          "pos": {
            "x": 12.12,
            "y": -1.2
          }
        },
        {
          "team": 2,
          "pos": {
            "x": -14.74,
            "y": 3.54
          }
        }
      ]
    },
    {
      "time": -2.08,
      "players": [
        {
          "team": 1,
          "pos": {
            "x": 12.13,
            "y": -1.25
          }
        },
        {
          "team": 2,
          "pos": {
            "x": -14.77,
            "y": 3.5
          }
        }
      ]
    },
    {
      "time": -2.06,
      "players": [
        {
          "team": 1,
          "pos": {
            "x": 12.09,
            "y": -1.29
          }
        },
        {
          "team": 2,
          "pos": {
            "x": -14.79,
            "y": 3.47
          }
        }
      ]
    },
    {
      "time": -2.04,
      "players": [
        {
          "team": 1,
          "pos": {
            "x": 12.07,
            "y": -1.35
          }
        },
        {
          "team": 2,
          "pos": {
            "x": -14.79,
            "y": 3.46
          }
        }
      ]
    },
    {
      "time": -2.02,
      "players": [
        {
          "team": 1,
          "pos": {
            "x": 12.03,
            "y": -1.4
          }
        },
        {
          "team": 2,
          "pos": {
            "x": -14.78,
            "y": 3.46
          }
        }
      ]
    },
    {
      "time": -2.0,
      "players": [
        {
          "team": 1,
          "pos": {
            "x": 12.01,
            "y": -1.44
          }
        },
        {
          "team": 2,
          "pos": {
            "x": -14.75,
            "y": 3.48
          }
        }
      ]
    },
    {
      "time": -1.98,
      "players": [
        {
          "team": 1,
          "pos": {
            "x": 12.0,
            "y": -1.46
          }
        },
        {
          "team": 2,
          "pos": {
            "x": -14.71,
            "y": 3.52
          }
        }
      ]
    },
    {
      "time": -1.96,
      "players": [
        {
          "team": 1,
          "pos": {
            "x": 11.98,
            "y": -1.47
          }
        },
        {
          "team": 2,
          "pos": {
            "x": -14.66,
            "y": 3.57
          }
        }
      ]
    },
    {
      "time": -1.94,
      "players": [
        {
          "team": 1,
          "pos": {
            "x": 12.01,
            "y": -1.49
          }
        },
        {
          "team": 2,
          "pos": {
            "x": -14.65,
            "y": 3.62
          }
        }
      ]
    },
    {
      "time": -1.92,
      "players": [
        {
          "team": 1,
          "pos": {
            "x": 11.99,
            "y": -1.47
          }
        },
        {
          "team": 2,
          "pos": {
            "x": -14.62,
            "y": 3.64
          }
        }
      ]
    },
    {
      "time": -1.9,
      "players": [
        {
          "team": 1,
          "pos": {
            "x": 11.99,
            "y": -1.49
          }
        },
        {
          "team": 2,
          "pos": {
            "x": -14.57,
            "y": 3.65
          }
        }
      ]
    },
    {
      "time": -1.88,
      "players": [
        {
          "team": 1,
          "pos": {
            "x": 12.0,
            "y": -1.5
          }
        },
        {
          "team": 2,
          "pos": {
            "x": -14.52,
            "y": 3.69
          }
        }
      ]
    },
    {
      "time": -1.86,
      "players": [
        {
          "team": 1,
          "pos": {
            "x": 12.03,
            "y": -1.52
          }
        },
        {
          "team": 2,
          "pos": {
            "x": -14.46,
            "y": 3.73
          }
        }
      ]
    },
    {
      "time": -1.84,
      "players": [
        {
          "team": 1,
          "pos": {
            "x": 12.01,
            "y": -1.54
          }
        },
        {
          "team": 2,
          "pos": {
            "x": -14.45,
            "y": 3.71
          }
        }
      ]
    },
    {
      "time": -1.82,
      "players": [
        {
          "team": 1,
          "pos": {
            "x": 12.04,
            "y": -1.56
          }
        },
        {
          "team": 2,
          "pos": {
            "x": -14.38,
            "y": 3.73
          }
        }
      ]
    },
    {
      "time": -1.8,
      "players": [
        {
          "team": 1,
          "pos": {
            "x": 12.03,
            "y": -1.56
          }
        },
        {
          "team": 2,
          "pos": {
            "x": -14.41,
            "y": 3.74
          }
        }
      ]
    },
    {
      "time": -1.78,
      "players": [
        {
          "team": 1,
          "pos": {
            "x": 12.03,
            "y": -1.57
          }
        },
        {
          "team": 2,
          "pos": {
            "x": -14.4,
            "y": 3.77
          }
        }
      ]
    },
    {
      "time": -1.76,
      "players": [
        {
          "team": 1,
          "pos": {
            "x": 12.04,
            "y": -1.59
          }
        },
        {
          "team": 2,
          "pos": {
            "x": -14.39,
            "y": 3.78
          }
        }
      ]
    },
    {
      "time": -1.74,
      "players": [
        {
          "team": 1,
          "pos": {
            "x": 11.99,
            "y": -1.59
          }
        },
        {
          "team": 2,
          "pos": {
            "x": -14.4,
            "y": 3.79
          }
        }
      ]
    },
    {
      "time": -1.72,
      "players": [
        {
          "team": 1,
          "pos": {
            "x": 12.01,
            "y": -1.6
          }
        },
        {
          "team": 2,
          "pos": {
            "x": -14.4,
            "y": 3.8
          }
        }
      ]
    },
    {
      "time": -1.7,
      "players": [
        {
          "team": 1,
          "pos": {
            "x": 12.01,
            "y": -1.56
          }
        },
        {
          "team": 2,
          "pos": {
            "x": -14.41,
            "y": 3.77
          }
        }
      ]
    },
    {
      "time": -1.68,
      "players": [
        {
          "team": 1,
          "pos": {
            "x": 12.03,
            "y": -1.54
          }
        },
        {
          "team": 2,
          "pos": {
            "x": -14.39,
            "y": 3.8
          }
        }
      ]
    },
    {
      "time": -1.66,
      "players": [
        {
          "team": 1,
          "pos": {
            "x": 12.02,
            "y": -1.56
          }
        },
        {
          "team": 2,
          "pos": {
            "x": -14.39,
            "y": 3.79
          }
        }
      ]
    },
    {
      "time": -1.64,
      "players": [
        {
          "team": 1,
          "pos": {
            "x": 12.0,
            "y": -1.57
          }
        },
        {
          "team": 2,
          "pos": {
            "x": -14.38,
            "y": 3.8
          }
        }
      ]
    },
    {
      "time": -1.62,
      "players": [
        {
          "team": 1,
          "pos": {
            "x": 11.98,
            "y": -1.57
          }
        },
        {
          "team": 2,
          "pos": {
            "x": -14.37,
            "y": 3.8
          }
        }
      ]
    },
    {
      "time": -1.6,
      "players": [
        {
          "team": 1,
          "pos": {
            "x": 12.0,
            "y": -1.56
          }
        },
        {
          "team": 2,
          "pos": {
            "x": -14.35,
            "y": 3.84
          }
        }
      ]
    },
    {
      "time": -1.58,
      "players": [
        {
          "team": 1,
          "pos": {
            "x": 11.97,
            "y": -1.59
          }
        },
        {
          "team": 2,
          "pos": {
            "x": -14.4,
            "y": 3.84
          }
        }
      ]
    },
    {
      "time": -1.56,
      "players": [
        {
          "team": 1,
          "pos": {
            "x": 11.99,
            "y": -1.57
          }
        },
        {
          "team": 2,
          "pos": {
            "x": -14.38,
            "y": 3.88
          }
        }
      ]
    },
    {
      "time": -1.54,
      "players": [
        {
          "team": 1,
          "pos": {
            "x": 11.99,
            "y": -1.53
          }
        },
        {
          "team": 2,
          "pos": {
            "x": -14.39,
            "y": 3.91
          }
        }
      ]
    },
    {
      "time": -1.52,
      "players": [
        {
          "team": 1,
          "pos": {
            "x": 12.01,
            "y": -1.53
          }
        },
        {
          "team": 2,
          "pos": {
            "x": -14.4,
            "y": 3.91
          }
        }
      ]
    },
    {
      "time": -1.5,
      "players": [
        {
          "team": 1,
          "pos": {
            "x": 12.02,
            "y": -1.49
          }
        },
        {
          "team": 2,
          "pos": {
            "x": -14.45,
            "y": 3.87
          }
        }
      ]
    },
    {
      "time": -1.48,
      "players": [
        {
          "team": 1,
          "pos": {
            "x": 12.04,
            "y": -1.5
          }
        },
        {
          "team": 2,
          "pos": {
            "x": -14.44,
            "y": 3.88
          }
        }
      ]
    },
    {
      "time": -1.46,
      "players": [
        {
          "team": 1,
          "pos": {
            "x": 12.05,
            "y": -1.51
          }
        },
        {
          "team": 2,
          "pos": {
            "x": -14.47,
            "y": 3.84
          }
        }
      ]
    },
    {
      "time": -1.44,
      "players": [
        {
          "team": 1,
          "pos": {
            "x": 12.07,
            "y": -1.51
          }
        },
        {
          "team": 2,
          "pos": {
            "x": -14.48,
            "y": 3.85
          }
        }
      ]
    },
    {
      "time": -1.42,
      "players": [
        {
          "team": 1,
          "pos": {
            "x": 12.09,
            "y": -1.54
          }
        },
        {
          "team": 2,
          "pos": {
            "x": -14.47,
            "y": 3.9
          }
        }
      ]
    },
    {
      "time": -1.4,
      "players": [
        {
          "team": 1,
          "pos": {
            "x": 12.07,
            "y": -1.54
          }
        },
        {
          "team": 2,
          "pos": {
            "x": -14.49,
            "y": 3.93
          }
        }
      ]
    },
    {
      "time": -1.38,
      "players": [
        {
          "team": 1,
          "pos": {
            "x": 12.05,
            "y": -1.54
          }
        },
        {
          "team": 2,
          "pos": {
            "x": -14.47,
            "y": 3.88
          }
        }
      ]
    },
    {
      "time": -1.36,
      "players": [
        {
          "team": 1,
          "pos": {
            "x": 12.04,
            "y": -1.54
          }
        },
        {
          "team": 2,
          "pos": {
            "x": -14.51,
            "y": 3.83
          }
        }
      ]
    },
    {
      "time": -1.34,
      "players": [
        {
          "team": 1,
          "pos": {
            "x": 12.02,
            "y": -1.54
          }
        },
        {
          "team": 2,
          "pos": {
            "x": -14.48,
            "y": 3.82
          }
        }
      ]
    },
    {
      "time": -1.32,
      "players": [
        {
          "team": 1,
          "pos": {
            "x": 12.01,
            "y": -1.54
          }
        },
        {
          "team": 2,
          "pos": {
            "x": -14.5,
            "y": 3.77
          }
        }
      ]
    },
    {
      "time": -1.3,
      "players": [
        {
          "team": 1,
          "pos": {
            "x": 12.0,
            "y": -1.53
          }
        },
        {
          "team": 2,
          "pos": {
            "x": -14.5,
            "y": 3.75
          }
        }
      ]
    },
    {
      "time": -1.28,
      "players": [
        {
          "team": 1,
          "pos": {
            "x": 12.0,
            "y": -1.54
          }
        },
        {
          "team": 2,
          "pos": {
            "x": -14.53,
            "y": 3.73
          }
        }
      ]
    },
    {
      "time": -1.26,
      "players": [
        {
          "team": 1,
          "pos": {
            "x": 12.0,
            "y": -1.55
          }
        },
        {
          "team": 2,
          "pos": {
            "x": -14.54,
            "y": 3.71
          }
        }
      ]
    },
    {
      "time": -1.24,
      "players": [
        {
          "team": 1,
          "pos": {
            "x": 12.0,
            "y": -1.57
          }
        },
        {
          "team": 2,
          "pos": {
            "x": -14.56,
            "y": 3.69
          }
        }
      ]
    },
    {
      "time": -1.22,
      "players": [
        {
          "team": 1,
          "pos": {
            "x": 11.98,
            "y": -1.59
          }
        },
        {
          "team": 2,
          "pos": {
            "x": -14.55,
            "y": 3.69
          }
        }
      ]
    },
    {
      "time": -1.2,
      "players": [
        {
          "team": 1,
          "pos": {
            "x": 11.97,
            "y": -1.57
          }
        },
        {
          "team": 2,
          "pos": {
            "x": -14.54,
            "y": 3.68
          }
        }
      ]
    },
    {
      "time": -1.182,
      "ball": {
        "pos": {
          "x": 11.926,
          "y": -0.975,
          "z": 0.676
        }
      },
      "players": [
        {
          "team": 1,
          "pos": {
            "x": 11.94,
            "y": -1.57
          }
        },
        {
          "team": 2,
          "pos": {
            "x": -14.51,
            "y": 3.83
          }
        }
      ]
    },
    {
      "time": -1.18,
      "ball": {
        "pos": {
          "x": 11.924,
          "y": -0.972,
          "z": 0.69
        }
      },
      "players": [
        {
          "team": 1,
          "pos": {
            "x": 11.94,
            "y": -1.57
          }
        },
        {
          "team": 2,
          "pos": {
            "x": -14.53,
            "y": 3.7
          }
        }
      ]
    },
    {
      "time": -1.16,
      "ball": {
        "pos": {
          "x": 11.906,
          "y": -0.948,
          "z": 0.815
        }
      },
      "players": [
        {
          "team": 1,
          "pos": {
            "x": 11.95,
            "y": -1.57
          }
        },
        {
          "team": 2,
          "pos": {
            "x": -14.53,
            "y": 3.69
          }
        }
      ]
    },
    {
      "time": -1.14,
      "ball": {
        "pos": {
          "x": 11.888,
          "y": -0.926,
          "z": 0.937
        }
      },
      "players": [
        {
          "team": 1,
          "pos": {
            "x": 11.93,
            "y": -1.56
          }
        },
        {
          "team": 2,
          "pos": {
            "x": -14.52,
            "y": 3.68
          }
        }
      ]
    },
    {
      "time": -1.12,
      "ball": {
        "pos": {
          "x": 11.871,
          "y": -0.906,
          "z": 1.058
        }
      },
      "players": [
        {
          "team": 1,
          "pos": {
            "x": 11.94,
            "y": -1.51
          }
        },
        {
          "team": 2,
          "pos": {
            "x": -14.49,
            "y": 3.71
          }
        }
      ]
    },
    {
      "time": -1.1,
      "ball": {
        "pos": {
          "x": 11.854,
          "y": -0.889,
          "z": 1.176
        }
      },
      "players": [
        {
          "team": 1,
          "pos": {
            "x": 11.93,
            "y": -1.48
          }
        },
        {
          "team": 2,
          "pos": {
            "x": -14.49,
            "y": 3.72
          }
        }
      ]
    },
    {
      "time": -1.08,
      "ball": {
        "pos": {
          "x": 11.838,
          "y": -0.873,
          "z": 1.291
        }
      },
      "players": [
        {
          "team": 1,
          "pos": {
            "x": 11.94,
            "y": -1.44
          }
        },
        {
          "team": 2,
          "pos": {
            "x": -14.49,
            "y": 3.75
          }
        }
      ]
    },
    {
      "time": -1.06,
      "ball": {
        "pos": {
          "x": 11.823,
          "y": -0.859,
          "z": 1.404
        }
      },
      "players": [
        {
          "team": 1,
          "pos": {
            "x": 11.95,
            "y": -1.38
          }
        },
        {
          "team": 2,
          "pos": {
            "x": -14.49,
            "y": 3.76
          }
        }
      ]
    },
    {
      "time": -1.04,
      "ball": {
        "pos": {
          "x": 11.808,
          "y": -0.847,
          "z": 1.515
        }
      },
      "players": [
        {
          "team": 1,
          "pos": {
            "x": 11.9,
            "y": -1.35
          }
        },
        {
          "team": 2,
          "pos": {
            "x": -14.49,
            "y": 3.73
          }
        }
      ]
    },
    {
      "time": -1.02,
      "ball": {
        "pos": {
          "x": 11.794,
          "y": -0.836,
          "z": 1.623
        }
      },
      "players": [
        {
          "team": 1,
          "pos": {
            "x": 11.87,
            "y": -1.33
          }
        },
        {
          "team": 2,
          "pos": {
            "x": -14.48,
            "y": 3.73
          }
        }
      ]
    },
    {
      "time": -1.0,
      "ball": {
        "pos": {
          "x": 11.78,
          "y": -0.828,
          "z": 1.729
        }
      },
      "players": [
        {
          "team": 1,
          "pos": {
            "x": 11.84,
            "y": -1.34
          }
        },
        {
          "team": 2,
          "pos": {
            "x": -14.49,
            "y": 3.72
          }
        }
      ]
    },
    {
      "time": -0.98,
      "ball": {
        "pos": {
          "x": 11.767,
          "y": -0.821,
          "z": 1.832
        }
      },
      "players": [
        {
          "team": 1,
          "pos": {
            "x": 11.82,
            "y": -1.39
          }
        },
        {
          "team": 2,
          "pos": {
            "x": -14.48,
            "y": 3.72
          }
        }
      ]
    },
    {
      "time": -0.96,
      "ball": {
        "pos": {
          "x": 11.754,
          "y": -0.815,
          "z": 1.932
        }
      },
      "players": [
        {
          "team": 1,
          "pos": {
            "x": 11.84,
            "y": -1.42
          }
        },
        {
          "team": 2,
          "pos": {
            "x": -14.48,
            "y": 3.71
          }
        }
      ]
    },
    {
      "time": -0.94,
      "ball": {
        "pos": {
          "x": 11.741,
          "y": -0.811,
          "z": 2.03
        }
      },
      "players": [
        {
          "team": 1,
          "pos": {
            "x": 11.86,
            "y": -1.37
          }
        },
        {
          "team": 2,
          "pos": {
            "x": -14.48,
            "y": 3.7
          }
        }
      ]
    },
    {
      "time": -0.92,
      "ball": {
        "pos": {
          "x": 11.729,
          "y": -0.809,
          "z": 2.125
        }
      },
      "players": [
        {
          "team": 1,
          "pos": {
            "x": 11.9,
            "y": -1.31
          }
        },
        {
          "team": 2,
          "pos": {
            "x": -14.48,
            "y": 3.69
          }
        }
      ]
    },
    {
      "time": -0.9,
      "ball": {
        "pos": {
          "x": 11.718,
          "y": -0.808,
          "z": 2.217
        }
      },
      "players": [
        {
          "team": 1,
          "pos": {
            "x": 11.9,
            "y": -1.28
          }
        },
        {
          "team": 2,
          "pos": {
            "x": -14.49,
            "y": 3.68
          }
        }
      ]
    },
    {
      "time": -0.88,
      "ball": {
        "pos": {
          "x": 11.707,
          "y": -0.809,
          "z": 2.306
        }
      },
      "players": [
        {
          "team": 1,
          "pos": {
            "x": 11.91,
            "y": -1.25
          }
        },
        {
          "team": 2,
          "pos": {
            "x": -14.51,
            "y": 3.67
          }
        }
      ]
    },
    {
      "time": -0.86,
      "ball": {
        "pos": {
          "x": 11.696,
          "y": -0.811,
          "z": 2.393
        }
      },
      "players": [
        {
          "team": 1,
          "pos": {
            "x": 11.9,
            "y": -1.28
          }
        },
        {
          "team": 2,
          "pos": {
            "x": -14.49,
            "y": 3.65
          }
        }
      ]
    },
    {
      "time": -0.84,
      "ball": {
        "pos": {
          "x": 11.686,
          "y": -0.814,
          "z": 2.477
        }
      },
      "players": [
        {
          "team": 1,
          "pos": {
            "x": 11.91,
            "y": -1.24
          }
        },
        {
          "team": 2,
          "pos": {
            "x": -14.49,
            "y": 3.63
          }
        }
      ]
    },
    {
      "time": -0.82,
      "ball": {
        "pos": {
          "x": 11.676,
          "y": -0.819,
          "z": 2.558
        }
      },
      "players": [
        {
          "team": 1,
          "pos": {
            "x": 11.95,
            "y": -1.19
          }
        },
        {
          "team": 2,
          "pos": {
            "x": -14.47,
            "y": 3.61
          }
        }
      ]
    },
    {
      "time": -0.8,
      "ball": {
        "pos": {
          "x": 11.666,
          "y": -0.825,
          "z": 2.635
        }
      },
      "players": [
        {
          "team": 1,
          "pos": {
            "x": 11.95,
            "y": -1.22
          }
        },
        {
          "team": 2,
          "pos": {
            "x": -14.45,
            "y": 3.6
          }
        }
      ]
    },
    {
      "time": -0.78,
      "ball": {
        "pos": {
          "x": 11.657,
          "y": -0.832,
          "z": 2.71
        }
      },
      "players": [
        {
          "team": 1,
          "pos": {
            "x": 11.98,
            "y": -1.19
          }
        },
        {
          "team": 2,
          "pos": {
            "x": -14.45,
            "y": 3.58
          }
        }
      ]
    },
    {
      "time": -0.76,
      "ball": {
        "pos": {
          "x": 11.648,
          "y": -0.84,
          "z": 2.782
        }
      },
      "players": [
        {
          "team": 1,
          "pos": {
            "x": 12.04,
            "y": -1.15
          }
        },
        {
          "team": 2,
          "pos": {
            "x": -14.43,
            "y": 3.55
          }
        }
      ]
    },
    {
      "time": -0.74,
      "ball": {
        "pos": {
          "x": 11.639,
          "y": -0.849,
          "z": 2.851
        }
      },
      "players": [
        {
          "team": 1,
          "pos": {
            "x": 12.08,
            "y": -1.11
          }
        },
        {
          "team": 2,
          "pos": {
            "x": -14.42,
            "y": 3.52
          }
        }
      ]
    },
    {
      "time": -0.72,
      "ball": {
        "pos": {
          "x": 11.631,
          "y": -0.859,
          "z": 2.916
        }
      },
      "players": [
        {
          "team": 1,
          "pos": {
            "x": 12.11,
            "y": -1.08
          }
        },
        {
          "team": 2,
          "pos": {
            "x": -14.41,
            "y": 3.5
          }
        }
      ]
    },
    {
      "time": -0.7,
      "ball": {
        "pos": {
          "x": 11.623,
          "y": -0.87,
          "z": 2.979
        }
      },
      "players": [
        {
          "team": 1,
          "pos": {
            "x": 12.14,
            "y": -1.05
          }
        },
        {
          "team": 2,
          "pos": {
            "x": -14.4,
            "y": 3.47
          }
        }
      ]
    },
    {
      "time": -0.68,
      "ball": {
        "pos": {
          "x": 11.615,
          "y": -0.882,
          "z": 3.038
        }
      },
      "players": [
        {
          "team": 1,
          "pos": {
            "x": 12.17,
            "y": -1.03
          }
        },
        {
          "team": 2,
          "pos": {
            "x": -14.37,
            "y": 3.42
          }
        }
      ]
    },
    {
      "time": -0.66,
      "ball": {
        "pos": {
          "x": 11.608,
          "y": -0.895,
          "z": 3.094
        }
      },
      "players": [
        {
          "team": 1,
          "pos": {
            "x": 12.2,
            "y": -1.0
          }
        },
        {
          "team": 2,
          "pos": {
            "x": -14.35,
            "y": 3.39
          }
        }
      ]
    },
    {
      "time": -0.64,
      "ball": {
        "pos": {
          "x": 11.601,
          "y": -0.909,
          "z": 3.147
        }
      },
      "players": [
        {
          "team": 1,
          "pos": {
            "x": 12.25,
            "y": -1.06
          }
        },
        {
          "team": 2,
          "pos": {
            "x": -14.34,
            "y": 3.35
          }
        }
      ]
    },
    {
      "time": -0.62,
      "ball": {
        "pos": {
          "x": 11.594,
          "y": -0.923,
          "z": 3.196
        }
      },
      "players": [
        {
          "team": 1,
          "pos": {
            "x": 12.3,
            "y": -1.09
          }
        },
        {
          "team": 2,
          "pos": {
            "x": -14.32,
            "y": 3.31
          }
        }
      ]
    },
    {
      "time": -0.6,
      "ball": {
        "pos": {
          "x": 11.587,
          "y": -0.938,
          "z": 3.242
        }
      },
      "players": [
        {
          "team": 1,
          "pos": {
            "x": 12.32,
            "y": -1.11
          }
        },
        {
          "team": 2,
          "pos": {
            "x": -14.31,
            "y": 3.27
          }
        }
      ]
    },
    {
      "time": -0.58,
      "ball": {
        "pos": {
          "x": 11.58,
          "y": -0.954,
          "z": 3.285
        }
      },
      "players": [
        {
          "team": 1,
          "pos": {
            "x": 12.33,
            "y": -1.09
          }
        },
        {
          "team": 2,
          "pos": {
            "x": -14.3,
            "y": 3.22
          }
        }
      ]
    },
    {
      "time": -0.56,
      "ball": {
        "pos": {
          "x": 11.574,
          "y": -0.971,
          "z": 3.324
        }
      },
      "players": [
        {
          "team": 1,
          "pos": {
            "x": 12.35,
            "y": -1.07
          }
        },
        {
          "team": 2,
          "pos": {
            "x": -14.28,
            "y": 3.18
          }
        }
      ]
    },
    {
      "time": -0.54,
      "ball": {
        "pos": {
          "x": 11.567,
          "y": -0.988,
          "z": 3.359
        }
      },
      "players": [
        {
          "team": 1,
          "pos": {
            "x": 12.37,
            "y": -1.1
          }
        },
        {
          "team": 2,
          "pos": {
            "x": -14.27,
            "y": 3.17
          }
        }
      ]
    },
    {
      "time": -0.52,
      "ball": {
        "pos": {
          "x": 11.561,
          "y": -1.005,
          "z": 3.392
        }
      },
      "players": [
        {
          "team": 1,
          "pos": {
            "x": 12.4,
            "y": -1.09
          }
        },
        {
          "team": 2,
          "pos": {
            "x": -14.24,
            "y": 3.14
          }
        }
      ]
    },
    {
      "time": -0.5,
      "ball": {
        "pos": {
          "x": 11.555,
          "y": -1.023,
          "z": 3.42
        }
      },
      "players": [
        {
          "team": 1,
          "pos": {
            "x": 12.43,
            "y": -1.08
          }
        },
        {
          "team": 2,
          "pos": {
            "x": -14.22,
            "y": 3.18
          }
        }
      ]
    },
    {
      "time": -0.48,
      "ball": {
        "pos": {
          "x": 11.549,
          "y": -1.041,
          "z": 3.445
        }
      },
      "players": [
        {
          "team": 1,
          "pos": {
            "x": 12.42,
            "y": -1.1
          }
        },
        {
          "team": 2,
          "pos": {
            "x": -14.22,
            "y": 3.15
          }
        }
      ]
    },
    {
      "time": -0.46,
      "ball": {
        "pos": {
          "x": 11.543,
          "y": -1.06,
          "z": 3.466
        }
      },
      "players": [
        {
          "team": 1,
          "pos": {
            "x": 12.44,
            "y": -1.15
          }
        },
        {
          "team": 2,
          "pos": {
            "x": -14.2,
            "y": 3.16
          }
        }
      ]
    },
    {
      "time": -0.44,
      "ball": {
        "pos": {
          "x": 11.538,
          "y": -1.079,
          "z": 3.484
        }
      },
      "players": [
        {
          "team": 1,
          "pos": {
            "x": 12.46,
            "y": -1.14
          }
        },
        {
          "team": 2,
          "pos": {
            "x": -14.18,
            "y": 3.17
          }
        }
      ]
    },
    {
      "time": -0.42,
      "ball": {
        "pos": {
          "x": 11.532,
          "y": -1.098,
          "z": 3.498
        }
      },
      "players": [
        {
          "team": 1,
          "pos": {
            "x": 12.48,
            "y": -1.12
          }
        },
        {
          "team": 2,
          "pos": {
            "x": -14.16,
            "y": 3.15
          }
        }
      ]
    },
    {
      "time": -0.4,
      "ball": {
        "pos": {
          "x": 11.526,
          "y": -1.118,
          "z": 3.508
        }
      },
      "players": [
        {
          "team": 1,
          "pos": {
            "x": 12.48,
            "y": -1.08
          }
        },
        {
          "team": 2,
          "pos": {
            "x": -14.12,
            "y": 3.12
          }
        }
      ]
    },
    {
      "time": -0.38,
      "ball": {
        "pos": {
          "x": 11.521,
          "y": -1.137,
          "z": 3.514
        }
      },
      "players": [
        {
          "team": 1,
          "pos": {
            "x": 12.51,
            "y": -1.1
          }
        },
        {
          "team": 2,
          "pos": {
            "x": -14.11,
            "y": 3.16
          }
        }
      ]
    },
    {
      "time": -0.36,
      "ball": {
        "pos": {
          "x": 11.515,
          "y": -1.157,
          "z": 3.516
        }
      },
      "players": [
        {
          "team": 1,
          "pos": {
            "x": 12.53,
            "y": -1.1
          }
        },
        {
          "team": 2,
          "pos": {
            "x": -14.1,
            "y": 3.23
          }
        }
      ]
    },
    {
      "time": -0.358,
      "ball": {
        "pos": {
          "x": 11.515,
          "y": -1.159,
          "z": 3.516
        }
      },
      "players": [
        {
          "team": 1,
          "pos": {
            "x": 12.53,
            "y": -1.1
          }
        },
        {
          "team": 2,
          "pos": {
            "x": -14.26,
            "y": 3.15
          }
        }
      ]
    },
    {
      "time": -0.34,
      "ball": {
        "pos": {
          "x": 11.51,
          "y": -1.177,
          "z": 3.515
        }
      },
      "players": [
        {
          "team": 1,
          "pos": {
            "x": 12.51,
            "y": -1.11
          }
        },
        {
          "team": 2,
          "pos": {
            "x": -14.09,
            "y": 3.3
          }
        }
      ]
    },
    {
      "time": -0.32,
      "ball": {
        "pos": {
          "x": 11.504,
          "y": -1.196,
          "z": 3.509
        }
      },
      "players": [
        {
          "team": 1,
          "pos": {
            "x": 12.46,
            "y": -1.13
          }
        },
        {
          "team": 2,
          "pos": {
            "x": -14.06,
            "y": 3.36
          }
        }
      ]
    },
    {
      "time": -0.3,
      "ball": {
        "pos": {
          "x": 11.499,
          "y": -1.216,
          "z": 3.5
        }
      },
      "players": [
        {
          "team": 1,
          "pos": {
            "x": 12.45,
            "y": -1.13
          }
        },
        {
          "team": 2,
          "pos": {
            "x": -14.04,
            "y": 3.41
          }
        }
      ]
    },
    {
      "time": -0.28,
      "ball": {
        "pos": {
          "x": 11.493,
          "y": -1.236,
          "z": 3.486
        }
      },
      "players": [
        {
          "team": 1,
          "pos": {
            "x": 12.41,
            "y": -1.18
          }
        },
        {
          "team": 2,
          "pos": {
            "x": -14.0,
            "y": 3.46
          }
        }
      ]
    },
    {
      "time": -0.26,
      "ball": {
        "pos": {
          "x": 11.488,
          "y": -1.255,
          "z": 3.469
        }
      },
      "players": [
        {
          "team": 1,
          "pos": {
            "x": 12.38,
            "y": -1.24
          }
        },
        {
          "team": 2,
          "pos": {
            "x": -13.96,
            "y": 3.51
          }
        }
      ]
    },
    {
      "time": -0.24,
      "ball": {
        "pos": {
          "x": 11.482,
          "y": -1.274,
          "z": 3.447
        }
      },
      "players": [
        {
          "team": 1,
          "pos": {
            "x": 12.38,
            "y": -1.29
          }
        },
        {
          "team": 2,
          "pos": {
            "x": -13.9,
            "y": 3.49
          }
        }
      ]
    },
    {
      "time": -0.22,
      "ball": {
        "pos": {
          "x": 11.476,
          "y": -1.293,
          "z": 3.421
        }
      },
      "players": [
        {
          "team": 1,
          "pos": {
            "x": 12.32,
            "y": -1.35
          }
        },
        {
          "team": 2,
          "pos": {
            "x": -13.85,
            "y": 3.51
          }
        }
      ]
    },
    {
      "time": -0.2,
      "ball": {
        "pos": {
          "x": 11.471,
          "y": -1.312,
          "z": 3.391
        }
      },
      "players": [
        {
          "team": 1,
          "pos": {
            "x": 12.28,
            "y": -1.29
          }
        },
        {
          "team": 2,
          "pos": {
            "x": -13.79,
            "y": 3.46
          }
        }
      ]
    },
    {
      "time": -0.18,
      "ball": {
        "pos": {
          "x": 11.465,
          "y": -1.33,
          "z": 3.357
        }
      },
      "players": [
        {
          "team": 1,
          "pos": {
            "x": 12.27,
            "y": -1.33
          }
        },
        {
          "team": 2,
          "pos": {
            "x": -13.74,
            "y": 3.49
          }
        }
      ]
    },
    {
      "time": -0.16,
      "ball": {
        "pos": {
          "x": 11.459,
          "y": -1.348,
          "z": 3.318
        }
      },
      "players": [
        {
          "team": 1,
          "pos": {
            "x": 12.23,
            "y": -1.35
          }
        },
        {
          "team": 2,
          "pos": {
            "x": -13.68,
            "y": 3.49
          }
        }
      ]
    },
    {
      "time": -0.14,
      "ball": {
        "pos": {
          "x": 11.452,
          "y": -1.365,
          "z": 3.275
        }
      },
      "players": [
        {
          "team": 1,
          "pos": {
            "x": 12.2,
            "y": -1.37
          }
        },
        {
          "team": 2,
          "pos": {
            "x": -13.62,
            "y": 3.45
          }
        }
      ]
    },
    {
      "time": -0.12,
      "ball": {
        "pos": {
          "x": 11.446,
          "y": -1.382,
          "z": 3.228
        }
      },
      "players": [
        {
          "team": 1,
          "pos": {
            "x": 12.14,
            "y": -1.34
          }
        },
        {
          "team": 2,
          "pos": {
            "x": -13.55,
            "y": 3.41
          }
        }
      ]
    },
    {
      "time": -0.1,
      "ball": {
        "pos": {
          "x": 11.44,
          "y": -1.399,
          "z": 3.176
        }
      },
      "players": [
        {
          "team": 1,
          "pos": {
            "x": 12.06,
            "y": -1.32
          }
        },
        {
          "team": 2,
          "pos": {
            "x": -13.49,
            "y": 3.39
          }
        }
      ]
    },
    {
      "time": -0.08,
      "ball": {
        "pos": {
          "x": 11.433,
          "y": -1.414,
          "z": 3.12
        }
      },
      "players": [
        {
          "team": 1,
          "pos": {
            "x": 12.01,
            "y": -1.29
          }
        },
        {
          "team": 2,
          "pos": {
            "x": -13.43,
            "y": 3.4
          }
        }
      ]
    },
    {
      "time": -0.06,
      "ball": {
        "pos": {
          "x": 11.426,
          "y": -1.429,
          "z": 3.06
        }
      },
      "players": [
        {
          "team": 1,
          "pos": {
            "x": 11.95,
            "y": -1.28
          }
        },
        {
          "team": 2,
          "pos": {
            "x": -13.38,
            "y": 3.4
          }
        }
      ]
    },
    {
      "time": -0.04,
      "ball": {
        "pos": {
          "x": 11.419,
          "y": -1.444,
          "z": 2.995
        }
      },
      "players": [
        {
          "team": 1,
          "pos": {
            "x": 11.86,
            "y": -1.29
          }
        },
        {
          "team": 2,
          "pos": {
            "x": -13.34,
            "y": 3.39
          }
        }
      ]
    },
    {
      "time": -0.02,
      "ball": {
        "pos": {
          "x": 11.412,
          "y": -1.457,
          "z": 2.925
        }
      },
      "players": [
        {
          "team": 1,
          "pos": {
            "x": 11.8,
            "y": -1.25
          }
        },
        {
          "team": 2,
          "pos": {
            "x": -13.32,
            "y": 3.39
          }
        }
      ]
    },
    {
      "time": 0.0,
      "event": "hit",
      "ball": {
        "pos": {
          "x": 11.404,
          "y": -1.47,
          "z": 2.851
        }
      },
      "players": [
        {
          "team": 1,
          "pos": {
            "x": 11.73,
            "y": -1.19
          }
        },
        {
          "team": 2,
          "pos": {
            "x": -13.34,
            "y": 3.38
          }
        }
      ]
    },
    {
      "time": 0.02,
      "ball": {
        "pos": {
          "x": 10.318,
          "y": -1.3,
          "z": 2.696
        }
      },
      "players": [
        {
          "team": 1,
          "pos": {
            "x": 11.65,
            "y": -1.22
          }
        },
        {
          "team": 2,
          "pos": {
            "x": -13.31,
            "y": 3.36
          }
        }
      ]
    },
    {
      "time": 0.04,
      "ball": {
        "pos": {
          "x": 9.255,
          "y": -1.133,
          "z": 2.539
        }
      },
      "players": [
        {
          "team": 1,
          "pos": {
            "x": 11.56,
            "y": -1.14
          }
        },
        {
          "team": 2,
          "pos": {
            "x": -13.35,
            "y": 3.35
          }
        }
      ]
    },
    {
      "time": 0.06,
      "ball": {
        "pos": {
          "x": 8.215,
          "y": -0.97,
          "z": 2.38
        }
      },
      "players": [
        {
          "team": 1,
          "pos": {
            "x": 11.49,
            "y": -1.07
          }
        },
        {
          "team": 2,
          "pos": {
            "x": -13.38,
            "y": 3.35
          }
        }
      ]
    },
    {
      "time": 0.08,
      "ball": {
        "pos": {
          "x": 7.197,
          "y": -0.811,
          "z": 2.22
        }
      },
      "players": [
        {
          "team": 1,
          "pos": {
            "x": 11.42,
            "y": -1.05
          }
        },
        {
          "team": 2,
          "pos": {
            "x": -13.39,
            "y": 3.35
          }
        }
      ]
    },
    {
      "time": 0.1,
      "ball": {
        "pos": {
          "x": 6.201,
          "y": -0.657,
          "z": 2.058
        }
      },
      "players": [
        {
          "team": 1,
          "pos": {
            "x": 11.37,
            "y": -1.03
          }
        },
        {
          "team": 2,
          "pos": {
            "x": -13.42,
            "y": 3.35
          }
        }
      ]
    },
    {
      "time": 0.12,
      "ball": {
        "pos": {
          "x": 5.226,
          "y": -0.506,
          "z": 1.894
        }
      },
      "players": [
        {
          "team": 1,
          "pos": {
            "x": 11.34,
            "y": -0.98
          }
        },
        {
          "team": 2,
          "pos": {
            "x": -13.46,
            "y": 3.35
          }
        }
      ]
    },
    {
      "time": 0.14,
      "ball": {
        "pos": {
          "x": 4.271,
          "y": -0.358,
          "z": 1.729
        }
      },
      "players": [
        {
          "team": 1,
          "pos": {
            "x": 11.31,
            "y": -0.97
          }
        },
        {
          "team": 2,
          "pos": {
            "x": -13.49,
            "y": 3.33
          }
        }
      ]
    },
    {
      "time": 0.16,
      "ball": {
        "pos": {
          "x": 3.336,
          "y": -0.215,
          "z": 1.563
        }
      },
      "players": [
        {
          "team": 1,
          "pos": {
            "x": 11.31,
            "y": -0.94
          }
        },
        {
          "team": 2,
          "pos": {
            "x": -13.52,
            "y": 3.32
          }
        }
      ]
    },
    {
      "time": 0.18,
      "ball": {
        "pos": {
          "x": 2.419,
          "y": -0.076,
          "z": 1.396
        }
      },
      "players": [
        {
          "team": 1,
          "pos": {
            "x": 11.32,
            "y": -0.95
          }
        },
        {
          "team": 2,
          "pos": {
            "x": -13.54,
            "y": 3.3
          }
        }
      ]
    },
    {
      "time": 0.2,
      "ball": {
        "pos": {
          "x": 1.521,
          "y": 0.059,
          "z": 1.228
        }
      },
      "players": [
        {
          "team": 1,
          "pos": {
            "x": 11.34,
            "y": -0.95
          }
        },
        {
          "team": 2,
          "pos": {
            "x": -13.57,
            "y": 3.3
          }
        }
      ]
    },
    {
      "time": 0.22,
      "ball": {
        "pos": {
          "x": 0.641,
          "y": 0.19,
          "z": 1.059
        }
      },
      "players": [
        {
          "team": 1,
          "pos": {
            "x": 11.37,
            "y": -1.02
          }
        },
        {
          "team": 2,
          "pos": {
            "x": -13.6,
            "y": 3.31
          }
        }
      ]
    },
    {
      "time": 0.235,
      "ball": {
        "pos": {
          "x": -0.005,
          "y": 0.286,
          "z": 0.933
        }
      },
      "players": [
        {
          "team": 1,
          "pos": {
            "x": 11.39,
            "y": -1.05
          }
        },
        {
          "team": 2,
          "pos": {
            "x": -13.38,
            "y": 3.35
          }
        }
      ]
    },
    {
      "time": 0.24,
      "ball": {
        "pos": {
          "x": -0.103,
          "y": 0.305,
          "z": 0.941
        }
      },
      "players": [
        {
          "team": 1,
          "pos": {
            "x": 11.39,
            "y": -1.05
          }
        },
        {
          "team": 2,
          "pos": {
            "x": -13.63,
            "y": 3.31
          }
        }
      ]
    },
    {
      "time": 0.26,
      "ball": {
        "pos": {
          "x": -0.487,
          "y": 0.378,
          "z": 0.969
        }
      },
      "players": [
        {
          "team": 1,
          "pos": {
            "x": 11.4,
            "y": -1.05
          }
        },
        {
          "team": 2,
          "pos": {
            "x": -13.63,
            "y": 3.31
          }
        }
      ]
    },
    {
      "time": 0.28,
      "ball": {
        "pos": {
          "x": -0.867,
          "y": 0.45,
          "z": 0.992
        }
      },
      "players": [
        {
          "team": 1,
          "pos": {
            "x": 11.45,
            "y": -1.06
          }
        },
        {
          "team": 2,
          "pos": {
            "x": -13.65,
            "y": 3.31
          }
        }
      ]
    },
    {
      "time": 0.3,
      "ball": {
        "pos": {
          "x": -1.242,
          "y": 0.522,
          "z": 1.008
        }
      },
      "players": [
        {
          "team": 1,
          "pos": {
            "x": 11.5,
            "y": -1.08
          }
        },
        {
          "team": 2,
          "pos": {
            "x": -13.67,
            "y": 3.29
          }
        }
      ]
    },
    {
      "time": 0.32,
      "ball": {
        "pos": {
          "x": -1.614,
          "y": 0.592,
          "z": 1.018
        }
      },
      "players": [
        {
          "team": 1,
          "pos": {
            "x": 11.48,
            "y": -1.07
          }
        },
        {
          "team": 2,
          "pos": {
            "x": -13.7,
            "y": 3.28
          }
        }
      ]
    },
    {
      "time": 0.34,
      "ball": {
        "pos": {
          "x": -1.981,
          "y": 0.662,
          "z": 1.023
        }
      },
      "players": [
        {
          "team": 1,
          "pos": {
            "x": 11.43,
            "y": -1.13
          }
        },
        {
          "team": 2,
          "pos": {
            "x": -13.73,
            "y": 3.27
          }
        }
      ]
    },
    {
      "time": 0.347,
      "ball": {
        "pos": {
          "x": -2.1,
          "y": 0.684,
          "z": 1.023
        }
      },
      "players": [
        {
          "team": 1,
          "pos": {
            "x": 11.44,
            "y": -1.12
          }
        },
        {
          "team": 2,
          "pos": {
            "x": -13.53,
            "y": 3.31
          }
        }
      ]
    },
    {
      "time": 0.36,
      "ball": {
        "pos": {
          "x": -2.344,
          "y": 0.731,
          "z": 1.022
        }
      },
      "players": [
        {
          "team": 1,
          "pos": {
            "x": 11.43,
            "y": -1.11
          }
        },
        {
          "team": 2,
          "pos": {
            "x": -13.76,
            "y": 3.24
          }
        }
      ]
    },
    {
      "time": 0.38,
      "ball": {
        "pos": {
          "x": -2.703,
          "y": 0.799,
          "z": 1.016
        }
      },
      "players": [
        {
          "team": 1,
          "pos": {
            "x": 11.42,
            "y": -1.11
          }
        },
        {
          "team": 2,
          "pos": {
            "x": -13.78,
            "y": 3.25
          }
        }
      ]
    },
    {
      "time": 0.4,
      "ball": {
        "pos": {
          "x": -3.058,
          "y": 0.866,
          "z": 1.003
        }
      },
      "players": [
        {
          "team": 1,
          "pos": {
            "x": 11.41,
            "y": -1.11
          }
        },
        {
          "team": 2,
          "pos": {
            "x": -13.8,
            "y": 3.24
          }
        }
      ]
    },
    {
      "time": 0.42,
      "ball": {
        "pos": {
          "x": -3.41,
          "y": 0.932,
          "z": 0.986
        }
      },
      "players": [
        {
          "team": 1,
          "pos": {
            "x": 11.41,
            "y": -1.14
          }
        },
        {
          "team": 2,
          "pos": {
            "x": -13.81,
            "y": 3.24
          }
        }
      ]
    },
    {
      "time": 0.44,
      "ball": {
        "pos": {
          "x": -3.757,
          "y": 0.998,
          "z": 0.963
        }
      },
      "players": [
        {
          "team": 1,
          "pos": {
            "x": 11.4,
            "y": -1.16
          }
        },
        {
          "team": 2,
          "pos": {
            "x": -13.82,
            "y": 3.25
          }
        }
      ]
    },
    {
      "time": 0.46,
      "ball": {
        "pos": {
          "x": -4.101,
          "y": 1.063,
          "z": 0.934
        }
      },
      "players": [
        {
          "team": 1,
          "pos": {
            "x": 11.39,
            "y": -1.16
          }
        },
        {
          "team": 2,
          "pos": {
            "x": -13.81,
            "y": 3.26
          }
        }
      ]
    },
    {
      "time": 0.48,
      "ball": {
        "pos": {
          "x": -4.441,
          "y": 1.128,
          "z": 0.901
        }
      },
      "players": [
        {
          "team": 1,
          "pos": {
            "x": 11.37,
            "y": -1.17
          }
        },
        {
          "team": 2,
          "pos": {
            "x": -13.81,
            "y": 3.27
          }
        }
      ]
    },
    {
      "time": 0.5,
      "ball": {
        "pos": {
          "x": -4.777,
          "y": 1.191,
          "z": 0.862
        }
      },
      "players": [
        {
          "team": 1,
          "pos": {
            "x": 11.35,
            "y": -1.2
          }
        },
        {
          "team": 2,
          "pos": {
            "x": -13.81,
            "y": 3.27
          }
        }
      ]
    },
    {
      "time": 0.52,
      "ball": {
        "pos": {
          "x": -5.11,
          "y": 1.255,
          "z": 0.818
        }
      },
      "players": [
        {
          "team": 1,
          "pos": {
            "x": 11.3,
            "y": -1.24
          }
        },
        {
          "team": 2,
          "pos": {
            "x": -13.8,
            "y": 3.28
          }
        }
      ]
    },
    {
      "time": 0.54,
      "ball": {
        "pos": {
          "x": -5.439,
          "y": 1.317,
          "z": 0.769
        }
      },
      "players": [
        {
          "team": 1,
          "pos": {
            "x": 11.27,
            "y": -1.26
          }
        },
        {
          "team": 2,
          "pos": {
            "x": -13.77,
            "y": 3.28
          }
        }
      ]
    },
    {
      "time": 0.56,
      "ball": {
        "pos": {
          "x": -5.765,
          "y": 1.379,
          "z": 0.716
        }
      },
      "players": [
        {
          "team": 1,
          "pos": {
            "x": 11.26,
            "y": -1.26
          }
        },
        {
          "team": 2,
          "pos": {
            "x": -13.76,
            "y": 3.27
          }
        }
      ]
    },
    {
      "time": 0.58,
      "ball": {
        "pos": {
          "x": -6.087,
          "y": 1.441,
          "z": 0.657
        }
      },
      "players": [
        {
          "team": 1,
          "pos": {
            "x": 11.26,
            "y": -1.19
          }
        },
        {
          "team": 2,
          "pos": {
            "x": -13.71,
            "y": 3.28
          }
        }
      ]
    },
    {
      "time": 0.6,
      "ball": {
        "pos": {
          "x": -6.406,
          "y": 1.502,
          "z": 0.593
        }
      },
      "players": [
        {
          "team": 1,
          "pos": {
            "x": 11.27,
            "y": -1.19
          }
        },
        {
          "team": 2,
          "pos": {
            "x": -13.67,
            "y": 3.31
          }
        }
      ]
    },
    {
      "time": 0.62,
      "ball": {
        "pos": {
          "x": -6.721,
          "y": 1.562,
          "z": 0.525
        }
      },
      "players": [
        {
          "team": 1,
          "pos": {
            "x": 11.28,
            "y": -1.21
          }
        },
        {
          "team": 2,
          "pos": {
            "x": -13.61,
            "y": 3.29
          }
        }
      ]
    },
    {
      "time": 0.64,
      "ball": {
        "pos": {
          "x": -7.033,
          "y": 1.623,
          "z": 0.452
        }
      },
      "players": [
        {
          "team": 1,
          "pos": {
            "x": 11.28,
            "y": -1.14
          }
        },
        {
          "team": 2,
          "pos": {
            "x": -13.57,
            "y": 3.25
          }
        }
      ]
    },
    {
      "time": 0.66,
      "ball": {
        "pos": {
          "x": -7.342,
          "y": 1.683,
          "z": 0.375
        }
      },
      "players": [
        {
          "team": 1,
          "pos": {
            "x": 11.28,
            "y": -1.18
          }
        },
        {
          "team": 2,
          "pos": {
            "x": -13.53,
            "y": 3.26
          }
        }
      ]
    },
    {
      "time": 0.68,
      "ball": {
        "pos": {
          "x": -7.647,
          "y": 1.742,
          "z": 0.293
        }
      },
      "players": [
        {
          "team": 1,
          "pos": {
            "x": 11.27,
            "y": -1.24
          }
        },
        {
          "team": 2,
          "pos": {
            "x": -13.48,
            "y": 3.18
          }
        }
      ]
    },
    {
      "time": 0.7,
      "ball": {
        "pos": {
          "x": -7.95,
          "y": 1.801,
          "z": 0.207
        }
      },
      "players": [
        {
          "team": 1,
          "pos": {
            "x": 11.24,
            "y": -1.21
          }
        },
        {
          "team": 2,
          "pos": {
            "x": -13.41,
            "y": 3.16
          }
        }
      ]
    },
    {
      "time": 0.72,
      "ball": {
        "pos": {
          "x": -8.249,
          "y": 1.86,
          "z": 0.116
        }
      },
      "players": [
        {
          "team": 1,
          "pos": {
            "x": 11.26,
            "y": -1.24
          }
        },
        {
          "team": 2,
          "pos": {
            "x": -13.35,
            "y": 3.19
          }
        }
      ]
    },
    {
      "time": 0.736,
      "event": "bounce",
      "ball": {
        "pos": {
          "x": -8.483,
          "y": 1.906,
          "z": 0.041
        }
      },
      "players": [
        {
          "team": 1,
          "pos": {
            "x": 11.26,
            "y": -1.16
          }
        },
        {
          "team": 2,
          "pos": {
            "x": -13.76,
            "y": 3.27
          }
        }
      ]
    },
    {
      "time": 0.74,
      "ball": {
        "pos": {
          "x": -8.544,
          "y": 1.918,
          "z": 0.043
        }
      },
      "players": [
        {
          "team": 1,
          "pos": {
            "x": 11.26,
            "y": -1.16
          }
        },
        {
          "team": 2,
          "pos": {
            "x": -13.35,
            "y": 3.19
          }
        }
      ]
    },
    {
      "time": 0.76,
      "ball": {
        "pos": {
          "x": -8.828,
          "y": 1.973,
          "z": 0.123
        }
      },
      "players": [
        {
          "team": 1,
          "pos": {
            "x": 11.17,
            "y": -1.21
          }
        },
        {
          "team": 2,
          "pos": {
            "x": -13.35,
            "y": 3.19
          }
        }
      ]
    },
    {
      "time": 0.78,
      "ball": {
        "pos": {
          "x": -9.11,
          "y": 2.027,
          "z": 0.198
        }
      },
      "players": [
        {
          "team": 1,
          "pos": {
            "x": 11.18,
            "y": -1.24
          }
        },
        {
          "team": 2,
          "pos": {
            "x": -13.35,
            "y": 3.19
          }
        }
      ]
    },
    {
      "time": 0.8,
      "ball": {
        "pos": {
          "x": -9.389,
          "y": 2.082,
          "z": 0.267
        }
      },
      "players": [
        {
          "team": 1,
          "pos": {
            "x": 11.16,
            "y": -1.29
          }
        },
        {
          "team": 2,
          "pos": {
            "x": -13.35,
            "y": 3.19
          }
        }
      ]
    },
    {
      "time": 0.82,
      "ball": {
        "pos": {
          "x": -9.667,
          "y": 2.137,
          "z": 0.33
        }
      },
      "players": [
        {
          "team": 1,
          "pos": {
            "x": 11.19,
            "y": -1.33
          }
        },
        {
          "team": 2,
          "pos": {
            "x": -13.35,
            "y": 3.19
          }
        }
      ]
    },
    {
      "time": 0.84,
      "ball": {
        "pos": {
          "x": -9.943,
          "y": 2.191,
          "z": 0.388
        }
      },
      "players": [
        {
          "team": 1,
          "pos": {
            "x": 11.2,
            "y": -1.36
          }
        },
        {
          "team": 2,
          "pos": {
            "x": -13.35,
            "y": 3.19
          }
        }
      ]
    },
    {
      "time": 0.86,
      "ball": {
        "pos": {
          "x": -10.216,
          "y": 2.245,
          "z": 0.44
        }
      },
      "players": [
        {
          "team": 1,
          "pos": {
            "x": 11.16,
            "y": -1.4
          }
        },
        {
          "team": 2,
          "pos": {
            "x": -13.35,
            "y": 3.19
          }
        }
      ]
    },
    {
      "time": 0.88,
      "ball": {
        "pos": {
          "x": -10.488,
          "y": 2.3,
          "z": 0.487
        }
      },
      "players": [
        {
          "team": 1,
          "pos": {
            "x": 11.1,
            "y": -1.39
          }
        },
        {
          "team": 2,
          "pos": {
            "x": -13.35,
            "y": 3.19
          }
        }
      ]
    },
    {
      "time": 0.9,
      "ball": {
        "pos": {
          "x": -10.759,
          "y": 2.354,
          "z": 0.528
        }
      },
      "players": [
        {
          "team": 1,
          "pos": {
            "x": 11.04,
            "y": -1.4
          }
        },
        {
          "team": 2,
          "pos": {
            "x": -13.35,
            "y": 3.19
          }
        }
      ]
    },
    {
      "time": 0.92,
      "ball": {
        "pos": {
          "x": -11.027,
          "y": 2.408,
          "z": 0.563
        }
      },
      "players": [
        {
          "team": 1,
          "pos": {
            "x": 11.04,
            "y": -1.4
          }
        },
        {
          "team": 2,
          "pos": {
            "x": -13.35,
            "y": 3.19
          }
        }
      ]
    },
    {
      "time": 0.94,
      "ball": {
        "pos": {
          "x": -11.294,
          "y": 2.462,
          "z": 0.593
        }
      },
      "players": [
        {
          "team": 1,
          "pos": {
            "x": 11.04,
            "y": -1.4
          }
        },
        {
          "team": 2,
          "pos": {
            "x": -13.35,
            "y": 3.19
          }
        }
      ]
    },
    {
      "time": 0.96,
      "ball": {
        "pos": {
          "x": -11.559,
          "y": 2.516,
          "z": 0.618
        }
      },
      "players": [
        {
          "team": 1,
          "pos": {
            "x": 11.04,
            "y": -1.4
          }
        },
        {
          "team": 2,
          "pos": {
            "x": -13.35,
            "y": 3.19
          }
        }
      ]
    },
    {
      "time": 0.98,
      "ball": {
        "pos": {
          "x": -11.822,
          "y": 2.57,
          "z": 0.637
        }
      },
      "players": [
        {
          "team": 1,
          "pos": {
            "x": 11.04,
            "y": -1.4
          }
        },
        {
          "team": 2,
          "pos": {
            "x": -13.35,
            "y": 3.19
          }
        }
      ]
    },
    {
      "time": 1.0,
      "ball": {
        "pos": {
          "x": -12.084,
          "y": 2.624,
          "z": 0.651
        }
      },
      "players": [
        {
          "team": 1,
          "pos": {
            "x": 11.04,
            "y": -1.4
          }
        },
        {
          "team": 2,
          "pos": {
            "x": -13.35,
            "y": 3.19
          }
        }
      ]
    },
    {
      "time": 1.02,
      "ball": {
        "pos": {
          "x": -12.344,
          "y": 2.678,
          "z": 0.659
        }
      },
      "players": [
        {
          "team": 1,
          "pos": {
            "x": 11.04,
            "y": -1.4
          }
        },
        {
          "team": 2,
          "pos": {
            "x": -13.35,
            "y": 3.19
          }
        }
      ]
    },
    {
      "time": 1.04,
      "ball": {
        "pos": {
          "x": -12.597,
          "y": 2.73,
          "z": 0.662
        }
      },
      "players": [
        {
          "team": 1,
          "pos": {
            "x": 11.04,
            "y": -1.4
          }
        },
        {
          "team": 2,
          "pos": {
            "x": -13.35,
            "y": 3.19
          }
        }
      ]
    },
    {
      "time": 1.06,
      "players": [
        {
          "team": 1,
          "pos": {
            "x": 11.04,
            "y": -1.4
          }
        },
        {
          "team": 2,
          "pos": {
            "x": -13.35,
            "y": 3.19
          }
        }
      ]
    },
    {
      "time": 1.08,
      "players": [
        {
          "team": 1,
          "pos": {
            "x": 11.04,
            "y": -1.4
          }
        },
        {
          "team": 2,
          "pos": {
            "x": -13.35,
            "y": 3.19
          }
        }
      ]
    },
    {
      "time": 1.1,
      "players": [
        {
          "team": 1,
          "pos": {
            "x": 11.04,
            "y": -1.4
          }
        },
        {
          "team": 2,
          "pos": {
            "x": -13.35,
            "y": 3.19
          }
        }
      ]
    },
    {
      "time": 1.12,
      "players": [
        {
          "team": 1,
          "pos": {
            "x": 11.04,
            "y": -1.4
          }
        },
        {
          "team": 2,
          "pos": {
            "x": -13.35,
            "y": 3.19
          }
        }
      ]
    },
    {
      "time": 1.14,
      "players": [
        {
          "team": 1,
          "pos": {
            "x": 11.04,
            "y": -1.4
          }
        },
        {
          "team": 2,
          "pos": {
            "x": -13.35,
            "y": 3.19
          }
        }
      ]
    },
    {
      "time": 1.16,
      "players": [
        {
          "team": 1,
          "pos": {
            "x": 11.04,
            "y": -1.4
          }
        },
        {
          "team": 2,
          "pos": {
            "x": -13.35,
            "y": 3.19
          }
        }
      ]
    },
    {
      "time": 1.18,
      "players": [
        {
          "team": 1,
          "pos": {
            "x": 11.04,
            "y": -1.4
          }
        },
        {
          "team": 2,
          "pos": {
            "x": -13.35,
            "y": 3.19
          }
        }
      ]
    },
    {
      "time": 1.2,
      "players": [
        {
          "team": 1,
          "pos": {
            "x": 11.04,
            "y": -1.4
          }
        },
        {
          "team": 2,
          "pos": {
            "x": -13.35,
            "y": 3.19
          }
        }
      ]
    },
    {
      "time": 1.22,
      "players": [
        {
          "team": 1,
          "pos": {
            "x": 11.04,
            "y": -1.4
          }
        },
        {
          "team": 2,
          "pos": {
            "x": -13.35,
            "y": 3.19
          }
        }
      ]
    },
    {
      "time": 1.24,
      "players": [
        {
          "team": 1,
          "pos": {
            "x": 11.04,
            "y": -1.4
          }
        },
        {
          "team": 2,
          "pos": {
            "x": -13.35,
            "y": 3.19
          }
        }
      ]
    },
    {
      "time": 1.26,
      "players": [
        {
          "team": 1,
          "pos": {
            "x": 11.04,
            "y": -1.4
          }
        },
        {
          "team": 2,
          "pos": {
            "x": -13.35,
            "y": 3.19
          }
        }
      ]
    },
    {
      "time": 1.28,
      "players": [
        {
          "team": 1,
          "pos": {
            "x": 11.04,
            "y": -1.4
          }
        },
        {
          "team": 2,
          "pos": {
            "x": -13.35,
            "y": 3.19
          }
        }
      ]
    },
    {
      "time": 1.3,
      "players": [
        {
          "team": 1,
          "pos": {
            "x": 11.04,
            "y": -1.4
          }
        },
        {
          "team": 2,
          "pos": {
            "x": -13.35,
            "y": 3.19
          }
        }
      ]
    },
    {
      "time": 1.32,
      "players": [
        {
          "team": 1,
          "pos": {
            "x": 11.04,
            "y": -1.4
          }
        },
        {
          "team": 2,
          "pos": {
            "x": -13.35,
            "y": 3.19
          }
        }
      ]
    },
    {
      "time": 1.34,
      "players": [
        {
          "team": 1,
          "pos": {
            "x": 11.04,
            "y": -1.4
          }
        },
        {
          "team": 2,
          "pos": {
            "x": -13.35,
            "y": 3.19
          }
        }
      ]
    },
    {
      "time": 1.36,
      "players": [
        {
          "team": 1,
          "pos": {
            "x": 11.04,
            "y": -1.4
          }
        },
        {
          "team": 2,
          "pos": {
            "x": -13.35,
            "y": 3.19
          }
        }
      ]
    },
    {
      "time": 1.38,
      "players": [
        {
          "team": 1,
          "pos": {
            "x": 11.04,
            "y": -1.4
          }
        },
        {
          "team": 2,
          "pos": {
            "x": -13.35,
            "y": 3.19
          }
        }
      ]
    },
    {
      "time": 1.4,
      "players": [
        {
          "team": 1,
          "pos": {
            "x": 11.04,
            "y": -1.4
          }
        },
        {
          "team": 2,
          "pos": {
            "x": -13.35,
            "y": 3.19
          }
        }
      ]
    },
    {
      "time": 1.42,
      "players": [
        {
          "team": 1,
          "pos": {
            "x": 11.04,
            "y": -1.4
          }
        },
        {
          "team": 2,
          "pos": {
            "x": -13.35,
            "y": 3.19
          }
        }
      ]
    },
    {
      "time": 1.44,
      "players": [
        {
          "team": 1,
          "pos": {
            "x": 11.04,
            "y": -1.4
          }
        },
        {
          "team": 2,
          "pos": {
            "x": -13.35,
            "y": 3.19
          }
        }
      ]
    },
    {
      "time": 1.46,
      "players": [
        {
          "team": 1,
          "pos": {
            "x": 11.04,
            "y": -1.4
          }
        },
        {
          "team": 2,
          "pos": {
            "x": -13.35,
            "y": 3.19
          }
        }
      ]
    },
    {
      "time": 1.48,
      "players": [
        {
          "team": 1,
          "pos": {
            "x": 11.04,
            "y": -1.4
          }
        },
        {
          "team": 2,
          "pos": {
            "x": -13.35,
            "y": 3.19
          }
        }
      ]
    },
    {
      "time": 1.5,
      "players": [
        {
          "team": 1,
          "pos": {
            "x": 11.04,
            "y": -1.4
          }
        },
        {
          "team": 2,
          "pos": {
            "x": -13.35,
            "y": 3.19
          }
        }
      ]
    },
    {
      "time": 1.52,
      "players": [
        {
          "team": 1,
          "pos": {
            "x": 11.04,
            "y": -1.4
          }
        },
        {
          "team": 2,
          "pos": {
            "x": -13.35,
            "y": 3.19
          }
        }
      ]
    },
    {
      "time": 1.54,
      "players": [
        {
          "team": 1,
          "pos": {
            "x": 11.04,
            "y": -1.4
          }
        },
        {
          "team": 2,
          "pos": {
            "x": -13.35,
            "y": 3.19
          }
        }
      ]
    },
    {
      "time": 1.56,
      "players": [
        {
          "team": 1,
          "pos": {
            "x": 11.04,
            "y": -1.4
          }
        },
        {
          "team": 2,
          "pos": {
            "x": -13.35,
            "y": 3.19
          }
        }
      ]
    },
    {
      "time": 1.58,
      "players": [
        {
          "team": 1,
          "pos": {
            "x": 11.04,
            "y": -1.4
          }
        },
        {
          "team": 2,
          "pos": {
            "x": -13.35,
            "y": 3.19
          }
        }
      ]
    },
    {
      "time": 1.6,
      "players": [
        {
          "team": 1,
          "pos": {
            "x": 11.04,
            "y": -1.4
          }
        },
        {
          "team": 2,
          "pos": {
            "x": -13.35,
            "y": 3.19
          }
        }
      ]
    },
    {
      "time": 1.62,
      "players": [
        {
          "team": 1,
          "pos": {
            "x": 11.04,
            "y": -1.4
          }
        },
        {
          "team": 2,
          "pos": {
            "x": -13.35,
            "y": 3.19
          }
        }
      ]
    },
    {
      "time": 1.64,
      "players": [
        {
          "team": 1,
          "pos": {
            "x": 11.04,
            "y": -1.4
          }
        },
        {
          "team": 2,
          "pos": {
            "x": -13.35,
            "y": 3.19
          }
        }
      ]
    },
    {
      "time": 1.66,
      "players": [
        {
          "team": 1,
          "pos": {
            "x": 11.04,
            "y": -1.4
          }
        },
        {
          "team": 2,
          "pos": {
            "x": -13.35,
            "y": 3.19
          }
        }
      ]
    },
    {
      "time": 1.68,
      "players": [
        {
          "team": 1,
          "pos": {
            "x": 11.04,
            "y": -1.4
          }
        },
        {
          "team": 2,
          "pos": {
            "x": -13.35,
            "y": 3.19
          }
        }
      ]
    },
    {
      "time": 1.7,
      "players": [
        {
          "team": 1,
          "pos": {
            "x": 11.04,
            "y": -1.4
          }
        },
        {
          "team": 2,
          "pos": {
            "x": -13.35,
            "y": 3.19
          }
        }
      ]
    },
    {
      "time": 1.72,
      "players": [
        {
          "team": 1,
          "pos": {
            "x": 11.04,
            "y": -1.4
          }
        },
        {
          "team": 2,
          "pos": {
            "x": -13.35,
            "y": 3.19
          }
        }
      ]
    },
    {
      "time": 1.74,
      "players": [
        {
          "team": 1,
          "pos": {
            "x": 11.04,
            "y": -1.4
          }
        },
        {
          "team": 2,
          "pos": {
            "x": -13.35,
            "y": 3.19
          }
        }
      ]
    },
    {
      "time": 1.76,
      "players": [
        {
          "team": 1,
          "pos": {
            "x": 11.04,
            "y": -1.4
          }
        },
        {
          "team": 2,
          "pos": {
            "x": -13.35,
            "y": 3.19
          }
        }
      ]
    },
    {
      "time": 1.78,
      "players": [
        {
          "team": 1,
          "pos": {
            "x": 11.04,
            "y": -1.4
          }
        },
        {
          "team": 2,
          "pos": {
            "x": -13.35,
            "y": 3.19
          }
        }
      ]
    },
    {
      "time": 1.8,
      "players": [
        {
          "team": 1,
          "pos": {
            "x": 11.04,
            "y": -1.4
          }
        },
        {
          "team": 2,
          "pos": {
            "x": -13.35,
            "y": 3.19
          }
        }
      ]
    },
    {
      "time": 1.82,
      "players": [
        {
          "team": 1,
          "pos": {
            "x": 11.04,
            "y": -1.4
          }
        },
        {
          "team": 2,
          "pos": {
            "x": -13.35,
            "y": 3.19
          }
        }
      ]
    },
    {
      "time": 1.84,
      "players": [
        {
          "team": 1,
          "pos": {
            "x": 11.04,
            "y": -1.4
          }
        },
        {
          "team": 2,
          "pos": {
            "x": -13.35,
            "y": 3.19
          }
        }
      ]
    }
  ]
}