{
  "id": "f844de47-9916-4c0e-ada4-da7c9da3e187",
  "sequences": {
    "set": 1,
    "game": 4,
    "point": 3,
    "serve": 1,
    "rally": 1
  },
  "match": {
    "season": 2025,
    "tournament_id": 9999,
    "draw_code": "MS001",
    "court_id": 1,
    "players": [
      {
        "forename": "Andy",
        "surname": "Bernard",
        "team": 1,
        "external_id": "AB12"
      },
      {
        "forename": "Cedric",
        "surname": "Diggory",
        "team": 2,
        "external_id": "CD34"
      }
    ]
  },
  "shots": [
    {
      "shot_no": 1,
      "team": 1,
      "stroke": "serve",
      "spin": {
        "type": "topspin",
        "rpm": 1319.129
      },
      "speed_ms": 50.389,
      "call": "in",
      "distance": -0.502,
      "time_utc": "2025-01-01T11:27:41.635Z",
      "time": 0.0,
      "duration": 0.764
    },
    {
      "shot_no": 2,
      "team": 2,
      "stroke": "backhand",
      "spin": {
        "type": "backspin",
        "rpm": -2241.344
      },
      "speed_ms": 24.363,
      "call": "out",
      "distance": 2.199,
      "time_utc": "2025-01-01T11:27:42.399Z",
      "time": 0.764,
      "duration": 1.765
    }
  ],
  "samples": [
    {
      "time": -1.86,
      "players": [
        {
          "team": 1,
          "pos": {
            "x": 12.06,
            "y": 0.95
          }
        },
        {
          "team": 2,
          "pos": {
            "x": -15.09,
            "y": -4.47
          }
        }
      ]
    },
    {
      "time": -1.84,
      "players": [
        {
          "team": 1,
          "pos": {
            "x": 12.07,
            "y": 0.94
          }
        },
        {
          "team": 2,
          "pos": {
            "x": -15.09,
            "y": -4.47
          }
        }
      ]
    },
    {
      "time": -1.82,
      "players": [
        {
          "team": 1,
          "pos": {
            "x": 12.05,
            "y": 0.97
          }
        },
        {
          "team": 2,
          "pos": {
            "x": -15.09,
            "y": -4.47
          }
        }
      ]
    },
    {
      "time": -1.8,
      "players": [
        {
          "team": 1,
          "pos": {
            "x": 12.04,
            "y": 1.0
          }
        },
        {
          "team": 2,
          "pos": {
            "x": -15.09,
            "y": -4.47
          }
        }
      ]
    },
    {
      "time": -1.78,
      "players": [
        {
          "team": 1,
          "pos": {
            "x": 12.04,
            "y": 1.02
          }
        },
        {
          "team": 2,
          "pos": {
            "x": -15.09,
            "y": -4.47
          }
        }
      ]
    },
    {
      "time": -1.76,
      "players": [
        {
          "team": 1,
          "pos": {
            "x": 12.04,
            "y": 1.04
          }
        },
        {
          "team": 2,
          "pos": {
            "x": -15.09,
            "y": -4.47
          }
        }
      ]
    },
    {
      "time": -1.74,
      "players": [
        {
          "team": 1,
          "pos": {
            "x": 12.03,
            "y": 1.03
          }
        },
        {
          "team": 2,
          "pos": {
            "x": -15.09,
            "y": -4.47
          }
        }
      ]
    },
    {
      "time": -1.72,
      "players": [
        {
          "team": 1,
          "pos": {
            "x": 12.01,
            "y": 1.0
          }
        },
        {
          "team": 2,
          "pos": {
            "x": -15.09,
            "y": -4.47
          }
        }
      ]
    },
    {
      "time": -1.7,
      "players": [
        {
          "team": 1,
          "pos": {
            "x": 12.0,
            "y": 0.97
          }
        },
        {
          "team": 2,
          "pos": {
            "x": -15.09,
            "y": -4.47
          }
        }
      ]
    },
    {
      "time": -1.68,
      "players": [
        {
          "team": 1,
          "pos": {
            "x": 12.02,
            "y": 0.93
          }
        },
        {
          "team": 2,
          "pos": {
            "x": -15.09,
            "y": -4.47
          }
        }
      ]
    },
    {
      "time": -1.66,
      "players": [
        {
          "team": 1,
          "pos": {
            "x": 12.01,
            "y": 0.94
          }
        },
        {
          "team": 2,
          "pos": {
            "x": -15.09,
            "y": -4.47
          }
        }
      ]
    },
    {
      "time": -1.64,
      "players": [
        {
          "team": 1,
          "pos": {
            "x": 12.05,
            "y": 0.9
          }
        },
        {
          "team": 2,
          "pos": {
            "x": -15.09,
            "y": -4.47
          }
        }
      ]
    },
    {
      "time": -1.62,
      "players": [
        {
          "team": 1,
          "pos": {
            "x": 12.06,
            "y": 0.87
          }
        },
        {
          "team": 2,
          "pos": {
            "x": -15.09,
            "y": -4.47
          }
        }
      ]
    },
    {
      "time": -1.6,
      "players": [
        {
          "team": 1,
          "pos": {
            "x": 12.08,
            "y": 0.84
          }
        },
        {
          "team": 2,
          "pos": {
            "x": -15.09,
            "y": -4.46
          }
        }
      ]
    },
    {
      "time": -1.58,
      "players": [
        {
          "team": 1,
          "pos": {
            "x": 12.12,
            "y": 0.84
          }
        },
        {
          "team": 2,
          "pos": {
            "x": -15.09,
            "y": -4.46
          }
        }
      ]
    },
    {
      "time": -1.56,
      "players": [
        {
          "team": 1,
          "pos": {
            "x": 12.12,
            "y": 0.84
          }
        },
        {
          "team": 2,
          "pos": {
            "x": -15.08,
            "y": -4.45
          }
        }
      ]
    },
    {
      "time": -1.54,
      "players": [
        {
          "team": 1,
          "pos": {
            "x": 12.13,
            "y": 0.87
          }
        },
        {
          "team": 2,
          "pos": {
            "x": -15.07,
            "y": -4.42
          }
        }
      ]
    },
    {
      "time": -1.52,
      "players": [
        {
          "team": 1,
          "pos": {
            "x": 12.12,
            "y": 0.89
          }
        },
        {
          "team": 2,
          "pos": {
            "x": -15.06,
            "y": -4.4
          }
        }
      ]
    },
    {
      "time": -1.5,
      "players": [
        {
          "team": 1,
          "pos": {
            "x": 12.11,
            "y": 0.92
          }
        },
        {
          "team": 2,
          "pos": {
            "x": -15.03,
            "y": -4.39
          }
        }
      ]
    },
    {
      "time": -1.48,
      "players": [
        {
          "team": 1,
          "pos": {
            "x": 12.11,
            "y": 0.87
          }
        },
        {
          "team": 2,
          "pos": {
            "x": -15.02,
            "y": -4.38
          }
        }
      ]
    },
    {
      "time": -1.46,
      "players": [
        {
          "team": 1,
          "pos": {
            "x": 12.13,
            "y": 0.83
          }
        },
        {
          "team": 2,
          "pos": {
            "x": -15.04,
            "y": -4.38
          }
        }
      ]
    },
    {
      "time": -1.44,
      "players": [
        {
          "team": 1,
          "pos": {
            "x": 12.12,
            "y": 0.8
          }
        },
        {
          "team": 2,
          "pos": {
            "x": -15.03,
            "y": -4.37
          }
        }
      ]
    },
    {
      "time": -1.42,
      "players": [
        {
          "team": 1,
          "pos": {
            "x": 12.13,
            "y": 0.8
          }
        },
        {
          "team": 2,
          "pos": {
            "x": -15.01,
            "y": -4.35
          }
        }
      ]
    },
    {
      "time": -1.4,
      "players": [
        {
          "team": 1,
          "pos": {
            "x": 12.14,
            "y": 0.77
          }
        },
        {
          "team": 2,
          "pos": {
            "x": -14.98,
            "y": -4.32
          }
        }
      ]
    },
    {
      "time": -1.38,
      "players": [
        {
          "team": 1,
          "pos": {
            "x": 12.15,
            "y": 0.75
          }
        },
        {
          "team": 2,
          "pos": {
            "x": -14.95,
            "y": -4.27
          }
        }
      ]
    },
    {
      "time": -1.36,
      "players": [
        {
          "team": 1,
          "pos": {
            "x": 12.14,
            "y": 0.71
          }
        },
        {
          "team": 2,
          "pos": {
            "x": -14.96,
            "y": -4.28
          }
        }
      ]
    },
    {
      "time": -1.34,
      "players": [
        {
          "team": 1,
          "pos": {
            "x": 12.14,
            "y": 0.68
          }
        },
        {
          "team": 2,
          "pos": {
            "x": -14.95,
            "y": -4.27
          }
        }
      ]
    },
    {
      "time": -1.32,
      "players": [
        {
          "team": 1,
          "pos": {
            "x": 12.12,
            "y": 0.64
          }
        },
        {
          "team": 2,
          "pos": {
            "x": -14.92,
            "y": -4.21
          }
        }
      ]
    },
    {
      "time": -1.3,
      "players": [
        {
          "team": 1,
          "pos": {
            "x": 12.1,
            "y": 0.62
          }
        },
        {
          "team": 2,
          "pos": {
            "x": -14.93,
            "y": -4.22
          }
        }
      ]
    },
    {
      "time": -1.28,
      "players": [
        {
          "team": 1,
          "pos": {
            "x": 12.1,
            "y": 0.6
          }
        },
        {
          "team": 2,
          "pos": {
            "x": -14.89,
            "y": -4.22
          }
        }
      ]
    },
    {
      "time": -1.26,
      "players": [
        {
          "team": 1,
          "pos": {
            "x": 12.08,
            "y": 0.58
          }
        },
        {
          "team": 2,
          "pos": {
            "x": -14.88,
            "y": -4.19
          }
        }
      ]
    },
    {
      "time": -1.24,
      "players": [
        {
          "team": 1,
          "pos": {
            "x": 12.09,
            "y": 0.56
          }
        },
        {
          "team": 2,
          "pos": {
            "x": -14.88,
            "y": -4.2
          }
        }
      ]
    },
    {
      "time": -1.22,
      "players": [
        {
          "team": 1,
          "pos": {
            "x": 12.07,
            "y": 0.53
          }
        },
        {
          "team": 2,
          "pos": {
            "x": -14.89,
            "y": -4.22
          }
        }
      ]
    },
    {
      "time": -1.2,
      "players": [
        {
          "team": 1,
          "pos": {
            "x": 12.06,
            "y": 0.52
          }
        },
        {
          "team": 2,
          "pos": {
            "x": -14.92,
            "y": -4.2
          }
        }
      ]
    },
    {
      "time": -1.18,
      "players": [
        {
          "team": 1,
          "pos": {
            "x": 12.04,
            "y": 0.52
          }
        },
        {
          "team": 2,
          "pos": {
            "x": -14.91,
            "y": -4.18
          }
        }
      ]
    },
    {
      "time": -1.16,
      "players": [
        {
          "team": 1,
          "pos": {
            "x": 12.02,
            "y": 0.53
          }
        },
        {
          "team": 2,
          "pos": {
            "x": -14.86,
            "y": -4.19
          }
        }
      ]
    },
    {
      "time": -1.14,
      "players": [
        {
          "team": 1,
          "pos": {
            "x": 12.0,
            "y": 0.55
          }
        },
        {
          "team": 2,
          "pos": {
            "x": -14.89,
            "y": -4.19
          }
        }
      ]
    },
    {
      "time": -1.136,
      "ball": {
        "pos": {
          "x": 11.755,
          "y": 1.475,
          "z": 1.138
        }
      },
      "players": [
        {
          "team": 1,
          "pos": {
            "x": 11.98,
            "y": 0.56
          }
        },
        {
          "team": 2,
          "pos": {
            "x": -14.9,
            "y": -4.19
          }
        }
      ]
    },
    {
      "time": -1.12,
      "ball": {
        "pos": {
          "x": 11.749,
          "y": 1.468,
          "z": 1.255
        }
      },
      "players": [
        {
          "team": 1,
          "pos": {
            "x": 11.96,
            "y": 0.6
          }
        },
        {
          "team": 2,
          "pos": {
            "x": -14.92,
            "y": -4.17
          }
        }
      ]
    },
    {
      "time": -1.1,
      "ball": {
        "pos": {
          "x": 11.743,
          "y": 1.458,
          "z": 1.395
        }
      },
      "players": [
        {
          "team": 1,
          "pos": {
            "x": 11.94,
            "y": 0.62
          }
        },
        {
          "team": 2,
          "pos": {
            "x": -14.93,
            "y": -4.18
          }
        }
      ]
    },
    {
      "time": -1.08,
      "ball": {
        "pos": {
          "x": 11.736,
          "y": 1.449,
          "z": 1.531
        }
      },
      "players": [
        {
          "team": 1,
          "pos": {
            "x": 11.9,
            "y": 0.67
          }
        },
        {
          "team": 2,
          "pos": {
            "x": -14.9,
            "y": -4.2
          }
        }
      ]
    },
    {
      "time": -1.06,
      "ball": {
        "pos": {
          "x": 11.729,
          "y": 1.439,
          "z": 1.662
        }
      },
      "players": [
        {
          "team": 1,
          "pos": {
            "x": 11.91,
            "y": 0.68
          }
        },
        {
          "team": 2,
          "pos": {
            "x": -14.9,
            "y": -4.19
          }
        }
      ]
    },
    {
      "time": -1.04,
      "ball": {
        "pos": {
          "x": 11.723,
          "y": 1.429,
          "z": 1.789
        }
      },
      "players": [
        {
          "team": 1,
          "pos": {
            "x": 11.95,
            "y": 0.66
          }
        },
        {
          "team": 2,
          "pos": {
            "x": -14.89,
            "y": -4.13
          }
        }
      ]
    },
    {
      "time": -1.02,
      "ball": {
        "pos": {
          "x": 11.716,
          "y": 1.419,
          "z": 1.912
        }
      },
      "players": [
        {
          "team": 1,
          "pos": {
            "x": 11.99,
            "y": 0.62
          }
        },
        {
          "team": 2,
          "pos": {
            "x": -14.9,
            "y": -4.18
          }
        }
      ]
    },
    {
      "time": -1.0,
      "ball": {
        "pos": {
          "x": 11.709,
          "y": 1.409,
          "z": 2.031
        }
      },
      "players": [
        {
          "team": 1,
          "pos": {
            "x": 12.0,
            "y": 0.61
          }
        },
        {
          "team": 2,
          "pos": {
            "x": -14.88,
            "y": -4.22
          }
        }
      ]
    },
    {
      "time": -0.98,
      "ball": {
        "pos": {
          "x": 11.703,
          "y": 1.399,
          "z": 2.145
        }
      },
      "players": [
        {
          "team": 1,
          "pos": {
            "x": 12.06,
            "y": 0.6
          }
        },
        {
          "team": 2,
          "pos": {
            "x": -14.89,
            "y": -4.26
          }
        }
      ]
    },
    {
      "time": -0.96,
      "ball": {
        "pos": {
          "x": 11.696,
          "y": 1.389,
          "z": 2.256
        }
      },
      "players": [
        {
          "team": 1,
          "pos": {
            "x": 12.06,
            "y": 0.6
          }
        },
        {
          "team": 2,
          "pos": {
            "x": -14.87,
            "y": -4.21
          }
        }
      ]
    },
    {
      "time": -0.94,
      "ball": {
        "pos": {
          "x": 11.69,
          "y": 1.378,
          "z": 2.362
        }
      },
      "players": [
        {
          "team": 1,
          "pos": {
            "x": 12.12,
            "y": 0.71
          }
        },
        {
          "team": 2,
          "pos": {
            "x": -14.84,
            "y": -4.23
          }
        }
      ]
    },
    {
      "time": -0.92,
      "ball": {
        "pos": {
          "x": 11.684,
          "y": 1.368,
          "z": 2.463
        }
      },
      "players": [
        {
          "team": 1,
          "pos": {
            "x": 12.15,
            "y": 0.8
          }
        },
        {
          "team": 2,
          "pos": {
            "x": -14.81,
            "y": -4.23
          }
        }
      ]
    },
    {
      "time": -0.9,
      "ball": {
        "pos": {
          "x": 11.677,
          "y": 1.357,
          "z": 2.561
        }
      },
      "players": [
        {
          "team": 1,
          "pos": {
            "x": 12.18,
            "y": 0.89
          }
        },
        {
          "team": 2,
          "pos": {
            "x": -14.79,
            "y": -4.27
          }
        }
      ]
    },
    {
      "time": -0.88,
      "ball": {
        "pos": {
          "x": 11.671,
          "y": 1.346,
          "z": 2.654
        }
      },
      "players": [
        {
          "team": 1,
          "pos": {
            "x": 12.2,
            "y": 0.97
          }
        },
        {
          "team": 2,
          "pos": {
            "x": -14.85,
            "y": -4.28
          }
        }
      ]
    },
    {
      "time": -0.86,
      "ball": {
        "pos": {
          "x": 11.665,
          "y": 1.335,
          "z": 2.743
        }
      },
      "players": [
        {
          "team": 1,
          "pos": {
            "x": 12.21,
            "y": 1.04
          }
        },
        {
          "team": 2,
          "pos": {
            "x": -14.84,
            "y": -4.3
          }
        }
      ]
    },
    {
      "time": -0.84,
      "ball": {
        "pos": {
          "x": 11.659,
          "y": 1.324,
          "z": 2.828
        }
      },
      "players": [
        {
          "team": 1,
          "pos": {
            "x": 12.22,
            "y": 1.11
          }
        },
        {
          "team": 2,
          "pos": {
            "x": -14.82,
            "y": -4.29
          }
        }
      ]
    },
    {
      "time": -0.82,
      "ball": {
        "pos": {
          "x": 11.653,
          "y": 1.313,
          "z": 2.909
        }
      },
      "players": [
        {
          "team": 1,
          "pos": {
            "x": 12.25,
            "y": 1.16
          }
        },
        {
          "team": 2,
          "pos": {
            "x": -14.79,
            "y": -4.26
          }
        }
      ]
    },
    {
      "time": -0.8,
      "ball": {
        "pos": {
          "x": 11.647,
          "y": 1.302,
          "z": 2.986
        }
      },
      "players": [
        {
          "team": 1,
          "pos": {
            "x": 12.28,
            "y": 1.2
          }
        },
        {
          "team": 2,
          "pos": {
            "x": -14.77,
            "y": -4.26
          }
        }
      ]
    },
    {
      "time": -0.78,
      "ball": {
        "pos": {
          "x": 11.641,
          "y": 1.29,
          "z": 3.059
        }
      },
      "players": [
        {
          "team": 1,
          "pos": {
            "x": 12.3,
            "y": 1.23
          }
        },
        {
          "team": 2,
          "pos": {
            "x": -14.78,
            "y": -4.28
          }
        }
      ]
    },
    {
      "time": -0.76,
      "ball": {
        "pos": {
          "x": 11.635,
          "y": 1.279,
          "z": 3.127
        }
      },
      "players": [
        {
          "team": 1,
          "pos": {
            "x": 12.34,
            "y": 1.26
          }
        },
        {
          "team": 2,
          "pos": {
            "x": -14.81,
            "y": -4.31
          }
        }
      ]
    },
    {
      "time": -0.74,
      "ball": {
        "pos": {
          "x": 11.629,
          "y": 1.267,
          "z": 3.191
        }
      },
      "players": [
        {
          "team": 1,
          "pos": {
            "x": 12.35,
            "y": 1.3
          }
        },
        {
          "team": 2,
          "pos": {
            "x": -14.76,
            "y": -4.29
          }
        }
      ]
    },
    {
      "time": -0.72,
      "ball": {
        "pos": {
          "x": 11.624,
          "y": 1.255,
          "z": 3.251
        }
      },
      "players": [
        {
          "team": 1,
          "pos": {
            "x": 12.35,
            "y": 1.32
          }
        },
        {
          "team": 2,
          "pos": {
            "x": -14.76,
            "y": -4.32
          }
        }
      ]
    },
    {
      "time": -0.7,
      "ball": {
        "pos": {
          "x": 11.618,
          "y": 1.244,
          "z": 3.307
        }
      },
      "players": [
        {
          "team": 1,
          "pos": {
            "x": 12.36,
            "y": 1.34
          }
        },
        {
          "team": 2,
          "pos": {
            "x": -14.73,
            "y": -4.35
          }
        }
      ]
    },
    {
      "time": -0.68,
      "ball": {
        "pos": {
          "x": 11.612,
          "y": 1.232,
          "z": 3.359
        }
      },
      "players": [
        {
          "team": 1,
          "pos": {
            "x": 12.37,
            "y": 1.32
          }
        },
        {
          "team": 2,
          "pos": {
            "x": -14.7,
            "y": -4.38
          }
        }
      ]
    },
    {
      "time": -0.66,
      "ball": {
        "pos": {
          "x": 11.607,
          "y": 1.22,
          "z": 3.407
        }
      },
      "players": [
        {
          "team": 1,
          "pos": {
            "x": 12.4,
            "y": 1.31
          }
        },
        {
          "team": 2,
          "pos": {
            "x": -14.68,
            "y": -4.42
          }
        }
      ]
    },
    {
      "time": -0.64,
      "ball": {
        "pos": {
          "x": 11.602,
          "y": 1.208,
          "z": 3.451
        }
      },
      "players": [
        {
          "team": 1,
          "pos": {
            "x": 12.42,
            "y": 1.33
          }
        },
        {
          "team": 2,
          "pos": {
            "x": -14.66,
            "y": -4.44
          }
        }
      ]
    },
    {
      "time": -0.62,
      "ball": {
        "pos": {
          "x": 11.596,
          "y": 1.196,
          "z": 3.49
        }
      },
      "players": [
        {
          "team": 1,
          "pos": {
            "x": 12.43,
            "y": 1.32
          }
        },
        {
          "team": 2,
          "pos": {
            "x": -14.69,
            "y": -4.41
          }
        }
      ]
    },
    {
      "time": -0.6,
      "ball": {
        "pos": {
          "x": 11.591,
          "y": 1.184,
          "z": 3.526
        }
      },
      "players": [
        {
          "team": 1,
          "pos": {
            "x": 12.43,
            "y": 1.33
          }
        },
        {
          "team": 2,
          "pos": {
            "x": -14.72,
            "y": -4.38
          }
        }
      ]
    },
    {
      "time": -0.58,
      "ball": {
        "pos": {
          "x": 11.586,
          "y": 1.171,
          "z": 3.557
        }
      },
      "players": [
        {
          "team": 1,
          "pos": {
            "x": 12.43,
            "y": 1.29
          }
        },
        {
          "team": 2,
          "pos": {
            "x": -14.7,
            "y": -4.4
          }
        }
      ]
    },
    {
      "time": -0.56,
      "ball": {
        "pos": {
          "x": 11.581,
          "y": 1.159,
          "z": 3.585
        }
      },
      "players": [
        {
          "team": 1,
          "pos": {
            "x": 12.45,
            "y": 1.24
          }
        },
        {
          "team": 2,
          "pos": {
            "x": -14.71,
            "y": -4.4
          }
        }
      ]
    },
    {
      "time": -0.54,
      "ball": {
        "pos": {
          "x": 11.576,
          "y": 1.147,
          "z": 3.608
        }
      },
      "players": [
        {
          "team": 1,
          "pos": {
            "x": 12.45,
            "y": 1.16
          }
        },
        {
          "team": 2,
          "pos": {
            "x": -14.69,
            "y": -4.41
          }
        }
      ]
    },
    {
      "time": -0.52,
      "ball": {
        "pos": {
          "x": 11.571,
          "y": 1.134,
          "z": 3.628
        }
      },
      "players": [
        {
          "team": 1,
          "pos": {
            "x": 12.47,
            "y": 1.16
          }
        },
        {
          "team": 2,
          "pos": {
            "x": -14.7,
            "y": -4.37
          }
        }
      ]
    },
    {
      "time": -0.5,
      "ball": {
        "pos": {
          "x": 11.567,
          "y": 1.122,
          "z": 3.643
        }
      },
      "players": [
        {
          "team": 1,
          "pos": {
            "x": 12.48,
            "y": 1.18
          }
        },
        {
          "team": 2,
          "pos": {
            "x": -14.72,
            "y": -4.32
          }
        }
      ]
    },
    {
      "time": -0.48,
      "ball": {
        "pos": {
          "x": 11.562,
          "y": 1.109,
          "z": 3.655
        }
      },
      "players": [
        {
          "team": 1,
          "pos": {
            "x": 12.49,
            "y": 1.22
          }
        },
        {
          "team": 2,
          "pos": {
            "x": -14.74,
            "y": -4.26
          }
        }
      ]
    },
    {
      "time": -0.46,
      "ball": {
        "pos": {
          "x": 11.558,
          "y": 1.097,
          "z": 3.662
        }
      },
      "players": [
        {
          "team": 1,
          "pos": {
            "x": 12.5,
            "y": 1.24
          }
        },
        {
          "team": 2,
          "pos": {
            "x": -14.76,
            "y": -4.22
          }
        }
      ]
    },
    {
      "time": -0.44,
      "ball": {
        "pos": {
          "x": 11.553,
          "y": 1.084,
          "z": 3.665
        }
      },
      "players": [
        {
          "team": 1,
          "pos": {
            "x": 12.51,
            "y": 1.27
          }
        },
        {
          "team": 2,
          "pos": {
            "x": -14.69,
            "y": -4.25
          }
        }
      ]
    },
    {
      "time": -0.433,
      "ball": {
        "pos": {
          "x": 11.552,
          "y": 1.08,
          "z": 3.665
        }
      },
      "players": [
        {
          "team": 1,
          "pos": {
            "x": 12.52,
            "y": 1.28
          }
        },
        {
          "team": 2,
          "pos": {
            "x": -14.72,
            "y": -4.33
          }
        }
      ]
    },
    {
      "time": -0.42,
      "ball": {
        "pos": {
          "x": 11.549,
          "y": 1.071,
          "z": 3.665
        }
      },
      "players": [
        {
          "team": 1,
          "pos": {
            "x": 12.53,
            "y": 1.29
          }
        },
        {
          "team": 2,
          "pos": {
            "x": -14.69,
            "y": -4.2
          }
        }
      ]
    },
    {
      "time": -0.4,
      "ball": {
        "pos": {
          "x": 11.545,
          "y": 1.058,
          "z": 3.66
        }
      },
      "players": [
        {
          "team": 1,
          "pos": {
            "x": 12.55,
            "y": 1.3
          }
        },
        {
          "team": 2,
          "pos": {
            "x": -14.69,
            "y": -4.15
          }
        }
      ]
    },
    {
      "time": -0.38,
      "ball": {
        "pos": {
          "x": 11.541,
          "y": 1.046,
          "z": 3.651
        }
      },
      "players": [
        {
          "team": 1,
          "pos": {
            "x": 12.56,
            "y": 1.3
          }
        },
        {
          "team": 2,
          "pos": {
            "x": -14.7,
            "y": -4.11
          }
        }
      ]
    },
    {
      "time": -0.36,
      "ball": {
        "pos": {
          "x": 11.537,
          "y": 1.033,
          "z": 3.639
        }
      },
      "players": [
        {
          "team": 1,
          "pos": {
            "x": 12.56,
            "y": 1.32
          }
        },
        {
          "team": 2,
          "pos": {
            "x": -14.63,
            "y": -4.05
          }
        }
      ]
    },
    {
      "time": -0.34,
      "ball": {
        "pos": {
          "x": 11.533,
          "y": 1.02,
          "z": 3.622
        }
      },
      "players": [
        {
          "team": 1,
          "pos": {
            "x": 12.52,
            "y": 1.34
          }
        },
        {
          "team": 2,
          "pos": {
            "x": -14.58,
            "y": -4.01
          }
        }
      ]
    },
    {
      "time": -0.32,
      "ball": {
        "pos": {
          "x": 11.53,
          "y": 1.007,
          "z": 3.602
        }
      },
      "players": [
        {
          "team": 1,
          "pos": {
            "x": 12.46,
            "y": 1.35
          }
        },
        {
          "team": 2,
          "pos": {
            "x": -14.6,
            "y": -3.97
          }
        }
      ]
    },
    {
      "time": -0.3,
      "ball": {
        "pos": {
          "x": 11.526,
          "y": 0.994,
          "z": 3.578
        }
      },
      "players": [
        {
          "team": 1,
          "pos": {
            "x": 12.42,
            "y": 1.35
          }
        },
        {
          "team": 2,
          "pos": {
            "x": -14.59,
            "y": -3.97
          }
        }
      ]
    },
    {
      "time": -0.28,
      "ball": {
        "pos": {
          "x": 11.523,
          "y": 0.981,
          "z": 3.549
        }
      },
      "players": [
        {
          "team": 1,
          "pos": {
            "x": 12.39,
            "y": 1.33
          }
        },
        {
          "team": 2,
          "pos": {
            "x": -14.51,
            "y": -3.98
          }
        }
      ]
    },
    {
      "time": -0.26,
      "ball": {
        "pos": {
          "x": 11.519,
          "y": 0.968,
          "z": 3.517
        }
      },
      "players": [
        {
          "team": 1,
          "pos": {
            "x": 12.36,
            "y": 1.36
          }
        },
        {
          "team": 2,
          "pos": {
            "x": -14.44,
            "y": -3.97
          }
        }
      ]
    },
    {
      "time": -0.24,
      "ball": {
        "pos": {
          "x": 11.516,
          "y": 0.955,
          "z": 3.481
        }
      },
      "players": [
        {
          "team": 1,
          "pos": {
            "x": 12.33,
            "y": 1.38
          }
        },
        {
          "team": 2,
          "pos": {
            "x": -14.35,
            "y": -3.97
          }
        }
      ]
    },
    {
      "time": -0.22,
      "ball": {
        "pos": {
          "x": 11.513,
          "y": 0.942,
          "z": 3.441
        }
      },
      "players": [
        {
          "team": 1,
          "pos": {
            "x": 12.35,
            "y": 1.33
          }
        },
        {
          "team": 2,
          "pos": {
            "x": -14.27,
            "y": -3.97
          }
        }
      ]
    },
    {
      "time": -0.2,
      "ball": {
        "pos": {
          "x": 11.51,
          "y": 0.929,
          "z": 3.397
        }
      },
      "players": [
        {
          "team": 1,
          "pos": {
            "x": 12.35,
            "y": 1.36
          }
        },
        {
          "team": 2,
          "pos": {
            "x": -14.19,
            "y": -3.98
          }
        }
      ]
    },
    {
      "time": -0.18,
      "ball": {
        "pos": {
          "x": 11.508,
          "y": 0.916,
          "z": 3.349
        }
      },
      "players": [
        {
          "team": 1,
          "pos": {
            "x": 12.27,
            "y": 1.3
          }
        },
        {
          "team": 2,
          "pos": {
            "x": -14.1,
            "y": -3.99
          }
        }
      ]
    },
    {
      "time": -0.16,
      "ball": {
        "pos": {
          "x": 11.505,
          "y": 0.903,
          "z": 3.298
        }
      },
      "players": [
        {
          "team": 1,
          "pos": {
            "x": 12.21,
            "y": 1.23
          }
        },
        {
          "team": 2,
          "pos": {
            "x": -14.02,
            "y": -4.0
          }
        }
      ]
    },
    {
      "time": -0.14,
      "ball": {
        "pos": {
          "x": 11.502,
          "y": 0.89,
          "z": 3.242
        }
      },
      "players": [
        {
          "team": 1,
          "pos": {
            "x": 12.15,
            "y": 1.23
          }
        },
        {
          "team": 2,
          "pos": {
            "x": -13.94,
            "y": -4.02
          }
        }
      ]
    },
    {
      "time": -0.12,
      "ball": {
        "pos": {
          "x": 11.5,
          "y": 0.876,
          "z": 3.183
        }
      },
      "players": [
        {
          "team": 1,
          "pos": {
            "x": 12.11,
            "y": 1.19
          }
        },
        {
          "team": 2,
          "pos": {
            "x": -13.94,
            "y": -3.99
          }
        }
      ]
    },
    {
      "time": -0.1,
      "ball": {
        "pos": {
          "x": 11.498,
          "y": 0.863,
          "z": 3.12
        }
      },
      "players": [
        {
          "team": 1,
          "pos": {
            "x": 12.07,
            "y": 1.19
          }
        },
        {
          "team": 2,
          "pos": {
            "x": -13.95,
            "y": -3.97
          }
        }
      ]
    },
    {
      "time": -0.08,
      "ball": {
        "pos": {
          "x": 11.496,
          "y": 0.85,
          "z": 3.053
        }
      },
      "players": [
        {
          "team": 1,
          "pos": {
            "x": 12.02,
            "y": 1.19
          }
        },
        {
          "team": 2,
          "pos": {
            "x": -13.92,
            "y": -3.96
          }
        }
      ]
    },
    {
      "time": -0.06,
      "ball": {
        "pos": {
          "x": 11.494,
          "y": 0.837,
          "z": 2.982
        }
      },
      "players": [
        {
          "team": 1,
          "pos": {
            "x": 11.95,
            "y": 1.21
          }
        },
        {
          "team": 2,
          "pos": {
            "x": -13.9,
            "y": -3.94
          }
        }
      ]
    },
    {
      "time": -0.04,
      "ball": {
        "pos": {
          "x": 11.492,
          "y": 0.824,
          "z": 2.907
        }
      },
      "players": [
        {
          "team": 1,
          "pos": {
            "x": 11.92,
            "y": 1.18
          }
        },
        {
          "team": 2,
          "pos": {
            "x": -13.92,
            "y": -3.9
          }
        }
      ]
    },
    {
      "time": -0.02,
      "ball": {
        "pos": {
          "x": 11.491,
          "y": 0.811,
          "z": 2.829
        }
      },
      "players": [
        {
          "team": 1,
          "pos": {
            "x": 11.9,
            "y": 1.22
          }
        },
        {
          "team": 2,
          "pos": {
            "x": -13.9,
            "y": -3.9
          }
        }
      ]
    },
    {
      "time": 0.0,
      "event": "hit",
      "ball": {
        "pos": {
          "x": 11.489,
          "y": 0.798,
          "z": 2.747
        }
      },
      "players": [
        {
          "team": 1,
          "pos": {
            "x": 11.86,
            "y": 1.18
          }
        },
        {
          "team": 2,
          "pos": {
            "x": -13.85,
            "y": -3.9
          }
        }
      ]
    },
    {
      "time": 0.02,
      "ball": {
        "pos": {
          "x": 10.518,
          "y": 0.585,
          "z": 2.664
        }
      },
      "players": [
        {
          "team": 1,
          "pos": {
            "x": 11.83,
            "y": 1.13
          }
        },
        {
          "team": 2,
          "pos": {
            "x": -13.85,
            "y": -3.88
          }
        }
      ]
    },
    {
      "time": 0.04,
      "ball": {
        "pos": {
          "x": 9.568,
          "y": 0.373,
          "z": 2.577
        }
      },
      "players": [
        {
          "team": 1,
          "pos": {
            "x": 11.85,
            "y": 1.17
          }
        },
        {
          "team": 2,
          "pos": {
            "x": -13.81,
            "y": -3.86
          }
        }
      ]
    },
    {
      "time": 0.06,
      "ball": {
        "pos": {
          "x": 8.638,
          "y": 0.162,
          "z": 2.485
        }
      },
      "players": [
        {
          "team": 1,
          "pos": {
            "x": 11.78,
            "y": 1.23
          }
        },
        {
          "team": 2,
          "pos": {
            "x": -13.77,
            "y": -3.82
          }
        }
      ]
    },
    {
      "time": 0.08,
      "ball": {
        "pos": {
          "x": 7.728,
          "y": -0.049,
          "z": 2.388
        }
      },
      "players": [
        {
          "team": 1,
          "pos": {
            "x": 11.69,
            "y": 1.26
          }
        },
        {
          "team": 2,
          "pos": {
            "x": -13.72,
            "y": -3.78
          }
        }
      ]
    },
    {
      "time": 0.1,
      "ball": {
        "pos": {
          "x": 6.837,
          "y": -0.259,
          "z": 2.287
        }
      },
      "players": [
        {
          "team": 1,
          "pos": {
            "x": 11.61,
            "y": 1.29
          }
        },
        {
          "team": 2,
          "pos": {
            "x": -13.73,
            "y": -3.74
          }
        }
      ]
    },
    {
      "time": 0.12,
      "ball": {
        "pos": {
          "x": 5.965,
          "y": -0.469,
          "z": 2.181
        }
      },
      "players": [
        {
          "team": 1,
          "pos": {
            "x": 11.55,
            "y": 1.27
          }
        },
        {
          "team": 2,
          "pos": {
            "x": -13.76,
            "y": -3.71
          }
        }
      ]
    },
    {
      "time": 0.14,
      "ball": {
        "pos": {
          "x": 5.112,
          "y": -0.678,
          "z": 2.071
        }
      },
      "players": [
        {
          "team": 1,
          "pos": {
            "x": 11.51,
            "y": 1.27
          }
        },
        {
          "team": 2,
          "pos": {
            "x": -13.78,
            "y": -3.69
          }
        }
      ]
    },
    {
      "time": 0.16,
      "ball": {
        "pos": {
          "x": 4.276,
          "y": -0.886,
          "z": 1.957
        }
      },
      "players": [
        {
          "team": 1,
          "pos": {
            "x": 11.49,
            "y": 1.27
          }
        },
        {
          "team": 2,
          "pos": {
            "x": -13.79,
            "y": -3.67
          }
        }
      ]
    },
    {
      "time": 0.18,
      "ball": {
        "pos": {
          "x": 3.457,
          "y": -1.093,
          "z": 1.839
        }
      },
      "players": [
        {
          "team": 1,
          "pos": {
            "x": 11.47,
            "y": 1.27
          }
        },
        {
          "team": 2,
          "pos": {
            "x": -13.79,
            "y": -3.65
          }
        }
      ]
    },
    {
      "time": 0.2,
      "ball": {
        "pos": {
          "x": 2.655,
          "y": -1.299,
          "z": 1.716
        }
      },
      "players": [
        {
          "team": 1,
          "pos": {
            "x": 11.46,
            "y": 1.26
          }
        },
        {
          "team": 2,
          "pos": {
            "x": -13.8,
            "y": -3.64
          }
        }
      ]
    },
    {
      "time": 0.22,
      "ball": {
        "pos": {
          "x": 1.869,
          "y": -1.504,
          "z": 1.59
        }
      },
      "players": [
        {
          "team": 1,
          "pos": {
            "x": 11.47,
            "y": 1.22
          }
        },
        {
          "team": 2,
          "pos": {
            "x": -13.81,
            "y": -3.63
          }
        }
      ]
    },
    {
      "time": 0.24,
      "ball": {
        "pos": {
          "x": 1.099,
          "y": -1.708,
          "z": 1.46
        }
      },
      "players": [
        {
          "team": 1,
          "pos": {
            "x": 11.48,
            "y": 1.21
          }
        },
        {
          "team": 2,
          "pos": {
            "x": -13.81,
            "y": -3.63
          }
        }
      ]
    },
    {
      "time": 0.26,
      "ball": {
        "pos": {
          "x": 0.344,
          "y": -1.912,
          "z": 1.326
        }
      },
      "players": [
        {
          "team": 1,
          "pos": {
            "x": 11.5,
            "y": 1.21
          }
        },
        {
          "team": 2,
          "pos": {
            "x": -13.8,
            "y": -3.62
          }
        }
      ]
    },
    {
      "time": 0.269,
      "ball": {
        "pos": {
          "x": 0.0,
          "y": -2.005,
          "z": 1.263
        }
      },
      "players": [
        {
          "team": 1,
          "pos": {
            "x": 11.51,
            "y": 1.2
          }
        },
        {
          "team": 2,
          "pos": {
            "x": -13.8,
            "y": -3.64
          }
        }
      ]
    },
    {
      "time": 0.28,
      "ball": {
        "pos": {
          "x": -0.396,
          "y": -2.114,
          "z": 1.188
        }
      },
      "players": [
        {
          "team": 1,
          "pos": {
            "x": 11.53,
            "y": 1.17
          }
        },
        {
          "team": 2,
          "pos": {
            "x": -13.81,
            "y": -3.63
          }
        }
      ]
    },
    {
      "time": 0.3,
      "ball": {
        "pos": {
          "x": -1.123,
          "y": -2.315,
          "z": 1.047
        }
      },
      "players": [
        {
          "team": 1,
          "pos": {
            "x": 11.53,
            "y": 1.15
          }
        },
        {
          "team": 2,
          "pos": {
            "x": -13.82,
            "y": -3.64
          }
        }
      ]
    },
    {
      "time": 0.32,
      "ball": {
        "pos": {
          "x": -1.835,
          "y": -2.515,
          "z": 0.903
        }
      },
      "players": [
        {
          "team": 1,
          "pos": {
            "x": 11.53,
            "y": 1.12
          }
        },
        {
          "team": 2,
          "pos": {
            "x": -13.83,
            "y": -3.65
          }
        }
      ]
    },
    {
      "time": 0.34,
      "ball": {
        "pos": {
          "x": -2.535,
          "y": -2.713,
          "z": 0.755
        }
      },
      "players": [
        {
          "team": 1,
          "pos": {
            "x": 11.52,
            "y": 1.11
          }
        },
        {
          "team": 2,
          "pos": {
            "x": -13.83,
            "y": -3.66
          }
        }
      ]
    },
    {
      "time": 0.36,
      "ball": {
        "pos": {
          "x": -3.223,
          "y": -2.911,
          "z": 0.604
        }
      },
      "players": [
        {
          "team": 1,
          "pos": {
            "x": 11.49,
            "y": 1.11
          }
        },
        {
          "team": 2,
          "pos": {
            "x": -13.82,
            "y": -3.68
          }
        }
      ]
    },
    {
      "time": 0.38,
      "ball": {
        "pos": {
          "x": -3.898,
          "y": -3.107,
          "z": 0.451
        }
      },
      "players": [
        {
          "team": 1,
          "pos": {
            "x": 11.46,
            "y": 1.1
          }
        },
        {
          "team": 2,
          "pos": {
            "x": -13.81,
            "y": -3.69
          }
        }
      ]
    },
    {
      "time": 0.4,
      "ball": {
        "pos": {
          "x": -4.562,
          "y": -3.302,
          "z": 0.294
        }
      },
      "players": [
        {
          "team": 1,
          "pos": {
            "x": 11.45,
            "y": 1.11
          }
        },
        {
          "team": 2,
          "pos": {
            "x": -13.8,
            "y": -3.71
          }
        }
      ]
    },
    {
      "time": 0.42,
      "ball": {
        "pos": {
          "x": -5.215,
          "y": -3.495,
          "z": 0.134
        }
      },
      "players": [
        {
          "team": 1,
          "pos": {
            "x": 11.44,
            "y": 1.11
          }
        },
        {
          "team": 2,
          "pos": {
            "x": -13.79,
            "y": -3.73
          }
        }
      ]
    },
    {
      "time": 0.433,
      "event": "bounce",
      "ball": {
        "pos": {
          "x": -5.645,
          "y": -3.623,
          "z": 0.026
        }
      },
      "players": [
        {
          "team": 1,
          "pos": {
            "x": 11.46,
            "y": 1.1
          }
        },
        {
          "team": 2,
          "pos": {
            "x": -13.82,
            "y": -3.68
          }
        }
      ]
    },
    {
      "time": 0.44,
      "ball": {
        "pos": {
          "x": -5.824,
          "y": -3.676,
          "z": 0.031
        }
      },
      "players": [
        {
          "team": 1,
          "pos": {
            "x": 11.47,
            "y": 1.1
          }
        },
        {
          "team": 2,
          "pos": {
            "x": -13.76,
            "y": -3.76
          }
        }
      ]
    },
    {
      "time": 0.46,
      "ball": {
        "pos": {
          "x": -6.282,
          "y": -3.81,
          "z": 0.173
        }
      },
      "players": [
        {
          "team": 1,
          "pos": {
            "x": 11.5,
            "y": 1.09
          }
        },
        {
          "team": 2,
          "pos": {
            "x": -13.74,
            "y": -3.8
          }
        }
      ]
    },
    {
      "time": 0.48,
      "ball": {
        "pos": {
          "x": -6.735,
          "y": -3.944,
          "z": 0.306
        }
      },
      "players": [
        {
          "team": 1,
          "pos": {
            "x": 11.52,
            "y": 1.11
          }
        },
        {
          "team": 2,
          "pos": {
            "x": -13.69,
            "y": -3.85
          }
        }
      ]
    },
    {
      "time": 0.5,
      "ball": {
        "pos": {
          "x": -7.181,
          "y": -4.078,
          "z": 0.431
        }
      },
      "players": [
        {
          "team": 1,
          "pos": {
            "x": 11.51,
            "y": 1.09
          }
        },
        {
          "team": 2,
          "pos": {
            "x": -13.65,
            "y": -3.9
          }
        }
      ]
    },
    {
      "time": 0.52,
      "ball": {
        "pos": {
          "x": -7.621,
          "y": -4.211,
          "z": 0.548
        }
      },
      "players": [
        {
          "team": 1,
          "pos": {
            "x": 11.52,
            "y": 1.07
          }
        },
        {
          "team": 2,
          "pos": {
            "x": -13.6,
            "y": -3.94
          }
        }
      ]
    },
    {
      "time": 0.54,
      "ball": {
        "pos": {
          "x": -8.055,
          "y": -4.345,
          "z": 0.657
        }
      },
      "players": [
        {
          "team": 1,
          "pos": {
            "x": 11.51,
            "y": 1.06
          }
        },
        {
          "team": 2,
          "pos": {
            "x": -13.57,
            "y": -4.0
          }
        }
      ]
    },
    {
      "time": 0.56,
      "ball": {
        "pos": {
          "x": -8.484,
          "y": -4.478,
          "z": 0.758
        }
      },
      "players": [
        {
          "team": 1,
          "pos": {
            "x": 11.44,
            "y": 1.03
          }
        },
        {
          "team": 2,
          "pos": {
            "x": -13.54,
            "y": -4.06
          }
        }
      ]
    },
    {
      "time": 0.58,
      "ball": {
        "pos": {
          "x": -8.908,
          "y": -4.611,
          "z": 0.851
        }
      },
      "players": [
        {
          "team": 1,
          "pos": {
            "x": 11.37,
            "y": 1.03
          }
        },
        {
          "team": 2,
          "pos": {
            "x": -13.52,
            "y": -4.12
          }
        }
      ]
    },
    {
      "time": 0.6,
      "ball": {
        "pos": {
          "x": -9.327,
          "y": -4.744,
          "z": 0.938
        }
      },
      "players": [
        {
          "team": 1,
          "pos": {
            "x": 11.31,
            "y": 1.03
          }
        },
        {
          "team": 2,
          "pos": {
            "x": -13.5,
            "y": -4.18
          }
        }
      ]
    },
    {
      "time": 0.62,
      "ball": {
        "pos": {
          "x": -9.74,
          "y": -4.877,
          "z": 1.017
        }
      },
      "players": [
        {
          "team": 1,
          "pos": {
            "x": 11.26,
            "y": 0.95
          }
        },
        {
          "team": 2,
          "pos": {
            "x": -13.46,
            "y": -4.26
          }
        }
      ]
    },
    {
      "time": 0.64,
      "ball": {
        "pos": {
          "x": -10.149,
          "y": -5.01,
          "z": 1.088
        }
      },
      "players": [
        {
          "team": 1,
          "pos": {
            "x": 11.2,
            "y": 0.94
          }
        },
        {
          "team": 2,
          "pos": {
            "x": -13.41,
            "y": -4.37
          }
        }
      ]
    },
    {
      "time": 0.66,
      "ball": {
        "pos": {
          "x": -10.554,
          "y": -5.143,
          "z": 1.154
        }
      },
      "players": [
        {
          "team": 1,
          "pos": {
            "x": 11.15,
            "y": 0.93
          }
        },
        {
          "team": 2,
          "pos": {
            "x": -13.38,
            "y": -4.44
          }
        }
      ]
    },
    {
      "time": 0.68,
      "ball": {
        "pos": {
          "x": -10.954,
          "y": -5.276,
          "z": 1.212
        }
      },
      "players": [
        {
          "team": 1,
          "pos": {
            "x": 11.14,
            "y": 0.98
          }
        },
        {
          "team": 2,
          "pos": {
            "x": -13.34,
            "y": -4.52
          }
        }
      ]
    },
    {
      "time": 0.7,
      "ball": {
        "pos": {
          "x": -11.351,
          "y": -5.408,
          "z": 1.264
        }
      },
      "players": [
        {
          "team": 1,
          "pos": {
            "x": 11.11,
            "y": 1.02
          }
        },
        {
          "team": 2,
          "pos": {
            "x": -13.3,
            "y": -4.61
          }
        }
      ]
    },
    {
      "time": 0.72,
      "ball": {
        "pos": {
          "x": -11.743,
          "y": -5.541,
          "z": 1.309
        }
      },
      "players": [
        {
          "team": 1,
          "pos": {
            "x": 11.09,
            "y": 1.05
          }
        },
        {
          "team": 2,
          "pos": {
            "x": -13.25,
            "y": -4.67
          }
        }
      ]
    },
    {
      "time": 0.74,
      "ball": {
        "pos": {
          "x": -12.132,
          "y": -5.673,
          "z": 1.349
        }
      },
      "players": [
        {
          "team": 1,
          "pos": {
            "x": 11.06,
            "y": 1.1
          }
        },
        {
          "team": 2,
          "pos": {
            "x": -13.22,
            "y": -4.73
          }
        }
      ]
    },
    {
      "time": 0.76,
      "ball": {
        "pos": {
          "x": -12.517,
          "y": -5.806,
          "z": 1.382
        }
      },
      "players": [
        {
          "team": 1,
          "pos": {
            "x": 11.02,
            "y": 1.13
          }
        },
        {
          "team": 2,
          "pos": {
            "x": -13.19,
            "y": -4.79
          }
        }
      ]
    },
    {
      "time": 0.764,
      "event": "hit",
      "ball": {
        "pos": {
          "x": -12.587,
          "y": -5.83,
          "z": 1.387
        }
      },
      "players": [
        {
          "team": 1,
          "pos": {
            "x": 11.01,
            "y": 1.13
          }
        },
        {
          "team": 2,
          "pos": {
            "x": -13.31,
            "y": -4.59
          }
        }
      ]
    },
    {
      "time": 0.78,
      "ball": {
        "pos": {
          "x": -12.192,
          "y": -5.843,
          "z": 1.427
        }
      },
      "players": [
        {
          "team": 1,
          "pos": {
            "x": 10.98,
            "y": 1.13
          }
        },
        {
          "team": 2,
          "pos": {
            "x": -13.14,
            "y": -4.84
          }
        }
      ]
    },
    {
      "time": 0.8,
      "ball": {
        "pos": {
          "x": -11.715,
          "y": -5.86,
          "z": 1.472
        }
      },
      "players": [
        {
          "team": 1,
          "pos": {
            "x": 10.95,
            "y": 1.1
          }
        },
        {
          "team": 2,
          "pos": {
            "x": -13.14,
            "y": -4.89
          }
        }
      ]
    },
    {
      "time": 0.82,
      "ball": {
        "pos": {
          "x": -11.243,
          "y": -5.875,
          "z": 1.513
        }
      },
      "players": [
        {
          "team": 1,
          "pos": {
            "x": 10.96,
            "y": 1.1
          }
        },
        {
          "team": 2,
          "pos": {
            "x": -13.14,
            "y": -4.93
          }
        }
      ]
    },
    {
      "time": 0.84,
      "ball": {
        "pos": {
          "x": -10.776,
          "y": -5.891,
          "z": 1.552
        }
      },
      "players": [
        {
          "team": 1,
          "pos": {
            "x": 10.96,
            "y": 1.06
          }
        },
        {
          "team": 2,
          "pos": {
            "x": -13.13,
            "y": -4.99
          }
        }
      ]
    },
    {
      "time": 0.86,
      "ball": {
        "pos": {
          "x": -10.315,
          "y": -5.906,
          "z": 1.587
        }
      },
      "players": [
        {
          "team": 1,
          "pos": {
            "x": 10.95,
            "y": 1.02
          }
        },
        {
          "team": 2,
          "pos": {
            "x": -13.11,
            "y": -5.05
          }
        }
      ]
    },
    {
      "time": 0.88,
      "ball": {
        "pos": {
          "x": -9.858,
          "y": -5.92,
          "z": 1.62
        }
      },
      "players": [
        {
          "team": 1,
          "pos": {
            "x": 10.94,
            "y": 0.98
          }
        },
        {
          "team": 2,
          "pos": {
            "x": -13.09,
            "y": -5.11
          }
        }
      ]
    },
    {
      "time": 0.9,
      "ball": {
        "pos": {
          "x": -9.407,
          "y": -5.935,
          "z": 1.649
        }
      },
      "players": [
        {
          "team": 1,
          "pos": {
            "x": 10.94,
            "y": 0.95
          }
        },
        {
          "team": 2,
          "pos": {
            "x": -13.07,
            "y": -5.16
          }
        }
      ]
    },
    {
      "time": 0.92,
      "ball": {
        "pos": {
          "x": -8.96,
          "y": -5.949,
          "z": 1.675
        }
      },
      "players": [
        {
          "team": 1,
          "pos": {
            "x": 10.98,
            "y": 0.96
          }
        },
        {
          "team": 2,
          "pos": {
            "x": -13.06,
            "y": -5.2
          }
        }
      ]
    },
    {
      "time": 0.94,
      "ball": {
        "pos": {
          "x": -8.519,
          "y": -5.962,
          "z": 1.698
        }
      },
      "players": [
        {
          "team": 1,
          "pos": {
            "x": 11.02,
            "y": 0.97
          }
        },
        {
          "team": 2,
          "pos": {
            "x": -13.06,
            "y": -5.23
          }
        }
      ]
    },
    {
      "time": 0.96,
      "ball": {
        "pos": {
          "x": -8.082,
          "y": -5.975,
          "z": 1.718
        }
      },
      "players": [
        {
          "team": 1,
          "pos": {
            "x": 11.05,
            "y": 0.95
          }
        },
        {
          "team": 2,
          "pos": {
            "x": -13.06,
            "y": -5.25
          }
        }
      ]
    },
    {
      "time": 0.98,
      "ball": {
        "pos": {
          "x": -7.65,
          "y": -5.988,
          "z": 1.735
        }
      },
      "players": [
        {
          "team": 1,
          "pos": {
            "x": 11.05,
            "y": 0.95
          }
        },
        {
          "team": 2,
          "pos": {
            "x": -13.04,
            "y": -5.3
          }
        }
      ]
    },
    {
      "time": 1.0,
      "ball": {
        "pos": {
          "x": -7.222,
          "y": -6.001,
          "z": 1.749
        }
      },
      "players": [
        {
          "team": 1,
          "pos": {
            "x": 11.04,
            "y": 0.9
          }
        },
        {
          "team": 2,
          "pos": {
            "x": -13.01,
            "y": -5.33
          }
        }
      ]
    },
    {
      "time": 1.02,
      "ball": {
        "pos": {
          "x": -6.8,
          "y": -6.013,
          "z": 1.76
        }
      },
      "players": [
        {
          "team": 1,
          "pos": {
            "x": 11.0,
            "y": 0.87
          }
        },
        {
          "team": 2,
          "pos": {
            "x": -12.99,
            "y": -5.36
          }
        }
      ]
    },
    {
      "time": 1.04,
      "ball": {
        "pos": {
          "x": -6.381,
          "y": -6.025,
          "z": 1.768
        }
      },
      "players": [
        {
          "team": 1,
          "pos": {
            "x": 10.96,
            "y": 0.86
          }
        },
        {
          "team": 2,
          "pos": {
            "x": -12.97,
            "y": -5.39
          }
        }
      ]
    },
    {
      "time": 1.06,
      "ball": {
        "pos": {
          "x": -5.967,
          "y": -6.037,
          "z": 1.773
        }
      },
      "players": [
        {
          "team": 1,
          "pos": {
            "x": 10.93,
            "y": 0.87
          }
        },
        {
          "team": 2,
          "pos": {
            "x": -12.96,
            "y": -5.41
          }
        }
      ]
    },
    {
      "time": 1.08,
      "ball": {
        "pos": {
          "x": -5.557,
          "y": -6.048,
          "z": 1.775
        }
      },
      "players": [
        {
          "team": 1,
          "pos": {
            "x": 10.93,
            "y": 0.83
          }
        },
        {
          "team": 2,
          "pos": {
            "x": -12.97,
            "y": -5.43
          }
        }
      ]
    },
    {
      "time": 1.084,
      "ball": {
        "pos": {
          "x": -5.482,
          "y": -6.05,
          "z": 1.775
        }
      },
      "players": [
        {
          "team": 1,
          "pos": {
            "x": 10.93,
            "y": 0.83
          }
        },
        {
          "team": 2,
          "pos": {
            "x": -13.0,
            "y": -5.35
          }
        }
      ]
    },
    {
      "time": 1.1,
      "ball": {
        "pos": {
          "x": -5.152,
          "y": -6.059,
          "z": 1.774
        }
      },
      "players": [
        {
          "team": 1,
          "pos": {
            "x": 10.91,
            "y": 0.81
          }
        },
        {
          "team": 2,
          "pos": {
            "x": -12.99,
            "y": -5.45
          }
        }
      ]
    },
    {
      "time": 1.12,
      "ball": {
        "pos": {
          "x": -4.751,
          "y": -6.07,
          "z": 1.77
        }
      },
      "players": [
        {
          "team": 1,
          "pos": {
            "x": 10.91,
            "y": 0.81
          }
        },
        {
          "team": 2,
          "pos": {
            "x": -12.98,
            "y": -5.47
          }
        }
      ]
    },
    {
      "time": 1.14,
      "ball": {
        "pos": {
          "x": -4.353,
          "y": -6.081,
          "z": 1.764
        }
      },
      "players": [
        {
          "team": 1,
          "pos": {
            "x": 10.92,
            "y": 0.79
          }
        },
        {
          "team": 2,
          "pos": {
            "x": -12.99,
            "y": -5.48
          }
        }
      ]
    },
    {
      "time": 1.16,
      "ball": {
        "pos": {
          "x": -3.96,
          "y": -6.091,
          "z": 1.754
        }
      },
      "players": [
        {
          "team": 1,
          "pos": {
            "x": 10.95,
            "y": 0.78
          }
        },
        {
          "team": 2,
          "pos": {
            "x": -12.99,
            "y": -5.5
          }
        }
      ]
    },
    {
      "time": 1.18,
      "ball": {
        "pos": {
          "x": -3.571,
          "y": -6.101,
          "z": 1.741
        }
      },
      "players": [
        {
          "team": 1,
          "pos": {
            "x": 10.97,
            "y": 0.74
          }
        },
        {
          "team": 2,
          "pos": {
            "x": -13.01,
            "y": -5.52
          }
        }
      ]
    },
    {
      "time": 1.2,
      "ball": {
        "pos": {
          "x": -3.185,
          "y": -6.111,
          "z": 1.726
        }
      },
      "players": [
        {
          "team": 1,
          "pos": {
            "x": 11.03,
            "y": 0.73
          }
        },
        {
          "team": 2,
          "pos": {
            "x": -13.03,
            "y": -5.47
          }
        }
      ]
    },
    {
      "time": 1.22,
      "ball": {
        "pos": {
          "x": -2.803,
          "y": -6.12,
          "z": 1.708
        }
      },
      "players": [
        {
          "team": 1,
          "pos": {
            "x": 11.08,
            "y": 0.74
          }
        },
        {
          "team": 2,
          "pos": {
            "x": -13.04,
            "y": -5.48
          }
        }
      ]
    },
    {
      "time": 1.24,
      "ball": {
        "pos": {
          "x": -2.425,
          "y": -6.13,
          "z": 1.686
        }
      },
      "players": [
        {
          "team": 1,
          "pos": {
            "x": 11.14,
            "y": 0.73
          }
        },
        {
          "team": 2,
          "pos": {
            "x": -13.04,
            "y": -5.5
          }
        }
      ]
    },
    {
      "time": 1.26,
      "ball": {
        "pos": {
          "x": -2.05,
          "y": -6.139,
          "z": 1.662
        }
      },
      "players": [
        {
          "team": 1,
          "pos": {
            "x": 11.19,
            "y": 0.69
          }
        },
        {
          "team": 2,
          "pos": {
            "x": -13.04,
            "y": -5.52
          }
        }
      ]
    },
    {
      "time": 1.28,
      "ball": {
        "pos": {
          "x": -1.679,
          "y": -6.148,
          "z": 1.636
        }
      },
      "players": [
        {
          "team": 1,
          "pos": {
            "x": 11.22,
            "y": 0.66
          }
        },
        {
          "team": 2,
          "pos": {
            "x": -13.05,
            "y": -5.5
          }
        }
      ]
    },
    {
      "time": 1.3,
      "ball": {
        "pos": {
          "x": -1.312,
          "y": -6.157,
          "z": 1.606
        }
      },
      "players": [
        {
          "team": 1,
          "pos": {
            "x": 11.21,
            "y": 0.62
          }
        },
        {
          "team": 2,
          "pos": {
            "x": -13.08,
            "y": -5.49
          }
        }
      ]
    },
    {
      "time": 1.32,
      "ball": {
        "pos": {
          "x": -0.947,
          "y": -6.165,
          "z": 1.574
        }
      },
      "players": [
        {
          "team": 1,
          "pos": {
            "x": 11.26,
            "y": 0.57
          }
        },
        {
          "team": 2,
          "pos": {
            "x": -13.08,
            "y": -5.46
          }
        }
      ]
    },
    {
      "time": 1.34,
      "ball": {
        "pos": {
          "x": -0.586,
          "y": -6.174,
          "z": 1.539
        }
      },
      "players": [
        {
          "team": 1,
          "pos": {
            "x": 11.31,
            "y": 0.52
          }
        },
        {
          "team": 2,
          "pos": {
            "x": -13.09,
            "y": -5.43
          }
        }
      ]
    },
    {
      "time": 1.36,
      "ball": {
        "pos": {
          "x": -0.228,
          "y": -6.182,
          "z": 1.501
        }
      },
      "players": [
        {
          "team": 1,
          "pos": {
            "x": 11.36,
            "y": 0.45
          }
        },
        {
          "team": 2,
          "pos": {
            "x": -13.09,
            "y": -5.39
          }
        }
      ]
    },
    {
      "time": 1.373,
      "ball": {
        "pos": {
          "x": -0.0,
          "y": -6.187,
          "z": 1.475
        }
      },
      "players": [
        {
          "team": 1,
          "pos": {
            "x": 11.39,
            "y": 0.4
          }
        },
        {
          "team": 2,
          "pos": {
            "x": -13.08,
            "y": -5.48
          }
        }
      ]
    },
    {
      "time": 1.38,
      "ball": {
        "pos": {
          "x": 0.126,
          "y": -6.19,
          "z": 1.46
        }
      },
      "players": [
        {
          "team": 1,
          "pos": {
            "x": 11.4,
            "y": 0.37
          }
        },
        {
          "team": 2,
          "pos": {
            "x": -13.08,
            "y": -5.37
          }
        }
      ]
    },
    {
      "time": 1.4,
      "ball": {
        "pos": {
          "x": 0.478,
          "y": -6.198,
          "z": 1.417
        }
      },
      "players": [
        {
          "team": 1,
          "pos": {
            "x": 11.44,
            "y": 0.28
          }
        },
        {
          "team": 2,
          "pos": {
            "x": -13.08,
            "y": -5.36
          }
        }
      ]
    },
    {
      "time": 1.42,
      "ball": {
        "pos": {
          "x": 0.827,
          "y": -6.206,
          "z": 1.371
        }
      },
      "players": [
        {
          "team": 1,
          "pos": {
            "x": 11.46,
            "y": 0.25
          }
        },
        {
          "team": 2,
          "pos": {
            "x": -13.08,
            "y": -5.33
          }
        }
      ]
    },
    {
      "time": 1.44,
      "ball": {
        "pos": {
          "x": 1.173,
          "y": -6.213,
          "z": 1.322
        }
      },
      "players": [
        {
          "team": 1,
          "pos": {
            "x": 11.49,
            "y": 0.2
          }
        },
        {
          "team": 2,
          "pos": {
            "x": -13.06,
            "y": -5.26
          }
        }
      ]
    },
    {
      "time": 1.46,
      "ball": {
        "pos": {
          "x": 1.516,
          "y": -6.221,
          "z": 1.271
        }
      },
      "players": [
        {
          "team": 1,
          "pos": {
            "x": 11.53,
            "y": 0.21
          }
        },
        {
          "team": 2,
          "pos": {
            "x": -13.05,
            "y": -5.21
          }
        }
      ]
    },
    {
      "time": 1.48,
      "ball": {
        "pos": {
          "x": 1.856,
          "y": -6.228,
          "z": 1.217
        }
      },
      "players": [
        {
          "team": 1,
          "pos": {
            "x": 11.49,
            "y": 0.23
          }
        },
        {
          "team": 2,
          "pos": {
            "x": -13.05,
            "y": -5.23
          }
        }
      ]
    },
    {
      "time": 1.5,
      "ball": {
        "pos": {
          "x": 2.194,
          "y": -6.235,
          "z": 1.16
        }
      },
      "players": [
        {
          "team": 1,
          "pos": {
            "x": 11.46,
            "y": 0.21
          }
        },
        {
          "team": 2,
          "pos": {
            "x": -13.04,
            "y": -5.17
          }
        }
      ]
    },
    {
      "time": 1.52,
      "ball": {
        "pos": {
          "x": 2.529,
          "y": -6.242,
          "z": 1.101
        }
      },
      "players": [
        {
          "team": 1,
          "pos": {
            "x": 11.47,
            "y": 0.1
          }
        },
        {
          "team": 2,
          "pos": {
            "x": -13.04,
            "y": -5.12
          }
        }
      ]
    },
    {
      "time": 1.54,
      "ball": {
        "pos": {
          "x": 2.862,
          "y": -6.25,
          "z": 1.039
        }
      },
      "players": [
        {
          "team": 1,
          "pos": {
            "x": 11.42,
            "y": 0.03
          }
        },
        {
          "team": 2,
          "pos": {
            "x": -13.05,
            "y": -5.12
          }
        }
      ]
    },
    {
      "time": 1.56,
      "ball": {
        "pos": {
          "x": 3.193,
          "y": -6.257,
          "z": 0.975
        }
      },
      "players": [
        {
          "team": 1,
          "pos": {
            "x": 11.41,
            "y": -0.05
          }
        },
        {
          "team": 2,
          "pos": {
            "x": -13.07,
            "y": -5.12
          }
        }
      ]
    },
    {
      "time": 1.58,
      "ball": {
        "pos": {
          "x": 3.521,
          "y": -6.263,
          "z": 0.908
        }
      },
      "players": [
        {
          "team": 1,
          "pos": {
            "x": 11.34,
            "y": -0.16
          }
        },
        {
          "team": 2,
          "pos": {
            "x": -13.04,
            "y": -5.07
          }
        }
      ]
    },
    {
      "time": 1.6,
      "ball": {
        "pos": {
          "x": 3.846,
          "y": -6.27,
          "z": 0.838
        }
      },
      "players": [
        {
          "team": 1,
          "pos": {
            "x": 11.38,
            "y": -0.18
          }
        },
        {
          "team": 2,
          "pos": {
            "x": -12.98,
            "y": -5.0
          }
        }
      ]
    },
    {
      "time": 1.62,
      "ball": {
        "pos": {
          "x": 4.17,
          "y": -6.277,
          "z": 0.766
        }
      },
      "players": [
        {
          "team": 1,
          "pos": {
            "x": 11.39,
            "y": -0.19
          }
        },
        {
          "team": 2,
          "pos": {
            "x": -12.99,
            "y": -4.91
          }
        }
      ]
    },
    {
      "time": 1.64,
      "ball": {
        "pos": {
          "x": 4.492,
          "y": -6.284,
          "z": 0.691
        }
      },
      "players": [
        {
          "team": 1,
          "pos": {
            "x": 11.36,
            "y": -0.22
          }
        },
        {
          "team": 2,
          "pos": {
            "x": -13.03,
            "y": -4.83
          }
        }
      ]
    },
    {
      "time": 1.66,
      "ball": {
        "pos": {
          "x": 4.812,
          "y": -6.29,
          "z": 0.614
        }
      },
      "players": [
        {
          "team": 1,
          "pos": {
            "x": 11.3,
            "y": -0.21
          }
        },
        {
          "team": 2,
          "pos": {
            "x": -13.04,
            "y": -4.84
          }
        }
      ]
    },
    {
      "time": 1.68,
      "ball": {
        "pos": {
          "x": 5.129,
          "y": -6.297,
          "z": 0.534
        }
      },
      "players": [
        {
          "team": 1,
          "pos": {
            "x": 11.25,
            "y": -0.21
          }
        },
        {
          "team": 2,
          "pos": {
            "x": -13.04,
            "y": -4.85
          }
        }
      ]
    },
    {
      "time": 1.7,
      "ball": {
        "pos": {
          "x": 5.445,
          "y": -6.303,
          "z": 0.452
        }
      },
      "players": [
        {
          "team": 1,
          "pos": {
            "x": 11.25,
            "y": -0.31
          }
        },
        {
          "team": 2,
          "pos": {
            "x": -13.07,
            "y": -4.84
          }
        }
      ]
    },
    {
      "time": 1.72,
      "ball": {
        "pos": {
          "x": 5.76,
          "y": -6.31,
          "z": 0.367
        }
      },
      "players": [
        {
          "team": 1,
          "pos": {
            "x": 11.29,
            "y": -0.42
          }
        },
        {
          "team": 2,
          "pos": {
            "x": -13.1,
            "y": -4.82
          }
        }
      ]
    },
    {
      "time": 1.74,
      "ball": {
        "pos": {
          "x": 6.072,
          "y": -6.317,
          "z": 0.28
        }
      },
      "players": [
        {
          "team": 1,
          "pos": {
            "x": 11.28,
            "y": -0.51
          }
        },
        {
          "team": 2,
          "pos": {
            "x": -13.11,
            "y": -4.82
          }
        }
      ]
    },
    {
      "time": 1.76,
      "ball": {
        "pos": {
          "x": 6.383,
          "y": -6.323,
          "z": 0.19
        }
      },
      "players": [
        {
          "team": 1,
          "pos": {
            "x": 11.31,
            "y": -0.51
          }
        },
        {
          "team": 2,
          "pos": {
            "x": -13.09,
            "y": -4.81
          }
        }
      ]
    },
    {
      "time": 1.78,
      "ball": {
        "pos": {
          "x": 6.693,
          "y": -6.33,
          "z": 0.098
        }
      },
      "players": [
        {
          "team": 1,
          "pos": {
            "x": 11.34,
            "y": -0.55
          }
        },
        {
          "team": 2,
          "pos": {
            "x": -13.09,
            "y": -4.79
          }
        }
      ]
    },
    {
      "time": 1.796,
      "event": "bounce",
      "ball": {
        "pos": {
          "x": 6.932,
          "y": -6.335,
          "z": 0.025
        }
      },
      "players": [
        {
          "team": 1,
          "pos": {
            "x": 11.39,
            "y": -0.6
          }
        },
        {
          "team": 2,
          "pos": {
            "x": -13.1,
            "y": -4.82
          }
        }
      ]
    },
    {
      "time": 1.8,
      "ball": {
        "pos": {
          "x": 6.988,
          "y": -6.337,
          "z": 0.009
        }
      },
      "players": [
        {
          "team": 1,
          "pos": {
            "x": 11.39,
            "y": -0.61
          }
        },
        {
          "team": 2,
          "pos": {
            "x": -13.07,
            "y": -4.72
          }
        }
      ]
    },
    {
      "time": 1.82,
      "ball": {
        "pos": {
          "x": 7.2,
          "y": -6.349,
          "z": 0.086
        }
      },
      "players": [
        {
          "team": 1,
          "pos": {
            "x": 11.37,
            "y": -0.6
          }
        },
        {
          "team": 2,
          "pos": {
            "x": -13.04,
            "y": -4.69
          }
        }
      ]
    },
    {
      "time": 1.84,
      "ball": {
        "pos": {
          "x": 7.404,
          "y": -6.362,
          "z": 0.156
        }
      },
      "players": [
        {
          "team": 1,
          "pos": {
            "x": 11.34,
            "y": -0.57
          }
        },
        {
          "team": 2,
          "pos": {
            "x": -13.01,
            "y": -4.67
          }
        }
      ]
    },
    {
      "time": 1.86,
      "ball": {
        "pos": {
          "x": 7.606,
          "y": -6.375,
          "z": 0.222
        }
      },
      "players": [
        {
          "team": 1,
          "pos": {
            "x": 11.38,
            "y": -0.62
          }
        },
        {
          "team": 2,
          "pos": {
            "x": -12.96,
            "y": -4.61
          }
        }
      ]
    },
    {
      "time": 1.88,
      "ball": {
        "pos": {
          "x": 7.808,
          "y": -6.388,
          "z": 0.284
        }
      },
      "players": [
        {
          "team": 1,
          "pos": {
            "x": 11.42,
            "y": -0.73
          }
        },
        {
          "team": 2,
          "pos": {
            "x": -12.99,
            "y": -4.56
          }
        }
      ]
    },
    {
      "time": 1.9,
      "ball": {
        "pos": {
          "x": 8.009,
          "y": -6.401,
          "z": 0.341
        }
      },
      "players": [
        {
          "team": 1,
          "pos": {
            "x": 11.38,
            "y": -0.71
          }
        },
        {
          "team": 2,
          "pos": {
            "x": -13.03,
            "y": -4.5
          }
        }
      ]
    },
    {
      "time": 1.92,
      "ball": {
        "pos": {
          "x": 8.208,
          "y": -6.414,
          "z": 0.393
        }
      },
      "players": [
        {
          "team": 1,
          "pos": {
            "x": 11.4,
            "y": -0.81
          }
        },
        {
          "team": 2,
          "pos": {
            "x": -13.06,
            "y": -4.46
          }
        }
      ]
    },
    {
      "time": 1.94,
      "ball": {
        "pos": {
          "x": 8.407,
          "y": -6.426,
          "z": 0.442
        }
      },
      "players": [
        {
          "team": 1,
          "pos": {
            "x": 11.46,
            "y": -0.91
          }
        },
        {
          "team": 2,
          "pos": {
            "x": -13.06,
            "y": -4.45
          }
        }
      ]
    },
    {
      "time": 1.96,
      "ball": {
        "pos": {
          "x": 8.606,
          "y": -6.439,
          "z": 0.486
        }
      },
      "players": [
        {
          "team": 1,
          "pos": {
            "x": 11.46,
            "y": -0.91
          }
        },
        {
          "team": 2,
          "pos": {
            "x": -13.06,
            "y": -4.38
          }
        }
      ]
    },
    {
      "time": 1.98,
      "ball": {
        "pos": {
          "x": 8.803,
          "y": -6.451,
          "z": 0.526
        }
      },
      "players": [
        {
          "team": 1,
          "pos": {
            "x": 11.51,
            "y": -0.94
          }
        },
        {
          "team": 2,
          "pos": {
            "x": -13.03,
            "y": -4.3
          }
        }
      ]
    },
    {
      "time": 2.0,
      "ball": {
        "pos": {
          "x": 8.999,
          "y": -6.464,
          "z": 0.561
        }
      },
      "players": [
        {
          "team": 1,
          "pos": {
            "x": 11.56,
            "y": -0.98
          }
        },
        {
          "team": 2,
          "pos": {
            "x": -13.02,
            "y": -4.23
          }
        }
      ]
    },
    {
      "time": 2.02,
      "ball": {
        "pos": {
          "x": 9.195,
          "y": -6.476,
          "z": 0.592
        }
      },
      "players": [
        {
          "team": 1,
          "pos": {
            "x": 11.59,
            "y": -0.94
          }
        },
        {
          "team": 2,
          "pos": {
            "x": -12.99,
            "y": -4.15
          }
        }
      ]
    },
    {
      "time": 2.04,
      "ball": {
        "pos": {
          "x": 9.39,
          "y": -6.488,
          "z": 0.619
        }
      },
      "players": [
        {
          "team": 1,
          "pos": {
            "x": 11.66,
            "y": -0.98
          }
        },
        {
          "team": 2,
          "pos": {
            "x": -12.95,
            "y": -4.1
          }
        }
      ]
    },
    {
      "time": 2.06,
      "ball": {
        "pos": {
          "x": 9.584,
          "y": -6.5,
          "z": 0.642
        }
      },
      "players": [
        {
          "team": 1,
          "pos": {
            "x": 11.67,
            "y": -0.99
          }
        },
        {
          "team": 2,
          "pos": {
            "x": -12.95,
            "y": -4.1
          }
        }
      ]
    },
    {
      "time": 2.08,
      "ball": {
        "pos": {
          "x": 9.777,
          "y": -6.512,
          "z": 0.661
        }
      },
      "players": [
        {
          "team": 1,
          "pos": {
            "x": 11.75,
            "y": -1.09
          }
        },
        {
          "team": 2,
          "pos": {
            "x": -12.95,
            "y": -4.1
          }
        }
      ]
    },
    {
      "time": 2.1,
      "ball": {
        "pos": {
          "x": 9.97,
          "y": -6.524,
          "z": 0.675
        }
      },
      "players": [
        {
          "team": 1,
          "pos": {
            "x": 11.72,
            "y": -1.11
          }
        },
        {
          "team": 2,
          "pos": {
            "x": -12.95,
            "y": -4.1
          }
        }
      ]
    },
    {
      "time": 2.12,
      "ball": {
        "pos": {
          "x": 10.162,
          "y": -6.536,
          "z": 0.685
        }
      },
      "players": [
        {
          "team": 1,
          "pos": {
            "x": 11.72,
            "y": -1.11
          }
        },
        {
          "team": 2,
          "pos": {
            "x": -12.95,
            "y": -4.1
          }
        }
      ]
    },
    {
      "time": 2.14,
      "ball": {
        "pos": {
          "x": 10.353,
          "y": -6.548,
          "z": 0.691
        }
      },
      "players": [
        {
          "team": 1,
          "pos": {
            "x": 11.72,
            "y": -1.11
          }
        },
        {
          "team": 2,
          "pos": {
            "x": -12.95,
            "y": -4.1
          }
        }
      ]
    },
    {
      "time": 2.159,
      "ball": {
        "pos": {
          "x": 10.537,
          "y": -6.559,
          "z": 0.693
        }
      },
      "players": [
        {
          "team": 1,
          "pos": {
            "x": 11.72,
            "y": -1.11
          }
        },
        {
          "team": 2,
          "pos": {
            "x": -12.95,
            "y": -4.1
          }
        }
      ]
    },
    {
      "time": 2.16,
      "ball": {
        "pos": {
          "x": 10.543,
          "y": -6.559,
          "z": 0.693
        }
      },
      "players": [
        {
          "team": 1,
          "pos": {
            "x": 11.72,
            "y": -1.11
          }
        },
        {
          "team": 2,
          "pos": {
            "x": -12.95,
            "y": -4.1
          }
        }
      ]
    },
    {
      "time": 2.18,
      "ball": {
        "pos": {
          "x": 10.733,
          "y": -6.571,
          "z": 0.691
        }
      },
      "players": [
        {
          "team": 1,
          "pos": {
            "x": 11.72,
            "y": -1.11
          }
        },
        {
          "team": 2,
          "pos": {
            "x": -12.95,
            "y": -4.1
          }
        }
      ]
    },
    {
      "time": 2.2,
      "ball": {
        "pos": {
          "x": 10.922,
          "y": -6.582,
          "z": 0.685
        }
      },
      "players": [
        {
          "team": 1,
          "pos": {
            "x": 11.72,
            "y": -1.11
          }
        },
        {
          "team": 2,
          "pos": {
            "x": -12.95,
            "y": -4.1
          }
        }
      ]
    },
    {
      "time": 2.22,
      "ball": {
        "pos": {
          "x": 11.11,
          "y": -6.594,
          "z": 0.674
        }
      },
      "players": [
        {
          "team": 1,
          "pos": {
            "x": 11.72,
            "y": -1.11
          }
        },
        {
          "team": 2,
          "pos": {
            "x": -12.95,
            "y": -4.1
          }
        }
      ]
    },
    {
      "time": 2.24,
      "ball": {
        "pos": {
          "x": 11.298,
          "y": -6.605,
          "z": 0.66
        }
      },
      "players": [
        {
          "team": 1,
          "pos": {
            "x": 11.72,
            "y": -1.11
          }
        },
        {
          "team": 2,
          "pos": {
            "x": -12.95,
            "y": -4.1
          }
        }
      ]
    },
    {
      "time": 2.26,
      "ball": {
        "pos": {
          "x": 11.485,
          "y": -6.616,
          "z": 0.642
        }
      },
      "players": [
        {
          "team": 1,
          "pos": {
            "x": 11.72,
            "y": -1.11
          }
        },
        {
          "team": 2,
          "pos": {
            "x": -12.95,
            "y": -4.1
          }
        }
      ]
    },
    {
      "time": 2.28,
      "ball": {
        "pos": {
          "x": 11.671,
          "y": -6.627,
          "z": 0.619
        }
      },
      "players": [
        {
          "team": 1,
          "pos": {
            "x": 11.72,
            "y": -1.11
          }
        },
        {
          "team": 2,
          "pos": {
            "x": -12.95,
            "y": -4.1
          }
        }
      ]
    },
    {
      "time": 2.3,
      "ball": {
        "pos": {
          "x": 11.857,
          "y": -6.638,
          "z": 0.593
        }
      },
      "players": [
        {
          "team": 1,
          "pos": {
            "x": 11.72,
            "y": -1.11
          }
        },
        {
          "team": 2,
          "pos": {
            "x": -12.95,
            "y": -4.1
          }
        }
      ]
    },
    {
      "time": 2.32,
      "ball": {
        "pos": {
          "x": 12.042,
          "y": -6.649,
          "z": 0.562
        }
      },
      "players": [
        {
          "team": 1,
          "pos": {
            "x": 11.72,
            "y": -1.11
          }
        },
        {
          "team": 2,
          "pos": {
            "x": -12.95,
            "y": -4.1
          }
        }
      ]
    },
    {
      "time": 2.34,
      "ball": {
        "pos": {
          "x": 12.227,
          "y": -6.659,
          "z": 0.528
        }
      },
      "players": [
        {
          "team": 1,
          "pos": {
            "x": 11.72,
            "y": -1.11
          }
        },
        {
          "team": 2,
          "pos": {
            "x": -12.95,
            "y": -4.1
          }
        }
      ]
    },
    {
      "time": 2.36,
      "ball": {
        "pos": {
          "x": 12.411,
          "y": -6.67,
          "z": 0.49
        }
      },
      "players": [
        {
          "team": 1,
          "pos": {
            "x": 11.72,
            "y": -1.11
          }
        },
        {
          "team": 2,
          "pos": {
            "x": -12.95,
            "y": -4.1
          }
        }
      ]
    },
    {
      "time": 2.38,
      "ball": {
        "pos": {
          "x": 12.594,
          "y": -6.68,
          "z": 0.448
        }
      },
      "players": [
        {
          "team": 1,
          "pos": {
            "x": 11.72,
            "y": -1.11
          }
        },
        {
          "team": 2,
          "pos": {
            "x": -12.95,
            "y": -4.1
          }
        }
      ]
    },
    {
      "time": 2.4,
      "ball": {
        "pos": {
          "x": 12.777,
          "y": -6.69,
          "z": 0.402
        }
      },
      "players": [
        {
          "team": 1,
          "pos": {
            "x": 11.72,
            "y": -1.11
          }
        },
        {
          "team": 2,
          "pos": {
            "x": -12.95,
            "y": -4.1
          }
        }
      ]
    },
    {
      "time": 2.42,
      "ball": {
        "pos": {
          "x": 12.959,
          "y": -6.701,
          "z": 0.352
        }
      },
      "players": [
        {
          "team": 1,
          "pos": {
            "x": 11.72,
            "y": -1.11
          }
        },
        {
          "team": 2,
          "pos": {
            "x": -12.95,
            "y": -4.1
          }
        }
      ]
    },
    {
      "time": 2.44,
      "ball": {
        "pos": {
          "x": 13.141,
          "y": -6.711,
          "z": 0.298
        }
      },
      "players": [
        {
          "team": 1,
          "pos": {
            "x": 11.72,
            "y": -1.11
          }
        },
        {
          "team": 2,
          "pos": {
            "x": -12.95,
            "y": -4.1
          }
        }
      ]
    },
    {
      "time": 2.46,
      "ball": {
        "pos": {
          "x": 13.322,
          "y": -6.721,
          "z": 0.241
        }
      },
      "players": [
        {
          "team": 1,
          "pos": {
            "x": 11.72,
            "y": -1.11
          }
        },
        {
          "team": 2,
          "pos": {
            "x": -12.95,
            "y": -4.1
          }
        }
      ]
    },
    {
      "time": 2.48,
      "ball": {
        "pos": {
          "x": 13.503,
          "y": -6.73,
          "z": 0.18
        }
      },
      "players": [
        {
          "team": 1,
          "pos": {
            "x": 11.72,
            "y": -1.11
          }
        },
        {
          "team": 2,
          "pos": {
            "x": -12.95,
            "y": -4.1
          }
        }
      ]
    },
    {
      "time": 2.5,
      "ball": {
        "pos": {
          "x": 13.683,
          "y": -6.74,
          "z": 0.114
        }
      },
      "players": [
        {
          "team": 1,
          "pos": {
            "x": 11.72,
            "y": -1.11
          }
        },
        {
          "team": 2,
          "pos": {
            "x": -12.95,
            "y": -4.1
          }
        }
      ]
    },
    {
      "time": 2.52,
      "ball": {
        "pos": {
          "x": 13.863,
          "y": -6.75,
          "z": 0.046
        }
      },
      "players": [
        {
          "team": 1,
          "pos": {
            "x": 11.72,
            "y": -1.11
          }
        },
        {
          "team": 2,
          "pos": {
            "x": -12.95,
            "y": -4.1
          }
        }
      ]
    },
    {
      "time": 2.524,
      "event": "bounce",
      "ball": {
        "pos": {
          "x": 13.895,
          "y": -6.751,
          "z": 0.033
        }
      },
      "players": [
        {
          "team": 1,
          "pos": {
            "x": 11.72,
            "y": -1.11
          }
        },
        {
          "team": 2,
          "pos": {
            "x": -12.95,
            "y": -4.1
          }
        }
      ]
    },
    {
      "time": 2.529,
      "ball": {
        "pos": {
          "x": 13.939,
          "y": -6.754,
          "z": 0.033
        }
      },
      "players": [
        {
          "team": 1,
          "pos": {
            "x": 11.72,
            "y": -1.11
          }
        },
        {
          "team": 2,
          "pos": {
            "x": -12.95,
            "y": -4.1
          }
        }
      ]
    },
    {
      "time": 2.54,
      "players": [
        {
          "team": 1,
          "pos": {
            "x": 11.72,
            "y": -1.11
          }
        },
        {
          "team": 2,
          "pos": {
            "x": -12.95,
            "y": -4.1
          }
        }
      ]
    },
    {
      "time": 2.56,
      "players": [
        {
          "team": 1,
          "pos": {
            "x": 11.72,
            "y": -1.11
          }
        },
        {
          "team": 2,
          "pos": {
            "x": -12.95,
            "y": -4.1
          }
        }
      ]
    },
    {
      "time": 2.58,
      "players": [
        {
          "team": 1,
          "pos": {
            "x": 11.72,
            "y": -1.11
          }
        },
        {
          "team": 2,
          "pos": {
            "x": -12.95,
            "y": -4.1
          }
        }
      ]
    },
    {
      "time": 2.6,
      "players": [
        {
          "team": 1,
          "pos": {
            "x": 11.72,
            "y": -1.11
          }
        },
        {
          "team": 2,
          "pos": {
            "x": -12.95,
            "y": -4.1
          }
        }
      ]
    },
    {
      "time": 2.62,
      "players": [
        {
          "team": 1,
          "pos": {
            "x": 11.72,
            "y": -1.11
          }
        },
        {
          "team": 2,
          "pos": {
            "x": -12.95,
            "y": -4.1
          }
        }
      ]
    },
    {
      "time": 2.64,
      "players": [
        {
          "team": 1,
          "pos": {
            "x": 11.72,
            "y": -1.11
          }
        },
        {
          "team": 2,
          "pos": {
            "x": -12.95,
            "y": -4.1
          }
        }
      ]
    },
    {
      "time": 2.66,
      "players": [
        {
          "team": 1,
          "pos": {
            "x": 11.72,
            "y": -1.11
          }
        },
        {
          "team": 2,
          "pos": {
            "x": -12.95,
            "y": -4.1
          }
        }
      ]
    },
    {
      "time": 2.68,
      "players": [
        {
          "team": 1,
          "pos": {
            "x": 11.72,
            "y": -1.11
          }
        },
        {
          "team": 2,
          "pos": {
            "x": -12.95,
            "y": -4.1
          }
        }
      ]
    },
    {
      "time": 2.7,
      "players": [
        {
          "team": 1,
          "pos": {
            "x": 11.72,
            "y": -1.11
          }
        },
        {
          "team": 2,
          "pos": {
            "x": -12.95,
            "y": -4.1
          }
        }
      ]
    },
    {
      "time": 2.72,
      "players": [
        {
          "team": 1,
          "pos": {
            "x": 11.72,
            "y": -1.11
          }
        },
        {
          "team": 2,
          "pos": {
            "x": -12.95,
            "y": -4.1
          }
        }
      ]
    },
    {
      "time": 2.74,
      "players": [
        {
          "team": 1,
          "pos": {
            "x": 11.72,
            "y": -1.11
          }
        },
        {
          "team": 2,
          "pos": {
            "x": -12.95,
            "y": -4.1
          }
        }
      ]
    },
    {
      "time": 2.76,
      "players": [
        {
          "team": 1,
          "pos": {
            "x": 11.72,
            "y": -1.11
          }
        },
        {
          "team": 2,
          "pos": {
            "x": -12.95,
            "y": -4.1
          }
        }
      ]
    },
    {
      "time": 2.78,
      "players": [
        {
          "team": 1,
          "pos": {
            "x": 11.72,
            "y": -1.11
          }
        },
        {
          "team": 2,
          "pos": {
            "x": -12.95,
            "y": -4.1
          }
        }
      ]
    }
  ]
}