{
  "id": "af1f05c6-3979-493d-be7a-c000fca5a00c",
  "sequences": {
    "set": 1,
    "game": 6,
    "point": 5,
    "serve": 1,
    "rally": 1
  },
  "match": {
    "season": 2025,
    "tournament_id": 9999,
    "draw_code": "MS001",
    "court_id": 1,
    "players": [
      {
        "forename": "Andy",
        "surname": "Bernard",
        "team": 1,
        "external_id": "AB12"
      },
      {
        "forename": "Cedric",
        "surname": "Diggory",
        "team": 2,
        "external_id": "CD34"
      }
    ]
  },
  "shots": [
    {
      "shot_no": 1,
      "team": 1,
      "stroke": "serve",
      "spin": {
        "type": "unknown",
        "rpm": 0.0
      },
      "speed_ms": 58.949,
      "call": "out",
      "distance": null,
      "time_utc": "2025-01-01T11:35:05.142Z",
      "time": 0.0,
      "duration": 1.384
    }
  ],
  "samples": [
    {
      "time": -2.38,
      "players": [
        {
          "team": 1,
          "pos": {
            "x": 14.52,
            "y": 4.16
          }
        },
        {
          "team": 2,
          "pos": {
            "x": -12.36,
            "y": -1.16
          }
        }
      ]
    },
    {
      "time": -2.36,
      "players": [
        {
          "team": 1,
          "pos": {
            "x": 14.52,
            "y": 4.16
          }
        },
        {
          "team": 2,
          "pos": {
            "x": -12.37,
            "y": -1.13
          }
        }
      ]
    },
    {
      "time": -2.34,
      "players": [
        {
          "team": 1,
          "pos": {
            "x": 14.52,
            "y": 4.16
          }
        },
        {
          "team": 2,
          "pos": {
            "x": -12.36,
            "y": -1.16
          }
        }
      ]
    },
    {
      "time": -2.32,
      "players": [
        {
          "team": 1,
          "pos": {
            "x": 14.52,
            "y": 4.16
          }
        },
        {
          "team": 2,
          "pos": {
            "x": -12.36,
            "y": -1.19
          }
        }
      ]
    },
    {
      "time": -2.3,
      "players": [
        {
          "team": 1,
          "pos": {
            "x": 14.52,
            "y": 4.16
          }
        },
        {
          "team": 2,
          "pos": {
            "x": -12.34,
            "y": -1.2
          }
        }
      ]
    },
    {
      "time": -2.28,
      "players": [
        {
          "team": 1,
          "pos": {
            "x": 14.52,
            "y": 4.16
          }
        },
        {
          "team": 2,
          "pos": {
            "x": -12.31,
            "y": -1.21
          }
        }
      ]
    },
    {
      "time": -2.26,
      "players": [
        {
          "team": 1,
          "pos": {
            "x": 14.52,
            "y": 4.16
          }
        },
        {
          "team": 2,
          "pos": {
            "x": -12.31,
            "y": -1.23
          }
        }
      ]
    },
    {
      "time": -2.24,
      "players": [
        {
          "team": 1,
          "pos": {
            "x": 14.52,
            "y": 4.16
          }
        },
        {
          "team": 2,
          "pos": {
            "x": -12.25,
            "y": -1.24
          }
        }
      ]
    },
    {
      "time": -2.22,
      "players": [
        {
          "team": 1,
          "pos": {
            "x": 14.52,
            "y": 4.16
          }
        },
        {
          "team": 2,
          "pos": {
            "x": -12.24,
            "y": -1.22
          }
        }
      ]
    },
    {
      "time": -2.2,
      "players": [
        {
          "team": 1,
          "pos": {
            "x": 14.52,
            "y": 4.16
          }
        },
        {
          "team": 2,
          "pos": {
            "x": -12.2,
            "y": -1.26
          }
        }
      ]
    },
    {
      "time": -2.18,
      "players": [
        {
          "team": 1,
          "pos": {
            "x": 14.52,
            "y": 4.16
          }
        },
        {
          "team": 2,
          "pos": {
            "x": -12.15,
            "y": -1.22
          }
        }
      ]
    },
    {
      "time": -2.16,
      "players": [
        {
          "team": 1,
          "pos": {
            "x": 14.52,
            "y": 4.16
          }
        },
        {
          "team": 2,
          "pos": {
            "x": -12.08,
            "y": -1.21
          }
        }
      ]
    },
    {
      "time": -2.14,
      "players": [
        {
          "team": 1,
          "pos": {
            "x": 14.52,
            "y": 4.16
          }
        },
        {
          "team": 2,
          "pos": {
            "x": -12.07,
            "y": -1.21
          }
        }
      ]
    },
    {
      "time": -2.12,
      "players": [
        {
          "team": 1,
          "pos": {
            "x": 14.52,
            "y": 4.16
          }
        },
        {
          "team": 2,
          "pos": {
            "x": -12.05,
            "y": -1.18
          }
        }
      ]
    },
    {
      "time": -2.1,
      "players": [
        {
          "team": 1,
          "pos": {
            "x": 14.52,
            "y": 4.16
          }
        },
        {
          "team": 2,
          "pos": {
            "x": -12.01,
            "y": -1.16
          }
        }
      ]
    },
    {
      "time": -2.08,
      "players": [
        {
          "team": 1,
          "pos": {
            "x": 14.52,
            "y": 4.16
          }
        },
        {
          "team": 2,
          "pos": {
            "x": -12.01,
            "y": -1.12
          }
        }
      ]
    },
    {
      "time": -2.06,
      "players": [
        {
          "team": 1,
          "pos": {
            "x": 14.52,
            "y": 4.16
          }
        },
        {
          "team": 2,
          "pos": {
            "x": -11.96,
            "y": -1.1
          }
        }
      ]
    },
    {
      "time": -2.04,
      "players": [
        {
          "team": 1,
          "pos": {
            "x": 14.52,
            "y": 4.16
          }
        },
        {
          "team": 2,
          "pos": {
            "x": -11.94,
            "y": -1.05
          }
        }
      ]
    },
    {
      "time": -2.02,
      "players": [
        {
          "team": 1,
          "pos": {
            "x": 14.52,
            "y": 4.16
          }
        },
        {
          "team": 2,
          "pos": {
            "x": -11.96,
            "y": -1.02
          }
        }
      ]
    },
    {
      "time": -2.0,
      "players": [
        {
          "team": 1,
          "pos": {
            "x": 14.52,
            "y": 4.16
          }
        },
        {
          "team": 2,
          "pos": {
            "x": -11.93,
            "y": -0.98
          }
        }
      ]
    },
    {
      "time": -1.98,
      "players": [
        {
          "team": 1,
          "pos": {
            "x": 14.52,
            "y": 4.16
          }
        },
        {
          "team": 2,
          "pos": {
            "x": -11.9,
            "y": -0.99
          }
        }
      ]
    },
    {
      "time": -1.96,
      "players": [
        {
          "team": 1,
          "pos": {
            "x": 14.52,
            "y": 4.16
          }
        },
        {
          "team": 2,
          "pos": {
            "x": -11.92,
            "y": -0.97
          }
        }
      ]
    },
    {
      "time": -1.94,
      "players": [
        {
          "team": 1,
          "pos": {
            "x": 14.52,
            "y": 4.16
          }
        },
        {
          "team": 2,
          "pos": {
            "x": -11.94,
            "y": -0.96
          }
        }
      ]
    },
    {
      "time": -1.92,
      "players": [
        {
          "team": 1,
          "pos": {
            "x": 14.52,
            "y": 4.16
          }
        },
        {
          "team": 2,
          "pos": {
            "x": -11.93,
            "y": -1.0
          }
        }
      ]
    },
    {
      "time": -1.9,
      "players": [
        {
          "team": 1,
          "pos": {
            "x": 14.52,
            "y": 4.16
          }
        },
        {
          "team": 2,
          "pos": {
            "x": -11.96,
            "y": -0.98
          }
        }
      ]
    },
    {
      "time": -1.88,
      "players": [
        {
          "team": 1,
          "pos": {
            "x": 14.52,
            "y": 4.16
          }
        },
        {
          "team": 2,
          "pos": {
            "x": -11.93,
            "y": -1.02
          }
        }
      ]
    },
    {
      "time": -1.86,
      "players": [
        {
          "team": 1,
          "pos": {
            "x": 14.52,
            "y": 4.16
          }
        },
        {
          "team": 2,
          "pos": {
            "x": -11.92,
            "y": -1.02
          }
        }
      ]
    },
    {
      "time": -1.84,
      "players": [
        {
          "team": 1,
          "pos": {
            "x": 14.52,
            "y": 4.16
          }
        },
        {
          "team": 2,
          "pos": {
            "x": -11.91,
            "y": -1.06
          }
        }
      ]
    },
    {
      "time": -1.82,
      "players": [
        {
          "team": 1,
          "pos": {
            "x": 14.52,
            "y": 4.16
          }
        },
        {
          "team": 2,
          "pos": {
            "x": -11.92,
            "y": -1.07
          }
        }
      ]
    },
    {
      "time": -1.8,
      "players": [
        {
          "team": 1,
          "pos": {
            "x": 14.52,
            "y": 4.16
          }
        },
        {
          "team": 2,
          "pos": {
            "x": -11.93,
            "y": -1.09
          }
        }
      ]
    },
    {
      "time": -1.78,
      "players": [
        {
          "team": 1,
          "pos": {
            "x": 14.52,
            "y": 4.16
          }
        },
        {
          "team": 2,
          "pos": {
            "x": -11.94,
            "y": -1.12
          }
        }
      ]
    },
    {
      "time": -1.76,
      "players": [
        {
          "team": 1,
          "pos": {
            "x": 14.52,
            "y": 4.16
          }
        },
        {
          "team": 2,
          "pos": {
            "x": -11.98,
            "y": -1.07
          }
        }
      ]
    },
    {
      "time": -1.74,
      "players": [
        {
          "team": 1,
          "pos": {
            "x": 14.52,
            "y": 4.16
          }
        },
        {
          "team": 2,
          "pos": {
            "x": -12.01,
            "y": -1.02
          }
        }
      ]
    },
    {
      "time": -1.72,
      "players": [
        {
          "team": 1,
          "pos": {
            "x": 14.52,
            "y": 4.16
          }
        },
        {
          "team": 2,
          "pos": {
            "x": -12.04,
            "y": -0.97
          }
        }
      ]
    },
    {
      "time": -1.7,
      "players": [
        {
          "team": 1,
          "pos": {
            "x": 14.52,
            "y": 4.16
          }
        },
        {
          "team": 2,
          "pos": {
            "x": -12.1,
            "y": -1.02
          }
        }
      ]
    },
    {
      "time": -1.68,
      "players": [
        {
          "team": 1,
          "pos": {
            "x": 14.52,
            "y": 4.16
          }
        },
        {
          "team": 2,
          "pos": {
            "x": -12.14,
            "y": -1.04
          }
        }
      ]
    },
    {
      "time": -1.66,
      "players": [
        {
          "team": 1,
          "pos": {
            "x": 14.52,
            "y": 4.16
          }
        },
        {
          "team": 2,
          "pos": {
            "x": -12.18,
            "y": -1.02
          }
        }
      ]
    },
    {
      "time": -1.64,
      "players": [
        {
          "team": 1,
          "pos": {
            "x": 14.52,
            "y": 4.16
          }
        },
        {
          "team": 2,
          "pos": {
            "x": -12.22,
            "y": -1.03
          }
        }
      ]
    },
    {
      "time": -1.62,
      "players": [
        {
          "team": 1,
          "pos": {
            "x": 14.52,
            "y": 4.16
          }
        },
        {
          "team": 2,
          "pos": {
            "x": -12.21,
            "y": -0.98
          }
        }
      ]
    },
    {
      "time": -1.6,
      "players": [
        {
          "team": 1,
          "pos": {
            "x": 14.52,
            "y": 4.16
          }
        },
        {
          "team": 2,
          "pos": {
            "x": -12.23,
            "y": -1.0
          }
        }
      ]
    },
    {
      "time": -1.58,
      "players": [
        {
          "team": 1,
          "pos": {
            "x": 14.52,
            "y": 4.16
          }
        },
        {
          "team": 2,
          "pos": {
            "x": -12.25,
            "y": -1.01
          }
        }
      ]
    },
    {
      "time": -1.56,
      "players": [
        {
          "team": 1,
          "pos": {
            "x": 14.52,
            "y": 4.16
          }
        },
        {
          "team": 2,
          "pos": {
            "x": -12.26,
            "y": -0.97
          }
        }
      ]
    },
    {
      "time": -1.54,
      "players": [
        {
          "team": 1,
          "pos": {
            "x": 14.52,
            "y": 4.16
          }
        },
        {
          "team": 2,
          "pos": {
            "x": -12.27,
            "y": -0.93
          }
        }
      ]
    },
    {
      "time": -1.52,
      "players": [
        {
          "team": 1,
          "pos": {
            "x": 14.52,
            "y": 4.16
          }
        },
        {
          "team": 2,
          "pos": {
            "x": -12.28,
            "y": -0.88
          }
        }
      ]
    },
    {
      "time": -1.5,
      "players": [
        {
          "team": 1,
          "pos": {
            "x": 14.52,
            "y": 4.16
          }
        },
        {
          "team": 2,
          "pos": {
            "x": -12.3,
            "y": -0.85
          }
        }
      ]
    },
    {
      "time": -1.48,
      "players": [
        {
          "team": 1,
          "pos": {
            "x": 14.52,
            "y": 4.16
          }
        },
        {
          "team": 2,
          "pos": {
            "x": -12.33,
            "y": -0.84
          }
        }
      ]
    },
    {
      "time": -1.46,
      "players": [
        {
          "team": 1,
          "pos": {
            "x": 14.52,
            "y": 4.16
          }
        },
        {
          "team": 2,
          "pos": {
            "x": -12.37,
            "y": -0.89
          }
        }
      ]
    },
    {
      "time": -1.44,
      "players": [
        {
          "team": 1,
          "pos": {
            "x": 14.52,
            "y": 4.16
          }
        },
        {
          "team": 2,
          "pos": {
            "x": -12.36,
            "y": -0.84
          }
        }
      ]
    },
    {
      "time": -1.42,
      "players": [
        {
          "team": 1,
          "pos": {
            "x": 14.52,
            "y": 4.16
          }
        },
        {
          "team": 2,
          "pos": {
            "x": -12.35,
            "y": -0.78
          }
        }
      ]
    },
    {
      "time": -1.4,
      "players": [
        {
          "team": 1,
          "pos": {
            "x": 14.52,
            "y": 4.16
          }
        },
        {
          "team": 2,
          "pos": {
            "x": -12.39,
            "y": -0.77
          }
        }
      ]
    },
    {
      "time": -1.38,
      "players": [
        {
          "team": 1,
          "pos": {
            "x": 14.52,
            "y": 4.16
          }
        },
        {
          "team": 2,
          "pos": {
            "x": -12.4,
            "y": -0.72
          }
        }
      ]
    },
    {
      "time": -1.36,
      "players": [
        {
          "team": 1,
          "pos": {
            "x": 14.52,
            "y": 4.16
          }
        },
        {
          "team": 2,
          "pos": {
            "x": -12.42,
            "y": -0.69
          }
        }
      ]
    },
    {
      "time": -1.34,
      "players": [
        {
          "team": 1,
          "pos": {
            "x": 14.53,
            "y": 4.16
          }
        },
        {
          "team": 2,
          "pos": {
            "x": -12.39,
            "y": -0.64
          }
        }
      ]
    },
    {
      "time": -1.32,
      "players": [
        {
          "team": 1,
          "pos": {
            "x": 14.53,
            "y": 4.16
          }
        },
        {
          "team": 2,
          "pos": {
            "x": -12.42,
            "y": -0.64
          }
        }
      ]
    },
    {
      "time": -1.3,
      "players": [
        {
          "team": 1,
          "pos": {
            "x": 14.53,
            "y": 4.16
          }
        },
        {
          "team": 2,
          "pos": {
            "x": -12.41,
            "y": -0.63
          }
        }
      ]
    },
    {
      "time": -1.28,
      "players": [
        {
          "team": 1,
          "pos": {
            "x": 14.53,
            "y": 4.15
          }
        },
        {
          "team": 2,
          "pos": {
            "x": -12.42,
            "y": -0.68
          }
        }
      ]
    },
    {
      "time": -1.26,
      "players": [
        {
          "team": 1,
          "pos": {
            "x": 14.56,
            "y": 4.16
          }
        },
        {
          "team": 2,
          "pos": {
            "x": -12.39,
            "y": -0.65
          }
        }
      ]
    },
    {
      "time": -1.24,
      "players": [
        {
          "team": 1,
          "pos": {
            "x": 14.59,
            "y": 4.17
          }
        },
        {
          "team": 2,
          "pos": {
            "x": -12.4,
            "y": -0.68
          }
        }
      ]
    },
    {
      "time": -1.22,
      "players": [
        {
          "team": 1,
          "pos": {
            "x": 14.59,
            "y": 4.15
          }
        },
        {
          "team": 2,
          "pos": {
            "x": -12.43,
            "y": -0.73
          }
        }
      ]
    },
    {
      "time": -1.2,
      "players": [
        {
          "team": 1,
          "pos": {
            "x": 14.59,
            "y": 4.13
          }
        },
        {
          "team": 2,
          "pos": {
            "x": -12.41,
            "y": -0.78
          }
        }
      ]
    },
    {
      "time": -1.18,
      "players": [
        {
          "team": 1,
          "pos": {
            "x": 14.61,
            "y": 4.13
          }
        },
        {
          "team": 2,
          "pos": {
            "x": -12.4,
            "y": -0.83
          }
        }
      ]
    },
    {
      "time": -1.164,
      "ball": {
        "pos": {
          "x": -11.78,
          "y": -1.521,
          "z": 1.112
        }
      },
      "players": [
        {
          "team": 1,
          "pos": {
            "x": 14.53,
            "y": 4.16
          }
        },
        {
          "team": 2,
          "pos": {
            "x": -12.39,
            "y": -0.91
          }
        }
      ]
    },
    {
      "time": -1.16,
      "ball": {
        "pos": {
          "x": -11.779,
          "y": -1.519,
          "z": 1.137
        }
      },
      "players": [
        {
          "team": 1,
          "pos": {
            "x": 14.62,
            "y": 4.1
          }
        },
        {
          "team": 2,
          "pos": {
            "x": -12.4,
            "y": -0.89
          }
        }
      ]
    },
    {
      "time": -1.14,
      "ball": {
        "pos": {
          "x": -11.774,
          "y": -1.51,
          "z": 1.275
        }
      },
      "players": [
        {
          "team": 1,
          "pos": {
            "x": 14.62,
            "y": 4.06
          }
        },
        {
          "team": 2,
          "pos": {
            "x": -12.39,
            "y": -0.94
          }
        }
      ]
    },
    {
      "time": -1.12,
      "ball": {
        "pos": {
          "x": -11.769,
          "y": -1.5,
          "z": 1.408
        }
      },
      "players": [
        {
          "team": 1,
          "pos": {
            "x": 14.65,
            "y": 4.02
          }
        },
        {
          "team": 2,
          "pos": {
            "x": -12.38,
            "y": -1.0
          }
        }
      ]
    },
    {
      "time": -1.1,
      "ball": {
        "pos": {
          "x": -11.764,
          "y": -1.49,
          "z": 1.538
        }
      },
      "players": [
        {
          "team": 1,
          "pos": {
            "x": 14.69,
            "y": 4.04
          }
        },
        {
          "team": 2,
          "pos": {
            "x": -12.33,
            "y": -1.03
          }
        }
      ]
    },
    {
      "time": -1.08,
      "ball": {
        "pos": {
          "x": -11.759,
          "y": -1.48,
          "z": 1.664
        }
      },
      "players": [
        {
          "team": 1,
          "pos": {
            "x": 14.67,
            "y": 4.02
          }
        },
        {
          "team": 2,
          "pos": {
            "x": -12.3,
            "y": -1.07
          }
        }
      ]
    },
    {
      "time": -1.06,
      "ball": {
        "pos": {
          "x": -11.755,
          "y": -1.47,
          "z": 1.787
        }
      },
      "players": [
        {
          "team": 1,
          "pos": {
            "x": 14.74,
            "y": 3.98
          }
        },
        {
          "team": 2,
          "pos": {
            "x": -12.3,
            "y": -1.09
          }
        }
      ]
    },
    {
      "time": -1.04,
      "ball": {
        "pos": {
          "x": -11.75,
          "y": -1.459,
          "z": 1.906
        }
      },
      "players": [
        {
          "team": 1,
          "pos": {
            "x": 14.75,
            "y": 3.97
          }
        },
        {
          "team": 2,
          "pos": {
            "x": -12.29,
            "y": -1.08
          }
        }
      ]
    },
    {
      "time": -1.02,
      "ball": {
        "pos": {
          "x": -11.746,
          "y": -1.448,
          "z": 2.02
        }
      },
      "players": [
        {
          "team": 1,
          "pos": {
            "x": 14.73,
            "y": 3.94
          }
        },
        {
          "team": 2,
          "pos": {
            "x": -12.3,
            "y": -1.13
          }
        }
      ]
    },
    {
      "time": -1.0,
      "ball": {
        "pos": {
          "x": -11.742,
          "y": -1.436,
          "z": 2.131
        }
      },
      "players": [
        {
          "team": 1,
          "pos": {
            "x": 14.73,
            "y": 3.91
          }
        },
        {
          "team": 2,
          "pos": {
            "x": -12.32,
            "y": -1.19
          }
        }
      ]
    },
    {
      "time": -0.98,
      "ball": {
        "pos": {
          "x": -11.737,
          "y": -1.425,
          "z": 2.239
        }
      },
      "players": [
        {
          "team": 1,
          "pos": {
            "x": 14.76,
            "y": 3.89
          }
        },
        {
          "team": 2,
          "pos": {
            "x": -12.34,
            "y": -1.15
          }
        }
      ]
    },
    {
      "time": -0.96,
      "ball": {
        "pos": {
          "x": -11.733,
          "y": -1.413,
          "z": 2.342
        }
      },
      "players": [
        {
          "team": 1,
          "pos": {
            "x": 14.73,
            "y": 3.87
          }
        },
        {
          "team": 2,
          "pos": {
            "x": -12.36,
            "y": -1.21
          }
        }
      ]
    },
    {
      "time": -0.94,
      "ball": {
        "pos": {
          "x": -11.729,
          "y": -1.401,
          "z": 2.442
        }
      },
      "players": [
        {
          "team": 1,
          "pos": {
            "x": 14.76,
            "y": 3.85
          }
        },
        {
          "team": 2,
          "pos": {
            "x": -12.4,
            "y": -1.18
          }
        }
      ]
    },
    {
      "time": -0.92,
      "ball": {
        "pos": {
          "x": -11.725,
          "y": -1.388,
          "z": 2.538
        }
      },
      "players": [
        {
          "team": 1,
          "pos": {
            "x": 14.78,
            "y": 3.84
          }
        },
        {
          "team": 2,
          "pos": {
            "x": -12.37,
            "y": -1.19
          }
        }
      ]
    },
    {
      "time": -0.9,
      "ball": {
        "pos": {
          "x": -11.722,
          "y": -1.376,
          "z": 2.63
        }
      },
      "players": [
        {
          "team": 1,
          "pos": {
            "x": 14.76,
            "y": 3.85
          }
        },
        {
          "team": 2,
          "pos": {
            "x": -12.31,
            "y": -1.2
          }
        }
      ]
    },
    {
      "time": -0.88,
      "ball": {
        "pos": {
          "x": -11.718,
          "y": -1.363,
          "z": 2.719
        }
      },
      "players": [
        {
          "team": 1,
          "pos": {
            "x": 14.76,
            "y": 3.87
          }
        },
        {
          "team": 2,
          "pos": {
            "x": -12.28,
            "y": -1.22
          }
        }
      ]
    },
    {
      "time": -0.86,
      "ball": {
        "pos": {
          "x": -11.714,
          "y": -1.35,
          "z": 2.803
        }
      },
      "players": [
        {
          "team": 1,
          "pos": {
            "x": 14.74,
            "y": 3.85
          }
        },
        {
          "team": 2,
          "pos": {
            "x": -12.3,
            "y": -1.25
          }
        }
      ]
    },
    {
      "time": -0.84,
      "ball": {
        "pos": {
          "x": -11.711,
          "y": -1.337,
          "z": 2.884
        }
      },
      "players": [
        {
          "team": 1,
          "pos": {
            "x": 14.7,
            "y": 3.81
          }
        },
        {
          "team": 2,
          "pos": {
            "x": -12.29,
            "y": -1.23
          }
        }
      ]
    },
    {
      "time": -0.82,
      "ball": {
        "pos": {
          "x": -11.707,
          "y": -1.323,
          "z": 2.961
        }
      },
      "players": [
        {
          "team": 1,
          "pos": {
            "x": 14.74,
            "y": 3.79
          }
        },
        {
          "team": 2,
          "pos": {
            "x": -12.3,
            "y": -1.25
          }
        }
      ]
    },
    {
      "time": -0.8,
      "ball": {
        "pos": {
          "x": -11.704,
          "y": -1.31,
          "z": 3.034
        }
      },
      "players": [
        {
          "team": 1,
          "pos": {
            "x": 14.76,
            "y": 3.81
          }
        },
        {
          "team": 2,
          "pos": {
            "x": -12.34,
            "y": -1.23
          }
        }
      ]
    },
    {
      "time": -0.78,
      "ball": {
        "pos": {
          "x": -11.701,
          "y": -1.296,
          "z": 3.103
        }
      },
      "players": [
        {
          "team": 1,
          "pos": {
            "x": 14.77,
            "y": 3.82
          }
        },
        {
          "team": 2,
          "pos": {
            "x": -12.38,
            "y": -1.23
          }
        }
      ]
    },
    {
      "time": -0.76,
      "ball": {
        "pos": {
          "x": -11.697,
          "y": -1.282,
          "z": 3.169
        }
      },
      "players": [
        {
          "team": 1,
          "pos": {
            "x": 14.75,
            "y": 3.8
          }
        },
        {
          "team": 2,
          "pos": {
            "x": -12.37,
            "y": -1.23
          }
        }
      ]
    },
    {
      "time": -0.74,
      "ball": {
        "pos": {
          "x": -11.694,
          "y": -1.267,
          "z": 3.231
        }
      },
      "players": [
        {
          "team": 1,
          "pos": {
            "x": 14.76,
            "y": 3.8
          }
        },
        {
          "team": 2,
          "pos": {
            "x": -12.36,
            "y": -1.24
          }
        }
      ]
    },
    {
      "time": -0.72,
      "ball": {
        "pos": {
          "x": -11.691,
          "y": -1.253,
          "z": 3.289
        }
      },
      "players": [
        {
          "team": 1,
          "pos": {
            "x": 14.79,
            "y": 3.81
          }
        },
        {
          "team": 2,
          "pos": {
            "x": -12.37,
            "y": -1.28
          }
        }
      ]
    },
    {
      "time": -0.7,
      "ball": {
        "pos": {
          "x": -11.688,
          "y": -1.238,
          "z": 3.343
        }
      },
      "players": [
        {
          "team": 1,
          "pos": {
            "x": 14.85,
            "y": 3.81
          }
        },
        {
          "team": 2,
          "pos": {
            "x": -12.4,
            "y": -1.29
          }
        }
      ]
    },
    {
      "time": -0.68,
      "ball": {
        "pos": {
          "x": -11.685,
          "y": -1.224,
          "z": 3.393
        }
      },
      "players": [
        {
          "team": 1,
          "pos": {
            "x": 14.9,
            "y": 3.8
          }
        },
        {
          "team": 2,
          "pos": {
            "x": -12.42,
            "y": -1.27
          }
        }
      ]
    },
    {
      "time": -0.66,
      "ball": {
        "pos": {
          "x": -11.682,
          "y": -1.209,
          "z": 3.44
        }
      },
      "players": [
        {
          "team": 1,
          "pos": {
            "x": 14.93,
            "y": 3.81
          }
        },
        {
          "team": 2,
          "pos": {
            "x": -12.45,
            "y": -1.3
          }
        }
      ]
    },
    {
      "time": -0.64,
      "ball": {
        "pos": {
          "x": -11.679,
          "y": -1.194,
          "z": 3.482
        }
      },
      "players": [
        {
          "team": 1,
          "pos": {
            "x": 14.95,
            "y": 3.83
          }
        },
        {
          "team": 2,
          "pos": {
            "x": -12.47,
            "y": -1.32
          }
        }
      ]
    },
    {
      "time": -0.62,
      "ball": {
        "pos": {
          "x": -11.676,
          "y": -1.178,
          "z": 3.521
        }
      },
      "players": [
        {
          "team": 1,
          "pos": {
            "x": 14.95,
            "y": 3.85
          }
        },
        {
          "team": 2,
          "pos": {
            "x": -12.47,
            "y": -1.35
          }
        }
      ]
    },
    {
      "time": -0.6,
      "ball": {
        "pos": {
          "x": -11.673,
          "y": -1.163,
          "z": 3.556
        }
      },
      "players": [
        {
          "team": 1,
          "pos": {
            "x": 14.9,
            "y": 3.86
          }
        },
        {
          "team": 2,
          "pos": {
            "x": -12.49,
            "y": -1.37
          }
        }
      ]
    },
    {
      "time": -0.58,
      "ball": {
        "pos": {
          "x": -11.67,
          "y": -1.148,
          "z": 3.587
        }
      },
      "players": [
        {
          "team": 1,
          "pos": {
            "x": 14.84,
            "y": 3.88
          }
        },
        {
          "team": 2,
          "pos": {
            "x": -12.5,
            "y": -1.39
          }
        }
      ]
    },
    {
      "time": -0.56,
      "ball": {
        "pos": {
          "x": -11.667,
          "y": -1.132,
          "z": 3.614
        }
      },
      "players": [
        {
          "team": 1,
          "pos": {
            "x": 14.86,
            "y": 3.92
          }
        },
        {
          "team": 2,
          "pos": {
            "x": -12.5,
            "y": -1.41
          }
        }
      ]
    },
    {
      "time": -0.54,
      "ball": {
        "pos": {
          "x": -11.665,
          "y": -1.116,
          "z": 3.638
        }
      },
      "players": [
        {
          "team": 1,
          "pos": {
            "x": 14.88,
            "y": 3.9
          }
        },
        {
          "team": 2,
          "pos": {
            "x": -12.5,
            "y": -1.42
          }
        }
      ]
    },
    {
      "time": -0.52,
      "ball": {
        "pos": {
          "x": -11.662,
          "y": -1.1,
          "z": 3.657
        }
      },
      "players": [
        {
          "team": 1,
          "pos": {
            "x": 14.83,
            "y": 3.91
          }
        },
        {
          "team": 2,
          "pos": {
            "x": -12.51,
            "y": -1.43
          }
        }
      ]
    },
    {
      "time": -0.5,
      "ball": {
        "pos": {
          "x": -11.659,
          "y": -1.084,
          "z": 3.673
        }
      },
      "players": [
        {
          "team": 1,
          "pos": {
            "x": 14.77,
            "y": 3.92
          }
        },
        {
          "team": 2,
          "pos": {
            "x": -12.52,
            "y": -1.44
          }
        }
      ]
    },
    {
      "time": -0.48,
      "ball": {
        "pos": {
          "x": -11.656,
          "y": -1.068,
          "z": 3.685
        }
      },
      "players": [
        {
          "team": 1,
          "pos": {
            "x": 14.78,
            "y": 3.93
          }
        },
        {
          "team": 2,
          "pos": {
            "x": -12.53,
            "y": -1.45
          }
        }
      ]
    },
    {
      "time": -0.46,
      "ball": {
        "pos": {
          "x": -11.654,
          "y": -1.052,
          "z": 3.693
        }
      },
      "players": [
        {
          "team": 1,
          "pos": {
            "x": 14.79,
            "y": 3.93
          }
        },
        {
          "team": 2,
          "pos": {
            "x": -12.53,
            "y": -1.46
          }
        }
      ]
    },
    {
      "time": -0.44,
      "ball": {
        "pos": {
          "x": -11.651,
          "y": -1.036,
          "z": 3.697
        }
      },
      "players": [
        {
          "team": 1,
          "pos": {
            "x": 14.8,
            "y": 3.92
          }
        },
        {
          "team": 2,
          "pos": {
            "x": -12.54,
            "y": -1.46
          }
        }
      ]
    },
    {
      "time": -0.429,
      "ball": {
        "pos": {
          "x": -11.649,
          "y": -1.027,
          "z": 3.698
        }
      },
      "players": [
        {
          "team": 1,
          "pos": {
            "x": 14.86,
            "y": 3.86
          }
        },
        {
          "team": 2,
          "pos": {
            "x": -12.56,
            "y": -1.45
          }
        }
      ]
    },
    {
      "time": -0.42,
      "ball": {
        "pos": {
          "x": -11.648,
          "y": -1.02,
          "z": 3.697
        }
      },
      "players": [
        {
          "team": 1,
          "pos": {
            "x": 14.83,
            "y": 3.93
          }
        },
        {
          "team": 2,
          "pos": {
            "x": -12.56,
            "y": -1.45
          }
        }
      ]
    },
    {
      "time": -0.4,
      "ball": {
        "pos": {
          "x": -11.645,
          "y": -1.003,
          "z": 3.694
        }
      },
      "players": [
        {
          "team": 1,
          "pos": {
            "x": 14.8,
            "y": 3.92
          }
        },
        {
          "team": 2,
          "pos": {
            "x": -12.56,
            "y": -1.45
          }
        }
      ]
    },
    {
      "time": -0.38,
      "ball": {
        "pos": {
          "x": -11.643,
          "y": -0.987,
          "z": 3.686
        }
      },
      "players": [
        {
          "team": 1,
          "pos": {
            "x": 14.77,
            "y": 3.92
          }
        },
        {
          "team": 2,
          "pos": {
            "x": -12.58,
            "y": -1.44
          }
        }
      ]
    },
    {
      "time": -0.36,
      "ball": {
        "pos": {
          "x": -11.64,
          "y": -0.97,
          "z": 3.675
        }
      },
      "players": [
        {
          "team": 1,
          "pos": {
            "x": 14.77,
            "y": 3.91
          }
        },
        {
          "team": 2,
          "pos": {
            "x": -12.58,
            "y": -1.44
          }
        }
      ]
    },
    {
      "time": -0.34,
      "ball": {
        "pos": {
          "x": -11.637,
          "y": -0.953,
          "z": 3.66
        }
      },
      "players": [
        {
          "team": 1,
          "pos": {
            "x": 14.73,
            "y": 3.9
          }
        },
        {
          "team": 2,
          "pos": {
            "x": -12.58,
            "y": -1.44
          }
        }
      ]
    },
    {
      "time": -0.32,
      "ball": {
        "pos": {
          "x": -11.634,
          "y": -0.937,
          "z": 3.641
        }
      },
      "players": [
        {
          "team": 1,
          "pos": {
            "x": 14.74,
            "y": 3.91
          }
        },
        {
          "team": 2,
          "pos": {
            "x": -12.6,
            "y": -1.37
          }
        }
      ]
    },
    {
      "time": -0.3,
      "ball": {
        "pos": {
          "x": -11.632,
          "y": -0.92,
          "z": 3.618
        }
      },
      "players": [
        {
          "team": 1,
          "pos": {
            "x": 14.68,
            "y": 3.87
          }
        },
        {
          "team": 2,
          "pos": {
            "x": -12.58,
            "y": -1.3
          }
        }
      ]
    },
    {
      "time": -0.28,
      "ball": {
        "pos": {
          "x": -11.629,
          "y": -0.903,
          "z": 3.591
        }
      },
      "players": [
        {
          "team": 1,
          "pos": {
            "x": 14.62,
            "y": 3.86
          }
        },
        {
          "team": 2,
          "pos": {
            "x": -12.57,
            "y": -1.22
          }
        }
      ]
    },
    {
      "time": -0.26,
      "ball": {
        "pos": {
          "x": -11.626,
          "y": -0.886,
          "z": 3.56
        }
      },
      "players": [
        {
          "team": 1,
          "pos": {
            "x": 14.59,
            "y": 3.87
          }
        },
        {
          "team": 2,
          "pos": {
            "x": -12.57,
            "y": -1.23
          }
        }
      ]
    },
    {
      "time": -0.24,
      "ball": {
        "pos": {
          "x": -11.623,
          "y": -0.87,
          "z": 3.525
        }
      },
      "players": [
        {
          "team": 1,
          "pos": {
            "x": 14.57,
            "y": 3.89
          }
        },
        {
          "team": 2,
          "pos": {
            "x": -12.56,
            "y": -1.25
          }
        }
      ]
    },
    {
      "time": -0.22,
      "ball": {
        "pos": {
          "x": -11.62,
          "y": -0.853,
          "z": 3.487
        }
      },
      "players": [
        {
          "team": 1,
          "pos": {
            "x": 14.54,
            "y": 3.89
          }
        },
        {
          "team": 2,
          "pos": {
            "x": -12.54,
            "y": -1.22
          }
        }
      ]
    },
    {
      "time": -0.2,
      "ball": {
        "pos": {
          "x": -11.617,
          "y": -0.836,
          "z": 3.444
        }
      },
      "players": [
        {
          "team": 1,
          "pos": {
            "x": 14.48,
            "y": 3.83
          }
        },
        {
          "team": 2,
          "pos": {
            "x": -12.53,
            "y": -1.24
          }
        }
      ]
    },
    {
      "time": -0.18,
      "ball": {
        "pos": {
          "x": -11.614,
          "y": -0.819,
          "z": 3.398
        }
      },
      "players": [
        {
          "team": 1,
          "pos": {
            "x": 14.48,
            "y": 3.81
          }
        },
        {
          "team": 2,
          "pos": {
            "x": -12.49,
            "y": -1.17
          }
        }
      ]
    },
    {
      "time": -0.16,
      "ball": {
        "pos": {
          "x": -11.611,
          "y": -0.802,
          "z": 3.348
        }
      },
      "players": [
        {
          "team": 1,
          "pos": {
            "x": 14.38,
            "y": 3.87
          }
        },
        {
          "team": 2,
          "pos": {
            "x": -12.42,
            "y": -1.09
          }
        }
      ]
    },
    {
      "time": -0.14,
      "ball": {
        "pos": {
          "x": -11.608,
          "y": -0.785,
          "z": 3.294
        }
      },
      "players": [
        {
          "team": 1,
          "pos": {
            "x": 14.3,
            "y": 3.9
          }
        },
        {
          "team": 2,
          "pos": {
            "x": -12.37,
            "y": -1.03
          }
        }
      ]
    },
    {
      "time": -0.12,
      "ball": {
        "pos": {
          "x": -11.605,
          "y": -0.768,
          "z": 3.235
        }
      },
      "players": [
        {
          "team": 1,
          "pos": {
            "x": 14.27,
            "y": 3.91
          }
        },
        {
          "team": 2,
          "pos": {
            "x": -12.29,
            "y": -0.95
          }
        }
      ]
    },
    {
      "time": -0.1,
      "ball": {
        "pos": {
          "x": -11.602,
          "y": -0.751,
          "z": 3.173
        }
      },
      "players": [
        {
          "team": 1,
          "pos": {
            "x": 14.19,
            "y": 3.92
          }
        },
        {
          "team": 2,
          "pos": {
            "x": -12.24,
            "y": -0.9
          }
        }
      ]
    },
    {
      "time": -0.08,
      "ball": {
        "pos": {
          "x": -11.598,
          "y": -0.734,
          "z": 3.108
        }
      },
      "players": [
        {
          "team": 1,
          "pos": {
            "x": 14.19,
            "y": 3.9
          }
        },
        {
          "team": 2,
          "pos": {
            "x": -12.17,
            "y": -0.86
          }
        }
      ]
    },
    {
      "time": -0.06,
      "ball": {
        "pos": {
          "x": -11.595,
          "y": -0.717,
          "z": 3.038
        }
      },
      "players": [
        {
          "team": 1,
          "pos": {
            "x": 14.18,
            "y": 3.87
          }
        },
        {
          "team": 2,
          "pos": {
            "x": -12.11,
            "y": -0.83
          }
        }
      ]
    },
    {
      "time": -0.04,
      "ball": {
        "pos": {
          "x": -11.591,
          "y": -0.701,
          "z": 2.964
        }
      },
      "players": [
        {
          "team": 1,
          "pos": {
            "x": 14.14,
            "y": 3.85
          }
        },
        {
          "team": 2,
          "pos": {
            "x": -12.02,
            "y": -0.84
          }
        }
      ]
    },
    {
      "time": -0.02,
      "ball": {
        "pos": {
          "x": -11.588,
          "y": -0.684,
          "z": 2.886
        }
      },
      "players": [
        {
          "team": 1,
          "pos": {
            "x": 14.12,
            "y": 3.83
          }
        },
        {
          "team": 2,
          "pos": {
            "x": -11.91,
            "y": -0.88
          }
        }
      ]
    },
    {
      "time": 0.0,
      "event": "hit",
      "ball": {
        "pos": {
          "x": -11.584,
          "y": -0.667,
          "z": 2.805
        }
      },
      "players": [
        {
          "team": 1,
          "pos": {
            "x": 14.07,
            "y": 3.83
          }
        },
        {
          "team": 2,
          "pos": {
            "x": -11.86,
            "y": -0.95
          }
        }
      ]
    },
    {
      "time": 0.02,
      "ball": {
        "pos": {
          "x": -10.433,
          "y": -0.602,
          "z": 2.631
        }
      },
      "players": [
        {
          "team": 1,
          "pos": {
            "x": 14.05,
            "y": 3.81
          }
        },
        {
          "team": 2,
          "pos": {
            "x": -11.77,
            "y": -0.96
          }
        }
      ]
    },
    {
      "time": 0.04,
      "ball": {
        "pos": {
          "x": -9.307,
          "y": -0.538,
          "z": 2.456
        }
      },
      "players": [
        {
          "team": 1,
          "pos": {
            "x": 14.07,
            "y": 3.8
          }
        },
        {
          "team": 2,
          "pos": {
            "x": -11.66,
            "y": -0.98
          }
        }
      ]
    },
    {
      "time": 0.06,
      "ball": {
        "pos": {
          "x": -8.206,
          "y": -0.474,
          "z": 2.282
        }
      },
      "players": [
        {
          "team": 1,
          "pos": {
            "x": 14.07,
            "y": 3.76
          }
        },
        {
          "team": 2,
          "pos": {
            "x": -11.6,
            "y": -0.95
          }
        }
      ]
    },
    {
      "time": 0.08,
      "ball": {
        "pos": {
          "x": -7.13,
          "y": -0.41,
          "z": 2.106
        }
      },
      "players": [
        {
          "team": 1,
          "pos": {
            "x": 14.09,
            "y": 3.74
          }
        },
        {
          "team": 2,
          "pos": {
            "x": -11.53,
            "y": -0.96
          }
        }
      ]
    },
    {
      "time": 0.1,
      "ball": {
        "pos": {
          "x": -6.076,
          "y": -0.346,
          "z": 1.93
        }
      },
      "players": [
        {
          "team": 1,
          "pos": {
            "x": 14.04,
            "y": 3.73
          }
        },
        {
          "team": 2,
          "pos": {
            "x": -11.46,
            "y": -0.93
          }
        }
      ]
    },
    {
      "time": 0.12,
      "ball": {
        "pos": {
          "x": -5.046,
          "y": -0.283,
          "z": 1.753
        }
      },
      "players": [
        {
          "team": 1,
          "pos": {
            "x": 14.02,
            "y": 3.66
          }
        },
        {
          "team": 2,
          "pos": {
            "x": -11.44,
            "y": -0.95
          }
        }
      ]
    },
    {
      "time": 0.14,
      "ball": {
        "pos": {
          "x": -4.038,
          "y": -0.22,
          "z": 1.575
        }
      },
      "players": [
        {
          "team": 1,
          "pos": {
            "x": 14.07,
            "y": 3.57
          }
        },
        {
          "team": 2,
          "pos": {
            "x": -11.43,
            "y": -0.97
          }
        }
      ]
    },
    {
      "time": 0.16,
      "ball": {
        "pos": {
          "x": -3.052,
          "y": -0.157,
          "z": 1.396
        }
      },
      "players": [
        {
          "team": 1,
          "pos": {
            "x": 14.1,
            "y": 3.49
          }
        },
        {
          "team": 2,
          "pos": {
            "x": -11.43,
            "y": -1.0
          }
        }
      ]
    },
    {
      "time": 0.18,
      "ball": {
        "pos": {
          "x": -2.086,
          "y": -0.094,
          "z": 1.216
        }
      },
      "players": [
        {
          "team": 1,
          "pos": {
            "x": 14.09,
            "y": 3.43
          }
        },
        {
          "team": 2,
          "pos": {
            "x": -11.4,
            "y": -1.0
          }
        }
      ]
    },
    {
      "time": 0.2,
      "ball": {
        "pos": {
          "x": -1.141,
          "y": -0.031,
          "z": 1.035
        }
      },
      "players": [
        {
          "team": 1,
          "pos": {
            "x": 14.09,
            "y": 3.38
          }
        },
        {
          "team": 2,
          "pos": {
            "x": -11.39,
            "y": -0.99
          }
        }
      ]
    },
    {
      "time": 0.22,
      "ball": {
        "pos": {
          "x": -0.215,
          "y": 0.032,
          "z": 0.852
        }
      },
      "players": [
        {
          "team": 1,
          "pos": {
            "x": 14.11,
            "y": 3.33
          }
        },
        {
          "team": 2,
          "pos": {
            "x": -11.44,
            "y": -0.96
          }
        }
      ]
    },
    {
      "time": 0.225,
      "ball": {
        "pos": {
          "x": -0.006,
          "y": 0.047,
          "z": 0.81
        }
      },
      "players": [
        {
          "team": 1,
          "pos": {
            "x": 14.07,
            "y": 3.75
          }
        },
        {
          "team": 2,
          "pos": {
            "x": -11.43,
            "y": -0.94
          }
        }
      ]
    },
    {
      "time": 0.24,
      "ball": {
        "pos": {
          "x": -0.048,
          "y": 0.052,
          "z": 0.793
        }
      },
      "players": [
        {
          "team": 1,
          "pos": {
            "x": 14.12,
            "y": 3.26
          }
        },
        {
          "team": 2,
          "pos": {
            "x": -11.43,
            "y": -0.94
          }
        }
      ]
    },
    {
      "time": 0.26,
      "ball": {
        "pos": {
          "x": -0.099,
          "y": 0.059,
          "z": 0.768
        }
      },
      "players": [
        {
          "team": 1,
          "pos": {
            "x": 14.13,
            "y": 3.19
          }
        },
        {
          "team": 2,
          "pos": {
            "x": -11.48,
            "y": -0.93
          }
        }
      ]
    },
    {
      "time": 0.28,
      "ball": {
        "pos": {
          "x": -0.144,
          "y": 0.067,
          "z": 0.738
        }
      },
      "players": [
        {
          "team": 1,
          "pos": {
            "x": 14.16,
            "y": 3.12
          }
        },
        {
          "team": 2,
          "pos": {
            "x": -11.51,
            "y": -0.95
          }
        }
      ]
    },
    {
      "time": 0.3,
      "ball": {
        "pos": {
          "x": -0.186,
          "y": 0.074,
          "z": 0.705
        }
      },
      "players": [
        {
          "team": 1,
          "pos": {
            "x": 14.19,
            "y": 3.04
          }
        },
        {
          "team": 2,
          "pos": {
            "x": -11.52,
            "y": -0.95
          }
        }
      ]
    },
    {
      "time": 0.32,
      "ball": {
        "pos": {
          "x": -0.225,
          "y": 0.081,
          "z": 0.668
        }
      },
      "players": [
        {
          "team": 1,
          "pos": {
            "x": 14.28,
            "y": 2.98
          }
        },
        {
          "team": 2,
          "pos": {
            "x": -11.54,
            "y": -0.95
          }
        }
      ]
    },
    {
      "time": 0.34,
      "ball": {
        "pos": {
          "x": -0.261,
          "y": 0.088,
          "z": 0.627
        }
      },
      "players": [
        {
          "team": 1,
          "pos": {
            "x": 14.33,
            "y": 2.93
          }
        },
        {
          "team": 2,
          "pos": {
            "x": -11.56,
            "y": -0.92
          }
        }
      ]
    },
    {
      "time": 0.36,
      "ball": {
        "pos": {
          "x": -0.295,
          "y": 0.096,
          "z": 0.582
        }
      },
      "players": [
        {
          "team": 1,
          "pos": {
            "x": 14.39,
            "y": 2.88
          }
        },
        {
          "team": 2,
          "pos": {
            "x": -11.56,
            "y": -0.91
          }
        }
      ]
    },
    {
      "time": 0.38,
      "ball": {
        "pos": {
          "x": -0.328,
          "y": 0.103,
          "z": 0.533
        }
      },
      "players": [
        {
          "team": 1,
          "pos": {
            "x": 14.46,
            "y": 2.83
          }
        },
        {
          "team": 2,
          "pos": {
            "x": -11.57,
            "y": -0.89
          }
        }
      ]
    },
    {
      "time": 0.4,
      "ball": {
        "pos": {
          "x": -0.36,
          "y": 0.111,
          "z": 0.481
        }
      },
      "players": [
        {
          "team": 1,
          "pos": {
            "x": 14.49,
            "y": 2.73
          }
        },
        {
          "team": 2,
          "pos": {
            "x": -11.56,
            "y": -0.86
          }
        }
      ]
    },
    {
      "time": 0.42,
      "ball": {
        "pos": {
          "x": -0.392,
          "y": 0.119,
          "z": 0.425
        }
      },
      "players": [
        {
          "team": 1,
          "pos": {
            "x": 14.54,
            "y": 2.69
          }
        },
        {
          "team": 2,
          "pos": {
            "x": -11.55,
            "y": -0.83
          }
        }
      ]
    },
    {
      "time": 0.44,
      "ball": {
        "pos": {
          "x": -0.424,
          "y": 0.127,
          "z": 0.365
        }
      },
      "players": [
        {
          "team": 1,
          "pos": {
            "x": 14.6,
            "y": 2.64
          }
        },
        {
          "team": 2,
          "pos": {
            "x": -11.52,
            "y": -0.79
          }
        }
      ]
    },
    {
      "time": 0.46,
      "ball": {
        "pos": {
          "x": -0.458,
          "y": 0.135,
          "z": 0.301
        }
      },
      "players": [
        {
          "team": 1,
          "pos": {
            "x": 14.57,
            "y": 2.6
          }
        },
        {
          "team": 2,
          "pos": {
            "x": -11.55,
            "y": -0.77
          }
        }
      ]
    },
    {
      "time": 0.48,
      "ball": {
        "pos": {
          "x": -0.494,
          "y": 0.144,
          "z": 0.234
        }
      },
      "players": [
        {
          "team": 1,
          "pos": {
            "x": 14.53,
            "y": 2.57
          }
        },
        {
          "team": 2,
          "pos": {
            "x": -11.57,
            "y": -0.73
          }
        }
      ]
    },
    {
      "time": 0.5,
      "ball": {
        "pos": {
          "x": -0.532,
          "y": 0.152,
          "z": 0.163
        }
      },
      "players": [
        {
          "team": 1,
          "pos": {
            "x": 14.61,
            "y": 2.53
          }
        },
        {
          "team": 2,
          "pos": {
            "x": -11.59,
            "y": -0.71
          }
        }
      ]
    },
    {
      "time": 0.52,
      "ball": {
        "pos": {
          "x": -0.573,
          "y": 0.161,
          "z": 0.089
        }
      },
      "players": [
        {
          "team": 1,
          "pos": {
            "x": 14.64,
            "y": 2.51
          }
        },
        {
          "team": 2,
          "pos": {
            "x": -11.62,
            "y": -0.66
          }
        }
      ]
    },
    {
      "time": 0.532,
      "event": "bounce",
      "ball": {
        "pos": {
          "x": -0.6,
          "y": 0.167,
          "z": 0.043
        }
      },
      "players": [
        {
          "team": 1,
          "pos": {
            "x": 14.42,
            "y": 2.85
          }
        },
        {
          "team": 2,
          "pos": {
            "x": -11.67,
            "y": -0.64
          }
        }
      ]
    },
    {
      "time": 0.54,
      "ball": {
        "pos": {
          "x": -0.613,
          "y": 0.171,
          "z": 0.047
        }
      },
      "players": [
        {
          "team": 1,
          "pos": {
            "x": 14.71,
            "y": 2.48
          }
        },
        {
          "team": 2,
          "pos": {
            "x": -11.66,
            "y": -0.64
          }
        }
      ]
    },
    {
      "time": 0.56,
      "ball": {
        "pos": {
          "x": -0.638,
          "y": 0.179,
          "z": 0.104
        }
      },
      "players": [
        {
          "team": 1,
          "pos": {
            "x": 14.72,
            "y": 2.44
          }
        },
        {
          "team": 2,
          "pos": {
            "x": -11.66,
            "y": -0.62
          }
        }
      ]
    },
    {
      "time": 0.58,
      "ball": {
        "pos": {
          "x": -0.663,
          "y": 0.188,
          "z": 0.158
        }
      },
      "players": [
        {
          "team": 1,
          "pos": {
            "x": 14.75,
            "y": 2.38
          }
        },
        {
          "team": 2,
          "pos": {
            "x": -11.66,
            "y": -0.59
          }
        }
      ]
    },
    {
      "time": 0.6,
      "ball": {
        "pos": {
          "x": -0.688,
          "y": 0.196,
          "z": 0.208
        }
      },
      "players": [
        {
          "team": 1,
          "pos": {
            "x": 14.71,
            "y": 2.3
          }
        },
        {
          "team": 2,
          "pos": {
            "x": -11.68,
            "y": -0.57
          }
        }
      ]
    },
    {
      "time": 0.62,
      "ball": {
        "pos": {
          "x": -0.712,
          "y": 0.205,
          "z": 0.253
        }
      },
      "players": [
        {
          "team": 1,
          "pos": {
            "x": 14.72,
            "y": 2.24
          }
        },
        {
          "team": 2,
          "pos": {
            "x": -11.68,
            "y": -0.51
          }
        }
      ]
    },
    {
      "time": 0.64,
      "ball": {
        "pos": {
          "x": -0.737,
          "y": 0.214,
          "z": 0.295
        }
      },
      "players": [
        {
          "team": 1,
          "pos": {
            "x": 14.7,
            "y": 2.17
          }
        },
        {
          "team": 2,
          "pos": {
            "x": -11.65,
            "y": -0.45
          }
        }
      ]
    },
    {
      "time": 0.66,
      "ball": {
        "pos": {
          "x": -0.762,
          "y": 0.223,
          "z": 0.333
        }
      },
      "players": [
        {
          "team": 1,
          "pos": {
            "x": 14.66,
            "y": 2.12
          }
        },
        {
          "team": 2,
          "pos": {
            "x": -11.65,
            "y": -0.39
          }
        }
      ]
    },
    {
      "time": 0.68,
      "ball": {
        "pos": {
          "x": -0.786,
          "y": 0.231,
          "z": 0.366
        }
      },
      "players": [
        {
          "team": 1,
          "pos": {
            "x": 14.7,
            "y": 2.08
          }
        },
        {
          "team": 2,
          "pos": {
            "x": -11.64,
            "y": -0.35
          }
        }
      ]
    },
    {
      "time": 0.7,
      "ball": {
        "pos": {
          "x": -0.811,
          "y": 0.24,
          "z": 0.396
        }
      },
      "players": [
        {
          "team": 1,
          "pos": {
            "x": 14.75,
            "y": 2.04
          }
        },
        {
          "team": 2,
          "pos": {
            "x": -11.66,
            "y": -0.32
          }
        }
      ]
    },
    {
      "time": 0.72,
      "ball": {
        "pos": {
          "x": -0.835,
          "y": 0.249,
          "z": 0.421
        }
      },
      "players": [
        {
          "team": 1,
          "pos": {
            "x": 14.72,
            "y": 1.99
          }
        },
        {
          "team": 2,
          "pos": {
            "x": -11.64,
            "y": -0.26
          }
        }
      ]
    },
    {
      "time": 0.74,
      "ball": {
        "pos": {
          "x": -0.86,
          "y": 0.258,
          "z": 0.443
        }
      },
      "players": [
        {
          "team": 1,
          "pos": {
            "x": 14.72,
            "y": 1.96
          }
        },
        {
          "team": 2,
          "pos": {
            "x": -11.64,
            "y": -0.24
          }
        }
      ]
    },
    {
      "time": 0.76,
      "ball": {
        "pos": {
          "x": -0.884,
          "y": 0.267,
          "z": 0.461
        }
      },
      "players": [
        {
          "team": 1,
          "pos": {
            "x": 14.66,
            "y": 1.9
          }
        },
        {
          "team": 2,
          "pos": {
            "x": -11.63,
            "y": -0.21
          }
        }
      ]
    },
    {
      "time": 0.78,
      "ball": {
        "pos": {
          "x": -0.908,
          "y": 0.276,
          "z": 0.474
        }
      },
      "players": [
        {
          "team": 1,
          "pos": {
            "x": 14.57,
            "y": 1.82
          }
        },
        {
          "team": 2,
          "pos": {
            "x": -11.64,
            "y": -0.19
          }
        }
      ]
    },
    {
      "time": 0.8,
      "ball": {
        "pos": {
          "x": -0.933,
          "y": 0.284,
          "z": 0.484
        }
      },
      "players": [
        {
          "team": 1,
          "pos": {
            "x": 14.59,
            "y": 1.77
          }
        },
        {
          "team": 2,
          "pos": {
            "x": -11.6,
            "y": -0.17
          }
        }
      ]
    },
    {
      "time": 0.82,
      "ball": {
        "pos": {
          "x": -0.957,
          "y": 0.293,
          "z": 0.49
        }
      },
      "players": [
        {
          "team": 1,
          "pos": {
            "x": 14.56,
            "y": 1.67
          }
        },
        {
          "team": 2,
          "pos": {
            "x": -11.55,
            "y": -0.14
          }
        }
      ]
    },
    {
      "time": 0.839,
      "ball": {
        "pos": {
          "x": -0.98,
          "y": 0.302,
          "z": 0.492
        }
      },
      "players": [
        {
          "team": 1,
          "pos": {
            "x": 14.69,
            "y": 2.09
          }
        },
        {
          "team": 2,
          "pos": {
            "x": -11.54,
            "y": -0.11
          }
        }
      ]
    },
    {
      "time": 0.84,
      "ball": {
        "pos": {
          "x": -0.98,
          "y": 0.302,
          "z": 0.492
        }
      },
      "players": [
        {
          "team": 1,
          "pos": {
            "x": 14.54,
            "y": 1.58
          }
        },
        {
          "team": 2,
          "pos": {
            "x": -11.56,
            "y": -0.13
          }
        }
      ]
    },
    {
      "time": 0.86,
      "ball": {
        "pos": {
          "x": -1.004,
          "y": 0.311,
          "z": 0.49
        }
      },
      "players": [
        {
          "team": 1,
          "pos": {
            "x": 14.53,
            "y": 1.57
          }
        },
        {
          "team": 2,
          "pos": {
            "x": -11.52,
            "y": -0.09
          }
        }
      ]
    },
    {
      "time": 0.88,
      "ball": {
        "pos": {
          "x": -1.028,
          "y": 0.32,
          "z": 0.484
        }
      },
      "players": [
        {
          "team": 1,
          "pos": {
            "x": 14.48,
            "y": 1.48
          }
        },
        {
          "team": 2,
          "pos": {
            "x": -11.48,
            "y": -0.06
          }
        }
      ]
    },
    {
      "time": 0.9,
      "ball": {
        "pos": {
          "x": -1.051,
          "y": 0.33,
          "z": 0.474
        }
      },
      "players": [
        {
          "team": 1,
          "pos": {
            "x": 14.45,
            "y": 1.43
          }
        },
        {
          "team": 2,
          "pos": {
            "x": -11.41,
            "y": -0.05
          }
        }
      ]
    },
    {
      "time": 0.92,
      "ball": {
        "pos": {
          "x": -1.075,
          "y": 0.339,
          "z": 0.46
        }
      },
      "players": [
        {
          "team": 1,
          "pos": {
            "x": 14.37,
            "y": 1.39
          }
        },
        {
          "team": 2,
          "pos": {
            "x": -11.33,
            "y": -0.03
          }
        }
      ]
    },
    {
      "time": 0.94,
      "ball": {
        "pos": {
          "x": -1.098,
          "y": 0.348,
          "z": 0.442
        }
      },
      "players": [
        {
          "team": 1,
          "pos": {
            "x": 14.35,
            "y": 1.35
          }
        },
        {
          "team": 2,
          "pos": {
            "x": -11.24,
            "y": -0.02
          }
        }
      ]
    },
    {
      "time": 0.96,
      "ball": {
        "pos": {
          "x": -1.121,
          "y": 0.357,
          "z": 0.42
        }
      },
      "players": [
        {
          "team": 1,
          "pos": {
            "x": 14.35,
            "y": 1.35
          }
        },
        {
          "team": 2,
          "pos": {
            "x": -11.21,
            "y": -0.01
          }
        }
      ]
    },
    {
      "time": 0.98,
      "ball": {
        "pos": {
          "x": -1.144,
          "y": 0.366,
          "z": 0.395
        }
      },
      "players": [
        {
          "team": 1,
          "pos": {
            "x": 14.35,
            "y": 1.35
          }
        },
        {
          "team": 2,
          "pos": {
            "x": -11.23,
            "y": -0.01
          }
        }
      ]
    },
    {
      "time": 1.0,
      "ball": {
        "pos": {
          "x": -1.167,
          "y": 0.375,
          "z": 0.365
        }
      },
      "players": [
        {
          "team": 1,
          "pos": {
            "x": 14.35,
            "y": 1.35
          }
        },
        {
          "team": 2,
          "pos": {
            "x": -11.21,
            "y": 0.01
          }
        }
      ]
    },
    {
      "time": 1.02,
      "ball": {
        "pos": {
          "x": -1.19,
          "y": 0.384,
          "z": 0.332
        }
      },
      "players": [
        {
          "team": 1,
          "pos": {
            "x": 14.35,
            "y": 1.35
          }
        },
        {
          "team": 2,
          "pos": {
            "x": -11.23,
            "y": -0.0
          }
        }
      ]
    },
    {
      "time": 1.04,
      "ball": {
        "pos": {
          "x": -1.212,
          "y": 0.394,
          "z": 0.294
        }
      },
      "players": [
        {
          "team": 1,
          "pos": {
            "x": 14.35,
            "y": 1.35
          }
        },
        {
          "team": 2,
          "pos": {
            "x": -11.21,
            "y": 0.0
          }
        }
      ]
    },
    {
      "time": 1.06,
      "ball": {
        "pos": {
          "x": -1.235,
          "y": 0.403,
          "z": 0.253
        }
      },
      "players": [
        {
          "team": 1,
          "pos": {
            "x": 14.35,
            "y": 1.35
          }
        },
        {
          "team": 2,
          "pos": {
            "x": -11.12,
            "y": -0.08
          }
        }
      ]
    },
    {
      "time": 1.08,
      "ball": {
        "pos": {
          "x": -1.257,
          "y": 0.412,
          "z": 0.208
        }
      },
      "players": [
        {
          "team": 1,
          "pos": {
            "x": 14.35,
            "y": 1.35
          }
        },
        {
          "team": 2,
          "pos": {
            "x": -11.13,
            "y": -0.08
          }
        }
      ]
    },
    {
      "time": 1.1,
      "ball": {
        "pos": {
          "x": -1.279,
          "y": 0.422,
          "z": 0.159
        }
      },
      "players": [
        {
          "team": 1,
          "pos": {
            "x": 14.35,
            "y": 1.35
          }
        },
        {
          "team": 2,
          "pos": {
            "x": -11.17,
            "y": -0.12
          }
        }
      ]
    },
    {
      "time": 1.12,
      "ball": {
        "pos": {
          "x": -1.301,
          "y": 0.431,
          "z": 0.107
        }
      },
      "players": [
        {
          "team": 1,
          "pos": {
            "x": 14.35,
            "y": 1.35
          }
        },
        {
          "team": 2,
          "pos": {
            "x": -11.17,
            "y": -0.12
          }
        }
      ]
    },
    {
      "time": 1.14,
      "ball": {
        "pos": {
          "x": -1.323,
          "y": 0.44,
          "z": 0.05
        }
      },
      "players": [
        {
          "team": 1,
          "pos": {
            "x": 14.35,
            "y": 1.35
          }
        },
        {
          "team": 2,
          "pos": {
            "x": -11.17,
            "y": -0.12
          }
        }
      ]
    },
    {
      "time": 1.142,
      "event": "bounce",
      "ball": {
        "pos": {
          "x": -1.325,
          "y": 0.441,
          "z": 0.044
        }
      },
      "players": [
        {
          "team": 1,
          "pos": {
            "x": 14.35,
            "y": 1.35
          }
        },
        {
          "team": 2,
          "pos": {
            "x": -11.17,
            "y": -0.12
          }
        }
      ]
    },
    {
      "time": 1.16,
      "ball": {
        "pos": {
          "x": -1.347,
          "y": 0.449,
          "z": 0.062
        }
      },
      "players": [
        {
          "team": 1,
          "pos": {
            "x": 14.35,
            "y": 1.35
          }
        },
        {
          "team": 2,
          "pos": {
            "x": -11.17,
            "y": -0.12
          }
        }
      ]
    },
    {
      "time": 1.18,
      "ball": {
        "pos": {
          "x": -1.371,
          "y": 0.458,
          "z": 0.1
        }
      },
      "players": [
        {
          "team": 1,
          "pos": {
            "x": 14.35,
            "y": 1.35
          }
        },
        {
          "team": 2,
          "pos": {
            "x": -11.17,
            "y": -0.12
          }
        }
      ]
    },
    {
      "time": 1.2,
      "ball": {
        "pos": {
          "x": -1.395,
          "y": 0.466,
          "z": 0.132
        }
      },
      "players": [
        {
          "team": 1,
          "pos": {
            "x": 14.35,
            "y": 1.35
          }
        },
        {
          "team": 2,
          "pos": {
            "x": -11.17,
            "y": -0.12
          }
        }
      ]
    },
    {
      "time": 1.22,
      "ball": {
        "pos": {
          "x": -1.419,
          "y": 0.474,
          "z": 0.156
        }
      },
      "players": [
        {
          "team": 1,
          "pos": {
            "x": 14.35,
            "y": 1.35
          }
        },
        {
          "team": 2,
          "pos": {
            "x": -11.17,
            "y": -0.12
          }
        }
      ]
    },
    {
      "time": 1.24,
      "ball": {
        "pos": {
          "x": -1.443,
          "y": 0.481,
          "z": 0.174
        }
      },
      "players": [
        {
          "team": 1,
          "pos": {
            "x": 14.35,
            "y": 1.35
          }
        },
        {
          "team": 2,
          "pos": {
            "x": -11.17,
            "y": -0.12
          }
        }
      ]
    },
    {
      "time": 1.26,
      "ball": {
        "pos": {
          "x": -1.467,
          "y": 0.488,
          "z": 0.186
        }
      },
      "players": [
        {
          "team": 1,
          "pos": {
            "x": 14.35,
            "y": 1.35
          }
        },
        {
          "team": 2,
          "pos": {
            "x": -11.17,
            "y": -0.12
          }
        }
      ]
    },
    {
      "time": 1.28,
      "ball": {
        "pos": {
          "x": -1.49,
          "y": 0.495,
          "z": 0.191
        }
      },
      "players": [
        {
          "team": 1,
          "pos": {
            "x": 14.35,
            "y": 1.35
          }
        },
        {
          "team": 2,
          "pos": {
            "x": -11.17,
            "y": -0.12
          }
        }
      ]
    },
    {
      "time": 1.289,
      "ball": {
        "pos": {
          "x": -1.501,
          "y": 0.498,
          "z": 0.192
        }
      },
      "players": [
        {
          "team": 1,
          "pos": {
            "x": 14.35,
            "y": 1.35
          }
        },
        {
          "team": 2,
          "pos": {
            "x": -11.17,
            "y": -0.12
          }
        }
      ]
    },
    {
      "time": 1.3,
      "ball": {
        "pos": {
          "x": -1.513,
          "y": 0.501,
          "z": 0.191
        }
      },
      "players": [
        {
          "team": 1,
          "pos": {
            "x": 14.35,
            "y": 1.35
          }
        },
        {
          "team": 2,
          "pos": {
            "x": -11.17,
            "y": -0.12
          }
        }
      ]
    },
    {
      "time": 1.32,
      "ball": {
        "pos": {
          "x": -1.537,
          "y": 0.508,
          "z": 0.185
        }
      },
      "players": [
        {
          "team": 1,
          "pos": {
            "x": 14.35,
            "y": 1.35
          }
        },
        {
          "team": 2,
          "pos": {
            "x": -11.17,
            "y": -0.12
          }
        }
      ]
    },
    {
      "time": 1.34,
      "ball": {
        "pos": {
          "x": -1.56,
          "y": 0.515,
          "z": 0.174
        }
      },
      "players": [
        {
          "team": 1,
          "pos": {
            "x": 14.35,
            "y": 1.35
          }
        },
        {
          "team": 2,
          "pos": {
            "x": -11.17,
            "y": -0.12
          }
        }
      ]
    },
    {
      "time": 1.36,
      "ball": {
        "pos": {
          "x": -1.583,
          "y": 0.522,
          "z": 0.158
        }
      },
      "players": [
        {
          "team": 1,
          "pos": {
            "x": 14.35,
            "y": 1.35
          }
        },
        {
          "team": 2,
          "pos": {
            "x": -11.17,
            "y": -0.12
          }
        }
      ]
    },
    {
      "time": 1.38,
      "ball": {
        "pos": {
          "x": -1.606,
          "y": 0.529,
          "z": 0.136
        }
      },
      "players": [
        {
          "team": 1,
          "pos": {
            "x": 14.35,
            "y": 1.35
          }
        },
        {
          "team": 2,
          "pos": {
            "x": -11.17,
            "y": -0.12
          }
        }
      ]
    },
    {
      "time": 1.384,
      "ball": {
        "pos": {
          "x": -1.611,
          "y": 0.531,
          "z": 0.131
        }
      },
      "players": [
        {
          "team": 1,
          "pos": {
            "x": 14.35,
            "y": 1.35
          }
        },
        {
          "team": 2,
          "pos": {
            "x": -11.17,
            "y": -0.12
          }
        }
      ]
    },
    {
      "time": 1.4,
      "players": [
        {
          "team": 1,
          "pos": {
            "x": 14.35,
            "y": 1.35
          }
        },
        {
          "team": 2,
          "pos": {
            "x": -11.17,
            "y": -0.12
          }
        }
      ]
    },
    {
      "time": 1.42,
      "players": [
        {
          "team": 1,
          "pos": {
            "x": 14.35,
            "y": 1.35
          }
        },
        {
          "team": 2,
          "pos": {
            "x": -11.17,
            "y": -0.12
          }
        }
      ]
    },
    {
      "time": 1.44,
      "players": [
        {
          "team": 1,
          "pos": {
            "x": 14.35,
            "y": 1.35
          }
        },
        {
          "team": 2,
          "pos": {
            "x": -11.17,
            "y": -0.12
          }
        }
      ]
    },
    {
      "time": 1.46,
      "players": [
        {
          "team": 1,
          "pos": {
            "x": 14.35,
            "y": 1.35
          }
        },
        {
          "team": 2,
          "pos": {
            "x": -11.17,
            "y": -0.12
          }
        }
      ]
    },
    {
      "time": 1.48,
      "players": [
        {
          "team": 1,
          "pos": {
            "x": 14.35,
            "y": 1.35
          }
        },
        {
          "team": 2,
          "pos": {
            "x": -11.17,
            "y": -0.12
          }
        }
      ]
    },
    {
      "time": 1.5,
      "players": [
        {
          "team": 1,
          "pos": {
            "x": 14.35,
            "y": 1.35
          }
        },
        {
          "team": 2,
          "pos": {
            "x": -11.17,
            "y": -0.12
          }
        }
      ]
    },
    {
      "time": 1.52,
      "players": [
        {
          "team": 1,
          "pos": {
            "x": 14.35,
            "y": 1.35
          }
        },
        {
          "team": 2,
          "pos": {
            "x": -11.17,
            "y": -0.12
          }
        }
      ]
    },
    {
      "time": 1.54,
      "players": [
        {
          "team": 1,
          "pos": {
            "x": 14.35,
            "y": 1.35
          }
        },
        {
          "team": 2,
          "pos": {
            "x": -11.17,
            "y": -0.12
          }
        }
      ]
    },
    {
      "time": 1.56,
      "players": [
        {
          "team": 1,
          "pos": {
            "x": 14.35,
            "y": 1.35
          }
        },
        {
          "team": 2,
          "pos": {
            "x": -11.17,
            "y": -0.12
          }
        }
      ]
    },
    {
      "time": 1.58,
      "players": [
        {
          "team": 1,
          "pos": {
            "x": 14.35,
            "y": 1.35
          }
        },
        {
          "team": 2,
          "pos": {
            "x": -11.17,
            "y": -0.12
          }
        }
      ]
    },
    {
      "time": 1.6,
      "players": [
        {
          "team": 1,
          "pos": {
            "x": 14.35,
            "y": 1.35
          }
        },
        {
          "team": 2,
          "pos": {
            "x": -11.17,
            "y": -0.12
          }
        }
      ]
    },
    {
      "time": 1.62,
      "players": [
        {
          "team": 1,
          "pos": {
            "x": 14.35,
            "y": 1.35
          }
        },
        {
          "team": 2,
          "pos": {
            "x": -11.17,
            "y": -0.12
          }
        }
      ]
    },
    {
      "time": 1.64,
      "players": [
        {
          "team": 1,
          "pos": {
            "x": 14.35,
            "y": 1.35
          }
        },
        {
          "team": 2,
          "pos": {
            "x": -11.17,
            "y": -0.12
          }
        }
      ]
    },
    {
      "time": 1.66,
      "players": [
        {
          "team": 1,
          "pos": {
            "x": 14.35,
            "y": 1.35
          }
        },
        {
          "team": 2,
          "pos": {
            "x": -11.17,
            "y": -0.12
          }
        }
      ]
    },
    {
      "time": 1.68,
      "players": [
        {
          "team": 1,
          "pos": {
            "x": 14.35,
            "y": 1.35
          }
        },
        {
          "team": 2,
          "pos": {
            "x": -11.17,
            "y": -0.12
          }
        }
      ]
    },
    {
      "time": 1.7,
      "players": [
        {
          "team": 1,
          "pos": {
            "x": 14.35,
            "y": 1.35
          }
        },
        {
          "team": 2,
          "pos": {
            "x": -11.17,
            "y": -0.12
          }
        }
      ]
    },
    {
      "time": 1.72,
      "players": [
        {
          "team": 1,
          "pos": {
            "x": 14.35,
            "y": 1.35
          }
        },
        {
          "team": 2,
          "pos": {
            "x": -11.17,
            "y": -0.12
          }
        }
      ]
    },
    {
      "time": 1.74,
      "players": [
        {
          "team": 1,
          "pos": {
            "x": 14.35,
            "y": 1.35
          }
        },
        {
          "team": 2,
          "pos": {
            "x": -11.17,
            "y": -0.12
          }
        }
      ]
    },
    {
      "time": 1.76,
      "players": [
        {
          "team": 1,
          "pos": {
            "x": 14.35,
            "y": 1.35
          }
        },
        {
          "team": 2,
          "pos": {
            "x": -11.17,
            "y": -0.12
          }
        }
      ]
    },
    {
      "time": 1.78,
      "players": [
        {
          "team": 1,
          "pos": {
            "x": 14.35,
            "y": 1.35
          }
        },
        {
          "team": 2,
          "pos": {
            "x": -11.17,
            "y": -0.12
          }
        }
      ]
    }
  ]
}