{
  "id": "3154eab2-02b2-43ad-9294-c1bd30e1ebcf",
  "sequences": {
    "set": 1,
    "game": 7,
    "point": 3,
    "serve": 1,
    "rally": 1
  },
  "match": {
    "season": 2025,
    "tournament_id": 9999,
    "draw_code": "MS001",
    "court_id": 1,
    "players": [
      {
        "forename": "Andy",
        "surname": "Bernard",
        "team": 1,
        "external_id": "AB12"
      },
      {
        "forename": "Cedric",
        "surname": "Diggory",
        "team": 2,
        "external_id": "CD34"
      }
    ]
  },
  "shots": [
    {
      "shot_no": 1,
      "team": 2,
      "stroke": "serve",
      "spin": {
        "type": "unknown",
        "rpm": 0.0
      },
      "speed_ms": 63.816,
      "call": "out",
      "distance": null,
      "time_utc": "2025-01-01T11:37:49.255Z",
      "time": 0.0,
      "duration": 0.282
    },
    {
      "shot_no": 2,
      "team": 2,
      "stroke": "unknown",
      "spin": {
        "type": "unknown",
        "rpm": 0.0
      },
      "speed_ms": 3.872,
      "call": "in",
      "distance": -3.991,
      "time_utc": "2025-01-01T11:37:49.537Z",
      "time": 0.282,
      "duration": 1.596
    }
  ],
  "samples": [
    {
      "time": -1.98,
      "players": [
        {
          "team": 1,
          "pos": {
            "x": 11.91,
            "y": 1.01
          }
        },
        {
          "team": 2,
          "pos": {
            "x": -14.39,
            "y": -4.02
          }
        }
      ]
    },
    {
      "time": -1.96,
      "players": [
        {
          "team": 1,
          "pos": {
            "x": 11.87,
            "y": 1.02
          }
        },
        {
          "team": 2,
          "pos": {
            "x": -14.39,
            "y": -4.02
          }
        }
      ]
    },
    {
      "time": -1.94,
      "players": [
        {
          "team": 1,
          "pos": {
            "x": 11.85,
            "y": 0.99
          }
        },
        {
          "team": 2,
          "pos": {
            "x": -14.39,
            "y": -4.02
          }
        }
      ]
    },
    {
      "time": -1.92,
      "players": [
        {
          "team": 1,
          "pos": {
            "x": 11.83,
            "y": 0.99
          }
        },
        {
          "team": 2,
          "pos": {
            "x": -14.39,
            "y": -4.02
          }
        }
      ]
    },
    {
      "time": -1.9,
      "players": [
        {
          "team": 1,
          "pos": {
            "x": 11.81,
            "y": 0.99
          }
        },
        {
          "team": 2,
          "pos": {
            "x": -14.39,
            "y": -4.02
          }
        }
      ]
    },
    {
      "time": -1.88,
      "players": [
        {
          "team": 1,
          "pos": {
            "x": 11.8,
            "y": 0.99
          }
        },
        {
          "team": 2,
          "pos": {
            "x": -14.39,
            "y": -4.02
          }
        }
      ]
    },
    {
      "time": -1.86,
      "players": [
        {
          "team": 1,
          "pos": {
            "x": 11.78,
            "y": 1.0
          }
        },
        {
          "team": 2,
          "pos": {
            "x": -14.39,
            "y": -4.02
          }
        }
      ]
    },
    {
      "time": -1.84,
      "players": [
        {
          "team": 1,
          "pos": {
            "x": 11.81,
            "y": 1.01
          }
        },
        {
          "team": 2,
          "pos": {
            "x": -14.39,
            "y": -4.02
          }
        }
      ]
    },
    {
      "time": -1.82,
      "players": [
        {
          "team": 1,
          "pos": {
            "x": 11.81,
            "y": 1.01
          }
        },
        {
          "team": 2,
          "pos": {
            "x": -14.39,
            "y": -4.02
          }
        }
      ]
    },
    {
      "time": -1.8,
      "players": [
        {
          "team": 1,
          "pos": {
            "x": 11.78,
            "y": 1.02
          }
        },
        {
          "team": 2,
          "pos": {
            "x": -14.39,
            "y": -4.02
          }
        }
      ]
    },
    {
      "time": -1.78,
      "players": [
        {
          "team": 1,
          "pos": {
            "x": 11.82,
            "y": 1.02
          }
        },
        {
          "team": 2,
          "pos": {
            "x": -14.39,
            "y": -4.02
          }
        }
      ]
    },
    {
      "time": -1.76,
      "players": [
        {
          "team": 1,
          "pos": {
            "x": 11.88,
            "y": 1.03
          }
        },
        {
          "team": 2,
          "pos": {
            "x": -14.39,
            "y": -4.02
          }
        }
      ]
    },
    {
      "time": -1.74,
      "players": [
        {
          "team": 1,
          "pos": {
            "x": 11.89,
            "y": 1.04
          }
        },
        {
          "team": 2,
          "pos": {
            "x": -14.39,
            "y": -4.02
          }
        }
      ]
    },
    {
      "time": -1.72,
      "players": [
        {
          "team": 1,
          "pos": {
            "x": 11.91,
            "y": 1.06
          }
        },
        {
          "team": 2,
          "pos": {
            "x": -14.39,
            "y": -4.02
          }
        }
      ]
    },
    {
      "time": -1.7,
      "players": [
        {
          "team": 1,
          "pos": {
            "x": 11.91,
            "y": 1.09
          }
        },
        {
          "team": 2,
          "pos": {
            "x": -14.39,
            "y": -4.02
          }
        }
      ]
    },
    {
      "time": -1.68,
      "players": [
        {
          "team": 1,
          "pos": {
            "x": 11.94,
            "y": 1.1
          }
        },
        {
          "team": 2,
          "pos": {
            "x": -14.39,
            "y": -4.02
          }
        }
      ]
    },
    {
      "time": -1.66,
      "players": [
        {
          "team": 1,
          "pos": {
            "x": 11.93,
            "y": 1.12
          }
        },
        {
          "team": 2,
          "pos": {
            "x": -14.39,
            "y": -4.02
          }
        }
      ]
    },
    {
      "time": -1.64,
      "players": [
        {
          "team": 1,
          "pos": {
            "x": 11.91,
            "y": 1.14
          }
        },
        {
          "team": 2,
          "pos": {
            "x": -14.39,
            "y": -4.02
          }
        }
      ]
    },
    {
      "time": -1.62,
      "players": [
        {
          "team": 1,
          "pos": {
            "x": 11.94,
            "y": 1.18
          }
        },
        {
          "team": 2,
          "pos": {
            "x": -14.39,
            "y": -4.02
          }
        }
      ]
    },
    {
      "time": -1.6,
      "players": [
        {
          "team": 1,
          "pos": {
            "x": 11.95,
            "y": 1.21
          }
        },
        {
          "team": 2,
          "pos": {
            "x": -14.39,
            "y": -4.02
          }
        }
      ]
    },
    {
      "time": -1.58,
      "players": [
        {
          "team": 1,
          "pos": {
            "x": 11.94,
            "y": 1.24
          }
        },
        {
          "team": 2,
          "pos": {
            "x": -14.39,
            "y": -4.02
          }
        }
      ]
    },
    {
      "time": -1.56,
      "players": [
        {
          "team": 1,
          "pos": {
            "x": 11.94,
            "y": 1.24
          }
        },
        {
          "team": 2,
          "pos": {
            "x": -14.39,
            "y": -4.02
          }
        }
      ]
    },
    {
      "time": -1.54,
      "players": [
        {
          "team": 1,
          "pos": {
            "x": 11.92,
            "y": 1.25
          }
        },
        {
          "team": 2,
          "pos": {
            "x": -14.39,
            "y": -4.02
          }
        }
      ]
    },
    {
      "time": -1.52,
      "players": [
        {
          "team": 1,
          "pos": {
            "x": 11.96,
            "y": 1.29
          }
        },
        {
          "team": 2,
          "pos": {
            "x": -14.39,
            "y": -4.02
          }
        }
      ]
    },
    {
      "time": -1.5,
      "players": [
        {
          "team": 1,
          "pos": {
            "x": 11.95,
            "y": 1.3
          }
        },
        {
          "team": 2,
          "pos": {
            "x": -14.39,
            "y": -4.02
          }
        }
      ]
    },
    {
      "time": -1.48,
      "players": [
        {
          "team": 1,
          "pos": {
            "x": 11.95,
            "y": 1.33
          }
        },
        {
          "team": 2,
          "pos": {
            "x": -14.39,
            "y": -4.02
          }
        }
      ]
    },
    {
      "time": -1.46,
      "players": [
        {
          "team": 1,
          "pos": {
            "x": 12.0,
            "y": 1.38
          }
        },
        {
          "team": 2,
          "pos": {
            "x": -14.39,
            "y": -4.02
          }
        }
      ]
    },
    {
      "time": -1.44,
      "players": [
        {
          "team": 1,
          "pos": {
            "x": 12.02,
            "y": 1.41
          }
        },
        {
          "team": 2,
          "pos": {
            "x": -14.39,
            "y": -4.02
          }
        }
      ]
    },
    {
      "time": -1.42,
      "players": [
        {
          "team": 1,
          "pos": {
            "x": 12.03,
            "y": 1.41
          }
        },
        {
          "team": 2,
          "pos": {
            "x": -14.39,
            "y": -4.02
          }
        }
      ]
    },
    {
      "time": -1.4,
      "players": [
        {
          "team": 1,
          "pos": {
            "x": 12.03,
            "y": 1.41
          }
        },
        {
          "team": 2,
          "pos": {
            "x": -14.39,
            "y": -4.02
          }
        }
      ]
    },
    {
      "time": -1.38,
      "players": [
        {
          "team": 1,
          "pos": {
            "x": 12.05,
            "y": 1.46
          }
        },
        {
          "team": 2,
          "pos": {
            "x": -14.39,
            "y": -4.02
          }
        }
      ]
    },
    {
      "time": -1.36,
      "players": [
        {
          "team": 1,
          "pos": {
            "x": 12.06,
            "y": 1.51
          }
        },
        {
          "team": 2,
          "pos": {
            "x": -14.39,
            "y": -4.02
          }
        }
      ]
    },
    {
      "time": -1.34,
      "players": [
        {
          "team": 1,
          "pos": {
            "x": 12.07,
            "y": 1.53
          }
        },
        {
          "team": 2,
          "pos": {
            "x": -14.39,
            "y": -4.02
          }
        }
      ]
    },
    {
      "time": -1.32,
      "players": [
        {
          "team": 1,
          "pos": {
            "x": 12.07,
            "y": 1.55
          }
        },
        {
          "team": 2,
          "pos": {
            "x": -14.39,
            "y": -4.02
          }
        }
      ]
    },
    {
      "time": -1.3,
      "players": [
        {
          "team": 1,
          "pos": {
            "x": 12.07,
            "y": 1.57
          }
        },
        {
          "team": 2,
          "pos": {
            "x": -14.39,
            "y": -4.02
          }
        }
      ]
    },
    {
      "time": -1.28,
      "players": [
        {
          "team": 1,
          "pos": {
            "x": 12.13,
            "y": 1.61
          }
        },
        {
          "team": 2,
          "pos": {
            "x": -14.39,
            "y": -4.02
          }
        }
      ]
    },
    {
      "time": -1.26,
      "players": [
        {
          "team": 1,
          "pos": {
            "x": 12.11,
            "y": 1.63
          }
        },
        {
          "team": 2,
          "pos": {
            "x": -14.39,
            "y": -4.02
          }
        }
      ]
    },
    {
      "time": -1.24,
      "players": [
        {
          "team": 1,
          "pos": {
            "x": 12.11,
            "y": 1.63
          }
        },
        {
          "team": 2,
          "pos": {
            "x": -14.39,
            "y": -4.02
          }
        }
      ]
    },
    {
      "time": -1.22,
      "players": [
        {
          "team": 1,
          "pos": {
            "x": 12.09,
            "y": 1.61
          }
        },
        {
          "team": 2,
          "pos": {
            "x": -14.39,
            "y": -4.02
          }
        }
      ]
    },
    {
      "time": -1.2,
      "players": [
        {
          "team": 1,
          "pos": {
            "x": 12.08,
            "y": 1.62
          }
        },
        {
          "team": 2,
          "pos": {
            "x": -14.39,
            "y": -4.02
          }
        }
      ]
    },
    {
      "time": -1.18,
      "players": [
        {
          "team": 1,
          "pos": {
            "x": 12.08,
            "y": 1.63
          }
        },
        {
          "team": 2,
          "pos": {
            "x": -14.39,
            "y": -4.02
          }
        }
      ]
    },
    {
      "time": -1.16,
      "players": [
        {
          "team": 1,
          "pos": {
            "x": 12.14,
            "y": 1.6
          }
        },
        {
          "team": 2,
          "pos": {
            "x": -14.39,
            "y": -4.02
          }
        }
      ]
    },
    {
      "time": -1.14,
      "players": [
        {
          "team": 1,
          "pos": {
            "x": 12.19,
            "y": 1.6
          }
        },
        {
          "team": 2,
          "pos": {
            "x": -14.39,
            "y": -4.02
          }
        }
      ]
    },
    {
      "time": -1.12,
      "players": [
        {
          "team": 1,
          "pos": {
            "x": 12.2,
            "y": 1.61
          }
        },
        {
          "team": 2,
          "pos": {
            "x": -14.39,
            "y": -4.02
          }
        }
      ]
    },
    {
      "time": -1.1,
      "players": [
        {
          "team": 1,
          "pos": {
            "x": 12.23,
            "y": 1.59
          }
        },
        {
          "team": 2,
          "pos": {
            "x": -14.39,
            "y": -4.02
          }
        }
      ]
    },
    {
      "time": -1.08,
      "players": [
        {
          "team": 1,
          "pos": {
            "x": 12.25,
            "y": 1.61
          }
        },
        {
          "team": 2,
          "pos": {
            "x": -14.39,
            "y": -4.02
          }
        }
      ]
    },
    {
      "time": -1.06,
      "players": [
        {
          "team": 1,
          "pos": {
            "x": 12.26,
            "y": 1.61
          }
        },
        {
          "team": 2,
          "pos": {
            "x": -14.39,
            "y": -4.02
          }
        }
      ]
    },
    {
      "time": -1.04,
      "players": [
        {
          "team": 1,
          "pos": {
            "x": 12.28,
            "y": 1.62
          }
        },
        {
          "team": 2,
          "pos": {
            "x": -14.39,
            "y": -4.02
          }
        }
      ]
    },
    {
      "time": -1.02,
      "players": [
        {
          "team": 1,
          "pos": {
            "x": 12.28,
            "y": 1.6
          }
        },
        {
          "team": 2,
          "pos": {
            "x": -14.39,
            "y": -4.02
          }
        }
      ]
    },
    {
      "time": -1.0,
      "players": [
        {
          "team": 1,
          "pos": {
            "x": 12.29,
            "y": 1.62
          }
        },
        {
          "team": 2,
          "pos": {
            "x": -14.39,
            "y": -4.02
          }
        }
      ]
    },
    {
      "time": -0.98,
      "players": [
        {
          "team": 1,
          "pos": {
            "x": 12.31,
            "y": 1.62
          }
        },
        {
          "team": 2,
          "pos": {
            "x": -14.39,
            "y": -4.02
          }
        }
      ]
    },
    {
      "time": -0.96,
      "players": [
        {
          "team": 1,
          "pos": {
            "x": 12.32,
            "y": 1.61
          }
        },
        {
          "team": 2,
          "pos": {
            "x": -14.39,
            "y": -4.02
          }
        }
      ]
    },
    {
      "time": -0.94,
      "players": [
        {
          "team": 1,
          "pos": {
            "x": 12.35,
            "y": 1.59
          }
        },
        {
          "team": 2,
          "pos": {
            "x": -14.39,
            "y": -4.02
          }
        }
      ]
    },
    {
      "time": -0.92,
      "players": [
        {
          "team": 1,
          "pos": {
            "x": 12.38,
            "y": 1.52
          }
        },
        {
          "team": 2,
          "pos": {
            "x": -14.39,
            "y": -4.02
          }
        }
      ]
    },
    {
      "time": -0.9,
      "players": [
        {
          "team": 1,
          "pos": {
            "x": 12.39,
            "y": 1.49
          }
        },
        {
          "team": 2,
          "pos": {
            "x": -14.39,
            "y": -4.02
          }
        }
      ]
    },
    {
      "time": -0.88,
      "players": [
        {
          "team": 1,
          "pos": {
            "x": 12.43,
            "y": 1.42
          }
        },
        {
          "team": 2,
          "pos": {
            "x": -14.39,
            "y": -4.02
          }
        }
      ]
    },
    {
      "time": -0.86,
      "players": [
        {
          "team": 1,
          "pos": {
            "x": 12.45,
            "y": 1.35
          }
        },
        {
          "team": 2,
          "pos": {
            "x": -14.39,
            "y": -4.02
          }
        }
      ]
    },
    {
      "time": -0.84,
      "players": [
        {
          "team": 1,
          "pos": {
            "x": 12.44,
            "y": 1.33
          }
        },
        {
          "team": 2,
          "pos": {
            "x": -14.39,
            "y": -4.02
          }
        }
      ]
    },
    {
      "time": -0.82,
      "players": [
        {
          "team": 1,
          "pos": {
            "x": 12.44,
            "y": 1.27
          }
        },
        {
          "team": 2,
          "pos": {
            "x": -14.39,
            "y": -4.02
          }
        }
      ]
    },
    {
      "time": -0.816,
      "ball": {
        "pos": {
          "x": 11.712,
          "y": 0.668,
          "z": 1.5
        }
      },
      "players": [
        {
          "team": 1,
          "pos": {
            "x": 12.45,
            "y": 1.21
          }
        },
        {
          "team": 2,
          "pos": {
            "x": -14.39,
            "y": -4.02
          }
        }
      ]
    },
    {
      "time": -0.8,
      "ball": {
        "pos": {
          "x": 11.701,
          "y": 0.674,
          "z": 1.596
        }
      },
      "players": [
        {
          "team": 1,
          "pos": {
            "x": 12.43,
            "y": 1.22
          }
        },
        {
          "team": 2,
          "pos": {
            "x": -14.39,
            "y": -4.02
          }
        }
      ]
    },
    {
      "time": -0.78,
      "ball": {
        "pos": {
          "x": 11.688,
          "y": 0.682,
          "z": 1.709
        }
      },
      "players": [
        {
          "team": 1,
          "pos": {
            "x": 12.4,
            "y": 1.21
          }
        },
        {
          "team": 2,
          "pos": {
            "x": -14.39,
            "y": -4.02
          }
        }
      ]
    },
    {
      "time": -0.76,
      "ball": {
        "pos": {
          "x": 11.676,
          "y": 0.691,
          "z": 1.818
        }
      },
      "players": [
        {
          "team": 1,
          "pos": {
            "x": 12.35,
            "y": 1.22
          }
        },
        {
          "team": 2,
          "pos": {
            "x": -14.39,
            "y": -4.02
          }
        }
      ]
    },
    {
      "time": -0.74,
      "ball": {
        "pos": {
          "x": 11.663,
          "y": 0.699,
          "z": 1.923
        }
      },
      "players": [
        {
          "team": 1,
          "pos": {
            "x": 12.29,
            "y": 1.25
          }
        },
        {
          "team": 2,
          "pos": {
            "x": -14.39,
            "y": -4.02
          }
        }
      ]
    },
    {
      "time": -0.72,
      "ball": {
        "pos": {
          "x": 11.651,
          "y": 0.707,
          "z": 2.024
        }
      },
      "players": [
        {
          "team": 1,
          "pos": {
            "x": 12.25,
            "y": 1.3
          }
        },
        {
          "team": 2,
          "pos": {
            "x": -14.4,
            "y": -4.01
          }
        }
      ]
    },
    {
      "time": -0.7,
      "ball": {
        "pos": {
          "x": 11.639,
          "y": 0.715,
          "z": 2.121
        }
      },
      "players": [
        {
          "team": 1,
          "pos": {
            "x": 12.22,
            "y": 1.29
          }
        },
        {
          "team": 2,
          "pos": {
            "x": -14.4,
            "y": -4.01
          }
        }
      ]
    },
    {
      "time": -0.68,
      "ball": {
        "pos": {
          "x": 11.626,
          "y": 0.724,
          "z": 2.213
        }
      },
      "players": [
        {
          "team": 1,
          "pos": {
            "x": 12.2,
            "y": 1.29
          }
        },
        {
          "team": 2,
          "pos": {
            "x": -14.42,
            "y": -4.01
          }
        }
      ]
    },
    {
      "time": -0.66,
      "ball": {
        "pos": {
          "x": 11.614,
          "y": 0.732,
          "z": 2.302
        }
      },
      "players": [
        {
          "team": 1,
          "pos": {
            "x": 12.22,
            "y": 1.3
          }
        },
        {
          "team": 2,
          "pos": {
            "x": -14.45,
            "y": -4.0
          }
        }
      ]
    },
    {
      "time": -0.64,
      "ball": {
        "pos": {
          "x": 11.602,
          "y": 0.741,
          "z": 2.386
        }
      },
      "players": [
        {
          "team": 1,
          "pos": {
            "x": 12.24,
            "y": 1.22
          }
        },
        {
          "team": 2,
          "pos": {
            "x": -14.49,
            "y": -3.99
          }
        }
      ]
    },
    {
      "time": -0.62,
      "ball": {
        "pos": {
          "x": 11.59,
          "y": 0.749,
          "z": 2.467
        }
      },
      "players": [
        {
          "team": 1,
          "pos": {
            "x": 12.26,
            "y": 1.21
          }
        },
        {
          "team": 2,
          "pos": {
            "x": -14.53,
            "y": -3.99
          }
        }
      ]
    },
    {
      "time": -0.6,
      "ball": {
        "pos": {
          "x": 11.579,
          "y": 0.758,
          "z": 2.543
        }
      },
      "players": [
        {
          "team": 1,
          "pos": {
            "x": 12.3,
            "y": 1.18
          }
        },
        {
          "team": 2,
          "pos": {
            "x": -14.59,
            "y": -3.97
          }
        }
      ]
    },
    {
      "time": -0.58,
      "ball": {
        "pos": {
          "x": 11.567,
          "y": 0.766,
          "z": 2.616
        }
      },
      "players": [
        {
          "team": 1,
          "pos": {
            "x": 12.31,
            "y": 1.17
          }
        },
        {
          "team": 2,
          "pos": {
            "x": -14.65,
            "y": -3.96
          }
        }
      ]
    },
    {
      "time": -0.56,
      "ball": {
        "pos": {
          "x": 11.555,
          "y": 0.775,
          "z": 2.684
        }
      },
      "players": [
        {
          "team": 1,
          "pos": {
            "x": 12.29,
            "y": 1.18
          }
        },
        {
          "team": 2,
          "pos": {
            "x": -14.73,
            "y": -3.95
          }
        }
      ]
    },
    {
      "time": -0.54,
      "ball": {
        "pos": {
          "x": 11.544,
          "y": 0.784,
          "z": 2.749
        }
      },
      "players": [
        {
          "team": 1,
          "pos": {
            "x": 12.29,
            "y": 1.12
          }
        },
        {
          "team": 2,
          "pos": {
            "x": -14.83,
            "y": -3.95
          }
        }
      ]
    },
    {
      "time": -0.52,
      "ball": {
        "pos": {
          "x": 11.533,
          "y": 0.792,
          "z": 2.809
        }
      },
      "players": [
        {
          "team": 1,
          "pos": {
            "x": 12.28,
            "y": 1.09
          }
        },
        {
          "team": 2,
          "pos": {
            "x": -14.88,
            "y": -3.92
          }
        }
      ]
    },
    {
      "time": -0.5,
      "ball": {
        "pos": {
          "x": 11.521,
          "y": 0.801,
          "z": 2.866
        }
      },
      "players": [
        {
          "team": 1,
          "pos": {
            "x": 12.28,
            "y": 1.02
          }
        },
        {
          "team": 2,
          "pos": {
            "x": -14.91,
            "y": -3.88
          }
        }
      ]
    },
    {
      "time": -0.48,
      "ball": {
        "pos": {
          "x": 11.51,
          "y": 0.81,
          "z": 2.918
        }
      },
      "players": [
        {
          "team": 1,
          "pos": {
            "x": 12.25,
            "y": 1.0
          }
        },
        {
          "team": 2,
          "pos": {
            "x": -14.96,
            "y": -3.85
          }
        }
      ]
    },
    {
      "time": -0.46,
      "ball": {
        "pos": {
          "x": 11.499,
          "y": 0.819,
          "z": 2.967
        }
      },
      "players": [
        {
          "team": 1,
          "pos": {
            "x": 12.25,
            "y": 0.97
          }
        },
        {
          "team": 2,
          "pos": {
            "x": -15.0,
            "y": -3.84
          }
        }
      ]
    },
    {
      "time": -0.44,
      "ball": {
        "pos": {
          "x": 11.488,
          "y": 0.827,
          "z": 3.011
        }
      },
      "players": [
        {
          "team": 1,
          "pos": {
            "x": 12.24,
            "y": 0.96
          }
        },
        {
          "team": 2,
          "pos": {
            "x": -15.05,
            "y": -3.82
          }
        }
      ]
    },
    {
      "time": -0.42,
      "ball": {
        "pos": {
          "x": 11.478,
          "y": 0.836,
          "z": 3.052
        }
      },
      "players": [
        {
          "team": 1,
          "pos": {
            "x": 12.23,
            "y": 0.93
          }
        },
        {
          "team": 2,
          "pos": {
            "x": -15.1,
            "y": -3.81
          }
        }
      ]
    },
    {
      "time": -0.4,
      "ball": {
        "pos": {
          "x": 11.467,
          "y": 0.845,
          "z": 3.088
        }
      },
      "players": [
        {
          "team": 1,
          "pos": {
            "x": 12.21,
            "y": 0.87
          }
        },
        {
          "team": 2,
          "pos": {
            "x": -15.13,
            "y": -3.81
          }
        }
      ]
    },
    {
      "time": -0.38,
      "ball": {
        "pos": {
          "x": 11.457,
          "y": 0.854,
          "z": 3.121
        }
      },
      "players": [
        {
          "team": 1,
          "pos": {
            "x": 12.21,
            "y": 0.87
          }
        },
        {
          "team": 2,
          "pos": {
            "x": -15.15,
            "y": -3.83
          }
        }
      ]
    },
    {
      "time": -0.36,
      "ball": {
        "pos": {
          "x": 11.447,
          "y": 0.862,
          "z": 3.149
        }
      },
      "players": [
        {
          "team": 1,
          "pos": {
            "x": 12.21,
            "y": 0.89
          }
        },
        {
          "team": 2,
          "pos": {
            "x": -15.19,
            "y": -3.83
          }
        }
      ]
    },
    {
      "time": -0.34,
      "ball": {
        "pos": {
          "x": 11.436,
          "y": 0.871,
          "z": 3.174
        }
      },
      "players": [
        {
          "team": 1,
          "pos": {
            "x": 12.2,
            "y": 0.85
          }
        },
        {
          "team": 2,
          "pos": {
            "x": -15.23,
            "y": -3.82
          }
        }
      ]
    },
    {
      "time": -0.32,
      "ball": {
        "pos": {
          "x": 11.426,
          "y": 0.88,
          "z": 3.194
        }
      },
      "players": [
        {
          "team": 1,
          "pos": {
            "x": 12.19,
            "y": 0.85
          }
        },
        {
          "team": 2,
          "pos": {
            "x": -15.26,
            "y": -3.79
          }
        }
      ]
    },
    {
      "time": -0.3,
      "ball": {
        "pos": {
          "x": 11.417,
          "y": 0.889,
          "z": 3.211
        }
      },
      "players": [
        {
          "team": 1,
          "pos": {
            "x": 12.2,
            "y": 0.86
          }
        },
        {
          "team": 2,
          "pos": {
            "x": -15.27,
            "y": -3.75
          }
        }
      ]
    },
    {
      "time": -0.28,
      "ball": {
        "pos": {
          "x": 11.407,
          "y": 0.897,
          "z": 3.224
        }
      },
      "players": [
        {
          "team": 1,
          "pos": {
            "x": 12.22,
            "y": 0.91
          }
        },
        {
          "team": 2,
          "pos": {
            "x": -15.28,
            "y": -3.74
          }
        }
      ]
    },
    {
      "time": -0.26,
      "ball": {
        "pos": {
          "x": 11.398,
          "y": 0.906,
          "z": 3.233
        }
      },
      "players": [
        {
          "team": 1,
          "pos": {
            "x": 12.23,
            "y": 0.96
          }
        },
        {
          "team": 2,
          "pos": {
            "x": -15.33,
            "y": -3.77
          }
        }
      ]
    },
    {
      "time": -0.24,
      "ball": {
        "pos": {
          "x": 11.388,
          "y": 0.915,
          "z": 3.238
        }
      },
      "players": [
        {
          "team": 1,
          "pos": {
            "x": 12.21,
            "y": 1.0
          }
        },
        {
          "team": 2,
          "pos": {
            "x": -15.36,
            "y": -3.76
          }
        }
      ]
    },
    {
      "time": -0.225,
      "ball": {
        "pos": {
          "x": 11.381,
          "y": 0.921,
          "z": 3.239
        }
      },
      "players": [
        {
          "team": 1,
          "pos": {
            "x": 12.2,
            "y": 1.06
          }
        },
        {
          "team": 2,
          "pos": {
            "x": -15.24,
            "y": -3.81
          }
        }
      ]
    },
    {
      "time": -0.22,
      "ball": {
        "pos": {
          "x": 11.379,
          "y": 0.923,
          "z": 3.239
        }
      },
      "players": [
        {
          "team": 1,
          "pos": {
            "x": 12.2,
            "y": 1.05
          }
        },
        {
          "team": 2,
          "pos": {
            "x": -15.39,
            "y": -3.76
          }
        }
      ]
    },
    {
      "time": -0.2,
      "ball": {
        "pos": {
          "x": 11.37,
          "y": 0.932,
          "z": 3.236
        }
      },
      "players": [
        {
          "team": 1,
          "pos": {
            "x": 12.19,
            "y": 1.08
          }
        },
        {
          "team": 2,
          "pos": {
            "x": -15.42,
            "y": -3.76
          }
        }
      ]
    },
    {
      "time": -0.18,
      "ball": {
        "pos": {
          "x": 11.362,
          "y": 0.941,
          "z": 3.229
        }
      },
      "players": [
        {
          "team": 1,
          "pos": {
            "x": 12.14,
            "y": 1.09
          }
        },
        {
          "team": 2,
          "pos": {
            "x": -15.43,
            "y": -3.74
          }
        }
      ]
    },
    {
      "time": -0.16,
      "ball": {
        "pos": {
          "x": 11.353,
          "y": 0.949,
          "z": 3.218
        }
      },
      "players": [
        {
          "team": 1,
          "pos": {
            "x": 12.1,
            "y": 1.09
          }
        },
        {
          "team": 2,
          "pos": {
            "x": -15.39,
            "y": -3.72
          }
        }
      ]
    },
    {
      "time": -0.14,
      "ball": {
        "pos": {
          "x": 11.345,
          "y": 0.958,
          "z": 3.204
        }
      },
      "players": [
        {
          "team": 1,
          "pos": {
            "x": 12.07,
            "y": 1.12
          }
        },
        {
          "team": 2,
          "pos": {
            "x": -15.37,
            "y": -3.69
          }
        }
      ]
    },
    {
      "time": -0.12,
      "ball": {
        "pos": {
          "x": 11.336,
          "y": 0.966,
          "z": 3.185
        }
      },
      "players": [
        {
          "team": 1,
          "pos": {
            "x": 12.04,
            "y": 1.15
          }
        },
        {
          "team": 2,
          "pos": {
            "x": -15.34,
            "y": -3.67
          }
        }
      ]
    },
    {
      "time": -0.1,
      "ball": {
        "pos": {
          "x": 11.328,
          "y": 0.974,
          "z": 3.163
        }
      },
      "players": [
        {
          "team": 1,
          "pos": {
            "x": 11.99,
            "y": 1.15
          }
        },
        {
          "team": 2,
          "pos": {
            "x": -15.3,
            "y": -3.66
          }
        }
      ]
    },
    {
      "time": -0.08,
      "ball": {
        "pos": {
          "x": 11.321,
          "y": 0.983,
          "z": 3.136
        }
      },
      "players": [
        {
          "team": 1,
          "pos": {
            "x": 11.97,
            "y": 1.11
          }
        },
        {
          "team": 2,
          "pos": {
            "x": -15.25,
            "y": -3.64
          }
        }
      ]
    },
    {
      "time": -0.06,
      "ball": {
        "pos": {
          "x": 11.313,
          "y": 0.991,
          "z": 3.106
        }
      },
      "players": [
        {
          "team": 1,
          "pos": {
            "x": 11.95,
            "y": 1.12
          }
        },
        {
          "team": 2,
          "pos": {
            "x": -15.24,
            "y": -3.62
          }
        }
      ]
    },
    {
      "time": -0.04,
      "ball": {
        "pos": {
          "x": 11.306,
          "y": 0.999,
          "z": 3.072
        }
      },
      "players": [
        {
          "team": 1,
          "pos": {
            "x": 11.9,
            "y": 1.16
          }
        },
        {
          "team": 2,
          "pos": {
            "x": -15.2,
            "y": -3.63
          }
        }
      ]
    },
    {
      "time": -0.02,
      "ball": {
        "pos": {
          "x": 11.299,
          "y": 1.007,
          "z": 3.034
        }
      },
      "players": [
        {
          "team": 1,
          "pos": {
            "x": 11.85,
            "y": 1.1
          }
        },
        {
          "team": 2,
          "pos": {
            "x": -15.15,
            "y": -3.63
          }
        }
      ]
    },
    {
      "time": 0.0,
      "event": "hit",
      "ball": {
        "pos": {
          "x": 11.292,
          "y": 1.016,
          "z": 2.993
        }
      },
      "players": [
        {
          "team": 1,
          "pos": {
            "x": 11.79,
            "y": 1.05
          }
        },
        {
          "team": 2,
          "pos": {
            "x": -15.17,
            "y": -3.65
          }
        }
      ]
    },
    {
      "time": 0.02,
      "ball": {
        "pos": {
          "x": 10.055,
          "y": 0.917,
          "z": 2.779
        }
      },
      "players": [
        {
          "team": 1,
          "pos": {
            "x": 11.77,
            "y": 1.0
          }
        },
        {
          "team": 2,
          "pos": {
            "x": -15.19,
            "y": -3.66
          }
        }
      ]
    },
    {
      "time": 0.04,
      "ball": {
        "pos": {
          "x": 8.852,
          "y": 0.822,
          "z": 2.568
        }
      },
      "players": [
        {
          "team": 1,
          "pos": {
            "x": 11.74,
            "y": 0.98
          }
        },
        {
          "team": 2,
          "pos": {
            "x": -15.2,
            "y": -3.64
          }
        }
      ]
    },
    {
      "time": 0.06,
      "ball": {
        "pos": {
          "x": 7.683,
          "y": 0.73,
          "z": 2.358
        }
      },
      "players": [
        {
          "team": 1,
          "pos": {
            "x": 11.65,
            "y": 0.97
          }
        },
        {
          "team": 2,
          "pos": {
            "x": -15.2,
            "y": -3.62
          }
        }
      ]
    },
    {
      "time": 0.08,
      "ball": {
        "pos": {
          "x": 6.545,
          "y": 0.642,
          "z": 2.15
        }
      },
      "players": [
        {
          "team": 1,
          "pos": {
            "x": 11.57,
            "y": 0.96
          }
        },
        {
          "team": 2,
          "pos": {
            "x": -15.17,
            "y": -3.6
          }
        }
      ]
    },
    {
      "time": 0.1,
      "ball": {
        "pos": {
          "x": 5.438,
          "y": 0.557,
          "z": 1.944
        }
      },
      "players": [
        {
          "team": 1,
          "pos": {
            "x": 11.49,
            "y": 0.92
          }
        },
        {
          "team": 2,
          "pos": {
            "x": -15.11,
            "y": -3.56
          }
        }
      ]
    },
    {
      "time": 0.12,
      "ball": {
        "pos": {
          "x": 4.36,
          "y": 0.474,
          "z": 1.738
        }
      },
      "players": [
        {
          "team": 1,
          "pos": {
            "x": 11.38,
            "y": 0.93
          }
        },
        {
          "team": 2,
          "pos": {
            "x": -15.06,
            "y": -3.53
          }
        }
      ]
    },
    {
      "time": 0.14,
      "ball": {
        "pos": {
          "x": 3.31,
          "y": 0.394,
          "z": 1.532
        }
      },
      "players": [
        {
          "team": 1,
          "pos": {
            "x": 11.31,
            "y": 0.92
          }
        },
        {
          "team": 2,
          "pos": {
            "x": -15.08,
            "y": -3.53
          }
        }
      ]
    },
    {
      "time": 0.16,
      "ball": {
        "pos": {
          "x": 2.288,
          "y": 0.317,
          "z": 1.327
        }
      },
      "players": [
        {
          "team": 1,
          "pos": {
            "x": 11.26,
            "y": 0.88
          }
        },
        {
          "team": 2,
          "pos": {
            "x": -15.08,
            "y": -3.52
          }
        }
      ]
    },
    {
      "time": 0.18,
      "ball": {
        "pos": {
          "x": 1.292,
          "y": 0.242,
          "z": 1.122
        }
      },
      "players": [
        {
          "team": 1,
          "pos": {
            "x": 11.22,
            "y": 0.84
          }
        },
        {
          "team": 2,
          "pos": {
            "x": -15.04,
            "y": -3.48
          }
        }
      ]
    },
    {
      "time": 0.2,
      "ball": {
        "pos": {
          "x": 0.32,
          "y": 0.168,
          "z": 0.916
        }
      },
      "players": [
        {
          "team": 1,
          "pos": {
            "x": 11.19,
            "y": 0.82
          }
        },
        {
          "team": 2,
          "pos": {
            "x": -15.0,
            "y": -3.42
          }
        }
      ]
    },
    {
      "time": 0.208,
      "ball": {
        "pos": {
          "x": -0.062,
          "y": 0.14,
          "z": 0.833
        }
      },
      "players": [
        {
          "team": 1,
          "pos": {
            "x": 11.15,
            "y": 0.81
          }
        },
        {
          "team": 2,
          "pos": {
            "x": -15.12,
            "y": -3.56
          }
        }
      ]
    },
    {
      "time": 0.22,
      "ball": {
        "pos": {
          "x": -0.048,
          "y": 0.113,
          "z": 0.773
        }
      },
      "players": [
        {
          "team": 1,
          "pos": {
            "x": 11.15,
            "y": 0.81
          }
        },
        {
          "team": 2,
          "pos": {
            "x": -14.97,
            "y": -3.37
          }
        }
      ]
    },
    {
      "time": 0.24,
      "ball": {
        "pos": {
          "x": -0.024,
          "y": 0.074,
          "z": 0.676
        }
      },
      "players": [
        {
          "team": 1,
          "pos": {
            "x": 11.08,
            "y": 0.82
          }
        },
        {
          "team": 2,
          "pos": {
            "x": -14.93,
            "y": -3.32
          }
        }
      ]
    },
    {
      "time": 0.26,
      "ball": {
        "pos": {
          "x": -0.004,
          "y": 0.046,
          "z": 0.577
        }
      },
      "players": [
        {
          "team": 1,
          "pos": {
            "x": 11.06,
            "y": 0.87
          }
        },
        {
          "team": 2,
          "pos": {
            "x": -14.89,
            "y": -3.31
          }
        }
      ]
    },
    {
      "time": 0.28,
      "ball": {
        "pos": {
          "x": 0.009,
          "y": 0.031,
          "z": 0.469
        }
      },
      "players": [
        {
          "team": 1,
          "pos": {
            "x": 11.06,
            "y": 0.91
          }
        },
        {
          "team": 2,
          "pos": {
            "x": -14.93,
            "y": -3.3
          }
        }
      ]
    },
    {
      "time": 0.282,
      "event": "hit",
      "ball": {
        "pos": {
          "x": 0.01,
          "y": 0.03,
          "z": 0.457
        }
      },
      "players": [
        {
          "team": 1,
          "pos": {
            "x": 11.1,
            "y": 0.92
          }
        },
        {
          "team": 2,
          "pos": {
            "x": -15.06,
            "y": -3.5
          }
        }
      ]
    },
    {
      "time": 0.3,
      "ball": {
        "pos": {
          "x": 0.022,
          "y": 0.048,
          "z": 0.391
        }
      },
      "players": [
        {
          "team": 1,
          "pos": {
            "x": 11.13,
            "y": 0.92
          }
        },
        {
          "team": 2,
          "pos": {
            "x": -14.92,
            "y": -3.3
          }
        }
      ]
    },
    {
      "time": 0.32,
      "ball": {
        "pos": {
          "x": 0.04,
          "y": 0.065,
          "z": 0.316
        }
      },
      "players": [
        {
          "team": 1,
          "pos": {
            "x": 11.17,
            "y": 0.93
          }
        },
        {
          "team": 2,
          "pos": {
            "x": -14.9,
            "y": -3.26
          }
        }
      ]
    },
    {
      "time": 0.34,
      "ball": {
        "pos": {
          "x": 0.059,
          "y": 0.08,
          "z": 0.239
        }
      },
      "players": [
        {
          "team": 1,
          "pos": {
            "x": 11.19,
            "y": 0.91
          }
        },
        {
          "team": 2,
          "pos": {
            "x": -14.84,
            "y": -3.24
          }
        }
      ]
    },
    {
      "time": 0.36,
      "ball": {
        "pos": {
          "x": 0.078,
          "y": 0.098,
          "z": 0.158
        }
      },
      "players": [
        {
          "team": 1,
          "pos": {
            "x": 11.22,
            "y": 0.92
          }
        },
        {
          "team": 2,
          "pos": {
            "x": -14.8,
            "y": -3.19
          }
        }
      ]
    },
    {
      "time": 0.38,
      "ball": {
        "pos": {
          "x": 0.094,
          "y": 0.122,
          "z": 0.072
        }
      },
      "players": [
        {
          "team": 1,
          "pos": {
            "x": 11.22,
            "y": 0.91
          }
        },
        {
          "team": 2,
          "pos": {
            "x": -14.77,
            "y": -3.16
          }
        }
      ]
    },
    {
      "time": 0.387,
      "event": "bounce",
      "ball": {
        "pos": {
          "x": 0.098,
          "y": 0.132,
          "z": 0.042
        }
      },
      "players": [
        {
          "team": 1,
          "pos": {
            "x": 11.24,
            "y": 0.91
          }
        },
        {
          "team": 2,
          "pos": {
            "x": -14.93,
            "y": -3.3
          }
        }
      ]
    },
    {
      "time": 0.4,
      "ball": {
        "pos": {
          "x": 0.118,
          "y": 0.156,
          "z": 0.061
        }
      },
      "players": [
        {
          "team": 1,
          "pos": {
            "x": 11.24,
            "y": 0.91
          }
        },
        {
          "team": 2,
          "pos": {
            "x": -14.73,
            "y": -3.13
          }
        }
      ]
    },
    {
      "time": 0.42,
      "ball": {
        "pos": {
          "x": 0.151,
          "y": 0.192,
          "z": 0.124
        }
      },
      "players": [
        {
          "team": 1,
          "pos": {
            "x": 11.26,
            "y": 0.93
          }
        },
        {
          "team": 2,
          "pos": {
            "x": -14.69,
            "y": -3.08
          }
        }
      ]
    },
    {
      "time": 0.44,
      "ball": {
        "pos": {
          "x": 0.185,
          "y": 0.228,
          "z": 0.183
        }
      },
      "players": [
        {
          "team": 1,
          "pos": {
            "x": 11.3,
            "y": 0.95
          }
        },
        {
          "team": 2,
          "pos": {
            "x": -14.68,
            "y": -3.05
          }
        }
      ]
    },
    {
      "time": 0.46,
      "ball": {
        "pos": {
          "x": 0.218,
          "y": 0.264,
          "z": 0.238
        }
      },
      "players": [
        {
          "team": 1,
          "pos": {
            "x": 11.31,
            "y": 0.97
          }
        },
        {
          "team": 2,
          "pos": {
            "x": -14.67,
            "y": -3.01
          }
        }
      ]
    },
    {
      "time": 0.48,
      "ball": {
        "pos": {
          "x": 0.251,
          "y": 0.301,
          "z": 0.289
        }
      },
      "players": [
        {
          "team": 1,
          "pos": {
            "x": 11.33,
            "y": 1.0
          }
        },
        {
          "team": 2,
          "pos": {
            "x": -14.65,
            "y": -2.96
          }
        }
      ]
    },
    {
      "time": 0.5,
      "ball": {
        "pos": {
          "x": 0.284,
          "y": 0.338,
          "z": 0.335
        }
      },
      "players": [
        {
          "team": 1,
          "pos": {
            "x": 11.3,
            "y": 0.98
          }
        },
        {
          "team": 2,
          "pos": {
            "x": -14.63,
            "y": -2.93
          }
        }
      ]
    },
    {
      "time": 0.52,
      "ball": {
        "pos": {
          "x": 0.317,
          "y": 0.374,
          "z": 0.378
        }
      },
      "players": [
        {
          "team": 1,
          "pos": {
            "x": 11.29,
            "y": 0.93
          }
        },
        {
          "team": 2,
          "pos": {
            "x": -14.67,
            "y": -2.86
          }
        }
      ]
    },
    {
      "time": 0.54,
      "ball": {
        "pos": {
          "x": 0.35,
          "y": 0.411,
          "z": 0.416
        }
      },
      "players": [
        {
          "team": 1,
          "pos": {
            "x": 11.26,
            "y": 0.88
          }
        },
        {
          "team": 2,
          "pos": {
            "x": -14.7,
            "y": -2.81
          }
        }
      ]
    },
    {
      "time": 0.56,
      "ball": {
        "pos": {
          "x": 0.383,
          "y": 0.448,
          "z": 0.45
        }
      },
      "players": [
        {
          "team": 1,
          "pos": {
            "x": 11.23,
            "y": 0.83
          }
        },
        {
          "team": 2,
          "pos": {
            "x": -14.64,
            "y": -2.79
          }
        }
      ]
    },
    {
      "time": 0.58,
      "ball": {
        "pos": {
          "x": 0.415,
          "y": 0.485,
          "z": 0.481
        }
      },
      "players": [
        {
          "team": 1,
          "pos": {
            "x": 11.18,
            "y": 0.81
          }
        },
        {
          "team": 2,
          "pos": {
            "x": -14.62,
            "y": -2.73
          }
        }
      ]
    },
    {
      "time": 0.6,
      "ball": {
        "pos": {
          "x": 0.448,
          "y": 0.522,
          "z": 0.507
        }
      },
      "players": [
        {
          "team": 1,
          "pos": {
            "x": 11.12,
            "y": 0.79
          }
        },
        {
          "team": 2,
          "pos": {
            "x": -14.58,
            "y": -2.7
          }
        }
      ]
    },
    {
      "time": 0.62,
      "ball": {
        "pos": {
          "x": 0.48,
          "y": 0.559,
          "z": 0.529
        }
      },
      "players": [
        {
          "team": 1,
          "pos": {
            "x": 11.09,
            "y": 0.76
          }
        },
        {
          "team": 2,
          "pos": {
            "x": -14.54,
            "y": -2.67
          }
        }
      ]
    },
    {
      "time": 0.64,
      "ball": {
        "pos": {
          "x": 0.513,
          "y": 0.596,
          "z": 0.547
        }
      },
      "players": [
        {
          "team": 1,
          "pos": {
            "x": 11.03,
            "y": 0.78
          }
        },
        {
          "team": 2,
          "pos": {
            "x": -14.51,
            "y": -2.64
          }
        }
      ]
    },
    {
      "time": 0.66,
      "ball": {
        "pos": {
          "x": 0.545,
          "y": 0.633,
          "z": 0.561
        }
      },
      "players": [
        {
          "team": 1,
          "pos": {
            "x": 10.95,
            "y": 0.82
          }
        },
        {
          "team": 2,
          "pos": {
            "x": -14.48,
            "y": -2.61
          }
        }
      ]
    },
    {
      "time": 0.68,
      "ball": {
        "pos": {
          "x": 0.577,
          "y": 0.67,
          "z": 0.571
        }
      },
      "players": [
        {
          "team": 1,
          "pos": {
            "x": 10.87,
            "y": 0.86
          }
        },
        {
          "team": 2,
          "pos": {
            "x": -14.52,
            "y": -2.54
          }
        }
      ]
    },
    {
      "time": 0.7,
      "ball": {
        "pos": {
          "x": 0.609,
          "y": 0.707,
          "z": 0.578
        }
      },
      "players": [
        {
          "team": 1,
          "pos": {
            "x": 10.81,
            "y": 0.88
          }
        },
        {
          "team": 2,
          "pos": {
            "x": -14.61,
            "y": -2.5
          }
        }
      ]
    },
    {
      "time": 0.72,
      "ball": {
        "pos": {
          "x": 0.641,
          "y": 0.745,
          "z": 0.58
        }
      },
      "players": [
        {
          "team": 1,
          "pos": {
            "x": 10.74,
            "y": 0.9
          }
        },
        {
          "team": 2,
          "pos": {
            "x": -14.69,
            "y": -2.47
          }
        }
      ]
    },
    {
      "time": 0.721,
      "ball": {
        "pos": {
          "x": 0.643,
          "y": 0.746,
          "z": 0.58
        }
      },
      "players": [
        {
          "team": 1,
          "pos": {
            "x": 10.73,
            "y": 0.94
          }
        },
        {
          "team": 2,
          "pos": {
            "x": -14.55,
            "y": -2.68
          }
        }
      ]
    },
    {
      "time": 0.74,
      "ball": {
        "pos": {
          "x": 0.673,
          "y": 0.782,
          "z": 0.578
        }
      },
      "players": [
        {
          "team": 1,
          "pos": {
            "x": 10.72,
            "y": 0.96
          }
        },
        {
          "team": 2,
          "pos": {
            "x": -14.75,
            "y": -2.42
          }
        }
      ]
    },
    {
      "time": 0.76,
      "ball": {
        "pos": {
          "x": 0.705,
          "y": 0.819,
          "z": 0.572
        }
      },
      "players": [
        {
          "team": 1,
          "pos": {
            "x": 10.7,
            "y": 1.01
          }
        },
        {
          "team": 2,
          "pos": {
            "x": -14.8,
            "y": -2.36
          }
        }
      ]
    },
    {
      "time": 0.78,
      "ball": {
        "pos": {
          "x": 0.737,
          "y": 0.856,
          "z": 0.562
        }
      },
      "players": [
        {
          "team": 1,
          "pos": {
            "x": 10.68,
            "y": 0.98
          }
        },
        {
          "team": 2,
          "pos": {
            "x": -14.76,
            "y": -2.3
          }
        }
      ]
    },
    {
      "time": 0.8,
      "ball": {
        "pos": {
          "x": 0.769,
          "y": 0.893,
          "z": 0.549
        }
      },
      "players": [
        {
          "team": 1,
          "pos": {
            "x": 10.66,
            "y": 1.02
          }
        },
        {
          "team": 2,
          "pos": {
            "x": -14.74,
            "y": -2.24
          }
        }
      ]
    },
    {
      "time": 0.82,
      "ball": {
        "pos": {
          "x": 0.8,
          "y": 0.93,
          "z": 0.531
        }
      },
      "players": [
        {
          "team": 1,
          "pos": {
            "x": 10.66,
            "y": 0.98
          }
        },
        {
          "team": 2,
          "pos": {
            "x": -14.75,
            "y": -2.2
          }
        }
      ]
    },
    {
      "time": 0.84,
      "ball": {
        "pos": {
          "x": 0.832,
          "y": 0.967,
          "z": 0.51
        }
      },
      "players": [
        {
          "team": 1,
          "pos": {
            "x": 10.65,
            "y": 1.01
          }
        },
        {
          "team": 2,
          "pos": {
            "x": -14.81,
            "y": -2.18
          }
        }
      ]
    },
    {
      "time": 0.86,
      "ball": {
        "pos": {
          "x": 0.864,
          "y": 1.004,
          "z": 0.484
        }
      },
      "players": [
        {
          "team": 1,
          "pos": {
            "x": 10.65,
            "y": 0.99
          }
        },
        {
          "team": 2,
          "pos": {
            "x": -14.84,
            "y": -2.16
          }
        }
      ]
    },
    {
      "time": 0.88,
      "ball": {
        "pos": {
          "x": 0.895,
          "y": 1.041,
          "z": 0.455
        }
      },
      "players": [
        {
          "team": 1,
          "pos": {
            "x": 10.66,
            "y": 0.98
          }
        },
        {
          "team": 2,
          "pos": {
            "x": -14.87,
            "y": -2.19
          }
        }
      ]
    },
    {
      "time": 0.9,
      "ball": {
        "pos": {
          "x": 0.927,
          "y": 1.078,
          "z": 0.422
        }
      },
      "players": [
        {
          "team": 1,
          "pos": {
            "x": 10.68,
            "y": 0.92
          }
        },
        {
          "team": 2,
          "pos": {
            "x": -14.83,
            "y": -2.2
          }
        }
      ]
    },
    {
      "time": 0.92,
      "ball": {
        "pos": {
          "x": 0.959,
          "y": 1.114,
          "z": 0.385
        }
      },
      "players": [
        {
          "team": 1,
          "pos": {
            "x": 10.7,
            "y": 0.87
          }
        },
        {
          "team": 2,
          "pos": {
            "x": -14.79,
            "y": -2.21
          }
        }
      ]
    },
    {
      "time": 0.94,
      "ball": {
        "pos": {
          "x": 0.99,
          "y": 1.151,
          "z": 0.344
        }
      },
      "players": [
        {
          "team": 1,
          "pos": {
            "x": 10.72,
            "y": 0.87
          }
        },
        {
          "team": 2,
          "pos": {
            "x": -14.76,
            "y": -2.22
          }
        }
      ]
    },
    {
      "time": 0.96,
      "ball": {
        "pos": {
          "x": 1.022,
          "y": 1.188,
          "z": 0.3
        }
      },
      "players": [
        {
          "team": 1,
          "pos": {
            "x": 10.71,
            "y": 0.83
          }
        },
        {
          "team": 2,
          "pos": {
            "x": -14.73,
            "y": -2.18
          }
        }
      ]
    },
    {
      "time": 0.98,
      "ball": {
        "pos": {
          "x": 1.053,
          "y": 1.224,
          "z": 0.251
        }
      },
      "players": [
        {
          "team": 1,
          "pos": {
            "x": 10.68,
            "y": 0.78
          }
        },
        {
          "team": 2,
          "pos": {
            "x": -14.7,
            "y": -2.17
          }
        }
      ]
    },
    {
      "time": 1.0,
      "ball": {
        "pos": {
          "x": 1.085,
          "y": 1.26,
          "z": 0.199
        }
      },
      "players": [
        {
          "team": 1,
          "pos": {
            "x": 10.65,
            "y": 0.74
          }
        },
        {
          "team": 2,
          "pos": {
            "x": -14.68,
            "y": -2.12
          }
        }
      ]
    },
    {
      "time": 1.02,
      "ball": {
        "pos": {
          "x": 1.117,
          "y": 1.296,
          "z": 0.143
        }
      },
      "players": [
        {
          "team": 1,
          "pos": {
            "x": 10.61,
            "y": 0.72
          }
        },
        {
          "team": 2,
          "pos": {
            "x": -14.65,
            "y": -2.11
          }
        }
      ]
    },
    {
      "time": 1.04,
      "ball": {
        "pos": {
          "x": 1.148,
          "y": 1.332,
          "z": 0.083
        }
      },
      "players": [
        {
          "team": 1,
          "pos": {
            "x": 10.56,
            "y": 0.74
          }
        },
        {
          "team": 2,
          "pos": {
            "x": -14.63,
            "y": -2.11
          }
        }
      ]
    },
    {
      "time": 1.053,
      "event": "bounce",
      "ball": {
        "pos": {
          "x": 1.169,
          "y": 1.356,
          "z": 0.042
        }
      },
      "players": [
        {
          "team": 1,
          "pos": {
            "x": 10.51,
            "y": 0.76
          }
        },
        {
          "team": 2,
          "pos": {
            "x": -14.75,
            "y": -2.22
          }
        }
      ]
    },
    {
      "time": 1.06,
      "ball": {
        "pos": {
          "x": 1.18,
          "y": 1.368,
          "z": 0.029
        }
      },
      "players": [
        {
          "team": 1,
          "pos": {
            "x": 10.51,
            "y": 0.74
          }
        },
        {
          "team": 2,
          "pos": {
            "x": -14.61,
            "y": -2.12
          }
        }
      ]
    },
    {
      "time": 1.08,
      "ball": {
        "pos": {
          "x": 1.213,
          "y": 1.4,
          "z": 0.082
        }
      },
      "players": [
        {
          "team": 1,
          "pos": {
            "x": 10.53,
            "y": 0.78
          }
        },
        {
          "team": 2,
          "pos": {
            "x": -14.58,
            "y": -2.13
          }
        }
      ]
    },
    {
      "time": 1.1,
      "ball": {
        "pos": {
          "x": 1.246,
          "y": 1.431,
          "z": 0.124
        }
      },
      "players": [
        {
          "team": 1,
          "pos": {
            "x": 10.49,
            "y": 0.75
          }
        },
        {
          "team": 2,
          "pos": {
            "x": -14.56,
            "y": -2.12
          }
        }
      ]
    },
    {
      "time": 1.12,
      "ball": {
        "pos": {
          "x": 1.278,
          "y": 1.463,
          "z": 0.162
        }
      },
      "players": [
        {
          "team": 1,
          "pos": {
            "x": 10.42,
            "y": 0.8
          }
        },
        {
          "team": 2,
          "pos": {
            "x": -14.53,
            "y": -2.12
          }
        }
      ]
    },
    {
      "time": 1.14,
      "ball": {
        "pos": {
          "x": 1.311,
          "y": 1.494,
          "z": 0.195
        }
      },
      "players": [
        {
          "team": 1,
          "pos": {
            "x": 10.36,
            "y": 0.85
          }
        },
        {
          "team": 2,
          "pos": {
            "x": -14.52,
            "y": -2.11
          }
        }
      ]
    },
    {
      "time": 1.16,
      "ball": {
        "pos": {
          "x": 1.344,
          "y": 1.526,
          "z": 0.225
        }
      },
      "players": [
        {
          "team": 1,
          "pos": {
            "x": 10.35,
            "y": 0.89
          }
        },
        {
          "team": 2,
          "pos": {
            "x": -14.52,
            "y": -2.08
          }
        }
      ]
    },
    {
      "time": 1.18,
      "ball": {
        "pos": {
          "x": 1.377,
          "y": 1.557,
          "z": 0.25
        }
      },
      "players": [
        {
          "team": 1,
          "pos": {
            "x": 10.37,
            "y": 0.95
          }
        },
        {
          "team": 2,
          "pos": {
            "x": -14.55,
            "y": -2.02
          }
        }
      ]
    },
    {
      "time": 1.2,
      "ball": {
        "pos": {
          "x": 1.41,
          "y": 1.589,
          "z": 0.272
        }
      },
      "players": [
        {
          "team": 1,
          "pos": {
            "x": 10.31,
            "y": 0.98
          }
        },
        {
          "team": 2,
          "pos": {
            "x": -14.57,
            "y": -1.97
          }
        }
      ]
    },
    {
      "time": 1.22,
      "ball": {
        "pos": {
          "x": 1.443,
          "y": 1.62,
          "z": 0.289
        }
      },
      "players": [
        {
          "team": 1,
          "pos": {
            "x": 10.26,
            "y": 0.99
          }
        },
        {
          "team": 2,
          "pos": {
            "x": -14.56,
            "y": -1.98
          }
        }
      ]
    },
    {
      "time": 1.24,
      "ball": {
        "pos": {
          "x": 1.475,
          "y": 1.651,
          "z": 0.303
        }
      },
      "players": [
        {
          "team": 1,
          "pos": {
            "x": 10.21,
            "y": 1.02
          }
        },
        {
          "team": 2,
          "pos": {
            "x": -14.56,
            "y": -1.95
          }
        }
      ]
    },
    {
      "time": 1.26,
      "ball": {
        "pos": {
          "x": 1.508,
          "y": 1.683,
          "z": 0.312
        }
      },
      "players": [
        {
          "team": 1,
          "pos": {
            "x": 10.19,
            "y": 1.07
          }
        },
        {
          "team": 2,
          "pos": {
            "x": -14.55,
            "y": -1.93
          }
        }
      ]
    },
    {
      "time": 1.28,
      "ball": {
        "pos": {
          "x": 1.541,
          "y": 1.714,
          "z": 0.318
        }
      },
      "players": [
        {
          "team": 1,
          "pos": {
            "x": 10.17,
            "y": 1.12
          }
        },
        {
          "team": 2,
          "pos": {
            "x": -14.55,
            "y": -1.91
          }
        }
      ]
    },
    {
      "time": 1.298,
      "ball": {
        "pos": {
          "x": 1.57,
          "y": 1.742,
          "z": 0.319
        }
      },
      "players": [
        {
          "team": 1,
          "pos": {
            "x": 10.1,
            "y": 1.22
          }
        },
        {
          "team": 2,
          "pos": {
            "x": -14.55,
            "y": -2.01
          }
        }
      ]
    },
    {
      "time": 1.3,
      "ball": {
        "pos": {
          "x": 1.574,
          "y": 1.745,
          "z": 0.319
        }
      },
      "players": [
        {
          "team": 1,
          "pos": {
            "x": 10.13,
            "y": 1.2
          }
        },
        {
          "team": 2,
          "pos": {
            "x": -14.55,
            "y": -1.91
          }
        }
      ]
    },
    {
      "time": 1.32,
      "ball": {
        "pos": {
          "x": 1.607,
          "y": 1.777,
          "z": 0.317
        }
      },
      "players": [
        {
          "team": 1,
          "pos": {
            "x": 10.08,
            "y": 1.24
          }
        },
        {
          "team": 2,
          "pos": {
            "x": -14.56,
            "y": -1.94
          }
        }
      ]
    },
    {
      "time": 1.34,
      "ball": {
        "pos": {
          "x": 1.639,
          "y": 1.808,
          "z": 0.311
        }
      },
      "players": [
        {
          "team": 1,
          "pos": {
            "x": 10.05,
            "y": 1.26
          }
        },
        {
          "team": 2,
          "pos": {
            "x": -14.55,
            "y": -1.95
          }
        }
      ]
    },
    {
      "time": 1.36,
      "ball": {
        "pos": {
          "x": 1.672,
          "y": 1.839,
          "z": 0.3
        }
      },
      "players": [
        {
          "team": 1,
          "pos": {
            "x": 10.08,
            "y": 1.24
          }
        },
        {
          "team": 2,
          "pos": {
            "x": -14.53,
            "y": -1.97
          }
        }
      ]
    },
    {
      "time": 1.38,
      "ball": {
        "pos": {
          "x": 1.705,
          "y": 1.87,
          "z": 0.286
        }
      },
      "players": [
        {
          "team": 1,
          "pos": {
            "x": 10.06,
            "y": 1.26
          }
        },
        {
          "team": 2,
          "pos": {
            "x": -14.53,
            "y": -1.96
          }
        }
      ]
    },
    {
      "time": 1.4,
      "ball": {
        "pos": {
          "x": 1.738,
          "y": 1.901,
          "z": 0.268
        }
      },
      "players": [
        {
          "team": 1,
          "pos": {
            "x": 10.09,
            "y": 1.3
          }
        },
        {
          "team": 2,
          "pos": {
            "x": -14.53,
            "y": -1.96
          }
        }
      ]
    },
    {
      "time": 1.42,
      "ball": {
        "pos": {
          "x": 1.77,
          "y": 1.932,
          "z": 0.246
        }
      },
      "players": [
        {
          "team": 1,
          "pos": {
            "x": 10.03,
            "y": 1.32
          }
        },
        {
          "team": 2,
          "pos": {
            "x": -14.53,
            "y": -1.96
          }
        }
      ]
    },
    {
      "time": 1.44,
      "ball": {
        "pos": {
          "x": 1.803,
          "y": 1.963,
          "z": 0.22
        }
      },
      "players": [
        {
          "team": 1,
          "pos": {
            "x": 10.01,
            "y": 1.34
          }
        },
        {
          "team": 2,
          "pos": {
            "x": -14.53,
            "y": -1.96
          }
        }
      ]
    },
    {
      "time": 1.46,
      "ball": {
        "pos": {
          "x": 1.836,
          "y": 1.994,
          "z": 0.19
        }
      },
      "players": [
        {
          "team": 1,
          "pos": {
            "x": 10.04,
            "y": 1.36
          }
        },
        {
          "team": 2,
          "pos": {
            "x": -14.53,
            "y": -1.96
          }
        }
      ]
    },
    {
      "time": 1.48,
      "ball": {
        "pos": {
          "x": 1.869,
          "y": 2.024,
          "z": 0.157
        }
      },
      "players": [
        {
          "team": 1,
          "pos": {
            "x": 10.02,
            "y": 1.37
          }
        },
        {
          "team": 2,
          "pos": {
            "x": -14.53,
            "y": -1.96
          }
        }
      ]
    },
    {
      "time": 1.5,
      "ball": {
        "pos": {
          "x": 1.901,
          "y": 2.055,
          "z": 0.12
        }
      },
      "players": [
        {
          "team": 1,
          "pos": {
            "x": 10.05,
            "y": 1.33
          }
        },
        {
          "team": 2,
          "pos": {
            "x": -14.53,
            "y": -1.96
          }
        }
      ]
    },
    {
      "time": 1.52,
      "ball": {
        "pos": {
          "x": 1.934,
          "y": 2.086,
          "z": 0.078
        }
      },
      "players": [
        {
          "team": 1,
          "pos": {
            "x": 10.05,
            "y": 1.33
          }
        },
        {
          "team": 2,
          "pos": {
            "x": -14.53,
            "y": -1.96
          }
        }
      ]
    },
    {
      "time": 1.54,
      "ball": {
        "pos": {
          "x": 1.967,
          "y": 2.116,
          "z": 0.033
        }
      },
      "players": [
        {
          "team": 1,
          "pos": {
            "x": 10.05,
            "y": 1.33
          }
        },
        {
          "team": 2,
          "pos": {
            "x": -14.53,
            "y": -1.96
          }
        }
      ]
    },
    {
      "time": 1.541,
      "event": "bounce",
      "ball": {
        "pos": {
          "x": 1.969,
          "y": 2.118,
          "z": 0.03
        }
      },
      "players": [
        {
          "team": 1,
          "pos": {
            "x": 10.05,
            "y": 1.33
          }
        },
        {
          "team": 2,
          "pos": {
            "x": -14.53,
            "y": -1.96
          }
        }
      ]
    },
    {
      "time": 1.56,
      "ball": {
        "pos": {
          "x": 1.996,
          "y": 2.148,
          "z": 0.053
        }
      },
      "players": [
        {
          "team": 1,
          "pos": {
            "x": 10.05,
            "y": 1.33
          }
        },
        {
          "team": 2,
          "pos": {
            "x": -14.53,
            "y": -1.96
          }
        }
      ]
    },
    {
      "time": 1.58,
      "ball": {
        "pos": {
          "x": 2.024,
          "y": 2.181,
          "z": 0.082
        }
      },
      "players": [
        {
          "team": 1,
          "pos": {
            "x": 10.05,
            "y": 1.33
          }
        },
        {
          "team": 2,
          "pos": {
            "x": -14.53,
            "y": -1.96
          }
        }
      ]
    },
    {
      "time": 1.6,
      "ball": {
        "pos": {
          "x": 2.053,
          "y": 2.213,
          "z": 0.107
        }
      },
      "players": [
        {
          "team": 1,
          "pos": {
            "x": 10.05,
            "y": 1.33
          }
        },
        {
          "team": 2,
          "pos": {
            "x": -14.53,
            "y": -1.96
          }
        }
      ]
    },
    {
      "time": 1.62,
      "ball": {
        "pos": {
          "x": 2.081,
          "y": 2.245,
          "z": 0.127
        }
      },
      "players": [
        {
          "team": 1,
          "pos": {
            "x": 10.05,
            "y": 1.33
          }
        },
        {
          "team": 2,
          "pos": {
            "x": -14.53,
            "y": -1.96
          }
        }
      ]
    },
    {
      "time": 1.64,
      "ball": {
        "pos": {
          "x": 2.109,
          "y": 2.277,
          "z": 0.143
        }
      },
      "players": [
        {
          "team": 1,
          "pos": {
            "x": 10.05,
            "y": 1.33
          }
        },
        {
          "team": 2,
          "pos": {
            "x": -14.53,
            "y": -1.96
          }
        }
      ]
    },
    {
      "time": 1.66,
      "ball": {
        "pos": {
          "x": 2.138,
          "y": 2.309,
          "z": 0.156
        }
      },
      "players": [
        {
          "team": 1,
          "pos": {
            "x": 10.05,
            "y": 1.33
          }
        },
        {
          "team": 2,
          "pos": {
            "x": -14.53,
            "y": -1.96
          }
        }
      ]
    },
    {
      "time": 1.68,
      "ball": {
        "pos": {
          "x": 2.166,
          "y": 2.34,
          "z": 0.163
        }
      },
      "players": [
        {
          "team": 1,
          "pos": {
            "x": 10.05,
            "y": 1.33
          }
        },
        {
          "team": 2,
          "pos": {
            "x": -14.53,
            "y": -1.96
          }
        }
      ]
    },
    {
      "time": 1.7,
      "ball": {
        "pos": {
          "x": 2.195,
          "y": 2.371,
          "z": 0.167
        }
      },
      "players": [
        {
          "team": 1,
          "pos": {
            "x": 10.05,
            "y": 1.33
          }
        },
        {
          "team": 2,
          "pos": {
            "x": -14.53,
            "y": -1.96
          }
        }
      ]
    },
    {
      "time": 1.709,
      "ball": {
        "pos": {
          "x": 2.208,
          "y": 2.385,
          "z": 0.168
        }
      },
      "players": [
        {
          "team": 1,
          "pos": {
            "x": 10.05,
            "y": 1.33
          }
        },
        {
          "team": 2,
          "pos": {
            "x": -14.53,
            "y": -1.96
          }
        }
      ]
    },
    {
      "time": 1.72,
      "ball": {
        "pos": {
          "x": 2.224,
          "y": 2.403,
          "z": 0.167
        }
      },
      "players": [
        {
          "team": 1,
          "pos": {
            "x": 10.05,
            "y": 1.33
          }
        },
        {
          "team": 2,
          "pos": {
            "x": -14.53,
            "y": -1.96
          }
        }
      ]
    },
    {
      "time": 1.74,
      "ball": {
        "pos": {
          "x": 2.253,
          "y": 2.434,
          "z": 0.163
        }
      },
      "players": [
        {
          "team": 1,
          "pos": {
            "x": 10.05,
            "y": 1.33
          }
        },
        {
          "team": 2,
          "pos": {
            "x": -14.53,
            "y": -1.96
          }
        }
      ]
    },
    {
      "time": 1.76,
      "ball": {
        "pos": {
          "x": 2.282,
          "y": 2.465,
          "z": 0.155
        }
      },
      "players": [
        {
          "team": 1,
          "pos": {
            "x": 10.05,
            "y": 1.33
          }
        },
        {
          "team": 2,
          "pos": {
            "x": -14.53,
            "y": -1.96
          }
        }
      ]
    },
    {
      "time": 1.78,
      "ball": {
        "pos": {
          "x": 2.311,
          "y": 2.496,
          "z": 0.143
        }
      },
      "players": [
        {
          "team": 1,
          "pos": {
            "x": 10.05,
            "y": 1.33
          }
        },
        {
          "team": 2,
          "pos": {
            "x": -14.53,
            "y": -1.96
          }
        }
      ]
    },
    {
      "time": 1.8,
      "ball": {
        "pos": {
          "x": 2.34,
          "y": 2.527,
          "z": 0.127
        }
      },
      "players": [
        {
          "team": 1,
          "pos": {
            "x": 10.05,
            "y": 1.33
          }
        },
        {
          "team": 2,
          "pos": {
            "x": -14.53,
            "y": -1.96
          }
        }
      ]
    },
    {
      "time": 1.82,
      "ball": {
        "pos": {
          "x": 2.37,
          "y": 2.558,
          "z": 0.107
        }
      },
      "players": [
        {
          "team": 1,
          "pos": {
            "x": 10.05,
            "y": 1.33
          }
        },
        {
          "team": 2,
          "pos": {
            "x": -14.53,
            "y": -1.96
          }
        }
      ]
    },
    {
      "time": 1.84,
      "ball": {
        "pos": {
          "x": 2.399,
          "y": 2.589,
          "z": 0.084
        }
      },
      "players": [
        {
          "team": 1,
          "pos": {
            "x": 10.05,
            "y": 1.33
          }
        },
        {
          "team": 2,
          "pos": {
            "x": -14.53,
            "y": -1.96
          }
        }
      ]
    },
    {
      "time": 1.86,
      "ball": {
        "pos": {
          "x": 2.429,
          "y": 2.62,
          "z": 0.057
        }
      },
      "players": [
        {
          "team": 1,
          "pos": {
            "x": 10.05,
            "y": 1.33
          }
        },
        {
          "team": 2,
          "pos": {
            "x": -14.53,
            "y": -1.96
          }
        }
      ]
    },
    {
      "time": 1.878,
      "ball": {
        "pos": {
          "x": 2.457,
          "y": 2.649,
          "z": 0.03
        }
      },
      "players": [
        {
          "team": 1,
          "pos": {
            "x": 10.05,
            "y": 1.33
          }
        },
        {
          "team": 2,
          "pos": {
            "x": -14.53,
            "y": -1.96
          }
        }
      ]
    },
    {
      "time": 1.88,
      "players": [
        {
          "team": 1,
          "pos": {
            "x": 10.05,
            "y": 1.33
          }
        },
        {
          "team": 2,
          "pos": {
            "x": -14.53,
            "y": -1.96
          }
        }
      ]
    },
    {
      "time": 1.9,
      "players": [
        {
          "team": 1,
          "pos": {
            "x": 10.05,
            "y": 1.33
          }
        },
        {
          "team": 2,
          "pos": {
            "x": -14.53,
            "y": -1.96
          }
        }
      ]
    },
    {
      "time": 1.92,
      "players": [
        {
          "team": 1,
          "pos": {
            "x": 10.05,
            "y": 1.33
          }
        },
        {
          "team": 2,
          "pos": {
            "x": -14.53,
            "y": -1.96
          }
        }
      ]
    },
    {
      "time": 1.94,
      "players": [
        {
          "team": 1,
          "pos": {
            "x": 10.05,
            "y": 1.33
          }
        },
        {
          "team": 2,
          "pos": {
            "x": -14.53,
            "y": -1.96
          }
        }
      ]
    },
    {
      "time": 1.96,
      "players": [
        {
          "team": 1,
          "pos": {
            "x": 10.05,
            "y": 1.33
          }
        },
        {
          "team": 2,
          "pos": {
            "x": -14.53,
            "y": -1.96
          }
        }
      ]
    },
    {
      "time": 1.98,
      "players": [
        {
          "team": 1,
          "pos": {
            "x": 10.05,
            "y": 1.33
          }
        },
        {
          "team": 2,
          "pos": {
            "x": -14.53,
            "y": -1.96
          }
        }
      ]
    },
    {
      "time": 2.0,
      "players": [
        {
          "team": 1,
          "pos": {
            "x": 10.05,
            "y": 1.33
          }
        },
        {
          "team": 2,
          "pos": {
            "x": -14.53,
            "y": -1.96
          }
        }
      ]
    },
    {
      "time": 2.02,
      "players": [
        {
          "team": 1,
          "pos": {
            "x": 10.05,
            "y": 1.33
          }
        },
        {
          "team": 2,
          "pos": {
            "x": -14.53,
            "y": -1.96
          }
        }
      ]
    },
    {
      "time": 2.04,
      "players": [
        {
          "team": 1,
          "pos": {
            "x": 10.05,
            "y": 1.33
          }
        },
        {
          "team": 2,
          "pos": {
            "x": -14.53,
            "y": -1.96
          }
        }
      ]
    },
    {
      "time": 2.06,
      "players": [
        {
          "team": 1,
          "pos": {
            "x": 10.05,
            "y": 1.33
          }
        },
        {
          "team": 2,
          "pos": {
            "x": -14.53,
            "y": -1.96
          }
        }
      ]
    },
    {
      "time": 2.08,
      "players": [
        {
          "team": 1,
          "pos": {
            "x": 10.05,
            "y": 1.33
          }
        },
        {
          "team": 2,
          "pos": {
            "x": -14.53,
            "y": -1.96
          }
        }
      ]
    },
    {
      "time": 2.1,
      "players": [
        {
          "team": 1,
          "pos": {
            "x": 10.05,
            "y": 1.33
          }
        },
        {
          "team": 2,
          "pos": {
            "x": -14.53,
            "y": -1.96
          }
        }
      ]
    },
    {
      "time": 2.12,
      "players": [
        {
          "team": 1,
          "pos": {
            "x": 10.05,
            "y": 1.33
          }
        },
        {
          "team": 2,
          "pos": {
            "x": -14.53,
            "y": -1.96
          }
        }
      ]
    },
    {
      "time": 2.14,
      "players": [
        {
          "team": 1,
          "pos": {
            "x": 10.05,
            "y": 1.33
          }
        },
        {
          "team": 2,
          "pos": {
            "x": -14.53,
            "y": -1.96
          }
        }
      ]
    },
    {
      "time": 2.16,
      "players": [
        {
          "team": 1,
          "pos": {
            "x": 10.05,
            "y": 1.33
          }
        },
        {
          "team": 2,
          "pos": {
            "x": -14.53,
            "y": -1.96
          }
        }
      ]
    },
    {
      "time": 2.18,
      "players": [
        {
          "team": 1,
          "pos": {
            "x": 10.05,
            "y": 1.33
          }
        },
        {
          "team": 2,
          "pos": {
            "x": -14.53,
            "y": -1.96
          }
        }
      ]
    },
    {
      "time": 2.2,
      "players": [
        {
          "team": 1,
          "pos": {
            "x": 10.05,
            "y": 1.33
          }
        },
        {
          "team": 2,
          "pos": {
            "x": -14.53,
            "y": -1.96
          }
        }
      ]
    },
    {
      "time": 2.22,
      "players": [
        {
          "team": 1,
          "pos": {
            "x": 10.05,
            "y": 1.33
          }
        },
        {
          "team": 2,
          "pos": {
            "x": -14.53,
            "y": -1.96
          }
        }
      ]
    },
    {
      "time": 2.24,
      "players": [
        {
          "team": 1,
          "pos": {
            "x": 10.05,
            "y": 1.33
          }
        },
        {
          "team": 2,
          "pos": {
            "x": -14.53,
            "y": -1.96
          }
        }
      ]
    },
    {
      "time": 2.26,
      "players": [
        {
          "team": 1,
          "pos": {
            "x": 10.05,
            "y": 1.33
          }
        },
        {
          "team": 2,
          "pos": {
            "x": -14.53,
            "y": -1.96
          }
        }
      ]
    }
  ]
}