{
  "id": "932e171d-38a8-4c99-a0e7-f35d8b14ba94",
  "sequences": {
    "set": 2,
    "game": 10,
    "point": 6,
    "serve": 1,
    "rally": 1
  },
  "match": {
    "season": 2025,
    "tournament_id": 9999,
    "draw_code": "MS001",
    "court_id": 1,
    "players": [
      {
        "forename": "Andy",
        "surname": "Bernard",
        "team": 1,
        "external_id": "AB12"
      },
      {
        "forename": "Cedric",
        "surname": "Diggory",
        "team": 2,
        "external_id": "CD34"
      }
    ]
  },
  "shots": [
    {
      "shot_no": 1,
      "team": 1,
      "stroke": "serve",
      "spin": {
        "type": "backspin",
        "rpm": -1217.153
      },
      "speed_ms": 55.096,
      "call": "in",
      "distance": -0.383,
      "time_utc": "2025-01-01T12:33:39.890Z",
      "time": 0.0,
      "duration": 0.795
    },
    {
      "shot_no": 2,
      "team": 2,
      "stroke": "backhand",
      "spin": {
        "type": "topspin",
        "rpm": 1249.04
      },
      "speed_ms": 33.121,
      "call": "out",
      "distance": 1.188,
      "time_utc": "2025-01-01T12:33:40.686Z",
      "time": 0.796,
      "duration": 1.702
    }
  ],
  "samples": [
    {
      "time": -1.86,
      "players": [
        {
          "team": 1,
          "pos": {
            "x": 12.18,
            "y": -1.34
          }
        },
        {
          "team": 2,
          "pos": {
            "x": -14.79,
            "y": 3.94
          }
        }
      ]
    },
    {
      "time": -1.84,
      "players": [
        {
          "team": 1,
          "pos": {
            "x": 12.18,
            "y": -1.37
          }
        },
        {
          "team": 2,
          "pos": {
            "x": -14.79,
            "y": 3.94
          }
        }
      ]
    },
    {
      "time": -1.82,
      "players": [
        {
          "team": 1,
          "pos": {
            "x": 12.18,
            "y": -1.41
          }
        },
        {
          "team": 2,
          "pos": {
            "x": -14.79,
            "y": 3.94
          }
        }
      ]
    },
    {
      "time": -1.8,
      "players": [
        {
          "team": 1,
          "pos": {
            "x": 12.18,
            "y": -1.41
          }
        },
        {
          "team": 2,
          "pos": {
            "x": -14.79,
            "y": 3.94
          }
        }
      ]
    },
    {
      "time": -1.78,
      "players": [
        {
          "team": 1,
          "pos": {
            "x": 12.14,
            "y": -1.37
          }
        },
        {
          "team": 2,
          "pos": {
            "x": -14.79,
            "y": 3.94
          }
        }
      ]
    },
    {
      "time": -1.76,
      "players": [
        {
          "team": 1,
          "pos": {
            "x": 12.16,
            "y": -1.34
          }
        },
        {
          "team": 2,
          "pos": {
            "x": -14.79,
            "y": 3.94
          }
        }
      ]
    },
    {
      "time": -1.74,
      "players": [
        {
          "team": 1,
          "pos": {
            "x": 12.15,
            "y": -1.38
          }
        },
        {
          "team": 2,
          "pos": {
            "x": -14.79,
            "y": 3.94
          }
        }
      ]
    },
    {
      "time": -1.72,
      "players": [
        {
          "team": 1,
          "pos": {
            "x": 12.14,
            "y": -1.34
          }
        },
        {
          "team": 2,
          "pos": {
            "x": -14.79,
            "y": 3.94
          }
        }
      ]
    },
    {
      "time": -1.7,
      "players": [
        {
          "team": 1,
          "pos": {
            "x": 12.11,
            "y": -1.33
          }
        },
        {
          "team": 2,
          "pos": {
            "x": -14.79,
            "y": 3.94
          }
        }
      ]
    },
    {
      "time": -1.68,
      "players": [
        {
          "team": 1,
          "pos": {
            "x": 12.12,
            "y": -1.36
          }
        },
        {
          "team": 2,
          "pos": {
            "x": -14.79,
            "y": 3.94
          }
        }
      ]
    },
    {
      "time": -1.66,
      "players": [
        {
          "team": 1,
          "pos": {
            "x": 12.1,
            "y": -1.32
          }
        },
        {
          "team": 2,
          "pos": {
            "x": -14.79,
            "y": 3.94
          }
        }
      ]
    },
    {
      "time": -1.64,
      "players": [
        {
          "team": 1,
          "pos": {
            "x": 12.11,
            "y": -1.34
          }
        },
        {
          "team": 2,
          "pos": {
            "x": -14.79,
            "y": 3.94
          }
        }
      ]
    },
    {
      "time": -1.62,
      "players": [
        {
          "team": 1,
          "pos": {
            "x": 12.1,
            "y": -1.32
          }
        },
        {
          "team": 2,
          "pos": {
            "x": -14.79,
            "y": 3.94
          }
        }
      ]
    },
    {
      "time": -1.6,
      "players": [
        {
          "team": 1,
          "pos": {
            "x": 12.11,
            "y": -1.31
          }
        },
        {
          "team": 2,
          "pos": {
            "x": -14.79,
            "y": 3.94
          }
        }
      ]
    },
    {
      "time": -1.58,
      "players": [
        {
          "team": 1,
          "pos": {
            "x": 12.15,
            "y": -1.32
          }
        },
        {
          "team": 2,
          "pos": {
            "x": -14.79,
            "y": 3.94
          }
        }
      ]
    },
    {
      "time": -1.56,
      "players": [
        {
          "team": 1,
          "pos": {
            "x": 12.16,
            "y": -1.33
          }
        },
        {
          "team": 2,
          "pos": {
            "x": -14.79,
            "y": 3.94
          }
        }
      ]
    },
    {
      "time": -1.54,
      "players": [
        {
          "team": 1,
          "pos": {
            "x": 12.15,
            "y": -1.31
          }
        },
        {
          "team": 2,
          "pos": {
            "x": -14.79,
            "y": 3.94
          }
        }
      ]
    },
    {
      "time": -1.52,
      "players": [
        {
          "team": 1,
          "pos": {
            "x": 12.15,
            "y": -1.31
          }
        },
        {
          "team": 2,
          "pos": {
            "x": -14.79,
            "y": 3.94
          }
        }
      ]
    },
    {
      "time": -1.5,
      "players": [
        {
          "team": 1,
          "pos": {
            "x": 12.17,
            "y": -1.31
          }
        },
        {
          "team": 2,
          "pos": {
            "x": -14.79,
            "y": 3.94
          }
        }
      ]
    },
    {
      "time": -1.48,
      "players": [
        {
          "team": 1,
          "pos": {
            "x": 12.17,
            "y": -1.35
          }
        },
        {
          "team": 2,
          "pos": {
            "x": -14.79,
            "y": 3.94
          }
        }
      ]
    },
    {
      "time": -1.46,
      "players": [
        {
          "team": 1,
          "pos": {
            "x": 12.17,
            "y": -1.39
          }
        },
        {
          "team": 2,
          "pos": {
            "x": -14.79,
            "y": 3.94
          }
        }
      ]
    },
    {
      "time": -1.44,
      "players": [
        {
          "team": 1,
          "pos": {
            "x": 12.15,
            "y": -1.4
          }
        },
        {
          "team": 2,
          "pos": {
            "x": -14.79,
            "y": 3.94
          }
        }
      ]
    },
    {
      "time": -1.42,
      "players": [
        {
          "team": 1,
          "pos": {
            "x": 12.15,
            "y": -1.36
          }
        },
        {
          "team": 2,
          "pos": {
            "x": -14.79,
            "y": 3.94
          }
        }
      ]
    },
    {
      "time": -1.4,
      "players": [
        {
          "team": 1,
          "pos": {
            "x": 12.14,
            "y": -1.37
          }
        },
        {
          "team": 2,
          "pos": {
            "x": -14.79,
            "y": 3.94
          }
        }
      ]
    },
    {
      "time": -1.38,
      "players": [
        {
          "team": 1,
          "pos": {
            "x": 12.14,
            "y": -1.4
          }
        },
        {
          "team": 2,
          "pos": {
            "x": -14.79,
            "y": 3.94
          }
        }
      ]
    },
    {
      "time": -1.36,
      "players": [
        {
          "team": 1,
          "pos": {
            "x": 12.12,
            "y": -1.41
          }
        },
        {
          "team": 2,
          "pos": {
            "x": -14.79,
            "y": 3.94
          }
        }
      ]
    },
    {
      "time": -1.34,
      "players": [
        {
          "team": 1,
          "pos": {
            "x": 12.1,
            "y": -1.45
          }
        },
        {
          "team": 2,
          "pos": {
            "x": -14.79,
            "y": 3.94
          }
        }
      ]
    },
    {
      "time": -1.32,
      "players": [
        {
          "team": 1,
          "pos": {
            "x": 12.11,
            "y": -1.49
          }
        },
        {
          "team": 2,
          "pos": {
            "x": -14.79,
            "y": 3.94
          }
        }
      ]
    },
    {
      "time": -1.3,
      "players": [
        {
          "team": 1,
          "pos": {
            "x": 12.09,
            "y": -1.5
          }
        },
        {
          "team": 2,
          "pos": {
            "x": -14.79,
            "y": 3.93
          }
        }
      ]
    },
    {
      "time": -1.28,
      "players": [
        {
          "team": 1,
          "pos": {
            "x": 12.06,
            "y": -1.52
          }
        },
        {
          "team": 2,
          "pos": {
            "x": -14.8,
            "y": 3.93
          }
        }
      ]
    },
    {
      "time": -1.26,
      "players": [
        {
          "team": 1,
          "pos": {
            "x": 12.05,
            "y": -1.56
          }
        },
        {
          "team": 2,
          "pos": {
            "x": -14.82,
            "y": 3.92
          }
        }
      ]
    },
    {
      "time": -1.24,
      "players": [
        {
          "team": 1,
          "pos": {
            "x": 12.04,
            "y": -1.59
          }
        },
        {
          "team": 2,
          "pos": {
            "x": -14.87,
            "y": 3.88
          }
        }
      ]
    },
    {
      "time": -1.22,
      "players": [
        {
          "team": 1,
          "pos": {
            "x": 12.02,
            "y": -1.6
          }
        },
        {
          "team": 2,
          "pos": {
            "x": -14.86,
            "y": 3.88
          }
        }
      ]
    },
    {
      "time": -1.2,
      "players": [
        {
          "team": 1,
          "pos": {
            "x": 12.0,
            "y": -1.62
          }
        },
        {
          "team": 2,
          "pos": {
            "x": -14.86,
            "y": 3.88
          }
        }
      ]
    },
    {
      "time": -1.18,
      "players": [
        {
          "team": 1,
          "pos": {
            "x": 11.96,
            "y": -1.61
          }
        },
        {
          "team": 2,
          "pos": {
            "x": -14.91,
            "y": 3.84
          }
        }
      ]
    },
    {
      "time": -1.16,
      "players": [
        {
          "team": 1,
          "pos": {
            "x": 11.95,
            "y": -1.56
          }
        },
        {
          "team": 2,
          "pos": {
            "x": -14.94,
            "y": 3.82
          }
        }
      ]
    },
    {
      "time": -1.14,
      "players": [
        {
          "team": 1,
          "pos": {
            "x": 11.98,
            "y": -1.51
          }
        },
        {
          "team": 2,
          "pos": {
            "x": -14.94,
            "y": 3.83
          }
        }
      ]
    },
    {
      "time": -1.12,
      "players": [
        {
          "team": 1,
          "pos": {
            "x": 11.97,
            "y": -1.44
          }
        },
        {
          "team": 2,
          "pos": {
            "x": -14.97,
            "y": 3.82
          }
        }
      ]
    },
    {
      "time": -1.1,
      "players": [
        {
          "team": 1,
          "pos": {
            "x": 11.99,
            "y": -1.42
          }
        },
        {
          "team": 2,
          "pos": {
            "x": -15.03,
            "y": 3.78
          }
        }
      ]
    },
    {
      "time": -1.08,
      "players": [
        {
          "team": 1,
          "pos": {
            "x": 12.01,
            "y": -1.37
          }
        },
        {
          "team": 2,
          "pos": {
            "x": -14.99,
            "y": 3.8
          }
        }
      ]
    },
    {
      "time": -1.06,
      "players": [
        {
          "team": 1,
          "pos": {
            "x": 12.02,
            "y": -1.33
          }
        },
        {
          "team": 2,
          "pos": {
            "x": -15.01,
            "y": 3.85
          }
        }
      ]
    },
    {
      "time": -1.04,
      "players": [
        {
          "team": 1,
          "pos": {
            "x": 12.0,
            "y": -1.32
          }
        },
        {
          "team": 2,
          "pos": {
            "x": -15.06,
            "y": 3.83
          }
        }
      ]
    },
    {
      "time": -1.02,
      "players": [
        {
          "team": 1,
          "pos": {
            "x": 12.02,
            "y": -1.3
          }
        },
        {
          "team": 2,
          "pos": {
            "x": -15.09,
            "y": 3.88
          }
        }
      ]
    },
    {
      "time": -1.0,
      "players": [
        {
          "team": 1,
          "pos": {
            "x": 12.08,
            "y": -1.33
          }
        },
        {
          "team": 2,
          "pos": {
            "x": -15.09,
            "y": 3.86
          }
        }
      ]
    },
    {
      "time": -0.98,
      "players": [
        {
          "team": 1,
          "pos": {
            "x": 12.12,
            "y": -1.38
          }
        },
        {
          "team": 2,
          "pos": {
            "x": -15.09,
            "y": 3.88
          }
        }
      ]
    },
    {
      "time": -0.96,
      "players": [
        {
          "team": 1,
          "pos": {
            "x": 12.12,
            "y": -1.38
          }
        },
        {
          "team": 2,
          "pos": {
            "x": -15.09,
            "y": 3.87
          }
        }
      ]
    },
    {
      "time": -0.94,
      "players": [
        {
          "team": 1,
          "pos": {
            "x": 12.18,
            "y": -1.38
          }
        },
        {
          "team": 2,
          "pos": {
            "x": -15.07,
            "y": 3.9
          }
        }
      ]
    },
    {
      "time": -0.939,
      "ball": {
        "pos": {
          "x": 11.761,
          "y": -0.789,
          "z": 2.275
        }
      },
      "players": [
        {
          "team": 1,
          "pos": {
            "x": 12.23,
            "y": -1.36
          }
        },
        {
          "team": 2,
          "pos": {
            "x": -15.09,
            "y": 3.87
          }
        }
      ]
    },
    {
      "time": -0.92,
      "ball": {
        "pos": {
          "x": 11.755,
          "y": -0.803,
          "z": 2.371
        }
      },
      "players": [
        {
          "team": 1,
          "pos": {
            "x": 12.26,
            "y": -1.34
          }
        },
        {
          "team": 2,
          "pos": {
            "x": -15.05,
            "y": 3.94
          }
        }
      ]
    },
    {
      "time": -0.9,
      "ball": {
        "pos": {
          "x": 11.748,
          "y": -0.819,
          "z": 2.47
        }
      },
      "players": [
        {
          "team": 1,
          "pos": {
            "x": 12.28,
            "y": -1.28
          }
        },
        {
          "team": 2,
          "pos": {
            "x": -15.04,
            "y": 3.96
          }
        }
      ]
    },
    {
      "time": -0.88,
      "ball": {
        "pos": {
          "x": 11.741,
          "y": -0.835,
          "z": 2.565
        }
      },
      "players": [
        {
          "team": 1,
          "pos": {
            "x": 12.29,
            "y": -1.23
          }
        },
        {
          "team": 2,
          "pos": {
            "x": -15.04,
            "y": 3.99
          }
        }
      ]
    },
    {
      "time": -0.86,
      "ball": {
        "pos": {
          "x": 11.734,
          "y": -0.851,
          "z": 2.656
        }
      },
      "players": [
        {
          "team": 1,
          "pos": {
            "x": 12.32,
            "y": -1.21
          }
        },
        {
          "team": 2,
          "pos": {
            "x": -15.03,
            "y": 4.02
          }
        }
      ]
    },
    {
      "time": -0.84,
      "ball": {
        "pos": {
          "x": 11.726,
          "y": -0.867,
          "z": 2.743
        }
      },
      "players": [
        {
          "team": 1,
          "pos": {
            "x": 12.31,
            "y": -1.17
          }
        },
        {
          "team": 2,
          "pos": {
            "x": -15.01,
            "y": 4.04
          }
        }
      ]
    },
    {
      "time": -0.82,
      "ball": {
        "pos": {
          "x": 11.719,
          "y": -0.882,
          "z": 2.825
        }
      },
      "players": [
        {
          "team": 1,
          "pos": {
            "x": 12.33,
            "y": -1.19
          }
        },
        {
          "team": 2,
          "pos": {
            "x": -15.02,
            "y": 4.01
          }
        }
      ]
    },
    {
      "time": -0.8,
      "ball": {
        "pos": {
          "x": 11.712,
          "y": -0.898,
          "z": 2.904
        }
      },
      "players": [
        {
          "team": 1,
          "pos": {
            "x": 12.35,
            "y": -1.2
          }
        },
        {
          "team": 2,
          "pos": {
            "x": -15.04,
            "y": 3.98
          }
        }
      ]
    },
    {
      "time": -0.78,
      "ball": {
        "pos": {
          "x": 11.705,
          "y": -0.914,
          "z": 2.979
        }
      },
      "players": [
        {
          "team": 1,
          "pos": {
            "x": 12.37,
            "y": -1.21
          }
        },
        {
          "team": 2,
          "pos": {
            "x": -15.01,
            "y": 4.0
          }
        }
      ]
    },
    {
      "time": -0.76,
      "ball": {
        "pos": {
          "x": 11.697,
          "y": -0.93,
          "z": 3.049
        }
      },
      "players": [
        {
          "team": 1,
          "pos": {
            "x": 12.35,
            "y": -1.16
          }
        },
        {
          "team": 2,
          "pos": {
            "x": -14.98,
            "y": 3.99
          }
        }
      ]
    },
    {
      "time": -0.74,
      "ball": {
        "pos": {
          "x": 11.69,
          "y": -0.945,
          "z": 3.116
        }
      },
      "players": [
        {
          "team": 1,
          "pos": {
            "x": 12.34,
            "y": -1.23
          }
        },
        {
          "team": 2,
          "pos": {
            "x": -15.0,
            "y": 4.0
          }
        }
      ]
    },
    {
      "time": -0.72,
      "ball": {
        "pos": {
          "x": 11.683,
          "y": -0.961,
          "z": 3.178
        }
      },
      "players": [
        {
          "team": 1,
          "pos": {
            "x": 12.33,
            "y": -1.24
          }
        },
        {
          "team": 2,
          "pos": {
            "x": -14.97,
            "y": 4.01
          }
        }
      ]
    },
    {
      "time": -0.7,
      "ball": {
        "pos": {
          "x": 11.675,
          "y": -0.977,
          "z": 3.236
        }
      },
      "players": [
        {
          "team": 1,
          "pos": {
            "x": 12.34,
            "y": -1.24
          }
        },
        {
          "team": 2,
          "pos": {
            "x": -14.96,
            "y": 4.02
          }
        }
      ]
    },
    {
      "time": -0.68,
      "ball": {
        "pos": {
          "x": 11.668,
          "y": -0.992,
          "z": 3.29
        }
      },
      "players": [
        {
          "team": 1,
          "pos": {
            "x": 12.33,
            "y": -1.26
          }
        },
        {
          "team": 2,
          "pos": {
            "x": -14.95,
            "y": 4.0
          }
        }
      ]
    },
    {
      "time": -0.66,
      "ball": {
        "pos": {
          "x": 11.66,
          "y": -1.008,
          "z": 3.341
        }
      },
      "players": [
        {
          "team": 1,
          "pos": {
            "x": 12.33,
            "y": -1.29
          }
        },
        {
          "team": 2,
          "pos": {
            "x": -14.98,
            "y": 4.0
          }
        }
      ]
    },
    {
      "time": -0.64,
      "ball": {
        "pos": {
          "x": 11.653,
          "y": -1.024,
          "z": 3.387
        }
      },
      "players": [
        {
          "team": 1,
          "pos": {
            "x": 12.33,
            "y": -1.32
          }
        },
        {
          "team": 2,
          "pos": {
            "x": -14.96,
            "y": 4.0
          }
        }
      ]
    },
    {
      "time": -0.62,
      "ball": {
        "pos": {
          "x": 11.646,
          "y": -1.039,
          "z": 3.429
        }
      },
      "players": [
        {
          "team": 1,
          "pos": {
            "x": 12.36,
            "y": -1.29
          }
        },
        {
          "team": 2,
          "pos": {
            "x": -14.96,
            "y": 3.97
          }
        }
      ]
    },
    {
      "time": -0.6,
      "ball": {
        "pos": {
          "x": 11.638,
          "y": -1.055,
          "z": 3.467
        }
      },
      "players": [
        {
          "team": 1,
          "pos": {
            "x": 12.37,
            "y": -1.24
          }
        },
        {
          "team": 2,
          "pos": {
            "x": -14.96,
            "y": 3.93
          }
        }
      ]
    },
    {
      "time": -0.58,
      "ball": {
        "pos": {
          "x": 11.631,
          "y": -1.071,
          "z": 3.502
        }
      },
      "players": [
        {
          "team": 1,
          "pos": {
            "x": 12.39,
            "y": -1.19
          }
        },
        {
          "team": 2,
          "pos": {
            "x": -14.97,
            "y": 3.94
          }
        }
      ]
    },
    {
      "time": -0.56,
      "ball": {
        "pos": {
          "x": 11.624,
          "y": -1.086,
          "z": 3.532
        }
      },
      "players": [
        {
          "team": 1,
          "pos": {
            "x": 12.41,
            "y": -1.16
          }
        },
        {
          "team": 2,
          "pos": {
            "x": -14.98,
            "y": 3.94
          }
        }
      ]
    },
    {
      "time": -0.54,
      "ball": {
        "pos": {
          "x": 11.617,
          "y": -1.102,
          "z": 3.558
        }
      },
      "players": [
        {
          "team": 1,
          "pos": {
            "x": 12.42,
            "y": -1.2
          }
        },
        {
          "team": 2,
          "pos": {
            "x": -14.98,
            "y": 3.96
          }
        }
      ]
    },
    {
      "time": -0.52,
      "ball": {
        "pos": {
          "x": 11.609,
          "y": -1.117,
          "z": 3.58
        }
      },
      "players": [
        {
          "team": 1,
          "pos": {
            "x": 12.44,
            "y": -1.17
          }
        },
        {
          "team": 2,
          "pos": {
            "x": -14.98,
            "y": 3.97
          }
        }
      ]
    },
    {
      "time": -0.5,
      "ball": {
        "pos": {
          "x": 11.602,
          "y": -1.133,
          "z": 3.599
        }
      },
      "players": [
        {
          "team": 1,
          "pos": {
            "x": 12.48,
            "y": -1.19
          }
        },
        {
          "team": 2,
          "pos": {
            "x": -15.0,
            "y": 3.97
          }
        }
      ]
    },
    {
      "time": -0.48,
      "ball": {
        "pos": {
          "x": 11.595,
          "y": -1.148,
          "z": 3.613
        }
      },
      "players": [
        {
          "team": 1,
          "pos": {
            "x": 12.51,
            "y": -1.21
          }
        },
        {
          "team": 2,
          "pos": {
            "x": -15.01,
            "y": 3.98
          }
        }
      ]
    },
    {
      "time": -0.46,
      "ball": {
        "pos": {
          "x": 11.588,
          "y": -1.164,
          "z": 3.623
        }
      },
      "players": [
        {
          "team": 1,
          "pos": {
            "x": 12.52,
            "y": -1.2
          }
        },
        {
          "team": 2,
          "pos": {
            "x": -15.05,
            "y": 4.0
          }
        }
      ]
    },
    {
      "time": -0.44,
      "ball": {
        "pos": {
          "x": 11.581,
          "y": -1.18,
          "z": 3.63
        }
      },
      "players": [
        {
          "team": 1,
          "pos": {
            "x": 12.53,
            "y": -1.21
          }
        },
        {
          "team": 2,
          "pos": {
            "x": -15.06,
            "y": 4.0
          }
        }
      ]
    },
    {
      "time": -0.42,
      "ball": {
        "pos": {
          "x": 11.574,
          "y": -1.195,
          "z": 3.632
        }
      },
      "players": [
        {
          "team": 1,
          "pos": {
            "x": 12.55,
            "y": -1.24
          }
        },
        {
          "team": 2,
          "pos": {
            "x": -15.05,
            "y": 3.99
          }
        }
      ]
    },
    {
      "time": -0.417,
      "ball": {
        "pos": {
          "x": 11.573,
          "y": -1.197,
          "z": 3.632
        }
      },
      "players": [
        {
          "team": 1,
          "pos": {
            "x": 12.55,
            "y": -1.22
          }
        },
        {
          "team": 2,
          "pos": {
            "x": -15.06,
            "y": 4.0
          }
        }
      ]
    },
    {
      "time": -0.4,
      "ball": {
        "pos": {
          "x": 11.567,
          "y": -1.21,
          "z": 3.631
        }
      },
      "players": [
        {
          "team": 1,
          "pos": {
            "x": 12.55,
            "y": -1.22
          }
        },
        {
          "team": 2,
          "pos": {
            "x": -15.06,
            "y": 4.0
          }
        }
      ]
    },
    {
      "time": -0.38,
      "ball": {
        "pos": {
          "x": 11.56,
          "y": -1.226,
          "z": 3.626
        }
      },
      "players": [
        {
          "team": 1,
          "pos": {
            "x": 12.51,
            "y": -1.2
          }
        },
        {
          "team": 2,
          "pos": {
            "x": -15.08,
            "y": 4.0
          }
        }
      ]
    },
    {
      "time": -0.36,
      "ball": {
        "pos": {
          "x": 11.553,
          "y": -1.241,
          "z": 3.617
        }
      },
      "players": [
        {
          "team": 1,
          "pos": {
            "x": 12.51,
            "y": -1.19
          }
        },
        {
          "team": 2,
          "pos": {
            "x": -15.09,
            "y": 4.02
          }
        }
      ]
    },
    {
      "time": -0.34,
      "ball": {
        "pos": {
          "x": 11.547,
          "y": -1.257,
          "z": 3.603
        }
      },
      "players": [
        {
          "team": 1,
          "pos": {
            "x": 12.49,
            "y": -1.15
          }
        },
        {
          "team": 2,
          "pos": {
            "x": -15.11,
            "y": 4.04
          }
        }
      ]
    },
    {
      "time": -0.32,
      "ball": {
        "pos": {
          "x": 11.54,
          "y": -1.272,
          "z": 3.586
        }
      },
      "players": [
        {
          "team": 1,
          "pos": {
            "x": 12.46,
            "y": -1.11
          }
        },
        {
          "team": 2,
          "pos": {
            "x": -15.13,
            "y": 4.01
          }
        }
      ]
    },
    {
      "time": -0.3,
      "ball": {
        "pos": {
          "x": 11.534,
          "y": -1.288,
          "z": 3.566
        }
      },
      "players": [
        {
          "team": 1,
          "pos": {
            "x": 12.45,
            "y": -1.07
          }
        },
        {
          "team": 2,
          "pos": {
            "x": -15.16,
            "y": 3.99
          }
        }
      ]
    },
    {
      "time": -0.28,
      "ball": {
        "pos": {
          "x": 11.527,
          "y": -1.303,
          "z": 3.541
        }
      },
      "players": [
        {
          "team": 1,
          "pos": {
            "x": 12.42,
            "y": -1.03
          }
        },
        {
          "team": 2,
          "pos": {
            "x": -15.16,
            "y": 3.93
          }
        }
      ]
    },
    {
      "time": -0.26,
      "ball": {
        "pos": {
          "x": 11.521,
          "y": -1.318,
          "z": 3.512
        }
      },
      "players": [
        {
          "team": 1,
          "pos": {
            "x": 12.39,
            "y": -1.05
          }
        },
        {
          "team": 2,
          "pos": {
            "x": -15.2,
            "y": 3.88
          }
        }
      ]
    },
    {
      "time": -0.24,
      "ball": {
        "pos": {
          "x": 11.515,
          "y": -1.334,
          "z": 3.48
        }
      },
      "players": [
        {
          "team": 1,
          "pos": {
            "x": 12.35,
            "y": -1.04
          }
        },
        {
          "team": 2,
          "pos": {
            "x": -15.22,
            "y": 3.84
          }
        }
      ]
    },
    {
      "time": -0.22,
      "ball": {
        "pos": {
          "x": 11.508,
          "y": -1.349,
          "z": 3.443
        }
      },
      "players": [
        {
          "team": 1,
          "pos": {
            "x": 12.33,
            "y": -1.0
          }
        },
        {
          "team": 2,
          "pos": {
            "x": -15.19,
            "y": 3.79
          }
        }
      ]
    },
    {
      "time": -0.2,
      "ball": {
        "pos": {
          "x": 11.502,
          "y": -1.364,
          "z": 3.403
        }
      },
      "players": [
        {
          "team": 1,
          "pos": {
            "x": 12.3,
            "y": -0.99
          }
        },
        {
          "team": 2,
          "pos": {
            "x": -15.17,
            "y": 3.77
          }
        }
      ]
    },
    {
      "time": -0.18,
      "ball": {
        "pos": {
          "x": 11.496,
          "y": -1.38,
          "z": 3.359
        }
      },
      "players": [
        {
          "team": 1,
          "pos": {
            "x": 12.29,
            "y": -0.96
          }
        },
        {
          "team": 2,
          "pos": {
            "x": -15.16,
            "y": 3.76
          }
        }
      ]
    },
    {
      "time": -0.16,
      "ball": {
        "pos": {
          "x": 11.491,
          "y": -1.395,
          "z": 3.311
        }
      },
      "players": [
        {
          "team": 1,
          "pos": {
            "x": 12.25,
            "y": -0.98
          }
        },
        {
          "team": 2,
          "pos": {
            "x": -15.12,
            "y": 3.72
          }
        }
      ]
    },
    {
      "time": -0.14,
      "ball": {
        "pos": {
          "x": 11.485,
          "y": -1.41,
          "z": 3.26
        }
      },
      "players": [
        {
          "team": 1,
          "pos": {
            "x": 12.21,
            "y": -0.96
          }
        },
        {
          "team": 2,
          "pos": {
            "x": -15.09,
            "y": 3.72
          }
        }
      ]
    },
    {
      "time": -0.12,
      "ball": {
        "pos": {
          "x": 11.479,
          "y": -1.426,
          "z": 3.204
        }
      },
      "players": [
        {
          "team": 1,
          "pos": {
            "x": 12.17,
            "y": -0.99
          }
        },
        {
          "team": 2,
          "pos": {
            "x": -15.05,
            "y": 3.71
          }
        }
      ]
    },
    {
      "time": -0.1,
      "ball": {
        "pos": {
          "x": 11.474,
          "y": -1.441,
          "z": 3.145
        }
      },
      "players": [
        {
          "team": 1,
          "pos": {
            "x": 12.12,
            "y": -1.03
          }
        },
        {
          "team": 2,
          "pos": {
            "x": -15.04,
            "y": 3.71
          }
        }
      ]
    },
    {
      "time": -0.08,
      "ball": {
        "pos": {
          "x": 11.469,
          "y": -1.456,
          "z": 3.082
        }
      },
      "players": [
        {
          "team": 1,
          "pos": {
            "x": 12.06,
            "y": -1.02
          }
        },
        {
          "team": 2,
          "pos": {
            "x": -15.01,
            "y": 3.7
          }
        }
      ]
    },
    {
      "time": -0.06,
      "ball": {
        "pos": {
          "x": 11.464,
          "y": -1.471,
          "z": 3.015
        }
      },
      "players": [
        {
          "team": 1,
          "pos": {
            "x": 12.03,
            "y": -1.0
          }
        },
        {
          "team": 2,
          "pos": {
            "x": -15.01,
            "y": 3.7
          }
        }
      ]
    },
    {
      "time": -0.04,
      "ball": {
        "pos": {
          "x": 11.459,
          "y": -1.486,
          "z": 2.944
        }
      },
      "players": [
        {
          "team": 1,
          "pos": {
            "x": 11.96,
            "y": -1.0
          }
        },
        {
          "team": 2,
          "pos": {
            "x": -15.01,
            "y": 3.65
          }
        }
      ]
    },
    {
      "time": -0.02,
      "ball": {
        "pos": {
          "x": 11.454,
          "y": -1.502,
          "z": 2.87
        }
      },
      "players": [
        {
          "team": 1,
          "pos": {
            "x": 11.89,
            "y": -1.03
          }
        },
        {
          "team": 2,
          "pos": {
            "x": -15.01,
            "y": 3.6
          }
        }
      ]
    },
    {
      "time": 0.0,
      "event": "hit",
      "ball": {
        "pos": {
          "x": 11.449,
          "y": -1.517,
          "z": 2.792
        }
      },
      "players": [
        {
          "team": 1,
          "pos": {
            "x": 11.87,
            "y": -1.03
          }
        },
        {
          "team": 2,
          "pos": {
            "x": -15.03,
            "y": 3.61
          }
        }
      ]
    },
    {
      "time": 0.02,
      "ball": {
        "pos": {
          "x": 10.377,
          "y": -1.356,
          "z": 2.681
        }
      },
      "players": [
        {
          "team": 1,
          "pos": {
            "x": 11.83,
            "y": -1.09
          }
        },
        {
          "team": 2,
          "pos": {
            "x": -15.05,
            "y": 3.62
          }
        }
      ]
    },
    {
      "time": 0.04,
      "ball": {
        "pos": {
          "x": 9.33,
          "y": -1.2,
          "z": 2.566
        }
      },
      "players": [
        {
          "team": 1,
          "pos": {
            "x": 11.83,
            "y": -1.09
          }
        },
        {
          "team": 2,
          "pos": {
            "x": -15.07,
            "y": 3.57
          }
        }
      ]
    },
    {
      "time": 0.06,
      "ball": {
        "pos": {
          "x": 8.306,
          "y": -1.049,
          "z": 2.447
        }
      },
      "players": [
        {
          "team": 1,
          "pos": {
            "x": 11.82,
            "y": -1.02
          }
        },
        {
          "team": 2,
          "pos": {
            "x": -15.1,
            "y": 3.55
          }
        }
      ]
    },
    {
      "time": 0.08,
      "ball": {
        "pos": {
          "x": 7.305,
          "y": -0.902,
          "z": 2.325
        }
      },
      "players": [
        {
          "team": 1,
          "pos": {
            "x": 11.74,
            "y": -1.0
          }
        },
        {
          "team": 2,
          "pos": {
            "x": -15.14,
            "y": 3.54
          }
        }
      ]
    },
    {
      "time": 0.1,
      "ball": {
        "pos": {
          "x": 6.327,
          "y": -0.76,
          "z": 2.199
        }
      },
      "players": [
        {
          "team": 1,
          "pos": {
            "x": 11.68,
            "y": -1.01
          }
        },
        {
          "team": 2,
          "pos": {
            "x": -15.18,
            "y": 3.54
          }
        }
      ]
    },
    {
      "time": 0.12,
      "ball": {
        "pos": {
          "x": 5.369,
          "y": -0.622,
          "z": 2.07
        }
      },
      "players": [
        {
          "team": 1,
          "pos": {
            "x": 11.62,
            "y": -0.99
          }
        },
        {
          "team": 2,
          "pos": {
            "x": -15.21,
            "y": 3.53
          }
        }
      ]
    },
    {
      "time": 0.14,
      "ball": {
        "pos": {
          "x": 4.432,
          "y": -0.489,
          "z": 1.938
        }
      },
      "players": [
        {
          "team": 1,
          "pos": {
            "x": 11.58,
            "y": -0.97
          }
        },
        {
          "team": 2,
          "pos": {
            "x": -15.25,
            "y": 3.48
          }
        }
      ]
    },
    {
      "time": 0.16,
      "ball": {
        "pos": {
          "x": 3.514,
          "y": -0.359,
          "z": 1.803
        }
      },
      "players": [
        {
          "team": 1,
          "pos": {
            "x": 11.53,
            "y": -0.95
          }
        },
        {
          "team": 2,
          "pos": {
            "x": -15.28,
            "y": 3.46
          }
        }
      ]
    },
    {
      "time": 0.18,
      "ball": {
        "pos": {
          "x": 2.616,
          "y": -0.234,
          "z": 1.665
        }
      },
      "players": [
        {
          "team": 1,
          "pos": {
            "x": 11.52,
            "y": -0.99
          }
        },
        {
          "team": 2,
          "pos": {
            "x": -15.3,
            "y": 3.45
          }
        }
      ]
    },
    {
      "time": 0.2,
      "ball": {
        "pos": {
          "x": 1.736,
          "y": -0.112,
          "z": 1.524
        }
      },
      "players": [
        {
          "team": 1,
          "pos": {
            "x": 11.53,
            "y": -1.04
          }
        },
        {
          "team": 2,
          "pos": {
            "x": -15.37,
            "y": 3.4
          }
        }
      ]
    },
    {
      "time": 0.22,
      "ball": {
        "pos": {
          "x": 0.873,
          "y": 0.006,
          "z": 1.381
        }
      },
      "players": [
        {
          "team": 1,
          "pos": {
            "x": 11.56,
            "y": -1.1
          }
        },
        {
          "team": 2,
          "pos": {
            "x": -15.42,
            "y": 3.37
          }
        }
      ]
    },
    {
      "time": 0.24,
      "ball": {
        "pos": {
          "x": 0.026,
          "y": 0.12,
          "z": 1.235
        }
      },
      "players": [
        {
          "team": 1,
          "pos": {
            "x": 11.57,
            "y": -1.12
          }
        },
        {
          "team": 2,
          "pos": {
            "x": -15.44,
            "y": 3.35
          }
        }
      ]
    },
    {
      "time": 0.241,
      "ball": {
        "pos": {
          "x": 0.0,
          "y": 0.123,
          "z": 1.23
        }
      },
      "players": [
        {
          "team": 1,
          "pos": {
            "x": 11.58,
            "y": -1.14
          }
        },
        {
          "team": 2,
          "pos": {
            "x": -15.38,
            "y": 3.38
          }
        }
      ]
    },
    {
      "time": 0.26,
      "ball": {
        "pos": {
          "x": -0.805,
          "y": 0.231,
          "z": 1.087
        }
      },
      "players": [
        {
          "team": 1,
          "pos": {
            "x": 11.58,
            "y": -1.15
          }
        },
        {
          "team": 2,
          "pos": {
            "x": -15.45,
            "y": 3.31
          }
        }
      ]
    },
    {
      "time": 0.28,
      "ball": {
        "pos": {
          "x": -1.62,
          "y": 0.338,
          "z": 0.936
        }
      },
      "players": [
        {
          "team": 1,
          "pos": {
            "x": 11.61,
            "y": -1.15
          }
        },
        {
          "team": 2,
          "pos": {
            "x": -15.46,
            "y": 3.26
          }
        }
      ]
    },
    {
      "time": 0.3,
      "ball": {
        "pos": {
          "x": -2.422,
          "y": 0.442,
          "z": 0.784
        }
      },
      "players": [
        {
          "team": 1,
          "pos": {
            "x": 11.62,
            "y": -1.16
          }
        },
        {
          "team": 2,
          "pos": {
            "x": -15.47,
            "y": 3.19
          }
        }
      ]
    },
    {
      "time": 0.32,
      "ball": {
        "pos": {
          "x": -3.21,
          "y": 0.544,
          "z": 0.629
        }
      },
      "players": [
        {
          "team": 1,
          "pos": {
            "x": 11.63,
            "y": -1.18
          }
        },
        {
          "team": 2,
          "pos": {
            "x": -15.52,
            "y": 3.13
          }
        }
      ]
    },
    {
      "time": 0.34,
      "ball": {
        "pos": {
          "x": -3.985,
          "y": 0.642,
          "z": 0.473
        }
      },
      "players": [
        {
          "team": 1,
          "pos": {
            "x": 11.62,
            "y": -1.18
          }
        },
        {
          "team": 2,
          "pos": {
            "x": -15.58,
            "y": 3.07
          }
        }
      ]
    },
    {
      "time": 0.36,
      "ball": {
        "pos": {
          "x": -4.749,
          "y": 0.737,
          "z": 0.315
        }
      },
      "players": [
        {
          "team": 1,
          "pos": {
            "x": 11.58,
            "y": -1.18
          }
        },
        {
          "team": 2,
          "pos": {
            "x": -15.59,
            "y": 3.0
          }
        }
      ]
    },
    {
      "time": 0.38,
      "ball": {
        "pos": {
          "x": -5.501,
          "y": 0.83,
          "z": 0.155
        }
      },
      "players": [
        {
          "team": 1,
          "pos": {
            "x": 11.55,
            "y": -1.18
          }
        },
        {
          "team": 2,
          "pos": {
            "x": -15.61,
            "y": 2.93
          }
        }
      ]
    },
    {
      "time": 0.394,
      "event": "bounce",
      "ball": {
        "pos": {
          "x": -6.016,
          "y": 0.892,
          "z": 0.044
        }
      },
      "players": [
        {
          "team": 1,
          "pos": {
            "x": 11.55,
            "y": -1.19
          }
        },
        {
          "team": 2,
          "pos": {
            "x": -15.59,
            "y": 3.01
          }
        }
      ]
    },
    {
      "time": 0.4,
      "ball": {
        "pos": {
          "x": -6.209,
          "y": 0.918,
          "z": 0.047
        }
      },
      "players": [
        {
          "team": 1,
          "pos": {
            "x": 11.55,
            "y": -1.19
          }
        },
        {
          "team": 2,
          "pos": {
            "x": -15.62,
            "y": 2.87
          }
        }
      ]
    },
    {
      "time": 0.42,
      "ball": {
        "pos": {
          "x": -6.754,
          "y": 0.993,
          "z": 0.18
        }
      },
      "players": [
        {
          "team": 1,
          "pos": {
            "x": 11.55,
            "y": -1.19
          }
        },
        {
          "team": 2,
          "pos": {
            "x": -15.64,
            "y": 2.83
          }
        }
      ]
    },
    {
      "time": 0.44,
      "ball": {
        "pos": {
          "x": -7.291,
          "y": 1.066,
          "z": 0.305
        }
      },
      "players": [
        {
          "team": 1,
          "pos": {
            "x": 11.54,
            "y": -1.21
          }
        },
        {
          "team": 2,
          "pos": {
            "x": -15.7,
            "y": 2.77
          }
        }
      ]
    },
    {
      "time": 0.46,
      "ball": {
        "pos": {
          "x": -7.822,
          "y": 1.138,
          "z": 0.421
        }
      },
      "players": [
        {
          "team": 1,
          "pos": {
            "x": 11.52,
            "y": -1.2
          }
        },
        {
          "team": 2,
          "pos": {
            "x": -15.75,
            "y": 2.72
          }
        }
      ]
    },
    {
      "time": 0.48,
      "ball": {
        "pos": {
          "x": -8.345,
          "y": 1.208,
          "z": 0.53
        }
      },
      "players": [
        {
          "team": 1,
          "pos": {
            "x": 11.54,
            "y": -1.25
          }
        },
        {
          "team": 2,
          "pos": {
            "x": -15.78,
            "y": 2.67
          }
        }
      ]
    },
    {
      "time": 0.5,
      "ball": {
        "pos": {
          "x": -8.862,
          "y": 1.276,
          "z": 0.63
        }
      },
      "players": [
        {
          "team": 1,
          "pos": {
            "x": 11.55,
            "y": -1.26
          }
        },
        {
          "team": 2,
          "pos": {
            "x": -15.79,
            "y": 2.64
          }
        }
      ]
    },
    {
      "time": 0.52,
      "ball": {
        "pos": {
          "x": -9.373,
          "y": 1.342,
          "z": 0.723
        }
      },
      "players": [
        {
          "team": 1,
          "pos": {
            "x": 11.57,
            "y": -1.25
          }
        },
        {
          "team": 2,
          "pos": {
            "x": -15.83,
            "y": 2.57
          }
        }
      ]
    },
    {
      "time": 0.54,
      "ball": {
        "pos": {
          "x": -9.877,
          "y": 1.407,
          "z": 0.808
        }
      },
      "players": [
        {
          "team": 1,
          "pos": {
            "x": 11.52,
            "y": -1.23
          }
        },
        {
          "team": 2,
          "pos": {
            "x": -15.83,
            "y": 2.54
          }
        }
      ]
    },
    {
      "time": 0.56,
      "ball": {
        "pos": {
          "x": -10.375,
          "y": 1.469,
          "z": 0.886
        }
      },
      "players": [
        {
          "team": 1,
          "pos": {
            "x": 11.48,
            "y": -1.2
          }
        },
        {
          "team": 2,
          "pos": {
            "x": -15.85,
            "y": 2.5
          }
        }
      ]
    },
    {
      "time": 0.58,
      "ball": {
        "pos": {
          "x": -10.867,
          "y": 1.53,
          "z": 0.956
        }
      },
      "players": [
        {
          "team": 1,
          "pos": {
            "x": 11.45,
            "y": -1.2
          }
        },
        {
          "team": 2,
          "pos": {
            "x": -15.85,
            "y": 2.46
          }
        }
      ]
    },
    {
      "time": 0.6,
      "ball": {
        "pos": {
          "x": -11.354,
          "y": 1.59,
          "z": 1.019
        }
      },
      "players": [
        {
          "team": 1,
          "pos": {
            "x": 11.42,
            "y": -1.25
          }
        },
        {
          "team": 2,
          "pos": {
            "x": -15.8,
            "y": 2.45
          }
        }
      ]
    },
    {
      "time": 0.62,
      "ball": {
        "pos": {
          "x": -11.835,
          "y": 1.647,
          "z": 1.075
        }
      },
      "players": [
        {
          "team": 1,
          "pos": {
            "x": 11.42,
            "y": -1.24
          }
        },
        {
          "team": 2,
          "pos": {
            "x": -15.81,
            "y": 2.43
          }
        }
      ]
    },
    {
      "time": 0.64,
      "ball": {
        "pos": {
          "x": -12.31,
          "y": 1.704,
          "z": 1.123
        }
      },
      "players": [
        {
          "team": 1,
          "pos": {
            "x": 11.41,
            "y": -1.24
          }
        },
        {
          "team": 2,
          "pos": {
            "x": -15.8,
            "y": 2.42
          }
        }
      ]
    },
    {
      "time": 0.66,
      "ball": {
        "pos": {
          "x": -12.78,
          "y": 1.758,
          "z": 1.165
        }
      },
      "players": [
        {
          "team": 1,
          "pos": {
            "x": 11.38,
            "y": -1.23
          }
        },
        {
          "team": 2,
          "pos": {
            "x": -15.79,
            "y": 2.43
          }
        }
      ]
    },
    {
      "time": 0.68,
      "ball": {
        "pos": {
          "x": -13.245,
          "y": 1.811,
          "z": 1.2
        }
      },
      "players": [
        {
          "team": 1,
          "pos": {
            "x": 11.37,
            "y": -1.22
          }
        },
        {
          "team": 2,
          "pos": {
            "x": -15.78,
            "y": 2.44
          }
        }
      ]
    },
    {
      "time": 0.7,
      "ball": {
        "pos": {
          "x": -13.705,
          "y": 1.862,
          "z": 1.228
        }
      },
      "players": [
        {
          "team": 1,
          "pos": {
            "x": 11.36,
            "y": -1.22
          }
        },
        {
          "team": 2,
          "pos": {
            "x": -15.73,
            "y": 2.45
          }
        }
      ]
    },
    {
      "time": 0.72,
      "ball": {
        "pos": {
          "x": -14.16,
          "y": 1.912,
          "z": 1.25
        }
      },
      "players": [
        {
          "team": 1,
          "pos": {
            "x": 11.34,
            "y": -1.21
          }
        },
        {
          "team": 2,
          "pos": {
            "x": -15.7,
            "y": 2.45
          }
        }
      ]
    },
    {
      "time": 0.74,
      "ball": {
        "pos": {
          "x": -14.611,
          "y": 1.96,
          "z": 1.266
        }
      },
      "players": [
        {
          "team": 1,
          "pos": {
            "x": 11.27,
            "y": -1.19
          }
        },
        {
          "team": 2,
          "pos": {
            "x": -15.65,
            "y": 2.45
          }
        }
      ]
    },
    {
      "time": 0.76,
      "ball": {
        "pos": {
          "x": -15.057,
          "y": 2.007,
          "z": 1.275
        }
      },
      "players": [
        {
          "team": 1,
          "pos": {
            "x": 11.23,
            "y": -1.21
          }
        },
        {
          "team": 2,
          "pos": {
            "x": -15.62,
            "y": 2.43
          }
        }
      ]
    },
    {
      "time": 0.779,
      "ball": {
        "pos": {
          "x": -15.482,
          "y": 2.051,
          "z": 1.277
        }
      },
      "players": [
        {
          "team": 1,
          "pos": {
            "x": 11.22,
            "y": -1.22
          }
        },
        {
          "team": 2,
          "pos": {
            "x": -15.65,
            "y": 2.45
          }
        }
      ]
    },
    {
      "time": 0.78,
      "ball": {
        "pos": {
          "x": -15.499,
          "y": 2.053,
          "z": 1.277
        }
      },
      "players": [
        {
          "team": 1,
          "pos": {
            "x": 11.22,
            "y": -1.23
          }
        },
        {
          "team": 2,
          "pos": {
            "x": -15.58,
            "y": 2.41
          }
        }
      ]
    },
    {
      "time": 0.795,
      "event": "hit",
      "ball": {
        "pos": {
          "x": -15.837,
          "y": 2.087,
          "z": 1.275
        }
      },
      "players": [
        {
          "team": 1,
          "pos": {
            "x": 11.17,
            "y": -1.26
          }
        },
        {
          "team": 2,
          "pos": {
            "x": -15.62,
            "y": 2.43
          }
        }
      ]
    },
    {
      "time": 0.8,
      "ball": {
        "pos": {
          "x": -15.693,
          "y": 2.043,
          "z": 1.291
        }
      },
      "players": [
        {
          "team": 1,
          "pos": {
            "x": 11.19,
            "y": -1.24
          }
        },
        {
          "team": 2,
          "pos": {
            "x": -15.54,
            "y": 2.43
          }
        }
      ]
    },
    {
      "time": 0.82,
      "ball": {
        "pos": {
          "x": -15.069,
          "y": 1.852,
          "z": 1.354
        }
      },
      "players": [
        {
          "team": 1,
          "pos": {
            "x": 11.17,
            "y": -1.25
          }
        },
        {
          "team": 2,
          "pos": {
            "x": -15.5,
            "y": 2.49
          }
        }
      ]
    },
    {
      "time": 0.84,
      "ball": {
        "pos": {
          "x": -14.453,
          "y": 1.663,
          "z": 1.413
        }
      },
      "players": [
        {
          "team": 1,
          "pos": {
            "x": 11.17,
            "y": -1.25
          }
        },
        {
          "team": 2,
          "pos": {
            "x": -15.41,
            "y": 2.53
          }
        }
      ]
    },
    {
      "time": 0.86,
      "ball": {
        "pos": {
          "x": -13.845,
          "y": 1.475,
          "z": 1.467
        }
      },
      "players": [
        {
          "team": 1,
          "pos": {
            "x": 11.17,
            "y": -1.26
          }
        },
        {
          "team": 2,
          "pos": {
            "x": -15.33,
            "y": 2.56
          }
        }
      ]
    },
    {
      "time": 0.88,
      "ball": {
        "pos": {
          "x": -13.245,
          "y": 1.288,
          "z": 1.516
        }
      },
      "players": [
        {
          "team": 1,
          "pos": {
            "x": 11.18,
            "y": -1.25
          }
        },
        {
          "team": 2,
          "pos": {
            "x": -15.31,
            "y": 2.53
          }
        }
      ]
    },
    {
      "time": 0.9,
      "ball": {
        "pos": {
          "x": -12.653,
          "y": 1.103,
          "z": 1.561
        }
      },
      "players": [
        {
          "team": 1,
          "pos": {
            "x": 11.2,
            "y": -1.28
          }
        },
        {
          "team": 2,
          "pos": {
            "x": -15.29,
            "y": 2.51
          }
        }
      ]
    },
    {
      "time": 0.92,
      "ball": {
        "pos": {
          "x": -12.069,
          "y": 0.919,
          "z": 1.601
        }
      },
      "players": [
        {
          "team": 1,
          "pos": {
            "x": 11.23,
            "y": -1.3
          }
        },
        {
          "team": 2,
          "pos": {
            "x": -15.26,
            "y": 2.52
          }
        }
      ]
    },
    {
      "time": 0.94,
      "ball": {
        "pos": {
          "x": -11.492,
          "y": 0.737,
          "z": 1.637
        }
      },
      "players": [
        {
          "team": 1,
          "pos": {
            "x": 11.26,
            "y": -1.31
          }
        },
        {
          "team": 2,
          "pos": {
            "x": -15.25,
            "y": 2.5
          }
        }
      ]
    },
    {
      "time": 0.96,
      "ball": {
        "pos": {
          "x": -10.923,
          "y": 0.556,
          "z": 1.667
        }
      },
      "players": [
        {
          "team": 1,
          "pos": {
            "x": 11.3,
            "y": -1.3
          }
        },
        {
          "team": 2,
          "pos": {
            "x": -15.2,
            "y": 2.51
          }
        }
      ]
    },
    {
      "time": 0.98,
      "ball": {
        "pos": {
          "x": -10.361,
          "y": 0.377,
          "z": 1.694
        }
      },
      "players": [
        {
          "team": 1,
          "pos": {
            "x": 11.34,
            "y": -1.3
          }
        },
        {
          "team": 2,
          "pos": {
            "x": -15.16,
            "y": 2.53
          }
        }
      ]
    },
    {
      "time": 1.0,
      "ball": {
        "pos": {
          "x": -9.807,
          "y": 0.199,
          "z": 1.716
        }
      },
      "players": [
        {
          "team": 1,
          "pos": {
            "x": 11.35,
            "y": -1.33
          }
        },
        {
          "team": 2,
          "pos": {
            "x": -15.13,
            "y": 2.54
          }
        }
      ]
    },
    {
      "time": 1.02,
      "ball": {
        "pos": {
          "x": -9.259,
          "y": 0.022,
          "z": 1.733
        }
      },
      "players": [
        {
          "team": 1,
          "pos": {
            "x": 11.29,
            "y": -1.34
          }
        },
        {
          "team": 2,
          "pos": {
            "x": -15.11,
            "y": 2.55
          }
        }
      ]
    },
    {
      "time": 1.04,
      "ball": {
        "pos": {
          "x": -8.719,
          "y": -0.154,
          "z": 1.747
        }
      },
      "players": [
        {
          "team": 1,
          "pos": {
            "x": 11.23,
            "y": -1.35
          }
        },
        {
          "team": 2,
          "pos": {
            "x": -15.09,
            "y": 2.57
          }
        }
      ]
    },
    {
      "time": 1.06,
      "ball": {
        "pos": {
          "x": -8.185,
          "y": -0.328,
          "z": 1.756
        }
      },
      "players": [
        {
          "team": 1,
          "pos": {
            "x": 11.2,
            "y": -1.35
          }
        },
        {
          "team": 2,
          "pos": {
            "x": -15.07,
            "y": 2.58
          }
        }
      ]
    },
    {
      "time": 1.08,
      "ball": {
        "pos": {
          "x": -7.659,
          "y": -0.501,
          "z": 1.76
        }
      },
      "players": [
        {
          "team": 1,
          "pos": {
            "x": 11.16,
            "y": -1.37
          }
        },
        {
          "team": 2,
          "pos": {
            "x": -15.06,
            "y": 2.58
          }
        }
      ]
    },
    {
      "time": 1.092,
      "ball": {
        "pos": {
          "x": -7.347,
          "y": -0.604,
          "z": 1.761
        }
      },
      "players": [
        {
          "team": 1,
          "pos": {
            "x": 11.14,
            "y": -1.33
          }
        },
        {
          "team": 2,
          "pos": {
            "x": -15.08,
            "y": 2.58
          }
        }
      ]
    },
    {
      "time": 1.1,
      "ball": {
        "pos": {
          "x": -7.139,
          "y": -0.673,
          "z": 1.761
        }
      },
      "players": [
        {
          "team": 1,
          "pos": {
            "x": 11.14,
            "y": -1.34
          }
        },
        {
          "team": 2,
          "pos": {
            "x": -15.05,
            "y": 2.6
          }
        }
      ]
    },
    {
      "time": 1.12,
      "ball": {
        "pos": {
          "x": -6.625,
          "y": -0.843,
          "z": 1.757
        }
      },
      "players": [
        {
          "team": 1,
          "pos": {
            "x": 11.2,
            "y": -1.34
          }
        },
        {
          "team": 2,
          "pos": {
            "x": -15.04,
            "y": 2.62
          }
        }
      ]
    },
    {
      "time": 1.14,
      "ball": {
        "pos": {
          "x": -6.118,
          "y": -1.012,
          "z": 1.749
        }
      },
      "players": [
        {
          "team": 1,
          "pos": {
            "x": 11.2,
            "y": -1.32
          }
        },
        {
          "team": 2,
          "pos": {
            "x": -15.03,
            "y": 2.62
          }
        }
      ]
    },
    {
      "time": 1.16,
      "ball": {
        "pos": {
          "x": -5.617,
          "y": -1.18,
          "z": 1.737
        }
      },
      "players": [
        {
          "team": 1,
          "pos": {
            "x": 11.25,
            "y": -1.3
          }
        },
        {
          "team": 2,
          "pos": {
            "x": -15.02,
            "y": 2.62
          }
        }
      ]
    },
    {
      "time": 1.18,
      "ball": {
        "pos": {
          "x": -5.122,
          "y": -1.347,
          "z": 1.721
        }
      },
      "players": [
        {
          "team": 1,
          "pos": {
            "x": 11.3,
            "y": -1.31
          }
        },
        {
          "team": 2,
          "pos": {
            "x": -15.01,
            "y": 2.63
          }
        }
      ]
    },
    {
      "time": 1.2,
      "ball": {
        "pos": {
          "x": -4.633,
          "y": -1.512,
          "z": 1.701
        }
      },
      "players": [
        {
          "team": 1,
          "pos": {
            "x": 11.35,
            "y": -1.35
          }
        },
        {
          "team": 2,
          "pos": {
            "x": -15.0,
            "y": 2.63
          }
        }
      ]
    },
    {
      "time": 1.22,
      "ball": {
        "pos": {
          "x": -4.151,
          "y": -1.676,
          "z": 1.677
        }
      },
      "players": [
        {
          "team": 1,
          "pos": {
            "x": 11.41,
            "y": -1.36
          }
        },
        {
          "team": 2,
          "pos": {
            "x": -14.99,
            "y": 2.62
          }
        }
      ]
    },
    {
      "time": 1.24,
      "ball": {
        "pos": {
          "x": -3.674,
          "y": -1.84,
          "z": 1.649
        }
      },
      "players": [
        {
          "team": 1,
          "pos": {
            "x": 11.44,
            "y": -1.39
          }
        },
        {
          "team": 2,
          "pos": {
            "x": -14.98,
            "y": 2.6
          }
        }
      ]
    },
    {
      "time": 1.26,
      "ball": {
        "pos": {
          "x": -3.202,
          "y": -2.002,
          "z": 1.617
        }
      },
      "players": [
        {
          "team": 1,
          "pos": {
            "x": 11.52,
            "y": -1.41
          }
        },
        {
          "team": 2,
          "pos": {
            "x": -14.97,
            "y": 2.6
          }
        }
      ]
    },
    {
      "time": 1.28,
      "ball": {
        "pos": {
          "x": -2.736,
          "y": -2.163,
          "z": 1.581
        }
      },
      "players": [
        {
          "team": 1,
          "pos": {
            "x": 11.52,
            "y": -1.48
          }
        },
        {
          "team": 2,
          "pos": {
            "x": -14.96,
            "y": 2.59
          }
        }
      ]
    },
    {
      "time": 1.3,
      "ball": {
        "pos": {
          "x": -2.276,
          "y": -2.322,
          "z": 1.542
        }
      },
      "players": [
        {
          "team": 1,
          "pos": {
            "x": 11.58,
            "y": -1.54
          }
        },
        {
          "team": 2,
          "pos": {
            "x": -14.94,
            "y": 2.58
          }
        }
      ]
    },
    {
      "time": 1.32,
      "ball": {
        "pos": {
          "x": -1.82,
          "y": -2.481,
          "z": 1.499
        }
      },
      "players": [
        {
          "team": 1,
          "pos": {
            "x": 11.61,
            "y": -1.62
          }
        },
        {
          "team": 2,
          "pos": {
            "x": -14.93,
            "y": 2.57
          }
        }
      ]
    },
    {
      "time": 1.34,
      "ball": {
        "pos": {
          "x": -1.37,
          "y": -2.639,
          "z": 1.452
        }
      },
      "players": [
        {
          "team": 1,
          "pos": {
            "x": 11.65,
            "y": -1.7
          }
        },
        {
          "team": 2,
          "pos": {
            "x": -14.94,
            "y": 2.57
          }
        }
      ]
    },
    {
      "time": 1.36,
      "ball": {
        "pos": {
          "x": -0.925,
          "y": -2.795,
          "z": 1.402
        }
      },
      "players": [
        {
          "team": 1,
          "pos": {
            "x": 11.68,
            "y": -1.69
          }
        },
        {
          "team": 2,
          "pos": {
            "x": -14.93,
            "y": 2.56
          }
        }
      ]
    },
    {
      "time": 1.38,
      "ball": {
        "pos": {
          "x": -0.485,
          "y": -2.951,
          "z": 1.347
        }
      },
      "players": [
        {
          "team": 1,
          "pos": {
            "x": 11.72,
            "y": -1.71
          }
        },
        {
          "team": 2,
          "pos": {
            "x": -14.92,
            "y": 2.56
          }
        }
      ]
    },
    {
      "time": 1.4,
      "ball": {
        "pos": {
          "x": -0.049,
          "y": -3.105,
          "z": 1.29
        }
      },
      "players": [
        {
          "team": 1,
          "pos": {
            "x": 11.7,
            "y": -1.73
          }
        },
        {
          "team": 2,
          "pos": {
            "x": -14.91,
            "y": 2.56
          }
        }
      ]
    },
    {
      "time": 1.402,
      "ball": {
        "pos": {
          "x": 0.0,
          "y": -3.123,
          "z": 1.283
        }
      },
      "players": [
        {
          "team": 1,
          "pos": {
            "x": 11.71,
            "y": -1.74
          }
        },
        {
          "team": 2,
          "pos": {
            "x": -14.93,
            "y": 2.56
          }
        }
      ]
    },
    {
      "time": 1.42,
      "ball": {
        "pos": {
          "x": 0.381,
          "y": -3.259,
          "z": 1.229
        }
      },
      "players": [
        {
          "team": 1,
          "pos": {
            "x": 11.71,
            "y": -1.75
          }
        },
        {
          "team": 2,
          "pos": {
            "x": -14.92,
            "y": 2.54
          }
        }
      ]
    },
    {
      "time": 1.44,
      "ball": {
        "pos": {
          "x": 0.808,
          "y": -3.411,
          "z": 1.164
        }
      },
      "players": [
        {
          "team": 1,
          "pos": {
            "x": 11.69,
            "y": -1.78
          }
        },
        {
          "team": 2,
          "pos": {
            "x": -14.93,
            "y": 2.52
          }
        }
      ]
    },
    {
      "time": 1.46,
      "ball": {
        "pos": {
          "x": 1.229,
          "y": -3.562,
          "z": 1.096
        }
      },
      "players": [
        {
          "team": 1,
          "pos": {
            "x": 11.73,
            "y": -1.85
          }
        },
        {
          "team": 2,
          "pos": {
            "x": -14.95,
            "y": 2.48
          }
        }
      ]
    },
    {
      "time": 1.48,
      "ball": {
        "pos": {
          "x": 1.647,
          "y": -3.713,
          "z": 1.024
        }
      },
      "players": [
        {
          "team": 1,
          "pos": {
            "x": 11.7,
            "y": -1.87
          }
        },
        {
          "team": 2,
          "pos": {
            "x": -14.95,
            "y": 2.48
          }
        }
      ]
    },
    {
      "time": 1.5,
      "ball": {
        "pos": {
          "x": 2.061,
          "y": -3.862,
          "z": 0.949
        }
      },
      "players": [
        {
          "team": 1,
          "pos": {
            "x": 11.69,
            "y": -1.94
          }
        },
        {
          "team": 2,
          "pos": {
            "x": -15.01,
            "y": 2.41
          }
        }
      ]
    },
    {
      "time": 1.52,
      "ball": {
        "pos": {
          "x": 2.47,
          "y": -4.011,
          "z": 0.871
        }
      },
      "players": [
        {
          "team": 1,
          "pos": {
            "x": 11.71,
            "y": -1.95
          }
        },
        {
          "team": 2,
          "pos": {
            "x": -15.06,
            "y": 2.36
          }
        }
      ]
    },
    {
      "time": 1.54,
      "ball": {
        "pos": {
          "x": 2.875,
          "y": -4.159,
          "z": 0.79
        }
      },
      "players": [
        {
          "team": 1,
          "pos": {
            "x": 11.74,
            "y": -1.97
          }
        },
        {
          "team": 2,
          "pos": {
            "x": -15.11,
            "y": 2.3
          }
        }
      ]
    },
    {
      "time": 1.56,
      "ball": {
        "pos": {
          "x": 3.277,
          "y": -4.306,
          "z": 0.705
        }
      },
      "players": [
        {
          "team": 1,
          "pos": {
            "x": 11.81,
            "y": -2.04
          }
        },
        {
          "team": 2,
          "pos": {
            "x": -15.11,
            "y": 2.29
          }
        }
      ]
    },
    {
      "time": 1.58,
      "ball": {
        "pos": {
          "x": 3.675,
          "y": -4.451,
          "z": 0.618
        }
      },
      "players": [
        {
          "team": 1,
          "pos": {
            "x": 11.83,
            "y": -2.05
          }
        },
        {
          "team": 2,
          "pos": {
            "x": -15.14,
            "y": 2.26
          }
        }
      ]
    },
    {
      "time": 1.6,
      "ball": {
        "pos": {
          "x": 4.07,
          "y": -4.596,
          "z": 0.527
        }
      },
      "players": [
        {
          "team": 1,
          "pos": {
            "x": 11.88,
            "y": -2.06
          }
        },
        {
          "team": 2,
          "pos": {
            "x": -15.17,
            "y": 2.21
          }
        }
      ]
    },
    {
      "time": 1.62,
      "ball": {
        "pos": {
          "x": 4.461,
          "y": -4.741,
          "z": 0.433
        }
      },
      "players": [
        {
          "team": 1,
          "pos": {
            "x": 11.92,
            "y": -2.07
          }
        },
        {
          "team": 2,
          "pos": {
            "x": -15.19,
            "y": 2.17
          }
        }
      ]
    },
    {
      "time": 1.64,
      "ball": {
        "pos": {
          "x": 4.849,
          "y": -4.884,
          "z": 0.336
        }
      },
      "players": [
        {
          "team": 1,
          "pos": {
            "x": 11.99,
            "y": -2.11
          }
        },
        {
          "team": 2,
          "pos": {
            "x": -15.2,
            "y": 2.13
          }
        }
      ]
    },
    {
      "time": 1.66,
      "ball": {
        "pos": {
          "x": 5.234,
          "y": -5.026,
          "z": 0.236
        }
      },
      "players": [
        {
          "team": 1,
          "pos": {
            "x": 12.04,
            "y": -2.14
          }
        },
        {
          "team": 2,
          "pos": {
            "x": -15.21,
            "y": 2.1
          }
        }
      ]
    },
    {
      "time": 1.68,
      "ball": {
        "pos": {
          "x": 5.616,
          "y": -5.168,
          "z": 0.133
        }
      },
      "players": [
        {
          "team": 1,
          "pos": {
            "x": 12.11,
            "y": -2.2
          }
        },
        {
          "team": 2,
          "pos": {
            "x": -15.21,
            "y": 2.1
          }
        }
      ]
    },
    {
      "time": 1.7,
      "ball": {
        "pos": {
          "x": 5.994,
          "y": -5.309,
          "z": 0.027
        }
      },
      "players": [
        {
          "team": 1,
          "pos": {
            "x": 12.12,
            "y": -2.28
          }
        },
        {
          "team": 2,
          "pos": {
            "x": -15.21,
            "y": 2.09
          }
        }
      ]
    },
    {
      "time": 1.701,
      "event": "bounce",
      "ball": {
        "pos": {
          "x": 6.007,
          "y": -5.314,
          "z": 0.023
        }
      },
      "players": [
        {
          "team": 1,
          "pos": {
            "x": 12.14,
            "y": -2.32
          }
        },
        {
          "team": 2,
          "pos": {
            "x": -15.22,
            "y": 2.09
          }
        }
      ]
    },
    {
      "time": 1.72,
      "ball": {
        "pos": {
          "x": 6.272,
          "y": -5.412,
          "z": 0.088
        }
      },
      "players": [
        {
          "team": 1,
          "pos": {
            "x": 12.17,
            "y": -2.35
          }
        },
        {
          "team": 2,
          "pos": {
            "x": -15.22,
            "y": 2.05
          }
        }
      ]
    },
    {
      "time": 1.74,
      "ball": {
        "pos": {
          "x": 6.529,
          "y": -5.506,
          "z": 0.178
        }
      },
      "players": [
        {
          "team": 1,
          "pos": {
            "x": 12.19,
            "y": -2.4
          }
        },
        {
          "team": 2,
          "pos": {
            "x": -15.22,
            "y": 2.06
          }
        }
      ]
    },
    {
      "time": 1.76,
      "ball": {
        "pos": {
          "x": 6.784,
          "y": -5.6,
          "z": 0.263
        }
      },
      "players": [
        {
          "team": 1,
          "pos": {
            "x": 12.23,
            "y": -2.45
          }
        },
        {
          "team": 2,
          "pos": {
            "x": -15.22,
            "y": 2.03
          }
        }
      ]
    },
    {
      "time": 1.78,
      "ball": {
        "pos": {
          "x": 7.037,
          "y": -5.694,
          "z": 0.343
        }
      },
      "players": [
        {
          "team": 1,
          "pos": {
            "x": 12.23,
            "y": -2.47
          }
        },
        {
          "team": 2,
          "pos": {
            "x": -15.22,
            "y": 2.0
          }
        }
      ]
    },
    {
      "time": 1.8,
      "ball": {
        "pos": {
          "x": 7.288,
          "y": -5.788,
          "z": 0.417
        }
      },
      "players": [
        {
          "team": 1,
          "pos": {
            "x": 12.25,
            "y": -2.49
          }
        },
        {
          "team": 2,
          "pos": {
            "x": -15.2,
            "y": 1.99
          }
        }
      ]
    },
    {
      "time": 1.82,
      "ball": {
        "pos": {
          "x": 7.538,
          "y": -5.881,
          "z": 0.487
        }
      },
      "players": [
        {
          "team": 1,
          "pos": {
            "x": 12.24,
            "y": -2.58
          }
        },
        {
          "team": 2,
          "pos": {
            "x": -15.18,
            "y": 1.98
          }
        }
      ]
    },
    {
      "time": 1.84,
      "ball": {
        "pos": {
          "x": 7.786,
          "y": -5.974,
          "z": 0.551
        }
      },
      "players": [
        {
          "team": 1,
          "pos": {
            "x": 12.31,
            "y": -2.63
          }
        },
        {
          "team": 2,
          "pos": {
            "x": -15.16,
            "y": 1.99
          }
        }
      ]
    },
    {
      "time": 1.86,
      "ball": {
        "pos": {
          "x": 8.033,
          "y": -6.067,
          "z": 0.61
        }
      },
      "players": [
        {
          "team": 1,
          "pos": {
            "x": 12.37,
            "y": -2.7
          }
        },
        {
          "team": 2,
          "pos": {
            "x": -15.14,
            "y": 2.0
          }
        }
      ]
    },
    {
      "time": 1.88,
      "ball": {
        "pos": {
          "x": 8.278,
          "y": -6.159,
          "z": 0.663
        }
      },
      "players": [
        {
          "team": 1,
          "pos": {
            "x": 12.37,
            "y": -2.79
          }
        },
        {
          "team": 2,
          "pos": {
            "x": -15.12,
            "y": 2.0
          }
        }
      ]
    },
    {
      "time": 1.9,
      "ball": {
        "pos": {
          "x": 8.521,
          "y": -6.251,
          "z": 0.712
        }
      },
      "players": [
        {
          "team": 1,
          "pos": {
            "x": 12.34,
            "y": -2.9
          }
        },
        {
          "team": 2,
          "pos": {
            "x": -15.1,
            "y": 1.98
          }
        }
      ]
    },
    {
      "time": 1.92,
      "ball": {
        "pos": {
          "x": 8.763,
          "y": -6.343,
          "z": 0.756
        }
      },
      "players": [
        {
          "team": 1,
          "pos": {
            "x": 12.36,
            "y": -2.98
          }
        },
        {
          "team": 2,
          "pos": {
            "x": -15.06,
            "y": 1.99
          }
        }
      ]
    },
    {
      "time": 1.94,
      "ball": {
        "pos": {
          "x": 9.003,
          "y": -6.435,
          "z": 0.794
        }
      },
      "players": [
        {
          "team": 1,
          "pos": {
            "x": 12.41,
            "y": -3.05
          }
        },
        {
          "team": 2,
          "pos": {
            "x": -15.06,
            "y": 1.97
          }
        }
      ]
    },
    {
      "time": 1.96,
      "ball": {
        "pos": {
          "x": 9.241,
          "y": -6.526,
          "z": 0.828
        }
      },
      "players": [
        {
          "team": 1,
          "pos": {
            "x": 12.46,
            "y": -3.12
          }
        },
        {
          "team": 2,
          "pos": {
            "x": -15.07,
            "y": 1.93
          }
        }
      ]
    },
    {
      "time": 1.98,
      "ball": {
        "pos": {
          "x": 9.478,
          "y": -6.617,
          "z": 0.857
        }
      },
      "players": [
        {
          "team": 1,
          "pos": {
            "x": 12.51,
            "y": -3.17
          }
        },
        {
          "team": 2,
          "pos": {
            "x": -15.08,
            "y": 1.94
          }
        }
      ]
    },
    {
      "time": 2.0,
      "ball": {
        "pos": {
          "x": 9.713,
          "y": -6.708,
          "z": 0.881
        }
      },
      "players": [
        {
          "team": 1,
          "pos": {
            "x": 12.45,
            "y": -3.24
          }
        },
        {
          "team": 2,
          "pos": {
            "x": -15.09,
            "y": 1.93
          }
        }
      ]
    },
    {
      "time": 2.02,
      "ball": {
        "pos": {
          "x": 9.947,
          "y": -6.798,
          "z": 0.9
        }
      },
      "players": [
        {
          "team": 1,
          "pos": {
            "x": 12.42,
            "y": -3.21
          }
        },
        {
          "team": 2,
          "pos": {
            "x": -15.08,
            "y": 1.91
          }
        }
      ]
    },
    {
      "time": 2.04,
      "ball": {
        "pos": {
          "x": 10.179,
          "y": -6.888,
          "z": 0.914
        }
      },
      "players": [
        {
          "team": 1,
          "pos": {
            "x": 12.4,
            "y": -3.19
          }
        },
        {
          "team": 2,
          "pos": {
            "x": -15.06,
            "y": 1.9
          }
        }
      ]
    },
    {
      "time": 2.06,
      "ball": {
        "pos": {
          "x": 10.41,
          "y": -6.978,
          "z": 0.924
        }
      },
      "players": [
        {
          "team": 1,
          "pos": {
            "x": 12.46,
            "y": -3.26
          }
        },
        {
          "team": 2,
          "pos": {
            "x": -15.05,
            "y": 1.88
          }
        }
      ]
    },
    {
      "time": 2.08,
      "ball": {
        "pos": {
          "x": 10.639,
          "y": -7.067,
          "z": 0.928
        }
      },
      "players": [
        {
          "team": 1,
          "pos": {
            "x": 12.51,
            "y": -3.27
          }
        },
        {
          "team": 2,
          "pos": {
            "x": -15.07,
            "y": 1.88
          }
        }
      ]
    },
    {
      "time": 2.09,
      "ball": {
        "pos": {
          "x": 10.754,
          "y": -7.112,
          "z": 0.929
        }
      },
      "players": [
        {
          "team": 1,
          "pos": {
            "x": 12.56,
            "y": -3.32
          }
        },
        {
          "team": 2,
          "pos": {
            "x": -15.05,
            "y": 1.88
          }
        }
      ]
    },
    {
      "time": 2.1,
      "ball": {
        "pos": {
          "x": 10.866,
          "y": -7.156,
          "z": 0.928
        }
      },
      "players": [
        {
          "team": 1,
          "pos": {
            "x": 12.56,
            "y": -3.32
          }
        },
        {
          "team": 2,
          "pos": {
            "x": -15.07,
            "y": 1.88
          }
        }
      ]
    },
    {
      "time": 2.12,
      "ball": {
        "pos": {
          "x": 11.092,
          "y": -7.245,
          "z": 0.924
        }
      },
      "players": [
        {
          "team": 1,
          "pos": {
            "x": 12.58,
            "y": -3.31
          }
        },
        {
          "team": 2,
          "pos": {
            "x": -15.07,
            "y": 1.88
          }
        }
      ]
    },
    {
      "time": 2.14,
      "ball": {
        "pos": {
          "x": 11.317,
          "y": -7.333,
          "z": 0.914
        }
      },
      "players": [
        {
          "team": 1,
          "pos": {
            "x": 12.58,
            "y": -3.31
          }
        },
        {
          "team": 2,
          "pos": {
            "x": -15.07,
            "y": 1.88
          }
        }
      ]
    },
    {
      "time": 2.16,
      "ball": {
        "pos": {
          "x": 11.539,
          "y": -7.421,
          "z": 0.901
        }
      },
      "players": [
        {
          "team": 1,
          "pos": {
            "x": 12.58,
            "y": -3.31
          }
        },
        {
          "team": 2,
          "pos": {
            "x": -15.07,
            "y": 1.88
          }
        }
      ]
    },
    {
      "time": 2.18,
      "ball": {
        "pos": {
          "x": 11.761,
          "y": -7.509,
          "z": 0.882
        }
      },
      "players": [
        {
          "team": 1,
          "pos": {
            "x": 12.58,
            "y": -3.31
          }
        },
        {
          "team": 2,
          "pos": {
            "x": -15.07,
            "y": 1.88
          }
        }
      ]
    },
    {
      "time": 2.2,
      "ball": {
        "pos": {
          "x": 11.98,
          "y": -7.596,
          "z": 0.859
        }
      },
      "players": [
        {
          "team": 1,
          "pos": {
            "x": 12.58,
            "y": -3.31
          }
        },
        {
          "team": 2,
          "pos": {
            "x": -15.07,
            "y": 1.88
          }
        }
      ]
    },
    {
      "time": 2.22,
      "ball": {
        "pos": {
          "x": 12.199,
          "y": -7.683,
          "z": 0.832
        }
      },
      "players": [
        {
          "team": 1,
          "pos": {
            "x": 12.58,
            "y": -3.31
          }
        },
        {
          "team": 2,
          "pos": {
            "x": -15.07,
            "y": 1.88
          }
        }
      ]
    },
    {
      "time": 2.24,
      "ball": {
        "pos": {
          "x": 12.415,
          "y": -7.769,
          "z": 0.8
        }
      },
      "players": [
        {
          "team": 1,
          "pos": {
            "x": 12.58,
            "y": -3.31
          }
        },
        {
          "team": 2,
          "pos": {
            "x": -15.07,
            "y": 1.88
          }
        }
      ]
    },
    {
      "time": 2.26,
      "ball": {
        "pos": {
          "x": 12.63,
          "y": -7.855,
          "z": 0.764
        }
      },
      "players": [
        {
          "team": 1,
          "pos": {
            "x": 12.58,
            "y": -3.31
          }
        },
        {
          "team": 2,
          "pos": {
            "x": -15.07,
            "y": 1.88
          }
        }
      ]
    },
    {
      "time": 2.28,
      "ball": {
        "pos": {
          "x": 12.844,
          "y": -7.941,
          "z": 0.723
        }
      },
      "players": [
        {
          "team": 1,
          "pos": {
            "x": 12.58,
            "y": -3.31
          }
        },
        {
          "team": 2,
          "pos": {
            "x": -15.07,
            "y": 1.88
          }
        }
      ]
    },
    {
      "time": 2.3,
      "ball": {
        "pos": {
          "x": 13.056,
          "y": -8.026,
          "z": 0.679
        }
      },
      "players": [
        {
          "team": 1,
          "pos": {
            "x": 12.58,
            "y": -3.31
          }
        },
        {
          "team": 2,
          "pos": {
            "x": -15.07,
            "y": 1.88
          }
        }
      ]
    },
    {
      "time": 2.32,
      "ball": {
        "pos": {
          "x": 13.267,
          "y": -8.111,
          "z": 0.629
        }
      },
      "players": [
        {
          "team": 1,
          "pos": {
            "x": 12.58,
            "y": -3.31
          }
        },
        {
          "team": 2,
          "pos": {
            "x": -15.07,
            "y": 1.88
          }
        }
      ]
    },
    {
      "time": 2.34,
      "ball": {
        "pos": {
          "x": 13.476,
          "y": -8.195,
          "z": 0.576
        }
      },
      "players": [
        {
          "team": 1,
          "pos": {
            "x": 12.58,
            "y": -3.31
          }
        },
        {
          "team": 2,
          "pos": {
            "x": -15.07,
            "y": 1.88
          }
        }
      ]
    },
    {
      "time": 2.36,
      "ball": {
        "pos": {
          "x": 13.683,
          "y": -8.279,
          "z": 0.519
        }
      },
      "players": [
        {
          "team": 1,
          "pos": {
            "x": 12.58,
            "y": -3.31
          }
        },
        {
          "team": 2,
          "pos": {
            "x": -15.07,
            "y": 1.88
          }
        }
      ]
    },
    {
      "time": 2.38,
      "ball": {
        "pos": {
          "x": 13.889,
          "y": -8.363,
          "z": 0.457
        }
      },
      "players": [
        {
          "team": 1,
          "pos": {
            "x": 12.58,
            "y": -3.31
          }
        },
        {
          "team": 2,
          "pos": {
            "x": -15.07,
            "y": 1.88
          }
        }
      ]
    },
    {
      "time": 2.4,
      "ball": {
        "pos": {
          "x": 14.094,
          "y": -8.446,
          "z": 0.391
        }
      },
      "players": [
        {
          "team": 1,
          "pos": {
            "x": 12.58,
            "y": -3.31
          }
        },
        {
          "team": 2,
          "pos": {
            "x": -15.07,
            "y": 1.88
          }
        }
      ]
    },
    {
      "time": 2.42,
      "ball": {
        "pos": {
          "x": 14.297,
          "y": -8.529,
          "z": 0.321
        }
      },
      "players": [
        {
          "team": 1,
          "pos": {
            "x": 12.58,
            "y": -3.31
          }
        },
        {
          "team": 2,
          "pos": {
            "x": -15.07,
            "y": 1.88
          }
        }
      ]
    },
    {
      "time": 2.44,
      "ball": {
        "pos": {
          "x": 14.499,
          "y": -8.611,
          "z": 0.247
        }
      },
      "players": [
        {
          "team": 1,
          "pos": {
            "x": 12.58,
            "y": -3.31
          }
        },
        {
          "team": 2,
          "pos": {
            "x": -15.07,
            "y": 1.88
          }
        }
      ]
    },
    {
      "time": 2.46,
      "ball": {
        "pos": {
          "x": 14.699,
          "y": -8.693,
          "z": 0.169
        }
      },
      "players": [
        {
          "team": 1,
          "pos": {
            "x": 12.58,
            "y": -3.31
          }
        },
        {
          "team": 2,
          "pos": {
            "x": -15.07,
            "y": 1.88
          }
        }
      ]
    },
    {
      "time": 2.48,
      "ball": {
        "pos": {
          "x": 14.898,
          "y": -8.774,
          "z": 0.087
        }
      },
      "players": [
        {
          "team": 1,
          "pos": {
            "x": 12.58,
            "y": -3.31
          }
        },
        {
          "team": 2,
          "pos": {
            "x": -15.07,
            "y": 1.88
          }
        }
      ]
    },
    {
      "time": 2.493,
      "event": "bounce",
      "ball": {
        "pos": {
          "x": 15.022,
          "y": -8.825,
          "z": 0.033
        }
      },
      "players": [
        {
          "team": 1,
          "pos": {
            "x": 12.58,
            "y": -3.31
          }
        },
        {
          "team": 2,
          "pos": {
            "x": -15.07,
            "y": 1.88
          }
        }
      ]
    },
    {
      "time": 2.498,
      "ball": {
        "pos": {
          "x": 15.072,
          "y": -8.845,
          "z": 0.033
        }
      },
      "players": [
        {
          "team": 1,
          "pos": {
            "x": 12.58,
            "y": -3.31
          }
        },
        {
          "team": 2,
          "pos": {
            "x": -15.07,
            "y": 1.88
          }
        }
      ]
    },
    {
      "time": 2.5,
      "players": [
        {
          "team": 1,
          "pos": {
            "x": 12.58,
            "y": -3.31
          }
        },
        {
          "team": 2,
          "pos": {
            "x": -15.07,
            "y": 1.88
          }
        }
      ]
    },
    {
      "time": 2.52,
      "players": [
        {
          "team": 1,
          "pos": {
            "x": 12.58,
            "y": -3.31
          }
        },
        {
          "team": 2,
          "pos": {
            "x": -15.07,
            "y": 1.88
          }
        }
      ]
    },
    {
      "time": 2.54,
      "players": [
        {
          "team": 1,
          "pos": {
            "x": 12.58,
            "y": -3.31
          }
        },
        {
          "team": 2,
          "pos": {
            "x": -15.07,
            "y": 1.88
          }
        }
      ]
    },
    {
      "time": 2.56,
      "players": [
        {
          "team": 1,
          "pos": {
            "x": 12.58,
            "y": -3.31
          }
        },
        {
          "team": 2,
          "pos": {
            "x": -15.07,
            "y": 1.88
          }
        }
      ]
    },
    {
      "time": 2.58,
      "players": [
        {
          "team": 1,
          "pos": {
            "x": 12.58,
            "y": -3.31
          }
        },
        {
          "team": 2,
          "pos": {
            "x": -15.07,
            "y": 1.88
          }
        }
      ]
    },
    {
      "time": 2.6,
      "players": [
        {
          "team": 1,
          "pos": {
            "x": 12.58,
            "y": -3.31
          }
        },
        {
          "team": 2,
          "pos": {
            "x": -15.07,
            "y": 1.88
          }
        }
      ]
    },
    {
      "time": 2.62,
      "players": [
        {
          "team": 1,
          "pos": {
            "x": 12.58,
            "y": -3.31
          }
        },
        {
          "team": 2,
          "pos": {
            "x": -15.07,
            "y": 1.88
          }
        }
      ]
    },
    {
      "time": 2.64,
      "players": [
        {
          "team": 1,
          "pos": {
            "x": 12.58,
            "y": -3.31
          }
        },
        {
          "team": 2,
          "pos": {
            "x": -15.07,
            "y": 1.88
          }
        }
      ]
    },
    {
      "time": 2.66,
      "players": [
        {
          "team": 1,
          "pos": {
            "x": 12.58,
            "y": -3.31
          }
        },
        {
          "team": 2,
          "pos": {
            "x": -15.07,
            "y": 1.88
          }
        }
      ]
    },
    {
      "time": 2.68,
      "players": [
        {
          "team": 1,
          "pos": {
            "x": 12.58,
            "y": -3.31
          }
        },
        {
          "team": 2,
          "pos": {
            "x": -15.07,
            "y": 1.88
          }
        }
      ]
    },
    {
      "time": 2.7,
      "players": [
        {
          "team": 1,
          "pos": {
            "x": 12.58,
            "y": -3.31
          }
        },
        {
          "team": 2,
          "pos": {
            "x": -15.07,
            "y": 1.88
          }
        }
      ]
    },
    {
      "time": 2.72,
      "players": [
        {
          "team": 1,
          "pos": {
            "x": 12.58,
            "y": -3.31
          }
        },
        {
          "team": 2,
          "pos": {
            "x": -15.07,
            "y": 1.88
          }
        }
      ]
    },
    {
      "time": 2.74,
      "players": [
        {
          "team": 1,
          "pos": {
            "x": 12.58,
            "y": -3.31
          }
        },
        {
          "team": 2,
          "pos": {
            "x": -15.07,
            "y": 1.88
          }
        }
      ]
    },
    {
      "time": 2.76,
      "players": [
        {
          "team": 1,
          "pos": {
            "x": 12.58,
            "y": -3.31
          }
        },
        {
          "team": 2,
          "pos": {
            "x": -15.07,
            "y": 1.88
          }
        }
      ]
    },
    {
      "time": 2.78,
      "players": [
        {
          "team": 1,
          "pos": {
            "x": 12.58,
            "y": -3.31
          }
        },
        {
          "team": 2,
          "pos": {
            "x": -15.07,
            "y": 1.88
          }
        }
      ]
    },
    {
      "time": 2.8,
      "players": [
        {
          "team": 1,
          "pos": {
            "x": 12.58,
            "y": -3.31
          }
        },
        {
          "team": 2,
          "pos": {
            "x": -15.07,
            "y": 1.88
          }
        }
      ]
    },
    {
      "time": 2.82,
      "players": [
        {
          "team": 1,
          "pos": {
            "x": 12.58,
            "y": -3.31
          }
        },
        {
          "team": 2,
          "pos": {
            "x": -15.07,
            "y": 1.88
          }
        }
      ]
    },
    {
      "time": 2.84,
      "players": [
        {
          "team": 1,
          "pos": {
            "x": 12.58,
            "y": -3.31
          }
        },
        {
          "team": 2,
          "pos": {
            "x": -15.07,
            "y": 1.88
          }
        }
      ]
    }
  ]
}