{
  "id": "a7794989-f7b7-4652-b292-a11876b04560",
  "sequences": {
    "set": 2,
    "game": 1,
    "point": 4,
    "serve": 1,
    "rally": 1
  },
  "match": {
    "season": 2025,
    "tournament_id": 9999,
    "draw_code": "MS001",
    "court_id": 1,
    "players": [
      {
        "forename": "Andy",
        "surname": "Bernard",
        "team": 1,
        "external_id": "AB12"
      },
      {
        "forename": "Cedric",
        "surname": "Diggory",
        "team": 2,
        "external_id": "CD34"
      }
    ]
  },
  "shots": [
    {
      "shot_no": 1,
      "team": 2,
      "stroke": "serve",
      "spin": {
        "type": "unknown",
        "rpm": 0.0
      },
      "speed_ms": 63.215,
      "call": "in",
      "distance": -0.051,
      "time_utc": "2025-01-01T11:55:48.313Z",
      "time": 0.0,
      "duration": 0.879
    },
    {
      "shot_no": 2,
      "team": 1,
      "stroke": "unknown",
      "spin": {
        "type": "nospin",
        "rpm": 0.0
      },
      "speed_ms": 10.567,
      "call": "out",
      "distance": null,
      "time_utc": "2025-01-01T11:55:49.193Z",
      "time": 0.88,
      "duration": 1.029
    }
  ],
  "samples": [
    {
      "time": -2.28,
      "players": [
        {
          "team": 1,
          "pos": {
            "x": 12.4,
            "y": -1.06
          }
        },
        {
          "team": 2,
          "pos": {
            "x": -14.75,
            "y": 4.29
          }
        }
      ]
    },
    {
      "time": -2.26,
      "players": [
        {
          "team": 1,
          "pos": {
            "x": 12.39,
            "y": -1.06
          }
        },
        {
          "team": 2,
          "pos": {
            "x": -14.76,
            "y": 4.3
          }
        }
      ]
    },
    {
      "time": -2.24,
      "players": [
        {
          "team": 1,
          "pos": {
            "x": 12.37,
            "y": -1.07
          }
        },
        {
          "team": 2,
          "pos": {
            "x": -14.74,
            "y": 4.3
          }
        }
      ]
    },
    {
      "time": -2.22,
      "players": [
        {
          "team": 1,
          "pos": {
            "x": 12.36,
            "y": -1.06
          }
        },
        {
          "team": 2,
          "pos": {
            "x": -14.75,
            "y": 4.32
          }
        }
      ]
    },
    {
      "time": -2.2,
      "players": [
        {
          "team": 1,
          "pos": {
            "x": 12.35,
            "y": -1.05
          }
        },
        {
          "team": 2,
          "pos": {
            "x": -14.77,
            "y": 4.33
          }
        }
      ]
    },
    {
      "time": -2.18,
      "players": [
        {
          "team": 1,
          "pos": {
            "x": 12.34,
            "y": -1.05
          }
        },
        {
          "team": 2,
          "pos": {
            "x": -14.75,
            "y": 4.33
          }
        }
      ]
    },
    {
      "time": -2.16,
      "players": [
        {
          "team": 1,
          "pos": {
            "x": 12.3,
            "y": -1.02
          }
        },
        {
          "team": 2,
          "pos": {
            "x": -14.78,
            "y": 4.29
          }
        }
      ]
    },
    {
      "time": -2.14,
      "players": [
        {
          "team": 1,
          "pos": {
            "x": 12.31,
            "y": -1.0
          }
        },
        {
          "team": 2,
          "pos": {
            "x": -14.79,
            "y": 4.26
          }
        }
      ]
    },
    {
      "time": -2.12,
      "players": [
        {
          "team": 1,
          "pos": {
            "x": 12.31,
            "y": -1.0
          }
        },
        {
          "team": 2,
          "pos": {
            "x": -14.79,
            "y": 4.25
          }
        }
      ]
    },
    {
      "time": -2.1,
      "players": [
        {
          "team": 1,
          "pos": {
            "x": 12.28,
            "y": -1.0
          }
        },
        {
          "team": 2,
          "pos": {
            "x": -14.78,
            "y": 4.25
          }
        }
      ]
    },
    {
      "time": -2.08,
      "players": [
        {
          "team": 1,
          "pos": {
            "x": 12.2,
            "y": -0.97
          }
        },
        {
          "team": 2,
          "pos": {
            "x": -14.77,
            "y": 4.24
          }
        }
      ]
    },
    {
      "time": -2.06,
      "players": [
        {
          "team": 1,
          "pos": {
            "x": 12.19,
            "y": -0.96
          }
        },
        {
          "team": 2,
          "pos": {
            "x": -14.76,
            "y": 4.23
          }
        }
      ]
    },
    {
      "time": -2.04,
      "players": [
        {
          "team": 1,
          "pos": {
            "x": 12.17,
            "y": -0.95
          }
        },
        {
          "team": 2,
          "pos": {
            "x": -14.79,
            "y": 4.24
          }
        }
      ]
    },
    {
      "time": -2.02,
      "players": [
        {
          "team": 1,
          "pos": {
            "x": 12.15,
            "y": -0.92
          }
        },
        {
          "team": 2,
          "pos": {
            "x": -14.81,
            "y": 4.22
          }
        }
      ]
    },
    {
      "time": -2.0,
      "players": [
        {
          "team": 1,
          "pos": {
            "x": 12.15,
            "y": -0.92
          }
        },
        {
          "team": 2,
          "pos": {
            "x": -14.81,
            "y": 4.2
          }
        }
      ]
    },
    {
      "time": -1.98,
      "players": [
        {
          "team": 1,
          "pos": {
            "x": 12.14,
            "y": -0.92
          }
        },
        {
          "team": 2,
          "pos": {
            "x": -14.8,
            "y": 4.21
          }
        }
      ]
    },
    {
      "time": -1.96,
      "players": [
        {
          "team": 1,
          "pos": {
            "x": 12.11,
            "y": -0.93
          }
        },
        {
          "team": 2,
          "pos": {
            "x": -14.78,
            "y": 4.22
          }
        }
      ]
    },
    {
      "time": -1.94,
      "players": [
        {
          "team": 1,
          "pos": {
            "x": 12.09,
            "y": -0.92
          }
        },
        {
          "team": 2,
          "pos": {
            "x": -14.75,
            "y": 4.23
          }
        }
      ]
    },
    {
      "time": -1.92,
      "players": [
        {
          "team": 1,
          "pos": {
            "x": 12.04,
            "y": -0.9
          }
        },
        {
          "team": 2,
          "pos": {
            "x": -14.72,
            "y": 4.21
          }
        }
      ]
    },
    {
      "time": -1.9,
      "players": [
        {
          "team": 1,
          "pos": {
            "x": 12.0,
            "y": -0.9
          }
        },
        {
          "team": 2,
          "pos": {
            "x": -14.69,
            "y": 4.2
          }
        }
      ]
    },
    {
      "time": -1.88,
      "players": [
        {
          "team": 1,
          "pos": {
            "x": 11.99,
            "y": -0.9
          }
        },
        {
          "team": 2,
          "pos": {
            "x": -14.7,
            "y": 4.2
          }
        }
      ]
    },
    {
      "time": -1.86,
      "players": [
        {
          "team": 1,
          "pos": {
            "x": 11.99,
            "y": -0.89
          }
        },
        {
          "team": 2,
          "pos": {
            "x": -14.68,
            "y": 4.18
          }
        }
      ]
    },
    {
      "time": -1.84,
      "players": [
        {
          "team": 1,
          "pos": {
            "x": 11.99,
            "y": -0.87
          }
        },
        {
          "team": 2,
          "pos": {
            "x": -14.7,
            "y": 4.18
          }
        }
      ]
    },
    {
      "time": -1.82,
      "players": [
        {
          "team": 1,
          "pos": {
            "x": 11.97,
            "y": -0.85
          }
        },
        {
          "team": 2,
          "pos": {
            "x": -14.7,
            "y": 4.19
          }
        }
      ]
    },
    {
      "time": -1.8,
      "players": [
        {
          "team": 1,
          "pos": {
            "x": 12.01,
            "y": -0.85
          }
        },
        {
          "team": 2,
          "pos": {
            "x": -14.7,
            "y": 4.19
          }
        }
      ]
    },
    {
      "time": -1.78,
      "players": [
        {
          "team": 1,
          "pos": {
            "x": 12.05,
            "y": -0.86
          }
        },
        {
          "team": 2,
          "pos": {
            "x": -14.71,
            "y": 4.19
          }
        }
      ]
    },
    {
      "time": -1.76,
      "players": [
        {
          "team": 1,
          "pos": {
            "x": 12.06,
            "y": -0.85
          }
        },
        {
          "team": 2,
          "pos": {
            "x": -14.71,
            "y": 4.21
          }
        }
      ]
    },
    {
      "time": -1.74,
      "players": [
        {
          "team": 1,
          "pos": {
            "x": 12.08,
            "y": -0.85
          }
        },
        {
          "team": 2,
          "pos": {
            "x": -14.8,
            "y": 4.21
          }
        }
      ]
    },
    {
      "time": -1.72,
      "players": [
        {
          "team": 1,
          "pos": {
            "x": 12.07,
            "y": -0.8
          }
        },
        {
          "team": 2,
          "pos": {
            "x": -14.79,
            "y": 4.18
          }
        }
      ]
    },
    {
      "time": -1.7,
      "players": [
        {
          "team": 1,
          "pos": {
            "x": 12.07,
            "y": -0.8
          }
        },
        {
          "team": 2,
          "pos": {
            "x": -14.77,
            "y": 4.17
          }
        }
      ]
    },
    {
      "time": -1.68,
      "players": [
        {
          "team": 1,
          "pos": {
            "x": 12.12,
            "y": -0.78
          }
        },
        {
          "team": 2,
          "pos": {
            "x": -14.75,
            "y": 4.18
          }
        }
      ]
    },
    {
      "time": -1.66,
      "players": [
        {
          "team": 1,
          "pos": {
            "x": 12.18,
            "y": -0.78
          }
        },
        {
          "team": 2,
          "pos": {
            "x": -14.74,
            "y": 4.18
          }
        }
      ]
    },
    {
      "time": -1.64,
      "players": [
        {
          "team": 1,
          "pos": {
            "x": 12.2,
            "y": -0.8
          }
        },
        {
          "team": 2,
          "pos": {
            "x": -14.72,
            "y": 4.17
          }
        }
      ]
    },
    {
      "time": -1.62,
      "players": [
        {
          "team": 1,
          "pos": {
            "x": 12.25,
            "y": -0.81
          }
        },
        {
          "team": 2,
          "pos": {
            "x": -14.71,
            "y": 4.17
          }
        }
      ]
    },
    {
      "time": -1.6,
      "players": [
        {
          "team": 1,
          "pos": {
            "x": 12.25,
            "y": -0.79
          }
        },
        {
          "team": 2,
          "pos": {
            "x": -14.7,
            "y": 4.17
          }
        }
      ]
    },
    {
      "time": -1.58,
      "players": [
        {
          "team": 1,
          "pos": {
            "x": 12.23,
            "y": -0.75
          }
        },
        {
          "team": 2,
          "pos": {
            "x": -14.71,
            "y": 4.16
          }
        }
      ]
    },
    {
      "time": -1.56,
      "players": [
        {
          "team": 1,
          "pos": {
            "x": 12.28,
            "y": -0.73
          }
        },
        {
          "team": 2,
          "pos": {
            "x": -14.76,
            "y": 4.15
          }
        }
      ]
    },
    {
      "time": -1.54,
      "players": [
        {
          "team": 1,
          "pos": {
            "x": 12.25,
            "y": -0.72
          }
        },
        {
          "team": 2,
          "pos": {
            "x": -14.77,
            "y": 4.17
          }
        }
      ]
    },
    {
      "time": -1.52,
      "players": [
        {
          "team": 1,
          "pos": {
            "x": 12.27,
            "y": -0.74
          }
        },
        {
          "team": 2,
          "pos": {
            "x": -14.79,
            "y": 4.17
          }
        }
      ]
    },
    {
      "time": -1.5,
      "players": [
        {
          "team": 1,
          "pos": {
            "x": 12.26,
            "y": -0.74
          }
        },
        {
          "team": 2,
          "pos": {
            "x": -14.82,
            "y": 4.18
          }
        }
      ]
    },
    {
      "time": -1.48,
      "players": [
        {
          "team": 1,
          "pos": {
            "x": 12.25,
            "y": -0.71
          }
        },
        {
          "team": 2,
          "pos": {
            "x": -14.84,
            "y": 4.18
          }
        }
      ]
    },
    {
      "time": -1.46,
      "players": [
        {
          "team": 1,
          "pos": {
            "x": 12.27,
            "y": -0.66
          }
        },
        {
          "team": 2,
          "pos": {
            "x": -14.87,
            "y": 4.19
          }
        }
      ]
    },
    {
      "time": -1.44,
      "players": [
        {
          "team": 1,
          "pos": {
            "x": 12.3,
            "y": -0.61
          }
        },
        {
          "team": 2,
          "pos": {
            "x": -14.89,
            "y": 4.19
          }
        }
      ]
    },
    {
      "time": -1.42,
      "players": [
        {
          "team": 1,
          "pos": {
            "x": 12.28,
            "y": -0.58
          }
        },
        {
          "team": 2,
          "pos": {
            "x": -14.92,
            "y": 4.2
          }
        }
      ]
    },
    {
      "time": -1.4,
      "players": [
        {
          "team": 1,
          "pos": {
            "x": 12.27,
            "y": -0.54
          }
        },
        {
          "team": 2,
          "pos": {
            "x": -14.95,
            "y": 4.2
          }
        }
      ]
    },
    {
      "time": -1.38,
      "players": [
        {
          "team": 1,
          "pos": {
            "x": 12.26,
            "y": -0.57
          }
        },
        {
          "team": 2,
          "pos": {
            "x": -14.97,
            "y": 4.21
          }
        }
      ]
    },
    {
      "time": -1.36,
      "players": [
        {
          "team": 1,
          "pos": {
            "x": 12.24,
            "y": -0.54
          }
        },
        {
          "team": 2,
          "pos": {
            "x": -14.99,
            "y": 4.21
          }
        }
      ]
    },
    {
      "time": -1.34,
      "players": [
        {
          "team": 1,
          "pos": {
            "x": 12.25,
            "y": -0.5
          }
        },
        {
          "team": 2,
          "pos": {
            "x": -15.02,
            "y": 4.22
          }
        }
      ]
    },
    {
      "time": -1.32,
      "players": [
        {
          "team": 1,
          "pos": {
            "x": 12.23,
            "y": -0.51
          }
        },
        {
          "team": 2,
          "pos": {
            "x": -15.05,
            "y": 4.22
          }
        }
      ]
    },
    {
      "time": -1.3,
      "players": [
        {
          "team": 1,
          "pos": {
            "x": 12.24,
            "y": -0.48
          }
        },
        {
          "team": 2,
          "pos": {
            "x": -15.07,
            "y": 4.23
          }
        }
      ]
    },
    {
      "time": -1.28,
      "players": [
        {
          "team": 1,
          "pos": {
            "x": 12.21,
            "y": -0.47
          }
        },
        {
          "team": 2,
          "pos": {
            "x": -15.1,
            "y": 4.23
          }
        }
      ]
    },
    {
      "time": -1.26,
      "players": [
        {
          "team": 1,
          "pos": {
            "x": 12.24,
            "y": -0.44
          }
        },
        {
          "team": 2,
          "pos": {
            "x": -15.12,
            "y": 4.24
          }
        }
      ]
    },
    {
      "time": -1.24,
      "players": [
        {
          "team": 1,
          "pos": {
            "x": 12.27,
            "y": -0.51
          }
        },
        {
          "team": 2,
          "pos": {
            "x": -15.15,
            "y": 4.24
          }
        }
      ]
    },
    {
      "time": -1.22,
      "players": [
        {
          "team": 1,
          "pos": {
            "x": 12.27,
            "y": -0.48
          }
        },
        {
          "team": 2,
          "pos": {
            "x": -15.17,
            "y": 4.25
          }
        }
      ]
    },
    {
      "time": -1.2,
      "players": [
        {
          "team": 1,
          "pos": {
            "x": 12.31,
            "y": -0.51
          }
        },
        {
          "team": 2,
          "pos": {
            "x": -15.2,
            "y": 4.25
          }
        }
      ]
    },
    {
      "time": -1.18,
      "players": [
        {
          "team": 1,
          "pos": {
            "x": 12.3,
            "y": -0.54
          }
        },
        {
          "team": 2,
          "pos": {
            "x": -15.22,
            "y": 4.26
          }
        }
      ]
    },
    {
      "time": -1.16,
      "players": [
        {
          "team": 1,
          "pos": {
            "x": 12.32,
            "y": -0.5
          }
        },
        {
          "team": 2,
          "pos": {
            "x": -15.25,
            "y": 4.26
          }
        }
      ]
    },
    {
      "time": -1.14,
      "players": [
        {
          "team": 1,
          "pos": {
            "x": 12.29,
            "y": -0.48
          }
        },
        {
          "team": 2,
          "pos": {
            "x": -15.27,
            "y": 4.27
          }
        }
      ]
    },
    {
      "time": -1.12,
      "players": [
        {
          "team": 1,
          "pos": {
            "x": 12.31,
            "y": -0.46
          }
        },
        {
          "team": 2,
          "pos": {
            "x": -15.29,
            "y": 4.27
          }
        }
      ]
    },
    {
      "time": -1.1,
      "players": [
        {
          "team": 1,
          "pos": {
            "x": 12.31,
            "y": -0.45
          }
        },
        {
          "team": 2,
          "pos": {
            "x": -15.29,
            "y": 4.27
          }
        }
      ]
    },
    {
      "time": -1.08,
      "players": [
        {
          "team": 1,
          "pos": {
            "x": 12.28,
            "y": -0.41
          }
        },
        {
          "team": 2,
          "pos": {
            "x": -15.29,
            "y": 4.27
          }
        }
      ]
    },
    {
      "time": -1.06,
      "players": [
        {
          "team": 1,
          "pos": {
            "x": 12.3,
            "y": -0.37
          }
        },
        {
          "team": 2,
          "pos": {
            "x": -15.28,
            "y": 4.26
          }
        }
      ]
    },
    {
      "time": -1.04,
      "players": [
        {
          "team": 1,
          "pos": {
            "x": 12.31,
            "y": -0.38
          }
        },
        {
          "team": 2,
          "pos": {
            "x": -15.26,
            "y": 4.26
          }
        }
      ]
    },
    {
      "time": -1.02,
      "players": [
        {
          "team": 1,
          "pos": {
            "x": 12.33,
            "y": -0.38
          }
        },
        {
          "team": 2,
          "pos": {
            "x": -15.24,
            "y": 4.25
          }
        }
      ]
    },
    {
      "time": -1.0,
      "players": [
        {
          "team": 1,
          "pos": {
            "x": 12.32,
            "y": -0.36
          }
        },
        {
          "team": 2,
          "pos": {
            "x": -15.21,
            "y": 4.25
          }
        }
      ]
    },
    {
      "time": -0.98,
      "players": [
        {
          "team": 1,
          "pos": {
            "x": 12.32,
            "y": -0.34
          }
        },
        {
          "team": 2,
          "pos": {
            "x": -15.18,
            "y": 4.23
          }
        }
      ]
    },
    {
      "time": -0.96,
      "players": [
        {
          "team": 1,
          "pos": {
            "x": 12.34,
            "y": -0.33
          }
        },
        {
          "team": 2,
          "pos": {
            "x": -15.18,
            "y": 4.25
          }
        }
      ]
    },
    {
      "time": -0.94,
      "players": [
        {
          "team": 1,
          "pos": {
            "x": 12.38,
            "y": -0.39
          }
        },
        {
          "team": 2,
          "pos": {
            "x": -15.13,
            "y": 4.25
          }
        }
      ]
    },
    {
      "time": -0.92,
      "players": [
        {
          "team": 1,
          "pos": {
            "x": 12.39,
            "y": -0.46
          }
        },
        {
          "team": 2,
          "pos": {
            "x": -15.09,
            "y": 4.26
          }
        }
      ]
    },
    {
      "time": -0.9,
      "players": [
        {
          "team": 1,
          "pos": {
            "x": 12.41,
            "y": -0.5
          }
        },
        {
          "team": 2,
          "pos": {
            "x": -15.06,
            "y": 4.25
          }
        }
      ]
    },
    {
      "time": -0.88,
      "players": [
        {
          "team": 1,
          "pos": {
            "x": 12.4,
            "y": -0.5
          }
        },
        {
          "team": 2,
          "pos": {
            "x": -14.99,
            "y": 4.27
          }
        }
      ]
    },
    {
      "time": -0.86,
      "players": [
        {
          "team": 1,
          "pos": {
            "x": 12.41,
            "y": -0.58
          }
        },
        {
          "team": 2,
          "pos": {
            "x": -14.93,
            "y": 4.27
          }
        }
      ]
    },
    {
      "time": -0.84,
      "players": [
        {
          "team": 1,
          "pos": {
            "x": 12.41,
            "y": -0.64
          }
        },
        {
          "team": 2,
          "pos": {
            "x": -14.86,
            "y": 4.28
          }
        }
      ]
    },
    {
      "time": -0.82,
      "players": [
        {
          "team": 1,
          "pos": {
            "x": 12.44,
            "y": -0.68
          }
        },
        {
          "team": 2,
          "pos": {
            "x": -14.83,
            "y": 4.27
          }
        }
      ]
    },
    {
      "time": -0.8,
      "players": [
        {
          "team": 1,
          "pos": {
            "x": 12.44,
            "y": -0.73
          }
        },
        {
          "team": 2,
          "pos": {
            "x": -14.82,
            "y": 4.28
          }
        }
      ]
    },
    {
      "time": -0.78,
      "players": [
        {
          "team": 1,
          "pos": {
            "x": 12.43,
            "y": -0.78
          }
        },
        {
          "team": 2,
          "pos": {
            "x": -14.78,
            "y": 4.26
          }
        }
      ]
    },
    {
      "time": -0.76,
      "players": [
        {
          "team": 1,
          "pos": {
            "x": 12.42,
            "y": -0.8
          }
        },
        {
          "team": 2,
          "pos": {
            "x": -14.73,
            "y": 4.28
          }
        }
      ]
    },
    {
      "time": -0.74,
      "players": [
        {
          "team": 1,
          "pos": {
            "x": 12.41,
            "y": -0.77
          }
        },
        {
          "team": 2,
          "pos": {
            "x": -14.73,
            "y": 4.3
          }
        }
      ]
    },
    {
      "time": -0.728,
      "ball": {
        "pos": {
          "x": 11.626,
          "y": -1.195,
          "z": 1.953
        }
      },
      "players": [
        {
          "team": 1,
          "pos": {
            "x": 12.47,
            "y": -0.72
          }
        },
        {
          "team": 2,
          "pos": {
            "x": -14.71,
            "y": 4.29
          }
        }
      ]
    },
    {
      "time": -0.72,
      "ball": {
        "pos": {
          "x": 11.622,
          "y": -1.19,
          "z": 1.991
        }
      },
      "players": [
        {
          "team": 1,
          "pos": {
            "x": 12.46,
            "y": -0.73
          }
        },
        {
          "team": 2,
          "pos": {
            "x": -14.72,
            "y": 4.3
          }
        }
      ]
    },
    {
      "time": -0.7,
      "ball": {
        "pos": {
          "x": 11.612,
          "y": -1.177,
          "z": 2.088
        }
      },
      "players": [
        {
          "team": 1,
          "pos": {
            "x": 12.46,
            "y": -0.69
          }
        },
        {
          "team": 2,
          "pos": {
            "x": -14.68,
            "y": 4.28
          }
        }
      ]
    },
    {
      "time": -0.68,
      "ball": {
        "pos": {
          "x": 11.601,
          "y": -1.164,
          "z": 2.181
        }
      },
      "players": [
        {
          "team": 1,
          "pos": {
            "x": 12.46,
            "y": -0.66
          }
        },
        {
          "team": 2,
          "pos": {
            "x": -14.67,
            "y": 4.24
          }
        }
      ]
    },
    {
      "time": -0.66,
      "ball": {
        "pos": {
          "x": 11.591,
          "y": -1.151,
          "z": 2.27
        }
      },
      "players": [
        {
          "team": 1,
          "pos": {
            "x": 12.44,
            "y": -0.69
          }
        },
        {
          "team": 2,
          "pos": {
            "x": -14.64,
            "y": 4.23
          }
        }
      ]
    },
    {
      "time": -0.64,
      "ball": {
        "pos": {
          "x": 11.58,
          "y": -1.138,
          "z": 2.355
        }
      },
      "players": [
        {
          "team": 1,
          "pos": {
            "x": 12.41,
            "y": -0.65
          }
        },
        {
          "team": 2,
          "pos": {
            "x": -14.61,
            "y": 4.21
          }
        }
      ]
    },
    {
      "time": -0.62,
      "ball": {
        "pos": {
          "x": 11.569,
          "y": -1.125,
          "z": 2.437
        }
      },
      "players": [
        {
          "team": 1,
          "pos": {
            "x": 12.43,
            "y": -0.66
          }
        },
        {
          "team": 2,
          "pos": {
            "x": -14.61,
            "y": 4.2
          }
        }
      ]
    },
    {
      "time": -0.6,
      "ball": {
        "pos": {
          "x": 11.559,
          "y": -1.112,
          "z": 2.514
        }
      },
      "players": [
        {
          "team": 1,
          "pos": {
            "x": 12.45,
            "y": -0.68
          }
        },
        {
          "team": 2,
          "pos": {
            "x": -14.62,
            "y": 4.2
          }
        }
      ]
    },
    {
      "time": -0.58,
      "ball": {
        "pos": {
          "x": 11.548,
          "y": -1.099,
          "z": 2.587
        }
      },
      "players": [
        {
          "team": 1,
          "pos": {
            "x": 12.44,
            "y": -0.7
          }
        },
        {
          "team": 2,
          "pos": {
            "x": -14.61,
            "y": 4.19
          }
        }
      ]
    },
    {
      "time": -0.56,
      "ball": {
        "pos": {
          "x": 11.538,
          "y": -1.087,
          "z": 2.656
        }
      },
      "players": [
        {
          "team": 1,
          "pos": {
            "x": 12.46,
            "y": -0.68
          }
        },
        {
          "team": 2,
          "pos": {
            "x": -14.61,
            "y": 4.18
          }
        }
      ]
    },
    {
      "time": -0.54,
      "ball": {
        "pos": {
          "x": 11.527,
          "y": -1.074,
          "z": 2.722
        }
      },
      "players": [
        {
          "team": 1,
          "pos": {
            "x": 12.44,
            "y": -0.7
          }
        },
        {
          "team": 2,
          "pos": {
            "x": -14.61,
            "y": 4.18
          }
        }
      ]
    },
    {
      "time": -0.52,
      "ball": {
        "pos": {
          "x": 11.517,
          "y": -1.061,
          "z": 2.783
        }
      },
      "players": [
        {
          "team": 1,
          "pos": {
            "x": 12.4,
            "y": -0.67
          }
        },
        {
          "team": 2,
          "pos": {
            "x": -14.61,
            "y": 4.19
          }
        }
      ]
    },
    {
      "time": -0.5,
      "ball": {
        "pos": {
          "x": 11.506,
          "y": -1.048,
          "z": 2.84
        }
      },
      "players": [
        {
          "team": 1,
          "pos": {
            "x": 12.35,
            "y": -0.69
          }
        },
        {
          "team": 2,
          "pos": {
            "x": -14.61,
            "y": 4.18
          }
        }
      ]
    },
    {
      "time": -0.48,
      "ball": {
        "pos": {
          "x": 11.495,
          "y": -1.035,
          "z": 2.894
        }
      },
      "players": [
        {
          "team": 1,
          "pos": {
            "x": 12.31,
            "y": -0.72
          }
        },
        {
          "team": 2,
          "pos": {
            "x": -14.62,
            "y": 4.16
          }
        }
      ]
    },
    {
      "time": -0.46,
      "ball": {
        "pos": {
          "x": 11.484,
          "y": -1.023,
          "z": 2.943
        }
      },
      "players": [
        {
          "team": 1,
          "pos": {
            "x": 12.3,
            "y": -0.79
          }
        },
        {
          "team": 2,
          "pos": {
            "x": -14.63,
            "y": 4.14
          }
        }
      ]
    },
    {
      "time": -0.44,
      "ball": {
        "pos": {
          "x": 11.474,
          "y": -1.01,
          "z": 2.988
        }
      },
      "players": [
        {
          "team": 1,
          "pos": {
            "x": 12.29,
            "y": -0.83
          }
        },
        {
          "team": 2,
          "pos": {
            "x": -14.66,
            "y": 4.11
          }
        }
      ]
    },
    {
      "time": -0.42,
      "ball": {
        "pos": {
          "x": 11.463,
          "y": -0.997,
          "z": 3.03
        }
      },
      "players": [
        {
          "team": 1,
          "pos": {
            "x": 12.3,
            "y": -0.9
          }
        },
        {
          "team": 2,
          "pos": {
            "x": -14.65,
            "y": 4.07
          }
        }
      ]
    },
    {
      "time": -0.4,
      "ball": {
        "pos": {
          "x": 11.452,
          "y": -0.984,
          "z": 3.067
        }
      },
      "players": [
        {
          "team": 1,
          "pos": {
            "x": 12.28,
            "y": -0.96
          }
        },
        {
          "team": 2,
          "pos": {
            "x": -14.64,
            "y": 4.04
          }
        }
      ]
    },
    {
      "time": -0.38,
      "ball": {
        "pos": {
          "x": 11.441,
          "y": -0.971,
          "z": 3.101
        }
      },
      "players": [
        {
          "team": 1,
          "pos": {
            "x": 12.27,
            "y": -1.03
          }
        },
        {
          "team": 2,
          "pos": {
            "x": -14.62,
            "y": 4.02
          }
        }
      ]
    },
    {
      "time": -0.36,
      "ball": {
        "pos": {
          "x": 11.43,
          "y": -0.958,
          "z": 3.13
        }
      },
      "players": [
        {
          "team": 1,
          "pos": {
            "x": 12.24,
            "y": -1.02
          }
        },
        {
          "team": 2,
          "pos": {
            "x": -14.65,
            "y": 4.0
          }
        }
      ]
    },
    {
      "time": -0.34,
      "ball": {
        "pos": {
          "x": 11.419,
          "y": -0.946,
          "z": 3.156
        }
      },
      "players": [
        {
          "team": 1,
          "pos": {
            "x": 12.21,
            "y": -0.96
          }
        },
        {
          "team": 2,
          "pos": {
            "x": -14.73,
            "y": 4.03
          }
        }
      ]
    },
    {
      "time": -0.32,
      "ball": {
        "pos": {
          "x": 11.408,
          "y": -0.933,
          "z": 3.178
        }
      },
      "players": [
        {
          "team": 1,
          "pos": {
            "x": 12.18,
            "y": -0.92
          }
        },
        {
          "team": 2,
          "pos": {
            "x": -14.7,
            "y": 4.01
          }
        }
      ]
    },
    {
      "time": -0.3,
      "ball": {
        "pos": {
          "x": 11.397,
          "y": -0.92,
          "z": 3.195
        }
      },
      "players": [
        {
          "team": 1,
          "pos": {
            "x": 12.13,
            "y": -0.89
          }
        },
        {
          "team": 2,
          "pos": {
            "x": -14.68,
            "y": 3.98
          }
        }
      ]
    },
    {
      "time": -0.28,
      "ball": {
        "pos": {
          "x": 11.386,
          "y": -0.906,
          "z": 3.209
        }
      },
      "players": [
        {
          "team": 1,
          "pos": {
            "x": 12.12,
            "y": -0.85
          }
        },
        {
          "team": 2,
          "pos": {
            "x": -14.65,
            "y": 3.96
          }
        }
      ]
    },
    {
      "time": -0.26,
      "ball": {
        "pos": {
          "x": 11.375,
          "y": -0.893,
          "z": 3.218
        }
      },
      "players": [
        {
          "team": 1,
          "pos": {
            "x": 12.13,
            "y": -0.81
          }
        },
        {
          "team": 2,
          "pos": {
            "x": -14.63,
            "y": 3.94
          }
        }
      ]
    },
    {
      "time": -0.24,
      "ball": {
        "pos": {
          "x": 11.363,
          "y": -0.88,
          "z": 3.224
        }
      },
      "players": [
        {
          "team": 1,
          "pos": {
            "x": 12.14,
            "y": -0.79
          }
        },
        {
          "team": 2,
          "pos": {
            "x": -14.61,
            "y": 3.94
          }
        }
      ]
    },
    {
      "time": -0.222,
      "ball": {
        "pos": {
          "x": 11.353,
          "y": -0.868,
          "z": 3.226
        }
      },
      "players": [
        {
          "team": 1,
          "pos": {
            "x": 12.11,
            "y": -0.8
          }
        },
        {
          "team": 2,
          "pos": {
            "x": -14.63,
            "y": 3.85
          }
        }
      ]
    },
    {
      "time": -0.22,
      "ball": {
        "pos": {
          "x": 11.352,
          "y": -0.867,
          "z": 3.226
        }
      },
      "players": [
        {
          "team": 1,
          "pos": {
            "x": 12.15,
            "y": -0.79
          }
        },
        {
          "team": 2,
          "pos": {
            "x": -14.63,
            "y": 3.88
          }
        }
      ]
    },
    {
      "time": -0.2,
      "ball": {
        "pos": {
          "x": 11.34,
          "y": -0.854,
          "z": 3.223
        }
      },
      "players": [
        {
          "team": 1,
          "pos": {
            "x": 12.11,
            "y": -0.77
          }
        },
        {
          "team": 2,
          "pos": {
            "x": -14.64,
            "y": 3.83
          }
        }
      ]
    },
    {
      "time": -0.18,
      "ball": {
        "pos": {
          "x": 11.329,
          "y": -0.84,
          "z": 3.217
        }
      },
      "players": [
        {
          "team": 1,
          "pos": {
            "x": 12.13,
            "y": -0.77
          }
        },
        {
          "team": 2,
          "pos": {
            "x": -14.64,
            "y": 3.79
          }
        }
      ]
    },
    {
      "time": -0.16,
      "ball": {
        "pos": {
          "x": 11.317,
          "y": -0.827,
          "z": 3.207
        }
      },
      "players": [
        {
          "team": 1,
          "pos": {
            "x": 12.08,
            "y": -0.74
          }
        },
        {
          "team": 2,
          "pos": {
            "x": -14.65,
            "y": 3.82
          }
        }
      ]
    },
    {
      "time": -0.14,
      "ball": {
        "pos": {
          "x": 11.306,
          "y": -0.813,
          "z": 3.193
        }
      },
      "players": [
        {
          "team": 1,
          "pos": {
            "x": 12.08,
            "y": -0.73
          }
        },
        {
          "team": 2,
          "pos": {
            "x": -14.67,
            "y": 3.87
          }
        }
      ]
    },
    {
      "time": -0.12,
      "ball": {
        "pos": {
          "x": 11.294,
          "y": -0.799,
          "z": 3.174
        }
      },
      "players": [
        {
          "team": 1,
          "pos": {
            "x": 12.05,
            "y": -0.73
          }
        },
        {
          "team": 2,
          "pos": {
            "x": -14.67,
            "y": 3.91
          }
        }
      ]
    },
    {
      "time": -0.1,
      "ball": {
        "pos": {
          "x": 11.282,
          "y": -0.786,
          "z": 3.152
        }
      },
      "players": [
        {
          "team": 1,
          "pos": {
            "x": 12.0,
            "y": -0.72
          }
        },
        {
          "team": 2,
          "pos": {
            "x": -14.67,
            "y": 3.94
          }
        }
      ]
    },
    {
      "time": -0.08,
      "ball": {
        "pos": {
          "x": 11.27,
          "y": -0.772,
          "z": 3.126
        }
      },
      "players": [
        {
          "team": 1,
          "pos": {
            "x": 11.96,
            "y": -0.77
          }
        },
        {
          "team": 2,
          "pos": {
            "x": -14.66,
            "y": 3.9
          }
        }
      ]
    },
    {
      "time": -0.06,
      "ball": {
        "pos": {
          "x": 11.258,
          "y": -0.758,
          "z": 3.096
        }
      },
      "players": [
        {
          "team": 1,
          "pos": {
            "x": 11.91,
            "y": -0.75
          }
        },
        {
          "team": 2,
          "pos": {
            "x": -14.64,
            "y": 3.85
          }
        }
      ]
    },
    {
      "time": -0.04,
      "ball": {
        "pos": {
          "x": 11.246,
          "y": -0.743,
          "z": 3.061
        }
      },
      "players": [
        {
          "team": 1,
          "pos": {
            "x": 11.86,
            "y": -0.81
          }
        },
        {
          "team": 2,
          "pos": {
            "x": -14.63,
            "y": 3.89
          }
        }
      ]
    },
    {
      "time": -0.02,
      "ball": {
        "pos": {
          "x": 11.234,
          "y": -0.729,
          "z": 3.023
        }
      },
      "players": [
        {
          "team": 1,
          "pos": {
            "x": 11.8,
            "y": -0.86
          }
        },
        {
          "team": 2,
          "pos": {
            "x": -14.64,
            "y": 3.92
          }
        }
      ]
    },
    {
      "time": 0.0,
      "event": "hit",
      "ball": {
        "pos": {
          "x": 11.222,
          "y": -0.715,
          "z": 2.981
        }
      },
      "players": [
        {
          "team": 1,
          "pos": {
            "x": 11.74,
            "y": -0.89
          }
        },
        {
          "team": 2,
          "pos": {
            "x": -14.6,
            "y": 3.95
          }
        }
      ]
    },
    {
      "time": 0.02,
      "ball": {
        "pos": {
          "x": 9.986,
          "y": -0.668,
          "z": 2.799
        }
      },
      "players": [
        {
          "team": 1,
          "pos": {
            "x": 11.7,
            "y": -0.96
          }
        },
        {
          "team": 2,
          "pos": {
            "x": -14.54,
            "y": 3.97
          }
        }
      ]
    },
    {
      "time": 0.04,
      "ball": {
        "pos": {
          "x": 8.779,
          "y": -0.622,
          "z": 2.618
        }
      },
      "players": [
        {
          "team": 1,
          "pos": {
            "x": 11.63,
            "y": -1.0
          }
        },
        {
          "team": 2,
          "pos": {
            "x": -14.5,
            "y": 3.98
          }
        }
      ]
    },
    {
      "time": 0.06,
      "ball": {
        "pos": {
          "x": 7.601,
          "y": -0.577,
          "z": 2.438
        }
      },
      "players": [
        {
          "team": 1,
          "pos": {
            "x": 11.59,
            "y": -1.02
          }
        },
        {
          "team": 2,
          "pos": {
            "x": -14.46,
            "y": 4.01
          }
        }
      ]
    },
    {
      "time": 0.08,
      "ball": {
        "pos": {
          "x": 6.449,
          "y": -0.532,
          "z": 2.257
        }
      },
      "players": [
        {
          "team": 1,
          "pos": {
            "x": 11.47,
            "y": -1.0
          }
        },
        {
          "team": 2,
          "pos": {
            "x": -14.46,
            "y": 4.03
          }
        }
      ]
    },
    {
      "time": 0.1,
      "ball": {
        "pos": {
          "x": 5.324,
          "y": -0.488,
          "z": 2.077
        }
      },
      "players": [
        {
          "team": 1,
          "pos": {
            "x": 11.41,
            "y": -1.02
          }
        },
        {
          "team": 2,
          "pos": {
            "x": -14.48,
            "y": 4.04
          }
        }
      ]
    },
    {
      "time": 0.12,
      "ball": {
        "pos": {
          "x": 4.226,
          "y": -0.444,
          "z": 1.896
        }
      },
      "players": [
        {
          "team": 1,
          "pos": {
            "x": 11.41,
            "y": -1.0
          }
        },
        {
          "team": 2,
          "pos": {
            "x": -14.52,
            "y": 4.02
          }
        }
      ]
    },
    {
      "time": 0.14,
      "ball": {
        "pos": {
          "x": 3.152,
          "y": -0.4,
          "z": 1.715
        }
      },
      "players": [
        {
          "team": 1,
          "pos": {
            "x": 11.35,
            "y": -1.02
          }
        },
        {
          "team": 2,
          "pos": {
            "x": -14.56,
            "y": 4.01
          }
        }
      ]
    },
    {
      "time": 0.16,
      "ball": {
        "pos": {
          "x": 2.103,
          "y": -0.356,
          "z": 1.534
        }
      },
      "players": [
        {
          "team": 1,
          "pos": {
            "x": 11.29,
            "y": -1.01
          }
        },
        {
          "team": 2,
          "pos": {
            "x": -14.59,
            "y": 4.0
          }
        }
      ]
    },
    {
      "time": 0.18,
      "ball": {
        "pos": {
          "x": 1.077,
          "y": -0.313,
          "z": 1.351
        }
      },
      "players": [
        {
          "team": 1,
          "pos": {
            "x": 11.23,
            "y": -1.02
          }
        },
        {
          "team": 2,
          "pos": {
            "x": -14.62,
            "y": 3.98
          }
        }
      ]
    },
    {
      "time": 0.2,
      "ball": {
        "pos": {
          "x": 0.075,
          "y": -0.269,
          "z": 1.168
        }
      },
      "players": [
        {
          "team": 1,
          "pos": {
            "x": 11.2,
            "y": -1.05
          }
        },
        {
          "team": 2,
          "pos": {
            "x": -14.64,
            "y": 3.96
          }
        }
      ]
    },
    {
      "time": 0.202,
      "ball": {
        "pos": {
          "x": 0.0,
          "y": -0.266,
          "z": 1.154
        }
      },
      "players": [
        {
          "team": 1,
          "pos": {
            "x": 11.18,
            "y": -1.05
          }
        },
        {
          "team": 2,
          "pos": {
            "x": -14.66,
            "y": 3.95
          }
        }
      ]
    },
    {
      "time": 0.22,
      "ball": {
        "pos": {
          "x": -0.905,
          "y": -0.226,
          "z": 0.984
        }
      },
      "players": [
        {
          "team": 1,
          "pos": {
            "x": 11.18,
            "y": -1.05
          }
        },
        {
          "team": 2,
          "pos": {
            "x": -14.67,
            "y": 3.95
          }
        }
      ]
    },
    {
      "time": 0.24,
      "ball": {
        "pos": {
          "x": -1.864,
          "y": -0.182,
          "z": 0.798
        }
      },
      "players": [
        {
          "team": 1,
          "pos": {
            "x": 11.14,
            "y": -1.03
          }
        },
        {
          "team": 2,
          "pos": {
            "x": -14.68,
            "y": 3.94
          }
        }
      ]
    },
    {
      "time": 0.26,
      "ball": {
        "pos": {
          "x": -2.801,
          "y": -0.139,
          "z": 0.61
        }
      },
      "players": [
        {
          "team": 1,
          "pos": {
            "x": 11.14,
            "y": -1.04
          }
        },
        {
          "team": 2,
          "pos": {
            "x": -14.68,
            "y": 3.94
          }
        }
      ]
    },
    {
      "time": 0.28,
      "ball": {
        "pos": {
          "x": -3.719,
          "y": -0.095,
          "z": 0.421
        }
      },
      "players": [
        {
          "team": 1,
          "pos": {
            "x": 11.11,
            "y": -1.01
          }
        },
        {
          "team": 2,
          "pos": {
            "x": -14.67,
            "y": 3.95
          }
        }
      ]
    },
    {
      "time": 0.3,
      "ball": {
        "pos": {
          "x": -4.617,
          "y": -0.051,
          "z": 0.23
        }
      },
      "players": [
        {
          "team": 1,
          "pos": {
            "x": 11.13,
            "y": -0.97
          }
        },
        {
          "team": 2,
          "pos": {
            "x": -14.65,
            "y": 3.97
          }
        }
      ]
    },
    {
      "time": 0.319,
      "event": "bounce",
      "ball": {
        "pos": {
          "x": -5.452,
          "y": -0.009,
          "z": 0.047
        }
      },
      "players": [
        {
          "team": 1,
          "pos": {
            "x": 11.18,
            "y": -0.93
          }
        },
        {
          "team": 2,
          "pos": {
            "x": -14.63,
            "y": 3.98
          }
        }
      ]
    },
    {
      "time": 0.32,
      "ball": {
        "pos": {
          "x": -5.488,
          "y": -0.007,
          "z": 0.037
        }
      },
      "players": [
        {
          "team": 1,
          "pos": {
            "x": 11.18,
            "y": -0.94
          }
        },
        {
          "team": 2,
          "pos": {
            "x": -14.63,
            "y": 3.98
          }
        }
      ]
    },
    {
      "time": 0.34,
      "ball": {
        "pos": {
          "x": -6.108,
          "y": 0.021,
          "z": 0.16
        }
      },
      "players": [
        {
          "team": 1,
          "pos": {
            "x": 11.18,
            "y": -0.92
          }
        },
        {
          "team": 2,
          "pos": {
            "x": -14.62,
            "y": 3.98
          }
        }
      ]
    },
    {
      "time": 0.36,
      "ball": {
        "pos": {
          "x": -6.689,
          "y": 0.046,
          "z": 0.299
        }
      },
      "players": [
        {
          "team": 1,
          "pos": {
            "x": 11.18,
            "y": -0.9
          }
        },
        {
          "team": 2,
          "pos": {
            "x": -14.59,
            "y": 3.99
          }
        }
      ]
    },
    {
      "time": 0.38,
      "ball": {
        "pos": {
          "x": -7.262,
          "y": 0.071,
          "z": 0.427
        }
      },
      "players": [
        {
          "team": 1,
          "pos": {
            "x": 11.19,
            "y": -0.87
          }
        },
        {
          "team": 2,
          "pos": {
            "x": -14.57,
            "y": 4.0
          }
        }
      ]
    },
    {
      "time": 0.4,
      "ball": {
        "pos": {
          "x": -7.826,
          "y": 0.097,
          "z": 0.545
        }
      },
      "players": [
        {
          "team": 1,
          "pos": {
            "x": 11.19,
            "y": -0.83
          }
        },
        {
          "team": 2,
          "pos": {
            "x": -14.56,
            "y": 4.0
          }
        }
      ]
    },
    {
      "time": 0.42,
      "ball": {
        "pos": {
          "x": -8.382,
          "y": 0.122,
          "z": 0.653
        }
      },
      "players": [
        {
          "team": 1,
          "pos": {
            "x": 11.17,
            "y": -0.84
          }
        },
        {
          "team": 2,
          "pos": {
            "x": -14.57,
            "y": 4.0
          }
        }
      ]
    },
    {
      "time": 0.44,
      "ball": {
        "pos": {
          "x": -8.931,
          "y": 0.148,
          "z": 0.752
        }
      },
      "players": [
        {
          "team": 1,
          "pos": {
            "x": 11.14,
            "y": -0.8
          }
        },
        {
          "team": 2,
          "pos": {
            "x": -14.54,
            "y": 4.01
          }
        }
      ]
    },
    {
      "time": 0.46,
      "ball": {
        "pos": {
          "x": -9.471,
          "y": 0.174,
          "z": 0.842
        }
      },
      "players": [
        {
          "team": 1,
          "pos": {
            "x": 11.11,
            "y": -0.79
          }
        },
        {
          "team": 2,
          "pos": {
            "x": -14.52,
            "y": 3.96
          }
        }
      ]
    },
    {
      "time": 0.48,
      "ball": {
        "pos": {
          "x": -10.004,
          "y": 0.2,
          "z": 0.923
        }
      },
      "players": [
        {
          "team": 1,
          "pos": {
            "x": 11.11,
            "y": -0.77
          }
        },
        {
          "team": 2,
          "pos": {
            "x": -14.48,
            "y": 3.93
          }
        }
      ]
    },
    {
      "time": 0.5,
      "ball": {
        "pos": {
          "x": -10.53,
          "y": 0.226,
          "z": 0.995
        }
      },
      "players": [
        {
          "team": 1,
          "pos": {
            "x": 11.1,
            "y": -0.75
          }
        },
        {
          "team": 2,
          "pos": {
            "x": -14.46,
            "y": 3.9
          }
        }
      ]
    },
    {
      "time": 0.52,
      "ball": {
        "pos": {
          "x": -11.048,
          "y": 0.252,
          "z": 1.058
        }
      },
      "players": [
        {
          "team": 1,
          "pos": {
            "x": 11.06,
            "y": -0.74
          }
        },
        {
          "team": 2,
          "pos": {
            "x": -14.44,
            "y": 3.87
          }
        }
      ]
    },
    {
      "time": 0.54,
      "ball": {
        "pos": {
          "x": -11.559,
          "y": 0.278,
          "z": 1.113
        }
      },
      "players": [
        {
          "team": 1,
          "pos": {
            "x": 11.07,
            "y": -0.71
          }
        },
        {
          "team": 2,
          "pos": {
            "x": -14.42,
            "y": 3.88
          }
        }
      ]
    },
    {
      "time": 0.56,
      "ball": {
        "pos": {
          "x": -12.064,
          "y": 0.305,
          "z": 1.16
        }
      },
      "players": [
        {
          "team": 1,
          "pos": {
            "x": 11.06,
            "y": -0.72
          }
        },
        {
          "team": 2,
          "pos": {
            "x": -14.4,
            "y": 3.88
          }
        }
      ]
    },
    {
      "time": 0.58,
      "ball": {
        "pos": {
          "x": -12.562,
          "y": 0.332,
          "z": 1.198
        }
      },
      "players": [
        {
          "team": 1,
          "pos": {
            "x": 11.05,
            "y": -0.72
          }
        },
        {
          "team": 2,
          "pos": {
            "x": -14.38,
            "y": 3.87
          }
        }
      ]
    },
    {
      "time": 0.6,
      "ball": {
        "pos": {
          "x": -13.054,
          "y": 0.359,
          "z": 1.229
        }
      },
      "players": [
        {
          "team": 1,
          "pos": {
            "x": 11.0,
            "y": -0.68
          }
        },
        {
          "team": 2,
          "pos": {
            "x": -14.36,
            "y": 3.84
          }
        }
      ]
    },
    {
      "time": 0.62,
      "ball": {
        "pos": {
          "x": -13.539,
          "y": 0.386,
          "z": 1.252
        }
      },
      "players": [
        {
          "team": 1,
          "pos": {
            "x": 10.94,
            "y": -0.64
          }
        },
        {
          "team": 2,
          "pos": {
            "x": -14.3,
            "y": 3.8
          }
        }
      ]
    },
    {
      "time": 0.64,
      "ball": {
        "pos": {
          "x": -14.018,
          "y": 0.414,
          "z": 1.268
        }
      },
      "players": [
        {
          "team": 1,
          "pos": {
            "x": 10.89,
            "y": -0.66
          }
        },
        {
          "team": 2,
          "pos": {
            "x": -14.3,
            "y": 3.77
          }
        }
      ]
    },
    {
      "time": 0.66,
      "ball": {
        "pos": {
          "x": -14.492,
          "y": 0.441,
          "z": 1.277
        }
      },
      "players": [
        {
          "team": 1,
          "pos": {
            "x": 10.82,
            "y": -0.66
          }
        },
        {
          "team": 2,
          "pos": {
            "x": -14.3,
            "y": 3.74
          }
        }
      ]
    },
    {
      "time": 0.675,
      "ball": {
        "pos": {
          "x": -14.853,
          "y": 0.463,
          "z": 1.279
        }
      },
      "players": [
        {
          "team": 1,
          "pos": {
            "x": 10.76,
            "y": -0.62
          }
        },
        {
          "team": 2,
          "pos": {
            "x": -14.3,
            "y": 3.71
          }
        }
      ]
    },
    {
      "time": 0.68,
      "ball": {
        "pos": {
          "x": -14.959,
          "y": 0.469,
          "z": 1.279
        }
      },
      "players": [
        {
          "team": 1,
          "pos": {
            "x": 10.78,
            "y": -0.62
          }
        },
        {
          "team": 2,
          "pos": {
            "x": -14.31,
            "y": 3.71
          }
        }
      ]
    },
    {
      "time": 0.7,
      "ball": {
        "pos": {
          "x": -15.421,
          "y": 0.497,
          "z": 1.274
        }
      },
      "players": [
        {
          "team": 1,
          "pos": {
            "x": 10.73,
            "y": -0.62
          }
        },
        {
          "team": 2,
          "pos": {
            "x": -14.27,
            "y": 3.71
          }
        }
      ]
    },
    {
      "time": 0.72,
      "ball": {
        "pos": {
          "x": -15.878,
          "y": 0.526,
          "z": 1.263
        }
      },
      "players": [
        {
          "team": 1,
          "pos": {
            "x": 10.68,
            "y": -0.62
          }
        },
        {
          "team": 2,
          "pos": {
            "x": -14.22,
            "y": 3.66
          }
        }
      ]
    },
    {
      "time": 0.74,
      "ball": {
        "pos": {
          "x": -16.33,
          "y": 0.555,
          "z": 1.245
        }
      },
      "players": [
        {
          "team": 1,
          "pos": {
            "x": 10.6,
            "y": -0.6
          }
        },
        {
          "team": 2,
          "pos": {
            "x": -14.19,
            "y": 3.65
          }
        }
      ]
    },
    {
      "time": 0.76,
      "ball": {
        "pos": {
          "x": -16.777,
          "y": 0.584,
          "z": 1.221
        }
      },
      "players": [
        {
          "team": 1,
          "pos": {
            "x": 10.5,
            "y": -0.61
          }
        },
        {
          "team": 2,
          "pos": {
            "x": -14.18,
            "y": 3.6
          }
        }
      ]
    },
    {
      "time": 0.78,
      "ball": {
        "pos": {
          "x": -17.219,
          "y": 0.613,
          "z": 1.192
        }
      },
      "players": [
        {
          "team": 1,
          "pos": {
            "x": 10.43,
            "y": -0.63
          }
        },
        {
          "team": 2,
          "pos": {
            "x": -14.16,
            "y": 3.54
          }
        }
      ]
    },
    {
      "time": 0.8,
      "ball": {
        "pos": {
          "x": -17.657,
          "y": 0.642,
          "z": 1.156
        }
      },
      "players": [
        {
          "team": 1,
          "pos": {
            "x": 10.34,
            "y": -0.57
          }
        },
        {
          "team": 2,
          "pos": {
            "x": -14.11,
            "y": 3.46
          }
        }
      ]
    },
    {
      "time": 0.82,
      "ball": {
        "pos": {
          "x": -18.09,
          "y": 0.672,
          "z": 1.115
        }
      },
      "players": [
        {
          "team": 1,
          "pos": {
            "x": 10.24,
            "y": -0.57
          }
        },
        {
          "team": 2,
          "pos": {
            "x": -14.12,
            "y": 3.42
          }
        }
      ]
    },
    {
      "time": 0.84,
      "ball": {
        "pos": {
          "x": -18.519,
          "y": 0.703,
          "z": 1.069
        }
      },
      "players": [
        {
          "team": 1,
          "pos": {
            "x": 10.15,
            "y": -0.53
          }
        },
        {
          "team": 2,
          "pos": {
            "x": -14.12,
            "y": 3.37
          }
        }
      ]
    },
    {
      "time": 0.86,
      "ball": {
        "pos": {
          "x": -18.944,
          "y": 0.733,
          "z": 1.018
        }
      },
      "players": [
        {
          "team": 1,
          "pos": {
            "x": 10.05,
            "y": -0.52
          }
        },
        {
          "team": 2,
          "pos": {
            "x": -14.12,
            "y": 3.32
          }
        }
      ]
    },
    {
      "time": 0.879,
      "event": "hit",
      "ball": {
        "pos": {
          "x": -19.349,
          "y": 0.763,
          "z": 0.964
        }
      },
      "players": [
        {
          "team": 1,
          "pos": {
            "x": 9.92,
            "y": -0.43
          }
        },
        {
          "team": 2,
          "pos": {
            "x": -14.12,
            "y": 3.24
          }
        }
      ]
    },
    {
      "time": 0.88,
      "ball": {
        "pos": {
          "x": -19.342,
          "y": 0.763,
          "z": 0.967
        }
      },
      "players": [
        {
          "team": 1,
          "pos": {
            "x": 9.96,
            "y": -0.47
          }
        },
        {
          "team": 2,
          "pos": {
            "x": -14.12,
            "y": 3.28
          }
        }
      ]
    },
    {
      "time": 0.9,
      "ball": {
        "pos": {
          "x": -19.148,
          "y": 0.757,
          "z": 1.046
        }
      },
      "players": [
        {
          "team": 1,
          "pos": {
            "x": 9.88,
            "y": -0.43
          }
        },
        {
          "team": 2,
          "pos": {
            "x": -14.13,
            "y": 3.21
          }
        }
      ]
    },
    {
      "time": 0.92,
      "ball": {
        "pos": {
          "x": -18.954,
          "y": 0.751,
          "z": 1.121
        }
      },
      "players": [
        {
          "team": 1,
          "pos": {
            "x": 9.83,
            "y": -0.48
          }
        },
        {
          "team": 2,
          "pos": {
            "x": -14.11,
            "y": 3.16
          }
        }
      ]
    },
    {
      "time": 0.94,
      "ball": {
        "pos": {
          "x": -18.763,
          "y": 0.745,
          "z": 1.192
        }
      },
      "players": [
        {
          "team": 1,
          "pos": {
            "x": 9.8,
            "y": -0.41
          }
        },
        {
          "team": 2,
          "pos": {
            "x": -14.08,
            "y": 3.1
          }
        }
      ]
    },
    {
      "time": 0.96,
      "ball": {
        "pos": {
          "x": -18.572,
          "y": 0.74,
          "z": 1.258
        }
      },
      "players": [
        {
          "team": 1,
          "pos": {
            "x": 9.77,
            "y": -0.36
          }
        },
        {
          "team": 2,
          "pos": {
            "x": -14.06,
            "y": 3.04
          }
        }
      ]
    },
    {
      "time": 0.98,
      "ball": {
        "pos": {
          "x": -18.383,
          "y": 0.734,
          "z": 1.321
        }
      },
      "players": [
        {
          "team": 1,
          "pos": {
            "x": 9.72,
            "y": -0.36
          }
        },
        {
          "team": 2,
          "pos": {
            "x": -14.06,
            "y": 3.06
          }
        }
      ]
    },
    {
      "time": 1.0,
      "ball": {
        "pos": {
          "x": -18.195,
          "y": 0.729,
          "z": 1.379
        }
      },
      "players": [
        {
          "team": 1,
          "pos": {
            "x": 9.66,
            "y": -0.34
          }
        },
        {
          "team": 2,
          "pos": {
            "x": -14.02,
            "y": 3.01
          }
        }
      ]
    },
    {
      "time": 1.02,
      "ball": {
        "pos": {
          "x": -18.008,
          "y": 0.723,
          "z": 1.433
        }
      },
      "players": [
        {
          "team": 1,
          "pos": {
            "x": 9.6,
            "y": -0.31
          }
        },
        {
          "team": 2,
          "pos": {
            "x": -13.95,
            "y": 2.98
          }
        }
      ]
    },
    {
      "time": 1.04,
      "ball": {
        "pos": {
          "x": -17.822,
          "y": 0.718,
          "z": 1.484
        }
      },
      "players": [
        {
          "team": 1,
          "pos": {
            "x": 9.52,
            "y": -0.26
          }
        },
        {
          "team": 2,
          "pos": {
            "x": -13.92,
            "y": 2.93
          }
        }
      ]
    },
    {
      "time": 1.06,
      "ball": {
        "pos": {
          "x": -17.638,
          "y": 0.713,
          "z": 1.53
        }
      },
      "players": [
        {
          "team": 1,
          "pos": {
            "x": 9.45,
            "y": -0.22
          }
        },
        {
          "team": 2,
          "pos": {
            "x": -13.91,
            "y": 2.95
          }
        }
      ]
    },
    {
      "time": 1.08,
      "ball": {
        "pos": {
          "x": -17.455,
          "y": 0.708,
          "z": 1.573
        }
      },
      "players": [
        {
          "team": 1,
          "pos": {
            "x": 9.35,
            "y": -0.18
          }
        },
        {
          "team": 2,
          "pos": {
            "x": -13.9,
            "y": 2.93
          }
        }
      ]
    },
    {
      "time": 1.1,
      "ball": {
        "pos": {
          "x": -17.272,
          "y": 0.703,
          "z": 1.611
        }
      },
      "players": [
        {
          "team": 1,
          "pos": {
            "x": 9.29,
            "y": -0.14
          }
        },
        {
          "team": 2,
          "pos": {
            "x": -13.88,
            "y": 2.92
          }
        }
      ]
    },
    {
      "time": 1.12,
      "ball": {
        "pos": {
          "x": -17.091,
          "y": 0.698,
          "z": 1.646
        }
      },
      "players": [
        {
          "team": 1,
          "pos": {
            "x": 9.24,
            "y": -0.14
          }
        },
        {
          "team": 2,
          "pos": {
            "x": -13.88,
            "y": 2.94
          }
        }
      ]
    },
    {
      "time": 1.14,
      "ball": {
        "pos": {
          "x": -16.911,
          "y": 0.693,
          "z": 1.676
        }
      },
      "players": [
        {
          "team": 1,
          "pos": {
            "x": 9.19,
            "y": -0.19
          }
        },
        {
          "team": 2,
          "pos": {
            "x": -13.82,
            "y": 2.91
          }
        }
      ]
    },
    {
      "time": 1.16,
      "ball": {
        "pos": {
          "x": -16.732,
          "y": 0.688,
          "z": 1.703
        }
      },
      "players": [
        {
          "team": 1,
          "pos": {
            "x": 9.13,
            "y": -0.24
          }
        },
        {
          "team": 2,
          "pos": {
            "x": -13.77,
            "y": 2.87
          }
        }
      ]
    },
    {
      "time": 1.18,
      "ball": {
        "pos": {
          "x": -16.554,
          "y": 0.683,
          "z": 1.726
        }
      },
      "players": [
        {
          "team": 1,
          "pos": {
            "x": 9.1,
            "y": -0.27
          }
        },
        {
          "team": 2,
          "pos": {
            "x": -13.74,
            "y": 2.84
          }
        }
      ]
    },
    {
      "time": 1.2,
      "ball": {
        "pos": {
          "x": -16.377,
          "y": 0.679,
          "z": 1.745
        }
      },
      "players": [
        {
          "team": 1,
          "pos": {
            "x": 9.03,
            "y": -0.31
          }
        },
        {
          "team": 2,
          "pos": {
            "x": -13.79,
            "y": 2.87
          }
        }
      ]
    },
    {
      "time": 1.22,
      "ball": {
        "pos": {
          "x": -16.201,
          "y": 0.674,
          "z": 1.76
        }
      },
      "players": [
        {
          "team": 1,
          "pos": {
            "x": 8.99,
            "y": -0.29
          }
        },
        {
          "team": 2,
          "pos": {
            "x": -13.82,
            "y": 2.92
          }
        }
      ]
    },
    {
      "time": 1.24,
      "ball": {
        "pos": {
          "x": -16.026,
          "y": 0.669,
          "z": 1.771
        }
      },
      "players": [
        {
          "team": 1,
          "pos": {
            "x": 8.97,
            "y": -0.33
          }
        },
        {
          "team": 2,
          "pos": {
            "x": -13.85,
            "y": 3.0
          }
        }
      ]
    },
    {
      "time": 1.26,
      "ball": {
        "pos": {
          "x": -15.852,
          "y": 0.665,
          "z": 1.778
        }
      },
      "players": [
        {
          "team": 1,
          "pos": {
            "x": 8.95,
            "y": -0.35
          }
        },
        {
          "team": 2,
          "pos": {
            "x": -13.87,
            "y": 3.07
          }
        }
      ]
    },
    {
      "time": 1.28,
      "ball": {
        "pos": {
          "x": -15.679,
          "y": 0.66,
          "z": 1.781
        }
      },
      "players": [
        {
          "team": 1,
          "pos": {
            "x": 8.86,
            "y": -0.4
          }
        },
        {
          "team": 2,
          "pos": {
            "x": -13.84,
            "y": 3.06
          }
        }
      ]
    },
    {
      "time": 1.288,
      "ball": {
        "pos": {
          "x": -15.609,
          "y": 0.659,
          "z": 1.782
        }
      },
      "players": [
        {
          "team": 1,
          "pos": {
            "x": 8.83,
            "y": -0.38
          }
        },
        {
          "team": 2,
          "pos": {
            "x": -13.84,
            "y": 3.09
          }
        }
      ]
    },
    {
      "time": 1.3,
      "ball": {
        "pos": {
          "x": -15.507,
          "y": 0.656,
          "z": 1.781
        }
      },
      "players": [
        {
          "team": 1,
          "pos": {
            "x": 8.83,
            "y": -0.37
          }
        },
        {
          "team": 2,
          "pos": {
            "x": -13.84,
            "y": 3.09
          }
        }
      ]
    },
    {
      "time": 1.32,
      "ball": {
        "pos": {
          "x": -15.336,
          "y": 0.652,
          "z": 1.777
        }
      },
      "players": [
        {
          "team": 1,
          "pos": {
            "x": 8.8,
            "y": -0.32
          }
        },
        {
          "team": 2,
          "pos": {
            "x": -13.87,
            "y": 3.12
          }
        }
      ]
    },
    {
      "time": 1.34,
      "ball": {
        "pos": {
          "x": -15.165,
          "y": 0.647,
          "z": 1.769
        }
      },
      "players": [
        {
          "team": 1,
          "pos": {
            "x": 8.79,
            "y": -0.31
          }
        },
        {
          "team": 2,
          "pos": {
            "x": -13.87,
            "y": 3.15
          }
        }
      ]
    },
    {
      "time": 1.36,
      "ball": {
        "pos": {
          "x": -14.995,
          "y": 0.643,
          "z": 1.757
        }
      },
      "players": [
        {
          "team": 1,
          "pos": {
            "x": 8.77,
            "y": -0.26
          }
        },
        {
          "team": 2,
          "pos": {
            "x": -13.88,
            "y": 3.17
          }
        }
      ]
    },
    {
      "time": 1.38,
      "ball": {
        "pos": {
          "x": -14.827,
          "y": 0.639,
          "z": 1.742
        }
      },
      "players": [
        {
          "team": 1,
          "pos": {
            "x": 8.75,
            "y": -0.22
          }
        },
        {
          "team": 2,
          "pos": {
            "x": -13.88,
            "y": 3.2
          }
        }
      ]
    },
    {
      "time": 1.4,
      "ball": {
        "pos": {
          "x": -14.659,
          "y": 0.635,
          "z": 1.723
        }
      },
      "players": [
        {
          "team": 1,
          "pos": {
            "x": 8.7,
            "y": -0.25
          }
        },
        {
          "team": 2,
          "pos": {
            "x": -13.88,
            "y": 3.24
          }
        }
      ]
    },
    {
      "time": 1.42,
      "ball": {
        "pos": {
          "x": -14.491,
          "y": 0.63,
          "z": 1.7
        }
      },
      "players": [
        {
          "team": 1,
          "pos": {
            "x": 8.68,
            "y": -0.21
          }
        },
        {
          "team": 2,
          "pos": {
            "x": -13.85,
            "y": 3.27
          }
        }
      ]
    },
    {
      "time": 1.44,
      "ball": {
        "pos": {
          "x": -14.325,
          "y": 0.626,
          "z": 1.673
        }
      },
      "players": [
        {
          "team": 1,
          "pos": {
            "x": 8.67,
            "y": -0.24
          }
        },
        {
          "team": 2,
          "pos": {
            "x": -13.85,
            "y": 3.29
          }
        }
      ]
    },
    {
      "time": 1.46,
      "ball": {
        "pos": {
          "x": -14.159,
          "y": 0.622,
          "z": 1.643
        }
      },
      "players": [
        {
          "team": 1,
          "pos": {
            "x": 8.68,
            "y": -0.25
          }
        },
        {
          "team": 2,
          "pos": {
            "x": -13.87,
            "y": 3.28
          }
        }
      ]
    },
    {
      "time": 1.48,
      "ball": {
        "pos": {
          "x": -13.994,
          "y": 0.618,
          "z": 1.609
        }
      },
      "players": [
        {
          "team": 1,
          "pos": {
            "x": 8.65,
            "y": -0.29
          }
        },
        {
          "team": 2,
          "pos": {
            "x": -13.88,
            "y": 3.29
          }
        }
      ]
    },
    {
      "time": 1.5,
      "ball": {
        "pos": {
          "x": -13.83,
          "y": 0.614,
          "z": 1.571
        }
      },
      "players": [
        {
          "team": 1,
          "pos": {
            "x": 8.59,
            "y": -0.22
          }
        },
        {
          "team": 2,
          "pos": {
            "x": -13.89,
            "y": 3.27
          }
        }
      ]
    },
    {
      "time": 1.52,
      "ball": {
        "pos": {
          "x": -13.666,
          "y": 0.61,
          "z": 1.53
        }
      },
      "players": [
        {
          "team": 1,
          "pos": {
            "x": 8.52,
            "y": -0.27
          }
        },
        {
          "team": 2,
          "pos": {
            "x": -13.91,
            "y": 3.27
          }
        }
      ]
    },
    {
      "time": 1.54,
      "ball": {
        "pos": {
          "x": -13.503,
          "y": 0.606,
          "z": 1.485
        }
      },
      "players": [
        {
          "team": 1,
          "pos": {
            "x": 8.46,
            "y": -0.26
          }
        },
        {
          "team": 2,
          "pos": {
            "x": -13.92,
            "y": 3.25
          }
        }
      ]
    },
    {
      "time": 1.56,
      "ball": {
        "pos": {
          "x": -13.341,
          "y": 0.602,
          "z": 1.437
        }
      },
      "players": [
        {
          "team": 1,
          "pos": {
            "x": 8.4,
            "y": -0.31
          }
        },
        {
          "team": 2,
          "pos": {
            "x": -13.93,
            "y": 3.23
          }
        }
      ]
    },
    {
      "time": 1.58,
      "ball": {
        "pos": {
          "x": -13.179,
          "y": 0.598,
          "z": 1.384
        }
      },
      "players": [
        {
          "team": 1,
          "pos": {
            "x": 8.36,
            "y": -0.35
          }
        },
        {
          "team": 2,
          "pos": {
            "x": -13.92,
            "y": 3.24
          }
        }
      ]
    },
    {
      "time": 1.6,
      "ball": {
        "pos": {
          "x": -13.018,
          "y": 0.594,
          "z": 1.329
        }
      },
      "players": [
        {
          "team": 1,
          "pos": {
            "x": 8.31,
            "y": -0.4
          }
        },
        {
          "team": 2,
          "pos": {
            "x": -13.89,
            "y": 3.16
          }
        }
      ]
    },
    {
      "time": 1.62,
      "ball": {
        "pos": {
          "x": -12.857,
          "y": 0.59,
          "z": 1.269
        }
      },
      "players": [
        {
          "team": 1,
          "pos": {
            "x": 8.26,
            "y": -0.43
          }
        },
        {
          "team": 2,
          "pos": {
            "x": -13.89,
            "y": 3.13
          }
        }
      ]
    },
    {
      "time": 1.64,
      "ball": {
        "pos": {
          "x": -12.697,
          "y": 0.586,
          "z": 1.207
        }
      },
      "players": [
        {
          "team": 1,
          "pos": {
            "x": 8.22,
            "y": -0.48
          }
        },
        {
          "team": 2,
          "pos": {
            "x": -13.9,
            "y": 3.09
          }
        }
      ]
    },
    {
      "time": 1.66,
      "ball": {
        "pos": {
          "x": -12.537,
          "y": 0.582,
          "z": 1.14
        }
      },
      "players": [
        {
          "team": 1,
          "pos": {
            "x": 8.18,
            "y": -0.51
          }
        },
        {
          "team": 2,
          "pos": {
            "x": -13.88,
            "y": 3.02
          }
        }
      ]
    },
    {
      "time": 1.68,
      "ball": {
        "pos": {
          "x": -12.378,
          "y": 0.578,
          "z": 1.07
        }
      },
      "players": [
        {
          "team": 1,
          "pos": {
            "x": 8.15,
            "y": -0.56
          }
        },
        {
          "team": 2,
          "pos": {
            "x": -13.83,
            "y": 2.93
          }
        }
      ]
    },
    {
      "time": 1.7,
      "ball": {
        "pos": {
          "x": -12.219,
          "y": 0.574,
          "z": 0.997
        }
      },
      "players": [
        {
          "team": 1,
          "pos": {
            "x": 8.12,
            "y": -0.61
          }
        },
        {
          "team": 2,
          "pos": {
            "x": -13.8,
            "y": 2.85
          }
        }
      ]
    },
    {
      "time": 1.72,
      "ball": {
        "pos": {
          "x": -12.061,
          "y": 0.57,
          "z": 0.92
        }
      },
      "players": [
        {
          "team": 1,
          "pos": {
            "x": 8.12,
            "y": -0.61
          }
        },
        {
          "team": 2,
          "pos": {
            "x": -13.8,
            "y": 2.85
          }
        }
      ]
    },
    {
      "time": 1.74,
      "ball": {
        "pos": {
          "x": -11.903,
          "y": 0.566,
          "z": 0.84
        }
      },
      "players": [
        {
          "team": 1,
          "pos": {
            "x": 8.12,
            "y": -0.61
          }
        },
        {
          "team": 2,
          "pos": {
            "x": -13.8,
            "y": 2.85
          }
        }
      ]
    },
    {
      "time": 1.76,
      "ball": {
        "pos": {
          "x": -11.746,
          "y": 0.562,
          "z": 0.756
        }
      },
      "players": [
        {
          "team": 1,
          "pos": {
            "x": 8.12,
            "y": -0.61
          }
        },
        {
          "team": 2,
          "pos": {
            "x": -13.8,
            "y": 2.85
          }
        }
      ]
    },
    {
      "time": 1.78,
      "ball": {
        "pos": {
          "x": -11.589,
          "y": 0.558,
          "z": 0.669
        }
      },
      "players": [
        {
          "team": 1,
          "pos": {
            "x": 8.12,
            "y": -0.61
          }
        },
        {
          "team": 2,
          "pos": {
            "x": -13.8,
            "y": 2.85
          }
        }
      ]
    },
    {
      "time": 1.8,
      "ball": {
        "pos": {
          "x": -11.432,
          "y": 0.554,
          "z": 0.578
        }
      },
      "players": [
        {
          "team": 1,
          "pos": {
            "x": 8.12,
            "y": -0.61
          }
        },
        {
          "team": 2,
          "pos": {
            "x": -13.8,
            "y": 2.85
          }
        }
      ]
    },
    {
      "time": 1.82,
      "ball": {
        "pos": {
          "x": -11.276,
          "y": 0.55,
          "z": 0.484
        }
      },
      "players": [
        {
          "team": 1,
          "pos": {
            "x": 8.12,
            "y": -0.61
          }
        },
        {
          "team": 2,
          "pos": {
            "x": -13.8,
            "y": 2.85
          }
        }
      ]
    },
    {
      "time": 1.84,
      "ball": {
        "pos": {
          "x": -11.12,
          "y": 0.546,
          "z": 0.386
        }
      },
      "players": [
        {
          "team": 1,
          "pos": {
            "x": 8.12,
            "y": -0.61
          }
        },
        {
          "team": 2,
          "pos": {
            "x": -13.8,
            "y": 2.85
          }
        }
      ]
    },
    {
      "time": 1.86,
      "ball": {
        "pos": {
          "x": -10.965,
          "y": 0.541,
          "z": 0.285
        }
      },
      "players": [
        {
          "team": 1,
          "pos": {
            "x": 8.12,
            "y": -0.61
          }
        },
        {
          "team": 2,
          "pos": {
            "x": -13.8,
            "y": 2.85
          }
        }
      ]
    },
    {
      "time": 1.88,
      "ball": {
        "pos": {
          "x": -10.809,
          "y": 0.537,
          "z": 0.181
        }
      },
      "players": [
        {
          "team": 1,
          "pos": {
            "x": 8.12,
            "y": -0.61
          }
        },
        {
          "team": 2,
          "pos": {
            "x": -13.8,
            "y": 2.85
          }
        }
      ]
    },
    {
      "time": 1.9,
      "ball": {
        "pos": {
          "x": -10.654,
          "y": 0.533,
          "z": 0.073
        }
      },
      "players": [
        {
          "team": 1,
          "pos": {
            "x": 8.12,
            "y": -0.61
          }
        },
        {
          "team": 2,
          "pos": {
            "x": -13.8,
            "y": 2.85
          }
        }
      ]
    },
    {
      "time": 1.904,
      "event": "bounce",
      "ball": {
        "pos": {
          "x": -10.626,
          "y": 0.532,
          "z": 0.053
        }
      },
      "players": [
        {
          "team": 1,
          "pos": {
            "x": 8.12,
            "y": -0.61
          }
        },
        {
          "team": 2,
          "pos": {
            "x": -13.8,
            "y": 2.85
          }
        }
      ]
    },
    {
      "time": 1.909,
      "ball": {
        "pos": {
          "x": -10.588,
          "y": 0.531,
          "z": 0.053
        }
      },
      "players": [
        {
          "team": 1,
          "pos": {
            "x": 8.12,
            "y": -0.61
          }
        },
        {
          "team": 2,
          "pos": {
            "x": -13.8,
            "y": 2.85
          }
        }
      ]
    },
    {
      "time": 1.92,
      "players": [
        {
          "team": 1,
          "pos": {
            "x": 8.12,
            "y": -0.61
          }
        },
        {
          "team": 2,
          "pos": {
            "x": -13.8,
            "y": 2.85
          }
        }
      ]
    },
    {
      "time": 1.94,
      "players": [
        {
          "team": 1,
          "pos": {
            "x": 8.12,
            "y": -0.61
          }
        },
        {
          "team": 2,
          "pos": {
            "x": -13.8,
            "y": 2.85
          }
        }
      ]
    },
    {
      "time": 1.96,
      "players": [
        {
          "team": 1,
          "pos": {
            "x": 8.12,
            "y": -0.61
          }
        },
        {
          "team": 2,
          "pos": {
            "x": -13.8,
            "y": 2.85
          }
        }
      ]
    },
    {
      "time": 1.98,
      "players": [
        {
          "team": 1,
          "pos": {
            "x": 8.12,
            "y": -0.61
          }
        },
        {
          "team": 2,
          "pos": {
            "x": -13.8,
            "y": 2.85
          }
        }
      ]
    },
    {
      "time": 2.0,
      "players": [
        {
          "team": 1,
          "pos": {
            "x": 8.12,
            "y": -0.61
          }
        },
        {
          "team": 2,
          "pos": {
            "x": -13.8,
            "y": 2.85
          }
        }
      ]
    },
    {
      "time": 2.02,
      "players": [
        {
          "team": 1,
          "pos": {
            "x": 8.12,
            "y": -0.61
          }
        },
        {
          "team": 2,
          "pos": {
            "x": -13.8,
            "y": 2.85
          }
        }
      ]
    },
    {
      "time": 2.04,
      "players": [
        {
          "team": 1,
          "pos": {
            "x": 8.12,
            "y": -0.61
          }
        },
        {
          "team": 2,
          "pos": {
            "x": -13.8,
            "y": 2.85
          }
        }
      ]
    },
    {
      "time": 2.06,
      "players": [
        {
          "team": 1,
          "pos": {
            "x": 8.12,
            "y": -0.61
          }
        },
        {
          "team": 2,
          "pos": {
            "x": -13.8,
            "y": 2.85
          }
        }
      ]
    },
    {
      "time": 2.08,
      "players": [
        {
          "team": 1,
          "pos": {
            "x": 8.12,
            "y": -0.61
          }
        },
        {
          "team": 2,
          "pos": {
            "x": -13.8,
            "y": 2.85
          }
        }
      ]
    },
    {
      "time": 2.1,
      "players": [
        {
          "team": 1,
          "pos": {
            "x": 8.12,
            "y": -0.61
          }
        },
        {
          "team": 2,
          "pos": {
            "x": -13.8,
            "y": 2.85
          }
        }
      ]
    },
    {
      "time": 2.12,
      "players": [
        {
          "team": 1,
          "pos": {
            "x": 8.12,
            "y": -0.61
          }
        },
        {
          "team": 2,
          "pos": {
            "x": -13.8,
            "y": 2.85
          }
        }
      ]
    },
    {
      "time": 2.14,
      "players": [
        {
          "team": 1,
          "pos": {
            "x": 8.12,
            "y": -0.61
          }
        },
        {
          "team": 2,
          "pos": {
            "x": -13.8,
            "y": 2.85
          }
        }
      ]
    },
    {
      "time": 2.16,
      "players": [
        {
          "team": 1,
          "pos": {
            "x": 8.12,
            "y": -0.61
          }
        },
        {
          "team": 2,
          "pos": {
            "x": -13.8,
            "y": 2.85
          }
        }
      ]
    },
    {
      "time": 2.18,
      "players": [
        {
          "team": 1,
          "pos": {
            "x": 8.12,
            "y": -0.61
          }
        },
        {
          "team": 2,
          "pos": {
            "x": -13.8,
            "y": 2.85
          }
        }
      ]
    },
    {
      "time": 2.2,
      "players": [
        {
          "team": 1,
          "pos": {
            "x": 8.12,
            "y": -0.61
          }
        },
        {
          "team": 2,
          "pos": {
            "x": -13.8,
            "y": 2.85
          }
        }
      ]
    },
    {
      "time": 2.22,
      "players": [
        {
          "team": 1,
          "pos": {
            "x": 8.12,
            "y": -0.61
          }
        },
        {
          "team": 2,
          "pos": {
            "x": -13.8,
            "y": 2.85
          }
        }
      ]
    },
    {
      "time": 2.24,
      "players": [
        {
          "team": 1,
          "pos": {
            "x": 8.12,
            "y": -0.61
          }
        },
        {
          "team": 2,
          "pos": {
            "x": -13.8,
            "y": 2.85
          }
        }
      ]
    },
    {
      "time": 2.26,
      "players": [
        {
          "team": 1,
          "pos": {
            "x": 8.12,
            "y": -0.61
          }
        },
        {
          "team": 2,
          "pos": {
            "x": -13.8,
            "y": 2.85
          }
        }
      ]
    },
    {
      "time": 2.28,
      "players": [
        {
          "team": 1,
          "pos": {
            "x": 8.12,
            "y": -0.61
          }
        },
        {
          "team": 2,
          "pos": {
            "x": -13.8,
            "y": 2.85
          }
        }
      ]
    },
    {
      "time": 2.3,
      "players": [
        {
          "team": 1,
          "pos": {
            "x": 8.12,
            "y": -0.61
          }
        },
        {
          "team": 2,
          "pos": {
            "x": -13.8,
            "y": 2.85
          }
        }
      ]
    },
    {
      "time": 2.32,
      "players": [
        {
          "team": 1,
          "pos": {
            "x": 8.12,
            "y": -0.61
          }
        },
        {
          "team": 2,
          "pos": {
            "x": -13.8,
            "y": 2.85
          }
        }
      ]
    }
  ]
}