{
  "id": "da822459-1d65-4dea-9b9e-7365e9e62f34",
  "sequences": {
    "set": 2,
    "game": 1,
    "point": 2,
    "serve": 2,
    "rally": 2
  },
  "match": {
    "season": 2025,
    "tournament_id": 9999,
    "draw_code": "MS001",
    "court_id": 1,
    "players": [
      {
        "forename": "Andy",
        "surname": "Bernard",
        "team": 1,
        "external_id": "AB12"
      },
      {
        "forename": "Cedric",
        "surname": "Diggory",
        "team": 2,
        "external_id": "CD34"
      }
    ]
  },
  "shots": [
    {
      "shot_no": 1,
      "team": 2,
      "stroke": "serve",
      "spin": {
        "type": "backspin",
        "rpm": -3516.988
      },
      "speed_ms": 47.785,
      "call": "out",
      "distance": 0.385,
      "time_utc": "2025-01-01T11:54:44.741Z",
      "time": 0.0,
      "duration": 0.792
    },
    {
      "shot_no": 2,
      "team": 1,
      "stroke": "backhand",
      "spin": {
        "type": "backspin",
        "rpm": -2487.058
      },
      "speed_ms": 21.187,
      "call": "in",
      "distance": -3.12,
      "time_utc": "2025-01-01T11:54:45.534Z",
      "time": 0.793,
      "duration": 1.641
    }
  ],
  "samples": [
    {
      "time": -1.22,
      "players": [
        {
          "team": 1,
          "pos": {
            "x": 12.16,
            "y": -0.47
          }
        },
        {
          "team": 2,
          "pos": {
            "x": -15.06,
            "y": 4.37
          }
        }
      ]
    },
    {
      "time": -1.2,
      "players": [
        {
          "team": 1,
          "pos": {
            "x": 12.15,
            "y": -0.44
          }
        },
        {
          "team": 2,
          "pos": {
            "x": -15.06,
            "y": 4.37
          }
        }
      ]
    },
    {
      "time": -1.18,
      "players": [
        {
          "team": 1,
          "pos": {
            "x": 12.15,
            "y": -0.44
          }
        },
        {
          "team": 2,
          "pos": {
            "x": -15.06,
            "y": 4.37
          }
        }
      ]
    },
    {
      "time": -1.16,
      "players": [
        {
          "team": 1,
          "pos": {
            "x": 12.13,
            "y": -0.48
          }
        },
        {
          "team": 2,
          "pos": {
            "x": -15.05,
            "y": 4.37
          }
        }
      ]
    },
    {
      "time": -1.14,
      "players": [
        {
          "team": 1,
          "pos": {
            "x": 12.12,
            "y": -0.46
          }
        },
        {
          "team": 2,
          "pos": {
            "x": -15.04,
            "y": 4.37
          }
        }
      ]
    },
    {
      "time": -1.12,
      "players": [
        {
          "team": 1,
          "pos": {
            "x": 12.15,
            "y": -0.44
          }
        },
        {
          "team": 2,
          "pos": {
            "x": -15.01,
            "y": 4.36
          }
        }
      ]
    },
    {
      "time": -1.1,
      "players": [
        {
          "team": 1,
          "pos": {
            "x": 12.19,
            "y": -0.45
          }
        },
        {
          "team": 2,
          "pos": {
            "x": -14.99,
            "y": 4.37
          }
        }
      ]
    },
    {
      "time": -1.08,
      "players": [
        {
          "team": 1,
          "pos": {
            "x": 12.2,
            "y": -0.42
          }
        },
        {
          "team": 2,
          "pos": {
            "x": -14.97,
            "y": 4.37
          }
        }
      ]
    },
    {
      "time": -1.06,
      "players": [
        {
          "team": 1,
          "pos": {
            "x": 12.19,
            "y": -0.39
          }
        },
        {
          "team": 2,
          "pos": {
            "x": -14.94,
            "y": 4.38
          }
        }
      ]
    },
    {
      "time": -1.04,
      "players": [
        {
          "team": 1,
          "pos": {
            "x": 12.23,
            "y": -0.35
          }
        },
        {
          "team": 2,
          "pos": {
            "x": -14.91,
            "y": 4.33
          }
        }
      ]
    },
    {
      "time": -1.02,
      "players": [
        {
          "team": 1,
          "pos": {
            "x": 12.25,
            "y": -0.35
          }
        },
        {
          "team": 2,
          "pos": {
            "x": -14.86,
            "y": 4.31
          }
        }
      ]
    },
    {
      "time": -1.0,
      "players": [
        {
          "team": 1,
          "pos": {
            "x": 12.28,
            "y": -0.32
          }
        },
        {
          "team": 2,
          "pos": {
            "x": -14.82,
            "y": 4.31
          }
        }
      ]
    },
    {
      "time": -0.98,
      "players": [
        {
          "team": 1,
          "pos": {
            "x": 12.29,
            "y": -0.31
          }
        },
        {
          "team": 2,
          "pos": {
            "x": -14.8,
            "y": 4.32
          }
        }
      ]
    },
    {
      "time": -0.96,
      "players": [
        {
          "team": 1,
          "pos": {
            "x": 12.32,
            "y": -0.33
          }
        },
        {
          "team": 2,
          "pos": {
            "x": -14.76,
            "y": 4.31
          }
        }
      ]
    },
    {
      "time": -0.94,
      "players": [
        {
          "team": 1,
          "pos": {
            "x": 12.35,
            "y": -0.33
          }
        },
        {
          "team": 2,
          "pos": {
            "x": -14.73,
            "y": 4.29
          }
        }
      ]
    },
    {
      "time": -0.92,
      "players": [
        {
          "team": 1,
          "pos": {
            "x": 12.36,
            "y": -0.33
          }
        },
        {
          "team": 2,
          "pos": {
            "x": -14.7,
            "y": 4.27
          }
        }
      ]
    },
    {
      "time": -0.9,
      "players": [
        {
          "team": 1,
          "pos": {
            "x": 12.38,
            "y": -0.35
          }
        },
        {
          "team": 2,
          "pos": {
            "x": -14.68,
            "y": 4.27
          }
        }
      ]
    },
    {
      "time": -0.88,
      "players": [
        {
          "team": 1,
          "pos": {
            "x": 12.43,
            "y": -0.45
          }
        },
        {
          "team": 2,
          "pos": {
            "x": -14.66,
            "y": 4.25
          }
        }
      ]
    },
    {
      "time": -0.86,
      "players": [
        {
          "team": 1,
          "pos": {
            "x": 12.44,
            "y": -0.47
          }
        },
        {
          "team": 2,
          "pos": {
            "x": -14.7,
            "y": 4.25
          }
        }
      ]
    },
    {
      "time": -0.84,
      "players": [
        {
          "team": 1,
          "pos": {
            "x": 12.47,
            "y": -0.56
          }
        },
        {
          "team": 2,
          "pos": {
            "x": -14.68,
            "y": 4.21
          }
        }
      ]
    },
    {
      "time": -0.82,
      "players": [
        {
          "team": 1,
          "pos": {
            "x": 12.48,
            "y": -0.64
          }
        },
        {
          "team": 2,
          "pos": {
            "x": -14.66,
            "y": 4.19
          }
        }
      ]
    },
    {
      "time": -0.8,
      "players": [
        {
          "team": 1,
          "pos": {
            "x": 12.47,
            "y": -0.68
          }
        },
        {
          "team": 2,
          "pos": {
            "x": -14.65,
            "y": 4.2
          }
        }
      ]
    },
    {
      "time": -0.78,
      "players": [
        {
          "team": 1,
          "pos": {
            "x": 12.45,
            "y": -0.71
          }
        },
        {
          "team": 2,
          "pos": {
            "x": -14.65,
            "y": 4.22
          }
        }
      ]
    },
    {
      "time": -0.76,
      "players": [
        {
          "team": 1,
          "pos": {
            "x": 12.42,
            "y": -0.74
          }
        },
        {
          "team": 2,
          "pos": {
            "x": -14.64,
            "y": 4.22
          }
        }
      ]
    },
    {
      "time": -0.74,
      "players": [
        {
          "team": 1,
          "pos": {
            "x": 12.41,
            "y": -0.81
          }
        },
        {
          "team": 2,
          "pos": {
            "x": -14.62,
            "y": 4.18
          }
        }
      ]
    },
    {
      "time": -0.72,
      "players": [
        {
          "team": 1,
          "pos": {
            "x": 12.44,
            "y": -0.84
          }
        },
        {
          "team": 2,
          "pos": {
            "x": -14.61,
            "y": 4.2
          }
        }
      ]
    },
    {
      "time": -0.7,
      "players": [
        {
          "team": 1,
          "pos": {
            "x": 12.47,
            "y": -0.83
          }
        },
        {
          "team": 2,
          "pos": {
            "x": -14.62,
            "y": 4.21
          }
        }
      ]
    },
    {
      "time": -0.68,
      "players": [
        {
          "team": 1,
          "pos": {
            "x": 12.47,
            "y": -0.88
          }
        },
        {
          "team": 2,
          "pos": {
            "x": -14.68,
            "y": 4.22
          }
        }
      ]
    },
    {
      "time": -0.66,
      "players": [
        {
          "team": 1,
          "pos": {
            "x": 12.52,
            "y": -0.86
          }
        },
        {
          "team": 2,
          "pos": {
            "x": -14.73,
            "y": 4.24
          }
        }
      ]
    },
    {
      "time": -0.64,
      "players": [
        {
          "team": 1,
          "pos": {
            "x": 12.56,
            "y": -0.82
          }
        },
        {
          "team": 2,
          "pos": {
            "x": -14.76,
            "y": 4.25
          }
        }
      ]
    },
    {
      "time": -0.62,
      "players": [
        {
          "team": 1,
          "pos": {
            "x": 12.57,
            "y": -0.84
          }
        },
        {
          "team": 2,
          "pos": {
            "x": -14.77,
            "y": 4.25
          }
        }
      ]
    },
    {
      "time": -0.6,
      "players": [
        {
          "team": 1,
          "pos": {
            "x": 12.6,
            "y": -0.8
          }
        },
        {
          "team": 2,
          "pos": {
            "x": -14.75,
            "y": 4.24
          }
        }
      ]
    },
    {
      "time": -0.58,
      "players": [
        {
          "team": 1,
          "pos": {
            "x": 12.61,
            "y": -0.83
          }
        },
        {
          "team": 2,
          "pos": {
            "x": -14.73,
            "y": 4.24
          }
        }
      ]
    },
    {
      "time": -0.562,
      "ball": {
        "pos": {
          "x": 11.611,
          "y": -1.181,
          "z": 2.466
        }
      },
      "players": [
        {
          "team": 1,
          "pos": {
            "x": 12.65,
            "y": -0.81
          }
        },
        {
          "team": 2,
          "pos": {
            "x": -14.73,
            "y": 4.24
          }
        }
      ]
    },
    {
      "time": -0.56,
      "ball": {
        "pos": {
          "x": 11.61,
          "y": -1.18,
          "z": 2.476
        }
      },
      "players": [
        {
          "team": 1,
          "pos": {
            "x": 12.65,
            "y": -0.82
          }
        },
        {
          "team": 2,
          "pos": {
            "x": -14.71,
            "y": 4.23
          }
        }
      ]
    },
    {
      "time": -0.54,
      "ball": {
        "pos": {
          "x": 11.603,
          "y": -1.169,
          "z": 2.551
        }
      },
      "players": [
        {
          "team": 1,
          "pos": {
            "x": 12.62,
            "y": -0.8
          }
        },
        {
          "team": 2,
          "pos": {
            "x": -14.68,
            "y": 4.21
          }
        }
      ]
    },
    {
      "time": -0.52,
      "ball": {
        "pos": {
          "x": 11.595,
          "y": -1.158,
          "z": 2.622
        }
      },
      "players": [
        {
          "team": 1,
          "pos": {
            "x": 12.56,
            "y": -0.81
          }
        },
        {
          "team": 2,
          "pos": {
            "x": -14.64,
            "y": 4.22
          }
        }
      ]
    },
    {
      "time": -0.5,
      "ball": {
        "pos": {
          "x": 11.588,
          "y": -1.147,
          "z": 2.689
        }
      },
      "players": [
        {
          "team": 1,
          "pos": {
            "x": 12.55,
            "y": -0.84
          }
        },
        {
          "team": 2,
          "pos": {
            "x": -14.64,
            "y": 4.18
          }
        }
      ]
    },
    {
      "time": -0.48,
      "ball": {
        "pos": {
          "x": 11.58,
          "y": -1.136,
          "z": 2.752
        }
      },
      "players": [
        {
          "team": 1,
          "pos": {
            "x": 12.54,
            "y": -0.86
          }
        },
        {
          "team": 2,
          "pos": {
            "x": -14.62,
            "y": 4.16
          }
        }
      ]
    },
    {
      "time": -0.46,
      "ball": {
        "pos": {
          "x": 11.572,
          "y": -1.125,
          "z": 2.811
        }
      },
      "players": [
        {
          "team": 1,
          "pos": {
            "x": 12.48,
            "y": -0.9
          }
        },
        {
          "team": 2,
          "pos": {
            "x": -14.57,
            "y": 4.14
          }
        }
      ]
    },
    {
      "time": -0.44,
      "ball": {
        "pos": {
          "x": 11.565,
          "y": -1.115,
          "z": 2.865
        }
      },
      "players": [
        {
          "team": 1,
          "pos": {
            "x": 12.45,
            "y": -0.95
          }
        },
        {
          "team": 2,
          "pos": {
            "x": -14.53,
            "y": 4.11
          }
        }
      ]
    },
    {
      "time": -0.42,
      "ball": {
        "pos": {
          "x": 11.557,
          "y": -1.104,
          "z": 2.916
        }
      },
      "players": [
        {
          "team": 1,
          "pos": {
            "x": 12.39,
            "y": -0.97
          }
        },
        {
          "team": 2,
          "pos": {
            "x": -14.51,
            "y": 4.07
          }
        }
      ]
    },
    {
      "time": -0.4,
      "ball": {
        "pos": {
          "x": 11.549,
          "y": -1.093,
          "z": 2.963
        }
      },
      "players": [
        {
          "team": 1,
          "pos": {
            "x": 12.34,
            "y": -0.96
          }
        },
        {
          "team": 2,
          "pos": {
            "x": -14.49,
            "y": 4.02
          }
        }
      ]
    },
    {
      "time": -0.38,
      "ball": {
        "pos": {
          "x": 11.541,
          "y": -1.082,
          "z": 3.005
        }
      },
      "players": [
        {
          "team": 1,
          "pos": {
            "x": 12.34,
            "y": -0.99
          }
        },
        {
          "team": 2,
          "pos": {
            "x": -14.48,
            "y": 3.96
          }
        }
      ]
    },
    {
      "time": -0.36,
      "ball": {
        "pos": {
          "x": 11.534,
          "y": -1.072,
          "z": 3.044
        }
      },
      "players": [
        {
          "team": 1,
          "pos": {
            "x": 12.34,
            "y": -0.98
          }
        },
        {
          "team": 2,
          "pos": {
            "x": -14.48,
            "y": 3.91
          }
        }
      ]
    },
    {
      "time": -0.34,
      "ball": {
        "pos": {
          "x": 11.526,
          "y": -1.061,
          "z": 3.079
        }
      },
      "players": [
        {
          "team": 1,
          "pos": {
            "x": 12.35,
            "y": -0.95
          }
        },
        {
          "team": 2,
          "pos": {
            "x": -14.48,
            "y": 3.84
          }
        }
      ]
    },
    {
      "time": -0.32,
      "ball": {
        "pos": {
          "x": 11.518,
          "y": -1.05,
          "z": 3.11
        }
      },
      "players": [
        {
          "team": 1,
          "pos": {
            "x": 12.29,
            "y": -0.91
          }
        },
        {
          "team": 2,
          "pos": {
            "x": -14.5,
            "y": 3.76
          }
        }
      ]
    },
    {
      "time": -0.3,
      "ball": {
        "pos": {
          "x": 11.51,
          "y": -1.039,
          "z": 3.137
        }
      },
      "players": [
        {
          "team": 1,
          "pos": {
            "x": 12.26,
            "y": -0.86
          }
        },
        {
          "team": 2,
          "pos": {
            "x": -14.53,
            "y": 3.69
          }
        }
      ]
    },
    {
      "time": -0.28,
      "ball": {
        "pos": {
          "x": 11.502,
          "y": -1.028,
          "z": 3.159
        }
      },
      "players": [
        {
          "team": 1,
          "pos": {
            "x": 12.2,
            "y": -0.83
          }
        },
        {
          "team": 2,
          "pos": {
            "x": -14.55,
            "y": 3.63
          }
        }
      ]
    },
    {
      "time": -0.26,
      "ball": {
        "pos": {
          "x": 11.495,
          "y": -1.017,
          "z": 3.178
        }
      },
      "players": [
        {
          "team": 1,
          "pos": {
            "x": 12.19,
            "y": -0.8
          }
        },
        {
          "team": 2,
          "pos": {
            "x": -14.55,
            "y": 3.58
          }
        }
      ]
    },
    {
      "time": -0.24,
      "ball": {
        "pos": {
          "x": 11.487,
          "y": -1.006,
          "z": 3.194
        }
      },
      "players": [
        {
          "team": 1,
          "pos": {
            "x": 12.2,
            "y": -0.76
          }
        },
        {
          "team": 2,
          "pos": {
            "x": -14.57,
            "y": 3.55
          }
        }
      ]
    },
    {
      "time": -0.22,
      "ball": {
        "pos": {
          "x": 11.479,
          "y": -0.995,
          "z": 3.205
        }
      },
      "players": [
        {
          "team": 1,
          "pos": {
            "x": 12.19,
            "y": -0.72
          }
        },
        {
          "team": 2,
          "pos": {
            "x": -14.65,
            "y": 3.51
          }
        }
      ]
    },
    {
      "time": -0.2,
      "ball": {
        "pos": {
          "x": 11.472,
          "y": -0.984,
          "z": 3.212
        }
      },
      "players": [
        {
          "team": 1,
          "pos": {
            "x": 12.22,
            "y": -0.75
          }
        },
        {
          "team": 2,
          "pos": {
            "x": -14.66,
            "y": 3.49
          }
        }
      ]
    },
    {
      "time": -0.18,
      "ball": {
        "pos": {
          "x": 11.465,
          "y": -0.973,
          "z": 3.216
        }
      },
      "players": [
        {
          "team": 1,
          "pos": {
            "x": 12.22,
            "y": -0.74
          }
        },
        {
          "team": 2,
          "pos": {
            "x": -14.66,
            "y": 3.48
          }
        }
      ]
    },
    {
      "time": -0.172,
      "ball": {
        "pos": {
          "x": 11.462,
          "y": -0.968,
          "z": 3.216
        }
      },
      "players": [
        {
          "team": 1,
          "pos": {
            "x": 12.23,
            "y": -0.72
          }
        },
        {
          "team": 2,
          "pos": {
            "x": -14.67,
            "y": 3.5
          }
        }
      ]
    },
    {
      "time": -0.16,
      "ball": {
        "pos": {
          "x": 11.457,
          "y": -0.961,
          "z": 3.215
        }
      },
      "players": [
        {
          "team": 1,
          "pos": {
            "x": 12.22,
            "y": -0.72
          }
        },
        {
          "team": 2,
          "pos": {
            "x": -14.68,
            "y": 3.5
          }
        }
      ]
    },
    {
      "time": -0.14,
      "ball": {
        "pos": {
          "x": 11.45,
          "y": -0.95,
          "z": 3.211
        }
      },
      "players": [
        {
          "team": 1,
          "pos": {
            "x": 12.15,
            "y": -0.77
          }
        },
        {
          "team": 2,
          "pos": {
            "x": -14.64,
            "y": 3.47
          }
        }
      ]
    },
    {
      "time": -0.12,
      "ball": {
        "pos": {
          "x": 11.443,
          "y": -0.938,
          "z": 3.203
        }
      },
      "players": [
        {
          "team": 1,
          "pos": {
            "x": 12.08,
            "y": -0.73
          }
        },
        {
          "team": 2,
          "pos": {
            "x": -14.59,
            "y": 3.46
          }
        }
      ]
    },
    {
      "time": -0.1,
      "ball": {
        "pos": {
          "x": 11.436,
          "y": -0.927,
          "z": 3.191
        }
      },
      "players": [
        {
          "team": 1,
          "pos": {
            "x": 12.0,
            "y": -0.73
          }
        },
        {
          "team": 2,
          "pos": {
            "x": -14.53,
            "y": 3.44
          }
        }
      ]
    },
    {
      "time": -0.08,
      "ball": {
        "pos": {
          "x": 11.429,
          "y": -0.915,
          "z": 3.176
        }
      },
      "players": [
        {
          "team": 1,
          "pos": {
            "x": 11.99,
            "y": -0.73
          }
        },
        {
          "team": 2,
          "pos": {
            "x": -14.48,
            "y": 3.43
          }
        }
      ]
    },
    {
      "time": -0.06,
      "ball": {
        "pos": {
          "x": 11.422,
          "y": -0.903,
          "z": 3.157
        }
      },
      "players": [
        {
          "team": 1,
          "pos": {
            "x": 11.95,
            "y": -0.76
          }
        },
        {
          "team": 2,
          "pos": {
            "x": -14.41,
            "y": 3.42
          }
        }
      ]
    },
    {
      "time": -0.04,
      "ball": {
        "pos": {
          "x": 11.416,
          "y": -0.891,
          "z": 3.134
        }
      },
      "players": [
        {
          "team": 1,
          "pos": {
            "x": 11.89,
            "y": -0.77
          }
        },
        {
          "team": 2,
          "pos": {
            "x": -14.35,
            "y": 3.42
          }
        }
      ]
    },
    {
      "time": -0.02,
      "ball": {
        "pos": {
          "x": 11.409,
          "y": -0.878,
          "z": 3.107
        }
      },
      "players": [
        {
          "team": 1,
          "pos": {
            "x": 11.81,
            "y": -0.76
          }
        },
        {
          "team": 2,
          "pos": {
            "x": -14.28,
            "y": 3.42
          }
        }
      ]
    },
    {
      "time": 0.0,
      "event": "hit",
      "ball": {
        "pos": {
          "x": 11.403,
          "y": -0.866,
          "z": 3.076
        }
      },
      "players": [
        {
          "team": 1,
          "pos": {
            "x": 11.73,
            "y": -0.8
          }
        },
        {
          "team": 2,
          "pos": {
            "x": -14.26,
            "y": 3.4
          }
        }
      ]
    },
    {
      "time": 0.02,
      "ball": {
        "pos": {
          "x": 10.466,
          "y": -0.773,
          "z": 2.977
        }
      },
      "players": [
        {
          "team": 1,
          "pos": {
            "x": 11.66,
            "y": -0.85
          }
        },
        {
          "team": 2,
          "pos": {
            "x": -14.24,
            "y": 3.44
          }
        }
      ]
    },
    {
      "time": 0.04,
      "ball": {
        "pos": {
          "x": 9.548,
          "y": -0.675,
          "z": 2.875
        }
      },
      "players": [
        {
          "team": 1,
          "pos": {
            "x": 11.59,
            "y": -0.93
          }
        },
        {
          "team": 2,
          "pos": {
            "x": -14.21,
            "y": 3.51
          }
        }
      ]
    },
    {
      "time": 0.06,
      "ball": {
        "pos": {
          "x": 8.649,
          "y": -0.574,
          "z": 2.771
        }
      },
      "players": [
        {
          "team": 1,
          "pos": {
            "x": 11.52,
            "y": -0.99
          }
        },
        {
          "team": 2,
          "pos": {
            "x": -14.22,
            "y": 3.58
          }
        }
      ]
    },
    {
      "time": 0.08,
      "ball": {
        "pos": {
          "x": 7.767,
          "y": -0.469,
          "z": 2.665
        }
      },
      "players": [
        {
          "team": 1,
          "pos": {
            "x": 11.45,
            "y": -1.03
          }
        },
        {
          "team": 2,
          "pos": {
            "x": -14.24,
            "y": 3.63
          }
        }
      ]
    },
    {
      "time": 0.1,
      "ball": {
        "pos": {
          "x": 6.903,
          "y": -0.36,
          "z": 2.556
        }
      },
      "players": [
        {
          "team": 1,
          "pos": {
            "x": 11.39,
            "y": -1.1
          }
        },
        {
          "team": 2,
          "pos": {
            "x": -14.26,
            "y": 3.67
          }
        }
      ]
    },
    {
      "time": 0.12,
      "ball": {
        "pos": {
          "x": 6.057,
          "y": -0.247,
          "z": 2.446
        }
      },
      "players": [
        {
          "team": 1,
          "pos": {
            "x": 11.33,
            "y": -1.07
          }
        },
        {
          "team": 2,
          "pos": {
            "x": -14.24,
            "y": 3.71
          }
        }
      ]
    },
    {
      "time": 0.14,
      "ball": {
        "pos": {
          "x": 5.227,
          "y": -0.131,
          "z": 2.333
        }
      },
      "players": [
        {
          "team": 1,
          "pos": {
            "x": 11.26,
            "y": -1.07
          }
        },
        {
          "team": 2,
          "pos": {
            "x": -14.22,
            "y": 3.75
          }
        }
      ]
    },
    {
      "time": 0.16,
      "ball": {
        "pos": {
          "x": 4.414,
          "y": -0.012,
          "z": 2.218
        }
      },
      "players": [
        {
          "team": 1,
          "pos": {
            "x": 11.24,
            "y": -1.09
          }
        },
        {
          "team": 2,
          "pos": {
            "x": -14.19,
            "y": 3.77
          }
        }
      ]
    },
    {
      "time": 0.18,
      "ball": {
        "pos": {
          "x": 3.617,
          "y": 0.111,
          "z": 2.1
        }
      },
      "players": [
        {
          "team": 1,
          "pos": {
            "x": 11.21,
            "y": -1.09
          }
        },
        {
          "team": 2,
          "pos": {
            "x": -14.2,
            "y": 3.76
          }
        }
      ]
    },
    {
      "time": 0.2,
      "ball": {
        "pos": {
          "x": 2.836,
          "y": 0.237,
          "z": 1.981
        }
      },
      "players": [
        {
          "team": 1,
          "pos": {
            "x": 11.18,
            "y": -1.08
          }
        },
        {
          "team": 2,
          "pos": {
            "x": -14.21,
            "y": 3.76
          }
        }
      ]
    },
    {
      "time": 0.22,
      "ball": {
        "pos": {
          "x": 2.071,
          "y": 0.365,
          "z": 1.859
        }
      },
      "players": [
        {
          "team": 1,
          "pos": {
            "x": 11.2,
            "y": -1.05
          }
        },
        {
          "team": 2,
          "pos": {
            "x": -14.22,
            "y": 3.77
          }
        }
      ]
    },
    {
      "time": 0.24,
      "ball": {
        "pos": {
          "x": 1.321,
          "y": 0.497,
          "z": 1.735
        }
      },
      "players": [
        {
          "team": 1,
          "pos": {
            "x": 11.18,
            "y": -1.03
          }
        },
        {
          "team": 2,
          "pos": {
            "x": -14.22,
            "y": 3.76
          }
        }
      ]
    },
    {
      "time": 0.26,
      "ball": {
        "pos": {
          "x": 0.585,
          "y": 0.631,
          "z": 1.609
        }
      },
      "players": [
        {
          "team": 1,
          "pos": {
            "x": 11.17,
            "y": -1.02
          }
        },
        {
          "team": 2,
          "pos": {
            "x": -14.22,
            "y": 3.75
          }
        }
      ]
    },
    {
      "time": 0.276,
      "ball": {
        "pos": {
          "x": 0.0,
          "y": 0.742,
          "z": 1.505
        }
      },
      "players": [
        {
          "team": 1,
          "pos": {
            "x": 11.18,
            "y": -1.01
          }
        },
        {
          "team": 2,
          "pos": {
            "x": -14.22,
            "y": 3.75
          }
        }
      ]
    },
    {
      "time": 0.28,
      "ball": {
        "pos": {
          "x": -0.136,
          "y": 0.768,
          "z": 1.481
        }
      },
      "players": [
        {
          "team": 1,
          "pos": {
            "x": 11.18,
            "y": -1.01
          }
        },
        {
          "team": 2,
          "pos": {
            "x": -14.23,
            "y": 3.74
          }
        }
      ]
    },
    {
      "time": 0.3,
      "ball": {
        "pos": {
          "x": -0.843,
          "y": 0.908,
          "z": 1.35
        }
      },
      "players": [
        {
          "team": 1,
          "pos": {
            "x": 11.2,
            "y": -0.97
          }
        },
        {
          "team": 2,
          "pos": {
            "x": -14.24,
            "y": 3.72
          }
        }
      ]
    },
    {
      "time": 0.32,
      "ball": {
        "pos": {
          "x": -1.537,
          "y": 1.049,
          "z": 1.217
        }
      },
      "players": [
        {
          "team": 1,
          "pos": {
            "x": 11.27,
            "y": -0.95
          }
        },
        {
          "team": 2,
          "pos": {
            "x": -14.25,
            "y": 3.73
          }
        }
      ]
    },
    {
      "time": 0.34,
      "ball": {
        "pos": {
          "x": -2.217,
          "y": 1.193,
          "z": 1.083
        }
      },
      "players": [
        {
          "team": 1,
          "pos": {
            "x": 11.31,
            "y": -0.92
          }
        },
        {
          "team": 2,
          "pos": {
            "x": -14.24,
            "y": 3.72
          }
        }
      ]
    },
    {
      "time": 0.36,
      "ball": {
        "pos": {
          "x": -2.885,
          "y": 1.339,
          "z": 0.946
        }
      },
      "players": [
        {
          "team": 1,
          "pos": {
            "x": 11.33,
            "y": -0.9
          }
        },
        {
          "team": 2,
          "pos": {
            "x": -14.19,
            "y": 3.76
          }
        }
      ]
    },
    {
      "time": 0.38,
      "ball": {
        "pos": {
          "x": -3.539,
          "y": 1.487,
          "z": 0.806
        }
      },
      "players": [
        {
          "team": 1,
          "pos": {
            "x": 11.34,
            "y": -0.94
          }
        },
        {
          "team": 2,
          "pos": {
            "x": -14.12,
            "y": 3.77
          }
        }
      ]
    },
    {
      "time": 0.4,
      "ball": {
        "pos": {
          "x": -4.182,
          "y": 1.637,
          "z": 0.665
        }
      },
      "players": [
        {
          "team": 1,
          "pos": {
            "x": 11.36,
            "y": -0.95
          }
        },
        {
          "team": 2,
          "pos": {
            "x": -14.1,
            "y": 3.77
          }
        }
      ]
    },
    {
      "time": 0.42,
      "ball": {
        "pos": {
          "x": -4.813,
          "y": 1.788,
          "z": 0.522
        }
      },
      "players": [
        {
          "team": 1,
          "pos": {
            "x": 11.38,
            "y": -0.96
          }
        },
        {
          "team": 2,
          "pos": {
            "x": -14.07,
            "y": 3.77
          }
        }
      ]
    },
    {
      "time": 0.44,
      "ball": {
        "pos": {
          "x": -5.432,
          "y": 1.941,
          "z": 0.376
        }
      },
      "players": [
        {
          "team": 1,
          "pos": {
            "x": 11.44,
            "y": -0.94
          }
        },
        {
          "team": 2,
          "pos": {
            "x": -14.05,
            "y": 3.77
          }
        }
      ]
    },
    {
      "time": 0.46,
      "ball": {
        "pos": {
          "x": -6.041,
          "y": 2.095,
          "z": 0.228
        }
      },
      "players": [
        {
          "team": 1,
          "pos": {
            "x": 11.49,
            "y": -0.94
          }
        },
        {
          "team": 2,
          "pos": {
            "x": -14.0,
            "y": 3.79
          }
        }
      ]
    },
    {
      "time": 0.48,
      "ball": {
        "pos": {
          "x": -6.638,
          "y": 2.251,
          "z": 0.078
        }
      },
      "players": [
        {
          "team": 1,
          "pos": {
            "x": 11.53,
            "y": -0.92
          }
        },
        {
          "team": 2,
          "pos": {
            "x": -13.95,
            "y": 3.73
          }
        }
      ]
    },
    {
      "time": 0.485,
      "event": "bounce",
      "ball": {
        "pos": {
          "x": -6.785,
          "y": 2.29,
          "z": 0.041
        }
      },
      "players": [
        {
          "team": 1,
          "pos": {
            "x": 11.52,
            "y": -0.91
          }
        },
        {
          "team": 2,
          "pos": {
            "x": -13.99,
            "y": 3.77
          }
        }
      ]
    },
    {
      "time": 0.5,
      "ball": {
        "pos": {
          "x": -7.134,
          "y": 2.376,
          "z": 0.102
        }
      },
      "players": [
        {
          "team": 1,
          "pos": {
            "x": 11.52,
            "y": -0.9
          }
        },
        {
          "team": 2,
          "pos": {
            "x": -13.87,
            "y": 3.76
          }
        }
      ]
    },
    {
      "time": 0.52,
      "ball": {
        "pos": {
          "x": -7.566,
          "y": 2.481,
          "z": 0.23
        }
      },
      "players": [
        {
          "team": 1,
          "pos": {
            "x": 11.5,
            "y": -0.87
          }
        },
        {
          "team": 2,
          "pos": {
            "x": -13.78,
            "y": 3.79
          }
        }
      ]
    },
    {
      "time": 0.54,
      "ball": {
        "pos": {
          "x": -7.992,
          "y": 2.588,
          "z": 0.351
        }
      },
      "players": [
        {
          "team": 1,
          "pos": {
            "x": 11.48,
            "y": -0.85
          }
        },
        {
          "team": 2,
          "pos": {
            "x": -13.72,
            "y": 3.81
          }
        }
      ]
    },
    {
      "time": 0.56,
      "ball": {
        "pos": {
          "x": -8.411,
          "y": 2.696,
          "z": 0.464
        }
      },
      "players": [
        {
          "team": 1,
          "pos": {
            "x": 11.42,
            "y": -0.82
          }
        },
        {
          "team": 2,
          "pos": {
            "x": -13.67,
            "y": 3.8
          }
        }
      ]
    },
    {
      "time": 0.58,
      "ball": {
        "pos": {
          "x": -8.824,
          "y": 2.805,
          "z": 0.569
        }
      },
      "players": [
        {
          "team": 1,
          "pos": {
            "x": 11.41,
            "y": -0.8
          }
        },
        {
          "team": 2,
          "pos": {
            "x": -13.61,
            "y": 3.75
          }
        }
      ]
    },
    {
      "time": 0.6,
      "ball": {
        "pos": {
          "x": -9.23,
          "y": 2.916,
          "z": 0.667
        }
      },
      "players": [
        {
          "team": 1,
          "pos": {
            "x": 11.41,
            "y": -0.77
          }
        },
        {
          "team": 2,
          "pos": {
            "x": -13.53,
            "y": 3.69
          }
        }
      ]
    },
    {
      "time": 0.62,
      "ball": {
        "pos": {
          "x": -9.632,
          "y": 3.028,
          "z": 0.758
        }
      },
      "players": [
        {
          "team": 1,
          "pos": {
            "x": 11.39,
            "y": -0.74
          }
        },
        {
          "team": 2,
          "pos": {
            "x": -13.46,
            "y": 3.62
          }
        }
      ]
    },
    {
      "time": 0.64,
      "ball": {
        "pos": {
          "x": -10.027,
          "y": 3.142,
          "z": 0.842
        }
      },
      "players": [
        {
          "team": 1,
          "pos": {
            "x": 11.37,
            "y": -0.7
          }
        },
        {
          "team": 2,
          "pos": {
            "x": -13.4,
            "y": 3.56
          }
        }
      ]
    },
    {
      "time": 0.66,
      "ball": {
        "pos": {
          "x": -10.417,
          "y": 3.256,
          "z": 0.919
        }
      },
      "players": [
        {
          "team": 1,
          "pos": {
            "x": 11.35,
            "y": -0.67
          }
        },
        {
          "team": 2,
          "pos": {
            "x": -13.32,
            "y": 3.51
          }
        }
      ]
    },
    {
      "time": 0.68,
      "ball": {
        "pos": {
          "x": -10.801,
          "y": 3.37,
          "z": 0.989
        }
      },
      "players": [
        {
          "team": 1,
          "pos": {
            "x": 11.34,
            "y": -0.63
          }
        },
        {
          "team": 2,
          "pos": {
            "x": -13.27,
            "y": 3.45
          }
        }
      ]
    },
    {
      "time": 0.7,
      "ball": {
        "pos": {
          "x": -11.181,
          "y": 3.486,
          "z": 1.053
        }
      },
      "players": [
        {
          "team": 1,
          "pos": {
            "x": 11.33,
            "y": -0.6
          }
        },
        {
          "team": 2,
          "pos": {
            "x": -13.22,
            "y": 3.4
          }
        }
      ]
    },
    {
      "time": 0.72,
      "ball": {
        "pos": {
          "x": -11.555,
          "y": 3.601,
          "z": 1.11
        }
      },
      "players": [
        {
          "team": 1,
          "pos": {
            "x": 11.31,
            "y": -0.57
          }
        },
        {
          "team": 2,
          "pos": {
            "x": -13.14,
            "y": 3.42
          }
        }
      ]
    },
    {
      "time": 0.74,
      "ball": {
        "pos": {
          "x": -11.924,
          "y": 3.718,
          "z": 1.162
        }
      },
      "players": [
        {
          "team": 1,
          "pos": {
            "x": 11.28,
            "y": -0.53
          }
        },
        {
          "team": 2,
          "pos": {
            "x": -13.09,
            "y": 3.44
          }
        }
      ]
    },
    {
      "time": 0.76,
      "ball": {
        "pos": {
          "x": -12.288,
          "y": 3.834,
          "z": 1.207
        }
      },
      "players": [
        {
          "team": 1,
          "pos": {
            "x": 11.22,
            "y": -0.5
          }
        },
        {
          "team": 2,
          "pos": {
            "x": -13.07,
            "y": 3.41
          }
        }
      ]
    },
    {
      "time": 0.78,
      "ball": {
        "pos": {
          "x": -12.648,
          "y": 3.951,
          "z": 1.246
        }
      },
      "players": [
        {
          "team": 1,
          "pos": {
            "x": 11.19,
            "y": -0.49
          }
        },
        {
          "team": 2,
          "pos": {
            "x": -13.05,
            "y": 3.43
          }
        }
      ]
    },
    {
      "time": 0.792,
      "event": "hit",
      "ball": {
        "pos": {
          "x": -12.868,
          "y": 4.023,
          "z": 1.267
        }
      },
      "players": [
        {
          "team": 1,
          "pos": {
            "x": 11.15,
            "y": -0.46
          }
        },
        {
          "team": 2,
          "pos": {
            "x": -13.06,
            "y": 3.41
          }
        }
      ]
    },
    {
      "time": 0.8,
      "ball": {
        "pos": {
          "x": -12.713,
          "y": 3.994,
          "z": 1.296
        }
      },
      "players": [
        {
          "team": 1,
          "pos": {
            "x": 11.15,
            "y": -0.46
          }
        },
        {
          "team": 2,
          "pos": {
            "x": -13.03,
            "y": 3.41
          }
        }
      ]
    },
    {
      "time": 0.82,
      "ball": {
        "pos": {
          "x": -12.306,
          "y": 3.919,
          "z": 1.37
        }
      },
      "players": [
        {
          "team": 1,
          "pos": {
            "x": 11.12,
            "y": -0.41
          }
        },
        {
          "team": 2,
          "pos": {
            "x": -13.04,
            "y": 3.35
          }
        }
      ]
    },
    {
      "time": 0.84,
      "ball": {
        "pos": {
          "x": -11.903,
          "y": 3.845,
          "z": 1.442
        }
      },
      "players": [
        {
          "team": 1,
          "pos": {
            "x": 11.11,
            "y": -0.43
          }
        },
        {
          "team": 2,
          "pos": {
            "x": -13.05,
            "y": 3.31
          }
        }
      ]
    },
    {
      "time": 0.86,
      "ball": {
        "pos": {
          "x": -11.504,
          "y": 3.772,
          "z": 1.51
        }
      },
      "players": [
        {
          "team": 1,
          "pos": {
            "x": 11.12,
            "y": -0.48
          }
        },
        {
          "team": 2,
          "pos": {
            "x": -13.11,
            "y": 3.3
          }
        }
      ]
    },
    {
      "time": 0.88,
      "ball": {
        "pos": {
          "x": -11.108,
          "y": 3.7,
          "z": 1.575
        }
      },
      "players": [
        {
          "team": 1,
          "pos": {
            "x": 11.12,
            "y": -0.44
          }
        },
        {
          "team": 2,
          "pos": {
            "x": -13.16,
            "y": 3.28
          }
        }
      ]
    },
    {
      "time": 0.9,
      "ball": {
        "pos": {
          "x": -10.715,
          "y": 3.628,
          "z": 1.638
        }
      },
      "players": [
        {
          "team": 1,
          "pos": {
            "x": 11.09,
            "y": -0.39
          }
        },
        {
          "team": 2,
          "pos": {
            "x": -13.14,
            "y": 3.21
          }
        }
      ]
    },
    {
      "time": 0.92,
      "ball": {
        "pos": {
          "x": -10.326,
          "y": 3.558,
          "z": 1.697
        }
      },
      "players": [
        {
          "team": 1,
          "pos": {
            "x": 11.07,
            "y": -0.37
          }
        },
        {
          "team": 2,
          "pos": {
            "x": -13.06,
            "y": 3.19
          }
        }
      ]
    },
    {
      "time": 0.94,
      "ball": {
        "pos": {
          "x": -9.94,
          "y": 3.488,
          "z": 1.754
        }
      },
      "players": [
        {
          "team": 1,
          "pos": {
            "x": 11.07,
            "y": -0.34
          }
        },
        {
          "team": 2,
          "pos": {
            "x": -13.02,
            "y": 3.12
          }
        }
      ]
    },
    {
      "time": 0.96,
      "ball": {
        "pos": {
          "x": -9.557,
          "y": 3.42,
          "z": 1.807
        }
      },
      "players": [
        {
          "team": 1,
          "pos": {
            "x": 11.04,
            "y": -0.31
          }
        },
        {
          "team": 2,
          "pos": {
            "x": -12.98,
            "y": 3.09
          }
        }
      ]
    },
    {
      "time": 0.98,
      "ball": {
        "pos": {
          "x": -9.178,
          "y": 3.352,
          "z": 1.858
        }
      },
      "players": [
        {
          "team": 1,
          "pos": {
            "x": 11.04,
            "y": -0.27
          }
        },
        {
          "team": 2,
          "pos": {
            "x": -12.92,
            "y": 3.06
          }
        }
      ]
    },
    {
      "time": 1.0,
      "ball": {
        "pos": {
          "x": -8.801,
          "y": 3.285,
          "z": 1.905
        }
      },
      "players": [
        {
          "team": 1,
          "pos": {
            "x": 11.01,
            "y": -0.23
          }
        },
        {
          "team": 2,
          "pos": {
            "x": -12.89,
            "y": 3.03
          }
        }
      ]
    },
    {
      "time": 1.02,
      "ball": {
        "pos": {
          "x": -8.428,
          "y": 3.219,
          "z": 1.95
        }
      },
      "players": [
        {
          "team": 1,
          "pos": {
            "x": 11.05,
            "y": -0.21
          }
        },
        {
          "team": 2,
          "pos": {
            "x": -12.84,
            "y": 3.02
          }
        }
      ]
    },
    {
      "time": 1.04,
      "ball": {
        "pos": {
          "x": -8.059,
          "y": 3.154,
          "z": 1.992
        }
      },
      "players": [
        {
          "team": 1,
          "pos": {
            "x": 11.08,
            "y": -0.18
          }
        },
        {
          "team": 2,
          "pos": {
            "x": -12.79,
            "y": 2.99
          }
        }
      ]
    },
    {
      "time": 1.06,
      "ball": {
        "pos": {
          "x": -7.692,
          "y": 3.09,
          "z": 2.031
        }
      },
      "players": [
        {
          "team": 1,
          "pos": {
            "x": 11.05,
            "y": -0.15
          }
        },
        {
          "team": 2,
          "pos": {
            "x": -12.76,
            "y": 2.97
          }
        }
      ]
    },
    {
      "time": 1.08,
      "ball": {
        "pos": {
          "x": -7.328,
          "y": 3.027,
          "z": 2.067
        }
      },
      "players": [
        {
          "team": 1,
          "pos": {
            "x": 11.04,
            "y": -0.14
          }
        },
        {
          "team": 2,
          "pos": {
            "x": -12.71,
            "y": 2.96
          }
        }
      ]
    },
    {
      "time": 1.1,
      "ball": {
        "pos": {
          "x": -6.968,
          "y": 2.964,
          "z": 2.101
        }
      },
      "players": [
        {
          "team": 1,
          "pos": {
            "x": 11.09,
            "y": -0.11
          }
        },
        {
          "team": 2,
          "pos": {
            "x": -12.66,
            "y": 2.94
          }
        }
      ]
    },
    {
      "time": 1.12,
      "ball": {
        "pos": {
          "x": -6.61,
          "y": 2.902,
          "z": 2.131
        }
      },
      "players": [
        {
          "team": 1,
          "pos": {
            "x": 11.12,
            "y": -0.1
          }
        },
        {
          "team": 2,
          "pos": {
            "x": -12.64,
            "y": 2.97
          }
        }
      ]
    },
    {
      "time": 1.14,
      "ball": {
        "pos": {
          "x": -6.256,
          "y": 2.841,
          "z": 2.159
        }
      },
      "players": [
        {
          "team": 1,
          "pos": {
            "x": 11.15,
            "y": -0.13
          }
        },
        {
          "team": 2,
          "pos": {
            "x": -12.62,
            "y": 3.0
          }
        }
      ]
    },
    {
      "time": 1.16,
      "ball": {
        "pos": {
          "x": -5.904,
          "y": 2.781,
          "z": 2.184
        }
      },
      "players": [
        {
          "team": 1,
          "pos": {
            "x": 11.14,
            "y": -0.12
          }
        },
        {
          "team": 2,
          "pos": {
            "x": -12.58,
            "y": 3.0
          }
        }
      ]
    },
    {
      "time": 1.18,
      "ball": {
        "pos": {
          "x": -5.555,
          "y": 2.721,
          "z": 2.206
        }
      },
      "players": [
        {
          "team": 1,
          "pos": {
            "x": 11.14,
            "y": -0.1
          }
        },
        {
          "team": 2,
          "pos": {
            "x": -12.58,
            "y": 3.0
          }
        }
      ]
    },
    {
      "time": 1.2,
      "ball": {
        "pos": {
          "x": -5.21,
          "y": 2.663,
          "z": 2.225
        }
      },
      "players": [
        {
          "team": 1,
          "pos": {
            "x": 11.14,
            "y": -0.13
          }
        },
        {
          "team": 2,
          "pos": {
            "x": -12.57,
            "y": 2.99
          }
        }
      ]
    },
    {
      "time": 1.22,
      "ball": {
        "pos": {
          "x": -4.867,
          "y": 2.604,
          "z": 2.241
        }
      },
      "players": [
        {
          "team": 1,
          "pos": {
            "x": 11.21,
            "y": -0.13
          }
        },
        {
          "team": 2,
          "pos": {
            "x": -12.58,
            "y": 2.98
          }
        }
      ]
    },
    {
      "time": 1.24,
      "ball": {
        "pos": {
          "x": -4.526,
          "y": 2.547,
          "z": 2.255
        }
      },
      "players": [
        {
          "team": 1,
          "pos": {
            "x": 11.26,
            "y": -0.1
          }
        },
        {
          "team": 2,
          "pos": {
            "x": -12.58,
            "y": 2.98
          }
        }
      ]
    },
    {
      "time": 1.26,
      "ball": {
        "pos": {
          "x": -4.189,
          "y": 2.49,
          "z": 2.266
        }
      },
      "players": [
        {
          "team": 1,
          "pos": {
            "x": 11.29,
            "y": -0.03
          }
        },
        {
          "team": 2,
          "pos": {
            "x": -12.59,
            "y": 2.92
          }
        }
      ]
    },
    {
      "time": 1.28,
      "ball": {
        "pos": {
          "x": -3.854,
          "y": 2.434,
          "z": 2.274
        }
      },
      "players": [
        {
          "team": 1,
          "pos": {
            "x": 11.29,
            "y": -0.01
          }
        },
        {
          "team": 2,
          "pos": {
            "x": -12.6,
            "y": 2.86
          }
        }
      ]
    },
    {
      "time": 1.3,
      "ball": {
        "pos": {
          "x": -3.522,
          "y": 2.379,
          "z": 2.279
        }
      },
      "players": [
        {
          "team": 1,
          "pos": {
            "x": 11.3,
            "y": 0.03
          }
        },
        {
          "team": 2,
          "pos": {
            "x": -12.62,
            "y": 2.82
          }
        }
      ]
    },
    {
      "time": 1.32,
      "ball": {
        "pos": {
          "x": -3.193,
          "y": 2.324,
          "z": 2.282
        }
      },
      "players": [
        {
          "team": 1,
          "pos": {
            "x": 11.29,
            "y": 0.03
          }
        },
        {
          "team": 2,
          "pos": {
            "x": -12.63,
            "y": 2.74
          }
        }
      ]
    },
    {
      "time": 1.329,
      "ball": {
        "pos": {
          "x": -3.045,
          "y": 2.3,
          "z": 2.282
        }
      },
      "players": [
        {
          "team": 1,
          "pos": {
            "x": 11.3,
            "y": 0.03
          }
        },
        {
          "team": 2,
          "pos": {
            "x": -12.64,
            "y": 2.79
          }
        }
      ]
    },
    {
      "time": 1.34,
      "ball": {
        "pos": {
          "x": -2.866,
          "y": 2.27,
          "z": 2.282
        }
      },
      "players": [
        {
          "team": 1,
          "pos": {
            "x": 11.3,
            "y": 0.03
          }
        },
        {
          "team": 2,
          "pos": {
            "x": -12.62,
            "y": 2.64
          }
        }
      ]
    },
    {
      "time": 1.36,
      "ball": {
        "pos": {
          "x": -2.541,
          "y": 2.217,
          "z": 2.279
        }
      },
      "players": [
        {
          "team": 1,
          "pos": {
            "x": 11.31,
            "y": 0.04
          }
        },
        {
          "team": 2,
          "pos": {
            "x": -12.64,
            "y": 2.55
          }
        }
      ]
    },
    {
      "time": 1.38,
      "ball": {
        "pos": {
          "x": -2.22,
          "y": 2.164,
          "z": 2.273
        }
      },
      "players": [
        {
          "team": 1,
          "pos": {
            "x": 11.32,
            "y": 0.04
          }
        },
        {
          "team": 2,
          "pos": {
            "x": -12.66,
            "y": 2.49
          }
        }
      ]
    },
    {
      "time": 1.4,
      "ball": {
        "pos": {
          "x": -1.9,
          "y": 2.112,
          "z": 2.265
        }
      },
      "players": [
        {
          "team": 1,
          "pos": {
            "x": 11.33,
            "y": 0.03
          }
        },
        {
          "team": 2,
          "pos": {
            "x": -12.67,
            "y": 2.45
          }
        }
      ]
    },
    {
      "time": 1.42,
      "ball": {
        "pos": {
          "x": -1.584,
          "y": 2.06,
          "z": 2.254
        }
      },
      "players": [
        {
          "team": 1,
          "pos": {
            "x": 11.31,
            "y": 0.02
          }
        },
        {
          "team": 2,
          "pos": {
            "x": -12.71,
            "y": 2.44
          }
        }
      ]
    },
    {
      "time": 1.44,
      "ball": {
        "pos": {
          "x": -1.269,
          "y": 2.009,
          "z": 2.24
        }
      },
      "players": [
        {
          "team": 1,
          "pos": {
            "x": 11.28,
            "y": 0.02
          }
        },
        {
          "team": 2,
          "pos": {
            "x": -12.78,
            "y": 2.4
          }
        }
      ]
    },
    {
      "time": 1.46,
      "ball": {
        "pos": {
          "x": -0.957,
          "y": 1.958,
          "z": 2.224
        }
      },
      "players": [
        {
          "team": 1,
          "pos": {
            "x": 11.26,
            "y": -0.01
          }
        },
        {
          "team": 2,
          "pos": {
            "x": -12.79,
            "y": 2.39
          }
        }
      ]
    },
    {
      "time": 1.48,
      "ball": {
        "pos": {
          "x": -0.648,
          "y": 1.908,
          "z": 2.205
        }
      },
      "players": [
        {
          "team": 1,
          "pos": {
            "x": 11.26,
            "y": 0.03
          }
        },
        {
          "team": 2,
          "pos": {
            "x": -12.8,
            "y": 2.37
          }
        }
      ]
    },
    {
      "time": 1.5,
      "ball": {
        "pos": {
          "x": -0.341,
          "y": 1.859,
          "z": 2.184
        }
      },
      "players": [
        {
          "team": 1,
          "pos": {
            "x": 11.3,
            "y": 0.04
          }
        },
        {
          "team": 2,
          "pos": {
            "x": -12.82,
            "y": 2.3
          }
        }
      ]
    },
    {
      "time": 1.52,
      "ball": {
        "pos": {
          "x": -0.036,
          "y": 1.81,
          "z": 2.159
        }
      },
      "players": [
        {
          "team": 1,
          "pos": {
            "x": 11.32,
            "y": 0.07
          }
        },
        {
          "team": 2,
          "pos": {
            "x": -12.8,
            "y": 2.2
          }
        }
      ]
    },
    {
      "time": 1.522,
      "ball": {
        "pos": {
          "x": -0.0,
          "y": 1.804,
          "z": 2.156
        }
      },
      "players": [
        {
          "team": 1,
          "pos": {
            "x": 11.31,
            "y": 0.1
          }
        },
        {
          "team": 2,
          "pos": {
            "x": -12.82,
            "y": 2.29
          }
        }
      ]
    },
    {
      "time": 1.54,
      "ball": {
        "pos": {
          "x": 0.267,
          "y": 1.762,
          "z": 2.132
        }
      },
      "players": [
        {
          "team": 1,
          "pos": {
            "x": 11.31,
            "y": 0.1
          }
        },
        {
          "team": 2,
          "pos": {
            "x": -12.77,
            "y": 2.12
          }
        }
      ]
    },
    {
      "time": 1.56,
      "ball": {
        "pos": {
          "x": 0.568,
          "y": 1.714,
          "z": 2.103
        }
      },
      "players": [
        {
          "team": 1,
          "pos": {
            "x": 11.29,
            "y": 0.08
          }
        },
        {
          "team": 2,
          "pos": {
            "x": -12.72,
            "y": 2.05
          }
        }
      ]
    },
    {
      "time": 1.58,
      "ball": {
        "pos": {
          "x": 0.866,
          "y": 1.666,
          "z": 2.071
        }
      },
      "players": [
        {
          "team": 1,
          "pos": {
            "x": 11.31,
            "y": 0.12
          }
        },
        {
          "team": 2,
          "pos": {
            "x": -12.7,
            "y": 1.97
          }
        }
      ]
    },
    {
      "time": 1.6,
      "ball": {
        "pos": {
          "x": 1.162,
          "y": 1.619,
          "z": 2.036
        }
      },
      "players": [
        {
          "team": 1,
          "pos": {
            "x": 11.3,
            "y": 0.1
          }
        },
        {
          "team": 2,
          "pos": {
            "x": -12.66,
            "y": 1.92
          }
        }
      ]
    },
    {
      "time": 1.62,
      "ball": {
        "pos": {
          "x": 1.457,
          "y": 1.572,
          "z": 1.999
        }
      },
      "players": [
        {
          "team": 1,
          "pos": {
            "x": 11.29,
            "y": 0.09
          }
        },
        {
          "team": 2,
          "pos": {
            "x": -12.66,
            "y": 1.85
          }
        }
      ]
    },
    {
      "time": 1.64,
      "ball": {
        "pos": {
          "x": 1.749,
          "y": 1.526,
          "z": 1.959
        }
      },
      "players": [
        {
          "team": 1,
          "pos": {
            "x": 11.31,
            "y": 0.16
          }
        },
        {
          "team": 2,
          "pos": {
            "x": -12.65,
            "y": 1.82
          }
        }
      ]
    },
    {
      "time": 1.66,
      "ball": {
        "pos": {
          "x": 2.039,
          "y": 1.48,
          "z": 1.917
        }
      },
      "players": [
        {
          "team": 1,
          "pos": {
            "x": 11.31,
            "y": 0.22
          }
        },
        {
          "team": 2,
          "pos": {
            "x": -12.67,
            "y": 1.75
          }
        }
      ]
    },
    {
      "time": 1.68,
      "ball": {
        "pos": {
          "x": 2.327,
          "y": 1.435,
          "z": 1.872
        }
      },
      "players": [
        {
          "team": 1,
          "pos": {
            "x": 11.34,
            "y": 0.25
          }
        },
        {
          "team": 2,
          "pos": {
            "x": -12.67,
            "y": 1.8
          }
        }
      ]
    },
    {
      "time": 1.7,
      "ball": {
        "pos": {
          "x": 2.613,
          "y": 1.39,
          "z": 1.825
        }
      },
      "players": [
        {
          "team": 1,
          "pos": {
            "x": 11.34,
            "y": 0.25
          }
        },
        {
          "team": 2,
          "pos": {
            "x": -12.69,
            "y": 1.82
          }
        }
      ]
    },
    {
      "time": 1.72,
      "ball": {
        "pos": {
          "x": 2.897,
          "y": 1.345,
          "z": 1.775
        }
      },
      "players": [
        {
          "team": 1,
          "pos": {
            "x": 11.35,
            "y": 0.3
          }
        },
        {
          "team": 2,
          "pos": {
            "x": -12.66,
            "y": 1.75
          }
        }
      ]
    },
    {
      "time": 1.74,
      "ball": {
        "pos": {
          "x": 3.18,
          "y": 1.301,
          "z": 1.722
        }
      },
      "players": [
        {
          "team": 1,
          "pos": {
            "x": 11.34,
            "y": 0.27
          }
        },
        {
          "team": 2,
          "pos": {
            "x": -12.63,
            "y": 1.67
          }
        }
      ]
    },
    {
      "time": 1.76,
      "ball": {
        "pos": {
          "x": 3.46,
          "y": 1.257,
          "z": 1.667
        }
      },
      "players": [
        {
          "team": 1,
          "pos": {
            "x": 11.35,
            "y": 0.24
          }
        },
        {
          "team": 2,
          "pos": {
            "x": -12.61,
            "y": 1.61
          }
        }
      ]
    },
    {
      "time": 1.78,
      "ball": {
        "pos": {
          "x": 3.739,
          "y": 1.214,
          "z": 1.61
        }
      },
      "players": [
        {
          "team": 1,
          "pos": {
            "x": 11.34,
            "y": 0.23
          }
        },
        {
          "team": 2,
          "pos": {
            "x": -12.61,
            "y": 1.55
          }
        }
      ]
    },
    {
      "time": 1.8,
      "ball": {
        "pos": {
          "x": 4.016,
          "y": 1.17,
          "z": 1.55
        }
      },
      "players": [
        {
          "team": 1,
          "pos": {
            "x": 11.33,
            "y": 0.22
          }
        },
        {
          "team": 2,
          "pos": {
            "x": -12.61,
            "y": 1.58
          }
        }
      ]
    },
    {
      "time": 1.82,
      "ball": {
        "pos": {
          "x": 4.291,
          "y": 1.127,
          "z": 1.487
        }
      },
      "players": [
        {
          "team": 1,
          "pos": {
            "x": 11.33,
            "y": 0.24
          }
        },
        {
          "team": 2,
          "pos": {
            "x": -12.61,
            "y": 1.57
          }
        }
      ]
    },
    {
      "time": 1.84,
      "ball": {
        "pos": {
          "x": 4.565,
          "y": 1.085,
          "z": 1.422
        }
      },
      "players": [
        {
          "team": 1,
          "pos": {
            "x": 11.33,
            "y": 0.27
          }
        },
        {
          "team": 2,
          "pos": {
            "x": -12.6,
            "y": 1.57
          }
        }
      ]
    },
    {
      "time": 1.86,
      "ball": {
        "pos": {
          "x": 4.837,
          "y": 1.042,
          "z": 1.355
        }
      },
      "players": [
        {
          "team": 1,
          "pos": {
            "x": 11.35,
            "y": 0.33
          }
        },
        {
          "team": 2,
          "pos": {
            "x": -12.6,
            "y": 1.53
          }
        }
      ]
    },
    {
      "time": 1.88,
      "ball": {
        "pos": {
          "x": 5.107,
          "y": 1.0,
          "z": 1.285
        }
      },
      "players": [
        {
          "team": 1,
          "pos": {
            "x": 11.39,
            "y": 0.38
          }
        },
        {
          "team": 2,
          "pos": {
            "x": -12.65,
            "y": 1.57
          }
        }
      ]
    },
    {
      "time": 1.9,
      "ball": {
        "pos": {
          "x": 5.376,
          "y": 0.958,
          "z": 1.213
        }
      },
      "players": [
        {
          "team": 1,
          "pos": {
            "x": 11.4,
            "y": 0.42
          }
        },
        {
          "team": 2,
          "pos": {
            "x": -12.66,
            "y": 1.5
          }
        }
      ]
    },
    {
      "time": 1.92,
      "ball": {
        "pos": {
          "x": 5.643,
          "y": 0.916,
          "z": 1.138
        }
      },
      "players": [
        {
          "team": 1,
          "pos": {
            "x": 11.42,
            "y": 0.44
          }
        },
        {
          "team": 2,
          "pos": {
            "x": -12.7,
            "y": 1.44
          }
        }
      ]
    },
    {
      "time": 1.94,
      "ball": {
        "pos": {
          "x": 5.909,
          "y": 0.875,
          "z": 1.061
        }
      },
      "players": [
        {
          "team": 1,
          "pos": {
            "x": 11.43,
            "y": 0.47
          }
        },
        {
          "team": 2,
          "pos": {
            "x": -12.71,
            "y": 1.47
          }
        }
      ]
    },
    {
      "time": 1.96,
      "ball": {
        "pos": {
          "x": 6.173,
          "y": 0.834,
          "z": 0.982
        }
      },
      "players": [
        {
          "team": 1,
          "pos": {
            "x": 11.49,
            "y": 0.51
          }
        },
        {
          "team": 2,
          "pos": {
            "x": -12.77,
            "y": 1.47
          }
        }
      ]
    },
    {
      "time": 1.98,
      "ball": {
        "pos": {
          "x": 6.436,
          "y": 0.792,
          "z": 0.9
        }
      },
      "players": [
        {
          "team": 1,
          "pos": {
            "x": 11.57,
            "y": 0.48
          }
        },
        {
          "team": 2,
          "pos": {
            "x": -12.83,
            "y": 1.47
          }
        }
      ]
    },
    {
      "time": 2.0,
      "ball": {
        "pos": {
          "x": 6.697,
          "y": 0.752,
          "z": 0.816
        }
      },
      "players": [
        {
          "team": 1,
          "pos": {
            "x": 11.63,
            "y": 0.5
          }
        },
        {
          "team": 2,
          "pos": {
            "x": -12.83,
            "y": 1.47
          }
        }
      ]
    },
    {
      "time": 2.02,
      "ball": {
        "pos": {
          "x": 6.957,
          "y": 0.711,
          "z": 0.729
        }
      },
      "players": [
        {
          "team": 1,
          "pos": {
            "x": 11.67,
            "y": 0.43
          }
        },
        {
          "team": 2,
          "pos": {
            "x": -12.83,
            "y": 1.47
          }
        }
      ]
    },
    {
      "time": 2.04,
      "ball": {
        "pos": {
          "x": 7.216,
          "y": 0.67,
          "z": 0.64
        }
      },
      "players": [
        {
          "team": 1,
          "pos": {
            "x": 11.67,
            "y": 0.43
          }
        },
        {
          "team": 2,
          "pos": {
            "x": -12.83,
            "y": 1.47
          }
        }
      ]
    },
    {
      "time": 2.06,
      "ball": {
        "pos": {
          "x": 7.473,
          "y": 0.63,
          "z": 0.549
        }
      },
      "players": [
        {
          "team": 1,
          "pos": {
            "x": 11.67,
            "y": 0.43
          }
        },
        {
          "team": 2,
          "pos": {
            "x": -12.83,
            "y": 1.47
          }
        }
      ]
    },
    {
      "time": 2.08,
      "ball": {
        "pos": {
          "x": 7.729,
          "y": 0.589,
          "z": 0.455
        }
      },
      "players": [
        {
          "team": 1,
          "pos": {
            "x": 11.67,
            "y": 0.43
          }
        },
        {
          "team": 2,
          "pos": {
            "x": -12.83,
            "y": 1.47
          }
        }
      ]
    },
    {
      "time": 2.1,
      "ball": {
        "pos": {
          "x": 7.984,
          "y": 0.549,
          "z": 0.36
        }
      },
      "players": [
        {
          "team": 1,
          "pos": {
            "x": 11.67,
            "y": 0.43
          }
        },
        {
          "team": 2,
          "pos": {
            "x": -12.83,
            "y": 1.47
          }
        }
      ]
    },
    {
      "time": 2.12,
      "ball": {
        "pos": {
          "x": 8.238,
          "y": 0.509,
          "z": 0.261
        }
      },
      "players": [
        {
          "team": 1,
          "pos": {
            "x": 11.67,
            "y": 0.43
          }
        },
        {
          "team": 2,
          "pos": {
            "x": -12.83,
            "y": 1.47
          }
        }
      ]
    },
    {
      "time": 2.14,
      "ball": {
        "pos": {
          "x": 8.49,
          "y": 0.469,
          "z": 0.161
        }
      },
      "players": [
        {
          "team": 1,
          "pos": {
            "x": 11.67,
            "y": 0.43
          }
        },
        {
          "team": 2,
          "pos": {
            "x": -12.83,
            "y": 1.47
          }
        }
      ]
    },
    {
      "time": 2.16,
      "ball": {
        "pos": {
          "x": 8.742,
          "y": 0.429,
          "z": 0.058
        }
      },
      "players": [
        {
          "team": 1,
          "pos": {
            "x": 11.67,
            "y": 0.43
          }
        },
        {
          "team": 2,
          "pos": {
            "x": -12.83,
            "y": 1.47
          }
        }
      ]
    },
    {
      "time": 2.162,
      "event": "bounce",
      "ball": {
        "pos": {
          "x": 8.767,
          "y": 0.425,
          "z": 0.047
        }
      },
      "players": [
        {
          "team": 1,
          "pos": {
            "x": 11.67,
            "y": 0.43
          }
        },
        {
          "team": 2,
          "pos": {
            "x": -12.83,
            "y": 1.47
          }
        }
      ]
    },
    {
      "time": 2.18,
      "ball": {
        "pos": {
          "x": 8.916,
          "y": 0.404,
          "z": 0.085
        }
      },
      "players": [
        {
          "team": 1,
          "pos": {
            "x": 11.67,
            "y": 0.43
          }
        },
        {
          "team": 2,
          "pos": {
            "x": -12.83,
            "y": 1.47
          }
        }
      ]
    },
    {
      "time": 2.2,
      "ball": {
        "pos": {
          "x": 9.062,
          "y": 0.384,
          "z": 0.158
        }
      },
      "players": [
        {
          "team": 1,
          "pos": {
            "x": 11.67,
            "y": 0.43
          }
        },
        {
          "team": 2,
          "pos": {
            "x": -12.83,
            "y": 1.47
          }
        }
      ]
    },
    {
      "time": 2.22,
      "ball": {
        "pos": {
          "x": 9.207,
          "y": 0.364,
          "z": 0.227
        }
      },
      "players": [
        {
          "team": 1,
          "pos": {
            "x": 11.67,
            "y": 0.43
          }
        },
        {
          "team": 2,
          "pos": {
            "x": -12.83,
            "y": 1.47
          }
        }
      ]
    },
    {
      "time": 2.24,
      "ball": {
        "pos": {
          "x": 9.351,
          "y": 0.346,
          "z": 0.291
        }
      },
      "players": [
        {
          "team": 1,
          "pos": {
            "x": 11.67,
            "y": 0.43
          }
        },
        {
          "team": 2,
          "pos": {
            "x": -12.83,
            "y": 1.47
          }
        }
      ]
    },
    {
      "time": 2.26,
      "ball": {
        "pos": {
          "x": 9.494,
          "y": 0.328,
          "z": 0.351
        }
      },
      "players": [
        {
          "team": 1,
          "pos": {
            "x": 11.67,
            "y": 0.43
          }
        },
        {
          "team": 2,
          "pos": {
            "x": -12.83,
            "y": 1.47
          }
        }
      ]
    },
    {
      "time": 2.28,
      "ball": {
        "pos": {
          "x": 9.638,
          "y": 0.311,
          "z": 0.407
        }
      },
      "players": [
        {
          "team": 1,
          "pos": {
            "x": 11.67,
            "y": 0.43
          }
        },
        {
          "team": 2,
          "pos": {
            "x": -12.83,
            "y": 1.47
          }
        }
      ]
    },
    {
      "time": 2.3,
      "ball": {
        "pos": {
          "x": 9.78,
          "y": 0.294,
          "z": 0.459
        }
      },
      "players": [
        {
          "team": 1,
          "pos": {
            "x": 11.67,
            "y": 0.43
          }
        },
        {
          "team": 2,
          "pos": {
            "x": -12.83,
            "y": 1.47
          }
        }
      ]
    },
    {
      "time": 2.32,
      "ball": {
        "pos": {
          "x": 9.923,
          "y": 0.277,
          "z": 0.506
        }
      },
      "players": [
        {
          "team": 1,
          "pos": {
            "x": 11.67,
            "y": 0.43
          }
        },
        {
          "team": 2,
          "pos": {
            "x": -12.83,
            "y": 1.47
          }
        }
      ]
    },
    {
      "time": 2.34,
      "ball": {
        "pos": {
          "x": 10.065,
          "y": 0.261,
          "z": 0.55
        }
      },
      "players": [
        {
          "team": 1,
          "pos": {
            "x": 11.67,
            "y": 0.43
          }
        },
        {
          "team": 2,
          "pos": {
            "x": -12.83,
            "y": 1.47
          }
        }
      ]
    },
    {
      "time": 2.36,
      "ball": {
        "pos": {
          "x": 10.207,
          "y": 0.244,
          "z": 0.589
        }
      },
      "players": [
        {
          "team": 1,
          "pos": {
            "x": 11.67,
            "y": 0.43
          }
        },
        {
          "team": 2,
          "pos": {
            "x": -12.83,
            "y": 1.47
          }
        }
      ]
    },
    {
      "time": 2.38,
      "ball": {
        "pos": {
          "x": 10.348,
          "y": 0.228,
          "z": 0.625
        }
      },
      "players": [
        {
          "team": 1,
          "pos": {
            "x": 11.67,
            "y": 0.43
          }
        },
        {
          "team": 2,
          "pos": {
            "x": -12.83,
            "y": 1.47
          }
        }
      ]
    },
    {
      "time": 2.4,
      "ball": {
        "pos": {
          "x": 10.49,
          "y": 0.212,
          "z": 0.657
        }
      },
      "players": [
        {
          "team": 1,
          "pos": {
            "x": 11.67,
            "y": 0.43
          }
        },
        {
          "team": 2,
          "pos": {
            "x": -12.83,
            "y": 1.47
          }
        }
      ]
    },
    {
      "time": 2.42,
      "ball": {
        "pos": {
          "x": 10.631,
          "y": 0.195,
          "z": 0.685
        }
      },
      "players": [
        {
          "team": 1,
          "pos": {
            "x": 11.67,
            "y": 0.43
          }
        },
        {
          "team": 2,
          "pos": {
            "x": -12.83,
            "y": 1.47
          }
        }
      ]
    },
    {
      "time": 2.434,
      "ball": {
        "pos": {
          "x": 10.727,
          "y": 0.183,
          "z": 0.702
        }
      },
      "players": [
        {
          "team": 1,
          "pos": {
            "x": 11.67,
            "y": 0.43
          }
        },
        {
          "team": 2,
          "pos": {
            "x": -12.83,
            "y": 1.47
          }
        }
      ]
    },
    {
      "time": 2.44,
      "players": [
        {
          "team": 1,
          "pos": {
            "x": 11.67,
            "y": 0.43
          }
        },
        {
          "team": 2,
          "pos": {
            "x": -12.83,
            "y": 1.47
          }
        }
      ]
    },
    {
      "time": 2.46,
      "players": [
        {
          "team": 1,
          "pos": {
            "x": 11.67,
            "y": 0.43
          }
        },
        {
          "team": 2,
          "pos": {
            "x": -12.83,
            "y": 1.47
          }
        }
      ]
    },
    {
      "time": 2.48,
      "players": [
        {
          "team": 1,
          "pos": {
            "x": 11.67,
            "y": 0.43
          }
        },
        {
          "team": 2,
          "pos": {
            "x": -12.83,
            "y": 1.47
          }
        }
      ]
    },
    {
      "time": 2.5,
      "players": [
        {
          "team": 1,
          "pos": {
            "x": 11.67,
            "y": 0.43
          }
        },
        {
          "team": 2,
          "pos": {
            "x": -12.83,
            "y": 1.47
          }
        }
      ]
    },
    {
      "time": 2.52,
      "players": [
        {
          "team": 1,
          "pos": {
            "x": 11.67,
            "y": 0.43
          }
        },
        {
          "team": 2,
          "pos": {
            "x": -12.83,
            "y": 1.47
          }
        }
      ]
    },
    {
      "time": 2.54,
      "players": [
        {
          "team": 1,
          "pos": {
            "x": 11.67,
            "y": 0.43
          }
        },
        {
          "team": 2,
          "pos": {
            "x": -12.83,
            "y": 1.47
          }
        }
      ]
    },
    {
      "time": 2.56,
      "players": [
        {
          "team": 1,
          "pos": {
            "x": 11.67,
            "y": 0.43
          }
        },
        {
          "team": 2,
          "pos": {
            "x": -12.83,
            "y": 1.47
          }
        }
      ]
    },
    {
      "time": 2.58,
      "players": [
        {
          "team": 1,
          "pos": {
            "x": 11.67,
            "y": 0.43
          }
        },
        {
          "team": 2,
          "pos": {
            "x": -12.83,
            "y": 1.47
          }
        }
      ]
    },
    {
      "time": 2.6,
      "players": [
        {
          "team": 1,
          "pos": {
            "x": 11.67,
            "y": 0.43
          }
        },
        {
          "team": 2,
          "pos": {
            "x": -12.83,
            "y": 1.47
          }
        }
      ]
    },
    {
      "time": 2.62,
      "players": [
        {
          "team": 1,
          "pos": {
            "x": 11.67,
            "y": 0.43
          }
        },
        {
          "team": 2,
          "pos": {
            "x": -12.83,
            "y": 1.47
          }
        }
      ]
    },
    {
      "time": 2.64,
      "players": [
        {
          "team": 1,
          "pos": {
            "x": 11.67,
            "y": 0.43
          }
        },
        {
          "team": 2,
          "pos": {
            "x": -12.83,
            "y": 1.47
          }
        }
      ]
    },
    {
      "time": 2.66,
      "players": [
        {
          "team": 1,
          "pos": {
            "x": 11.67,
            "y": 0.43
          }
        },
        {
          "team": 2,
          "pos": {
            "x": -12.83,
            "y": 1.47
          }
        }
      ]
    },
    {
      "time": 2.68,
      "players": [
        {
          "team": 1,
          "pos": {
            "x": 11.67,
            "y": 0.43
          }
        },
        {
          "team": 2,
          "pos": {
            "x": -12.83,
            "y": 1.47
          }
        }
      ]
    },
    {
      "time": 2.7,
      "players": [
        {
          "team": 1,
          "pos": {
            "x": 11.67,
            "y": 0.43
          }
        },
        {
          "team": 2,
          "pos": {
            "x": -12.83,
            "y": 1.47
          }
        }
      ]
    },
    {
      "time": 2.72,
      "players": [
        {
          "team": 1,
          "pos": {
            "x": 11.67,
            "y": 0.43
          }
        },
        {
          "team": 2,
          "pos": {
            "x": -12.83,
            "y": 1.47
          }
        }
      ]
    },
    {
      "time": 2.74,
      "players": [
        {
          "team": 1,
          "pos": {
            "x": 11.67,
            "y": 0.43
          }
        },
        {
          "team": 2,
          "pos": {
            "x": -12.83,
            "y": 1.47
          }
        }
      ]
    },
    {
      "time": 2.76,
      "players": [
        {
          "team": 1,
          "pos": {
            "x": 11.67,
            "y": 0.43
          }
        },
        {
          "team": 2,
          "pos": {
            "x": -12.83,
            "y": 1.47
          }
        }
      ]
    }
  ]
}