{
  "id": "7709447b-4ddf-4902-934b-a22a384706d3",
  "sequences": {
    "set": 2,
    "game": 6,
    "point": 1,
    "serve": 1,
    "rally": 1
  },
  "match": {
    "season": 2025,
    "tournament_id": 9999,
    "draw_code": "MS001",
    "court_id": 1,
    "players": [
      {
        "forename": "Andy",
        "surname": "Bernard",
        "team": 1,
        "external_id": "AB12"
      },
      {
        "forename": "Cedric",
        "surname": "Diggory",
        "team": 2,
        "external_id": "CD34"
      }
    ]
  },
  "shots": [
    {
      "shot_no": 1,
      "team": 1,
      "stroke": "serve",
      "spin": {
        "type": "backspin",
        "rpm": -2801.892
      },
      "speed_ms": 52.107,
      "call": "out",
      "distance": 3.878,
      "time_utc": "2025-01-01T12:11:19.647Z",
      "time": 0.0,
      "duration": 0.844
    }
  ],
  "samples": [
    {
      "time": -2.62,
      "players": [
        {
          "team": 1,
          "pos": {
            "x": 12.13,
            "y": 1.26
          }
        },
        {
          "team": 2,
          "pos": {
            "x": -15.16,
            "y": -4.19
          }
        }
      ]
    },
    {
      "time": -2.6,
      "players": [
        {
          "team": 1,
          "pos": {
            "x": 12.12,
            "y": 1.29
          }
        },
        {
          "team": 2,
          "pos": {
            "x": -15.16,
            "y": -4.19
          }
        }
      ]
    },
    {
      "time": -2.58,
      "players": [
        {
          "team": 1,
          "pos": {
            "x": 12.14,
            "y": 1.23
          }
        },
        {
          "team": 2,
          "pos": {
            "x": -15.16,
            "y": -4.19
          }
        }
      ]
    },
    {
      "time": -2.56,
      "players": [
        {
          "team": 1,
          "pos": {
            "x": 12.14,
            "y": 1.18
          }
        },
        {
          "team": 2,
          "pos": {
            "x": -15.16,
            "y": -4.19
          }
        }
      ]
    },
    {
      "time": -2.54,
      "players": [
        {
          "team": 1,
          "pos": {
            "x": 12.14,
            "y": 1.2
          }
        },
        {
          "team": 2,
          "pos": {
            "x": -15.16,
            "y": -4.19
          }
        }
      ]
    },
    {
      "time": -2.52,
      "players": [
        {
          "team": 1,
          "pos": {
            "x": 12.14,
            "y": 1.2
          }
        },
        {
          "team": 2,
          "pos": {
            "x": -15.16,
            "y": -4.19
          }
        }
      ]
    },
    {
      "time": -2.5,
      "players": [
        {
          "team": 1,
          "pos": {
            "x": 12.15,
            "y": 1.21
          }
        },
        {
          "team": 2,
          "pos": {
            "x": -15.16,
            "y": -4.19
          }
        }
      ]
    },
    {
      "time": -2.48,
      "players": [
        {
          "team": 1,
          "pos": {
            "x": 12.13,
            "y": 1.19
          }
        },
        {
          "team": 2,
          "pos": {
            "x": -15.16,
            "y": -4.19
          }
        }
      ]
    },
    {
      "time": -2.46,
      "players": [
        {
          "team": 1,
          "pos": {
            "x": 12.11,
            "y": 1.17
          }
        },
        {
          "team": 2,
          "pos": {
            "x": -15.16,
            "y": -4.19
          }
        }
      ]
    },
    {
      "time": -2.44,
      "players": [
        {
          "team": 1,
          "pos": {
            "x": 12.09,
            "y": 1.15
          }
        },
        {
          "team": 2,
          "pos": {
            "x": -15.16,
            "y": -4.19
          }
        }
      ]
    },
    {
      "time": -2.42,
      "players": [
        {
          "team": 1,
          "pos": {
            "x": 12.01,
            "y": 1.21
          }
        },
        {
          "team": 2,
          "pos": {
            "x": -15.16,
            "y": -4.19
          }
        }
      ]
    },
    {
      "time": -2.4,
      "players": [
        {
          "team": 1,
          "pos": {
            "x": 12.0,
            "y": 1.23
          }
        },
        {
          "team": 2,
          "pos": {
            "x": -15.16,
            "y": -4.19
          }
        }
      ]
    },
    {
      "time": -2.38,
      "players": [
        {
          "team": 1,
          "pos": {
            "x": 11.97,
            "y": 1.26
          }
        },
        {
          "team": 2,
          "pos": {
            "x": -15.16,
            "y": -4.19
          }
        }
      ]
    },
    {
      "time": -2.36,
      "players": [
        {
          "team": 1,
          "pos": {
            "x": 11.97,
            "y": 1.29
          }
        },
        {
          "team": 2,
          "pos": {
            "x": -15.16,
            "y": -4.19
          }
        }
      ]
    },
    {
      "time": -2.34,
      "players": [
        {
          "team": 1,
          "pos": {
            "x": 12.0,
            "y": 1.23
          }
        },
        {
          "team": 2,
          "pos": {
            "x": -15.16,
            "y": -4.19
          }
        }
      ]
    },
    {
      "time": -2.32,
      "players": [
        {
          "team": 1,
          "pos": {
            "x": 11.98,
            "y": 1.19
          }
        },
        {
          "team": 2,
          "pos": {
            "x": -15.16,
            "y": -4.19
          }
        }
      ]
    },
    {
      "time": -2.3,
      "players": [
        {
          "team": 1,
          "pos": {
            "x": 11.94,
            "y": 1.15
          }
        },
        {
          "team": 2,
          "pos": {
            "x": -15.16,
            "y": -4.19
          }
        }
      ]
    },
    {
      "time": -2.28,
      "players": [
        {
          "team": 1,
          "pos": {
            "x": 11.89,
            "y": 1.09
          }
        },
        {
          "team": 2,
          "pos": {
            "x": -15.16,
            "y": -4.19
          }
        }
      ]
    },
    {
      "time": -2.26,
      "players": [
        {
          "team": 1,
          "pos": {
            "x": 11.89,
            "y": 1.1
          }
        },
        {
          "team": 2,
          "pos": {
            "x": -15.16,
            "y": -4.19
          }
        }
      ]
    },
    {
      "time": -2.24,
      "players": [
        {
          "team": 1,
          "pos": {
            "x": 11.92,
            "y": 1.12
          }
        },
        {
          "team": 2,
          "pos": {
            "x": -15.16,
            "y": -4.19
          }
        }
      ]
    },
    {
      "time": -2.22,
      "players": [
        {
          "team": 1,
          "pos": {
            "x": 11.9,
            "y": 1.08
          }
        },
        {
          "team": 2,
          "pos": {
            "x": -15.16,
            "y": -4.19
          }
        }
      ]
    },
    {
      "time": -2.2,
      "players": [
        {
          "team": 1,
          "pos": {
            "x": 11.91,
            "y": 1.11
          }
        },
        {
          "team": 2,
          "pos": {
            "x": -15.16,
            "y": -4.19
          }
        }
      ]
    },
    {
      "time": -2.18,
      "players": [
        {
          "team": 1,
          "pos": {
            "x": 11.92,
            "y": 1.14
          }
        },
        {
          "team": 2,
          "pos": {
            "x": -15.16,
            "y": -4.19
          }
        }
      ]
    },
    {
      "time": -2.16,
      "players": [
        {
          "team": 1,
          "pos": {
            "x": 11.93,
            "y": 1.16
          }
        },
        {
          "team": 2,
          "pos": {
            "x": -15.16,
            "y": -4.19
          }
        }
      ]
    },
    {
      "time": -2.14,
      "players": [
        {
          "team": 1,
          "pos": {
            "x": 11.91,
            "y": 1.19
          }
        },
        {
          "team": 2,
          "pos": {
            "x": -15.16,
            "y": -4.19
          }
        }
      ]
    },
    {
      "time": -2.12,
      "players": [
        {
          "team": 1,
          "pos": {
            "x": 11.91,
            "y": 1.21
          }
        },
        {
          "team": 2,
          "pos": {
            "x": -15.16,
            "y": -4.19
          }
        }
      ]
    },
    {
      "time": -2.1,
      "players": [
        {
          "team": 1,
          "pos": {
            "x": 11.9,
            "y": 1.23
          }
        },
        {
          "team": 2,
          "pos": {
            "x": -15.16,
            "y": -4.19
          }
        }
      ]
    },
    {
      "time": -2.08,
      "players": [
        {
          "team": 1,
          "pos": {
            "x": 11.88,
            "y": 1.25
          }
        },
        {
          "team": 2,
          "pos": {
            "x": -15.16,
            "y": -4.19
          }
        }
      ]
    },
    {
      "time": -2.06,
      "players": [
        {
          "team": 1,
          "pos": {
            "x": 11.86,
            "y": 1.25
          }
        },
        {
          "team": 2,
          "pos": {
            "x": -15.16,
            "y": -4.19
          }
        }
      ]
    },
    {
      "time": -2.04,
      "players": [
        {
          "team": 1,
          "pos": {
            "x": 11.89,
            "y": 1.25
          }
        },
        {
          "team": 2,
          "pos": {
            "x": -15.16,
            "y": -4.19
          }
        }
      ]
    },
    {
      "time": -2.02,
      "players": [
        {
          "team": 1,
          "pos": {
            "x": 11.88,
            "y": 1.21
          }
        },
        {
          "team": 2,
          "pos": {
            "x": -15.16,
            "y": -4.19
          }
        }
      ]
    },
    {
      "time": -2.0,
      "players": [
        {
          "team": 1,
          "pos": {
            "x": 11.9,
            "y": 1.19
          }
        },
        {
          "team": 2,
          "pos": {
            "x": -15.16,
            "y": -4.19
          }
        }
      ]
    },
    {
      "time": -1.98,
      "players": [
        {
          "team": 1,
          "pos": {
            "x": 11.91,
            "y": 1.13
          }
        },
        {
          "team": 2,
          "pos": {
            "x": -15.16,
            "y": -4.19
          }
        }
      ]
    },
    {
      "time": -1.96,
      "players": [
        {
          "team": 1,
          "pos": {
            "x": 11.93,
            "y": 1.08
          }
        },
        {
          "team": 2,
          "pos": {
            "x": -15.16,
            "y": -4.19
          }
        }
      ]
    },
    {
      "time": -1.94,
      "players": [
        {
          "team": 1,
          "pos": {
            "x": 11.99,
            "y": 0.99
          }
        },
        {
          "team": 2,
          "pos": {
            "x": -15.16,
            "y": -4.19
          }
        }
      ]
    },
    {
      "time": -1.92,
      "players": [
        {
          "team": 1,
          "pos": {
            "x": 12.0,
            "y": 1.0
          }
        },
        {
          "team": 2,
          "pos": {
            "x": -15.16,
            "y": -4.19
          }
        }
      ]
    },
    {
      "time": -1.9,
      "players": [
        {
          "team": 1,
          "pos": {
            "x": 12.02,
            "y": 0.98
          }
        },
        {
          "team": 2,
          "pos": {
            "x": -15.16,
            "y": -4.19
          }
        }
      ]
    },
    {
      "time": -1.88,
      "players": [
        {
          "team": 1,
          "pos": {
            "x": 12.05,
            "y": 0.93
          }
        },
        {
          "team": 2,
          "pos": {
            "x": -15.16,
            "y": -4.19
          }
        }
      ]
    },
    {
      "time": -1.86,
      "players": [
        {
          "team": 1,
          "pos": {
            "x": 12.03,
            "y": 0.88
          }
        },
        {
          "team": 2,
          "pos": {
            "x": -15.16,
            "y": -4.19
          }
        }
      ]
    },
    {
      "time": -1.84,
      "players": [
        {
          "team": 1,
          "pos": {
            "x": 12.06,
            "y": 0.85
          }
        },
        {
          "team": 2,
          "pos": {
            "x": -15.16,
            "y": -4.19
          }
        }
      ]
    },
    {
      "time": -1.82,
      "players": [
        {
          "team": 1,
          "pos": {
            "x": 12.06,
            "y": 0.87
          }
        },
        {
          "team": 2,
          "pos": {
            "x": -15.16,
            "y": -4.19
          }
        }
      ]
    },
    {
      "time": -1.8,
      "players": [
        {
          "team": 1,
          "pos": {
            "x": 12.08,
            "y": 0.89
          }
        },
        {
          "team": 2,
          "pos": {
            "x": -15.16,
            "y": -4.19
          }
        }
      ]
    },
    {
      "time": -1.78,
      "players": [
        {
          "team": 1,
          "pos": {
            "x": 12.09,
            "y": 0.86
          }
        },
        {
          "team": 2,
          "pos": {
            "x": -15.16,
            "y": -4.19
          }
        }
      ]
    },
    {
      "time": -1.76,
      "players": [
        {
          "team": 1,
          "pos": {
            "x": 12.11,
            "y": 0.84
          }
        },
        {
          "team": 2,
          "pos": {
            "x": -15.16,
            "y": -4.19
          }
        }
      ]
    },
    {
      "time": -1.74,
      "players": [
        {
          "team": 1,
          "pos": {
            "x": 12.12,
            "y": 0.84
          }
        },
        {
          "team": 2,
          "pos": {
            "x": -15.16,
            "y": -4.19
          }
        }
      ]
    },
    {
      "time": -1.72,
      "players": [
        {
          "team": 1,
          "pos": {
            "x": 12.12,
            "y": 0.87
          }
        },
        {
          "team": 2,
          "pos": {
            "x": -15.16,
            "y": -4.19
          }
        }
      ]
    },
    {
      "time": -1.7,
      "players": [
        {
          "team": 1,
          "pos": {
            "x": 12.12,
            "y": 0.89
          }
        },
        {
          "team": 2,
          "pos": {
            "x": -15.16,
            "y": -4.19
          }
        }
      ]
    },
    {
      "time": -1.68,
      "players": [
        {
          "team": 1,
          "pos": {
            "x": 12.15,
            "y": 0.86
          }
        },
        {
          "team": 2,
          "pos": {
            "x": -15.16,
            "y": -4.19
          }
        }
      ]
    },
    {
      "time": -1.66,
      "players": [
        {
          "team": 1,
          "pos": {
            "x": 12.16,
            "y": 0.88
          }
        },
        {
          "team": 2,
          "pos": {
            "x": -15.16,
            "y": -4.19
          }
        }
      ]
    },
    {
      "time": -1.64,
      "players": [
        {
          "team": 1,
          "pos": {
            "x": 12.16,
            "y": 0.87
          }
        },
        {
          "team": 2,
          "pos": {
            "x": -15.16,
            "y": -4.19
          }
        }
      ]
    },
    {
      "time": -1.62,
      "players": [
        {
          "team": 1,
          "pos": {
            "x": 12.14,
            "y": 0.88
          }
        },
        {
          "team": 2,
          "pos": {
            "x": -15.16,
            "y": -4.19
          }
        }
      ]
    },
    {
      "time": -1.6,
      "players": [
        {
          "team": 1,
          "pos": {
            "x": 12.16,
            "y": 0.86
          }
        },
        {
          "team": 2,
          "pos": {
            "x": -15.16,
            "y": -4.19
          }
        }
      ]
    },
    {
      "time": -1.58,
      "players": [
        {
          "team": 1,
          "pos": {
            "x": 12.11,
            "y": 0.88
          }
        },
        {
          "team": 2,
          "pos": {
            "x": -15.16,
            "y": -4.19
          }
        }
      ]
    },
    {
      "time": -1.56,
      "players": [
        {
          "team": 1,
          "pos": {
            "x": 12.12,
            "y": 0.89
          }
        },
        {
          "team": 2,
          "pos": {
            "x": -15.16,
            "y": -4.19
          }
        }
      ]
    },
    {
      "time": -1.54,
      "players": [
        {
          "team": 1,
          "pos": {
            "x": 12.12,
            "y": 0.89
          }
        },
        {
          "team": 2,
          "pos": {
            "x": -15.16,
            "y": -4.19
          }
        }
      ]
    },
    {
      "time": -1.52,
      "players": [
        {
          "team": 1,
          "pos": {
            "x": 12.17,
            "y": 0.89
          }
        },
        {
          "team": 2,
          "pos": {
            "x": -15.16,
            "y": -4.19
          }
        }
      ]
    },
    {
      "time": -1.5,
      "players": [
        {
          "team": 1,
          "pos": {
            "x": 12.2,
            "y": 0.89
          }
        },
        {
          "team": 2,
          "pos": {
            "x": -15.16,
            "y": -4.19
          }
        }
      ]
    },
    {
      "time": -1.48,
      "players": [
        {
          "team": 1,
          "pos": {
            "x": 12.21,
            "y": 0.86
          }
        },
        {
          "team": 2,
          "pos": {
            "x": -15.16,
            "y": -4.19
          }
        }
      ]
    },
    {
      "time": -1.46,
      "players": [
        {
          "team": 1,
          "pos": {
            "x": 12.22,
            "y": 0.83
          }
        },
        {
          "team": 2,
          "pos": {
            "x": -15.16,
            "y": -4.19
          }
        }
      ]
    },
    {
      "time": -1.44,
      "players": [
        {
          "team": 1,
          "pos": {
            "x": 12.22,
            "y": 0.81
          }
        },
        {
          "team": 2,
          "pos": {
            "x": -15.16,
            "y": -4.19
          }
        }
      ]
    },
    {
      "time": -1.42,
      "players": [
        {
          "team": 1,
          "pos": {
            "x": 12.21,
            "y": 0.78
          }
        },
        {
          "team": 2,
          "pos": {
            "x": -15.16,
            "y": -4.19
          }
        }
      ]
    },
    {
      "time": -1.4,
      "players": [
        {
          "team": 1,
          "pos": {
            "x": 12.18,
            "y": 0.8
          }
        },
        {
          "team": 2,
          "pos": {
            "x": -15.16,
            "y": -4.19
          }
        }
      ]
    },
    {
      "time": -1.38,
      "players": [
        {
          "team": 1,
          "pos": {
            "x": 12.18,
            "y": 0.78
          }
        },
        {
          "team": 2,
          "pos": {
            "x": -15.16,
            "y": -4.19
          }
        }
      ]
    },
    {
      "time": -1.36,
      "players": [
        {
          "team": 1,
          "pos": {
            "x": 12.18,
            "y": 0.76
          }
        },
        {
          "team": 2,
          "pos": {
            "x": -15.16,
            "y": -4.19
          }
        }
      ]
    },
    {
      "time": -1.34,
      "players": [
        {
          "team": 1,
          "pos": {
            "x": 12.17,
            "y": 0.73
          }
        },
        {
          "team": 2,
          "pos": {
            "x": -15.16,
            "y": -4.19
          }
        }
      ]
    },
    {
      "time": -1.32,
      "players": [
        {
          "team": 1,
          "pos": {
            "x": 12.14,
            "y": 0.74
          }
        },
        {
          "team": 2,
          "pos": {
            "x": -15.16,
            "y": -4.19
          }
        }
      ]
    },
    {
      "time": -1.3,
      "players": [
        {
          "team": 1,
          "pos": {
            "x": 12.12,
            "y": 0.71
          }
        },
        {
          "team": 2,
          "pos": {
            "x": -15.15,
            "y": -4.19
          }
        }
      ]
    },
    {
      "time": -1.28,
      "players": [
        {
          "team": 1,
          "pos": {
            "x": 12.1,
            "y": 0.7
          }
        },
        {
          "team": 2,
          "pos": {
            "x": -15.14,
            "y": -4.2
          }
        }
      ]
    },
    {
      "time": -1.26,
      "players": [
        {
          "team": 1,
          "pos": {
            "x": 12.09,
            "y": 0.68
          }
        },
        {
          "team": 2,
          "pos": {
            "x": -15.13,
            "y": -4.2
          }
        }
      ]
    },
    {
      "time": -1.24,
      "players": [
        {
          "team": 1,
          "pos": {
            "x": 12.08,
            "y": 0.65
          }
        },
        {
          "team": 2,
          "pos": {
            "x": -15.08,
            "y": -4.21
          }
        }
      ]
    },
    {
      "time": -1.22,
      "players": [
        {
          "team": 1,
          "pos": {
            "x": 12.05,
            "y": 0.72
          }
        },
        {
          "team": 2,
          "pos": {
            "x": -15.06,
            "y": -4.2
          }
        }
      ]
    },
    {
      "time": -1.2,
      "players": [
        {
          "team": 1,
          "pos": {
            "x": 12.04,
            "y": 0.72
          }
        },
        {
          "team": 2,
          "pos": {
            "x": -15.03,
            "y": -4.19
          }
        }
      ]
    },
    {
      "time": -1.18,
      "players": [
        {
          "team": 1,
          "pos": {
            "x": 12.02,
            "y": 0.78
          }
        },
        {
          "team": 2,
          "pos": {
            "x": -15.03,
            "y": -4.18
          }
        }
      ]
    },
    {
      "time": -1.16,
      "players": [
        {
          "team": 1,
          "pos": {
            "x": 12.03,
            "y": 0.77
          }
        },
        {
          "team": 2,
          "pos": {
            "x": -15.02,
            "y": -4.2
          }
        }
      ]
    },
    {
      "time": -1.14,
      "players": [
        {
          "team": 1,
          "pos": {
            "x": 12.01,
            "y": 0.78
          }
        },
        {
          "team": 2,
          "pos": {
            "x": -14.99,
            "y": -4.2
          }
        }
      ]
    },
    {
      "time": -1.12,
      "players": [
        {
          "team": 1,
          "pos": {
            "x": 12.0,
            "y": 0.81
          }
        },
        {
          "team": 2,
          "pos": {
            "x": -14.96,
            "y": -4.21
          }
        }
      ]
    },
    {
      "time": -1.1,
      "players": [
        {
          "team": 1,
          "pos": {
            "x": 12.02,
            "y": 0.85
          }
        },
        {
          "team": 2,
          "pos": {
            "x": -14.97,
            "y": -4.21
          }
        }
      ]
    },
    {
      "time": -1.08,
      "players": [
        {
          "team": 1,
          "pos": {
            "x": 12.04,
            "y": 0.84
          }
        },
        {
          "team": 2,
          "pos": {
            "x": -14.96,
            "y": -4.24
          }
        }
      ]
    },
    {
      "time": -1.06,
      "players": [
        {
          "team": 1,
          "pos": {
            "x": 12.07,
            "y": 0.82
          }
        },
        {
          "team": 2,
          "pos": {
            "x": -14.99,
            "y": -4.23
          }
        }
      ]
    },
    {
      "time": -1.04,
      "players": [
        {
          "team": 1,
          "pos": {
            "x": 12.06,
            "y": 0.83
          }
        },
        {
          "team": 2,
          "pos": {
            "x": -14.99,
            "y": -4.21
          }
        }
      ]
    },
    {
      "time": -1.02,
      "players": [
        {
          "team": 1,
          "pos": {
            "x": 12.11,
            "y": 0.8
          }
        },
        {
          "team": 2,
          "pos": {
            "x": -15.0,
            "y": -4.2
          }
        }
      ]
    },
    {
      "time": -1.004,
      "ball": {
        "pos": {
          "x": 11.741,
          "y": 1.452,
          "z": 2.083
        }
      },
      "players": [
        {
          "team": 1,
          "pos": {
            "x": 12.11,
            "y": 0.74
          }
        },
        {
          "team": 2,
          "pos": {
            "x": -15.0,
            "y": -4.21
          }
        }
      ]
    },
    {
      "time": -1.0,
      "ball": {
        "pos": {
          "x": 11.74,
          "y": 1.45,
          "z": 2.105
        }
      },
      "players": [
        {
          "team": 1,
          "pos": {
            "x": 12.11,
            "y": 0.76
          }
        },
        {
          "team": 2,
          "pos": {
            "x": -15.01,
            "y": -4.18
          }
        }
      ]
    },
    {
      "time": -0.98,
      "ball": {
        "pos": {
          "x": 11.735,
          "y": 1.437,
          "z": 2.216
        }
      },
      "players": [
        {
          "team": 1,
          "pos": {
            "x": 12.11,
            "y": 0.79
          }
        },
        {
          "team": 2,
          "pos": {
            "x": -15.0,
            "y": -4.18
          }
        }
      ]
    },
    {
      "time": -0.96,
      "ball": {
        "pos": {
          "x": 11.73,
          "y": 1.425,
          "z": 2.322
        }
      },
      "players": [
        {
          "team": 1,
          "pos": {
            "x": 12.11,
            "y": 0.76
          }
        },
        {
          "team": 2,
          "pos": {
            "x": -14.96,
            "y": -4.18
          }
        }
      ]
    },
    {
      "time": -0.94,
      "ball": {
        "pos": {
          "x": 11.725,
          "y": 1.412,
          "z": 2.425
        }
      },
      "players": [
        {
          "team": 1,
          "pos": {
            "x": 12.1,
            "y": 0.84
          }
        },
        {
          "team": 2,
          "pos": {
            "x": -14.93,
            "y": -4.21
          }
        }
      ]
    },
    {
      "time": -0.92,
      "ball": {
        "pos": {
          "x": 11.72,
          "y": 1.4,
          "z": 2.523
        }
      },
      "players": [
        {
          "team": 1,
          "pos": {
            "x": 12.08,
            "y": 0.9
          }
        },
        {
          "team": 2,
          "pos": {
            "x": -14.9,
            "y": -4.21
          }
        }
      ]
    },
    {
      "time": -0.9,
      "ball": {
        "pos": {
          "x": 11.715,
          "y": 1.387,
          "z": 2.618
        }
      },
      "players": [
        {
          "team": 1,
          "pos": {
            "x": 12.08,
            "y": 0.96
          }
        },
        {
          "team": 2,
          "pos": {
            "x": -14.89,
            "y": -4.18
          }
        }
      ]
    },
    {
      "time": -0.88,
      "ball": {
        "pos": {
          "x": 11.709,
          "y": 1.375,
          "z": 2.708
        }
      },
      "players": [
        {
          "team": 1,
          "pos": {
            "x": 12.09,
            "y": 1.03
          }
        },
        {
          "team": 2,
          "pos": {
            "x": -14.88,
            "y": -4.17
          }
        }
      ]
    },
    {
      "time": -0.86,
      "ball": {
        "pos": {
          "x": 11.704,
          "y": 1.363,
          "z": 2.794
        }
      },
      "players": [
        {
          "team": 1,
          "pos": {
            "x": 12.1,
            "y": 1.09
          }
        },
        {
          "team": 2,
          "pos": {
            "x": -14.87,
            "y": -4.15
          }
        }
      ]
    },
    {
      "time": -0.84,
      "ball": {
        "pos": {
          "x": 11.699,
          "y": 1.35,
          "z": 2.877
        }
      },
      "players": [
        {
          "team": 1,
          "pos": {
            "x": 12.16,
            "y": 1.09
          }
        },
        {
          "team": 2,
          "pos": {
            "x": -14.9,
            "y": -4.15
          }
        }
      ]
    },
    {
      "time": -0.82,
      "ball": {
        "pos": {
          "x": 11.694,
          "y": 1.338,
          "z": 2.955
        }
      },
      "players": [
        {
          "team": 1,
          "pos": {
            "x": 12.19,
            "y": 1.13
          }
        },
        {
          "team": 2,
          "pos": {
            "x": -14.9,
            "y": -4.13
          }
        }
      ]
    },
    {
      "time": -0.8,
      "ball": {
        "pos": {
          "x": 11.689,
          "y": 1.326,
          "z": 3.029
        }
      },
      "players": [
        {
          "team": 1,
          "pos": {
            "x": 12.21,
            "y": 1.15
          }
        },
        {
          "team": 2,
          "pos": {
            "x": -14.93,
            "y": -4.12
          }
        }
      ]
    },
    {
      "time": -0.78,
      "ball": {
        "pos": {
          "x": 11.684,
          "y": 1.314,
          "z": 3.1
        }
      },
      "players": [
        {
          "team": 1,
          "pos": {
            "x": 12.26,
            "y": 1.18
          }
        },
        {
          "team": 2,
          "pos": {
            "x": -14.93,
            "y": -4.1
          }
        }
      ]
    },
    {
      "time": -0.76,
      "ball": {
        "pos": {
          "x": 11.679,
          "y": 1.301,
          "z": 3.166
        }
      },
      "players": [
        {
          "team": 1,
          "pos": {
            "x": 12.27,
            "y": 1.2
          }
        },
        {
          "team": 2,
          "pos": {
            "x": -14.93,
            "y": -4.08
          }
        }
      ]
    },
    {
      "time": -0.74,
      "ball": {
        "pos": {
          "x": 11.673,
          "y": 1.289,
          "z": 3.228
        }
      },
      "players": [
        {
          "team": 1,
          "pos": {
            "x": 12.27,
            "y": 1.21
          }
        },
        {
          "team": 2,
          "pos": {
            "x": -14.96,
            "y": -4.06
          }
        }
      ]
    },
    {
      "time": -0.72,
      "ball": {
        "pos": {
          "x": 11.668,
          "y": 1.277,
          "z": 3.286
        }
      },
      "players": [
        {
          "team": 1,
          "pos": {
            "x": 12.28,
            "y": 1.24
          }
        },
        {
          "team": 2,
          "pos": {
            "x": -14.94,
            "y": -4.09
          }
        }
      ]
    },
    {
      "time": -0.7,
      "ball": {
        "pos": {
          "x": 11.663,
          "y": 1.265,
          "z": 3.341
        }
      },
      "players": [
        {
          "team": 1,
          "pos": {
            "x": 12.29,
            "y": 1.15
          }
        },
        {
          "team": 2,
          "pos": {
            "x": -14.93,
            "y": -4.09
          }
        }
      ]
    },
    {
      "time": -0.68,
      "ball": {
        "pos": {
          "x": 11.658,
          "y": 1.253,
          "z": 3.391
        }
      },
      "players": [
        {
          "team": 1,
          "pos": {
            "x": 12.3,
            "y": 1.1
          }
        },
        {
          "team": 2,
          "pos": {
            "x": -14.93,
            "y": -4.1
          }
        }
      ]
    },
    {
      "time": -0.66,
      "ball": {
        "pos": {
          "x": 11.653,
          "y": 1.241,
          "z": 3.437
        }
      },
      "players": [
        {
          "team": 1,
          "pos": {
            "x": 12.35,
            "y": 1.05
          }
        },
        {
          "team": 2,
          "pos": {
            "x": -14.93,
            "y": -4.14
          }
        }
      ]
    },
    {
      "time": -0.64,
      "ball": {
        "pos": {
          "x": 11.648,
          "y": 1.229,
          "z": 3.48
        }
      },
      "players": [
        {
          "team": 1,
          "pos": {
            "x": 12.37,
            "y": 1.05
          }
        },
        {
          "team": 2,
          "pos": {
            "x": -14.96,
            "y": -4.18
          }
        }
      ]
    },
    {
      "time": -0.62,
      "ball": {
        "pos": {
          "x": 11.643,
          "y": 1.217,
          "z": 3.518
        }
      },
      "players": [
        {
          "team": 1,
          "pos": {
            "x": 12.4,
            "y": 1.01
          }
        },
        {
          "team": 2,
          "pos": {
            "x": -14.97,
            "y": -4.22
          }
        }
      ]
    },
    {
      "time": -0.6,
      "ball": {
        "pos": {
          "x": 11.638,
          "y": 1.205,
          "z": 3.553
        }
      },
      "players": [
        {
          "team": 1,
          "pos": {
            "x": 12.43,
            "y": 0.98
          }
        },
        {
          "team": 2,
          "pos": {
            "x": -14.98,
            "y": -4.23
          }
        }
      ]
    },
    {
      "time": -0.58,
      "ball": {
        "pos": {
          "x": 11.632,
          "y": 1.193,
          "z": 3.583
        }
      },
      "players": [
        {
          "team": 1,
          "pos": {
            "x": 12.45,
            "y": 0.99
          }
        },
        {
          "team": 2,
          "pos": {
            "x": -15.0,
            "y": -4.24
          }
        }
      ]
    },
    {
      "time": -0.56,
      "ball": {
        "pos": {
          "x": 11.627,
          "y": 1.181,
          "z": 3.61
        }
      },
      "players": [
        {
          "team": 1,
          "pos": {
            "x": 12.48,
            "y": 0.98
          }
        },
        {
          "team": 2,
          "pos": {
            "x": -15.03,
            "y": -4.23
          }
        }
      ]
    },
    {
      "time": -0.54,
      "ball": {
        "pos": {
          "x": 11.622,
          "y": 1.169,
          "z": 3.632
        }
      },
      "players": [
        {
          "team": 1,
          "pos": {
            "x": 12.5,
            "y": 0.98
          }
        },
        {
          "team": 2,
          "pos": {
            "x": -15.06,
            "y": -4.22
          }
        }
      ]
    },
    {
      "time": -0.52,
      "ball": {
        "pos": {
          "x": 11.617,
          "y": 1.157,
          "z": 3.651
        }
      },
      "players": [
        {
          "team": 1,
          "pos": {
            "x": 12.51,
            "y": 1.02
          }
        },
        {
          "team": 2,
          "pos": {
            "x": -15.04,
            "y": -4.25
          }
        }
      ]
    },
    {
      "time": -0.5,
      "ball": {
        "pos": {
          "x": 11.612,
          "y": 1.145,
          "z": 3.666
        }
      },
      "players": [
        {
          "team": 1,
          "pos": {
            "x": 12.49,
            "y": 1.06
          }
        },
        {
          "team": 2,
          "pos": {
            "x": -15.03,
            "y": -4.26
          }
        }
      ]
    },
    {
      "time": -0.48,
      "ball": {
        "pos": {
          "x": 11.607,
          "y": 1.133,
          "z": 3.677
        }
      },
      "players": [
        {
          "team": 1,
          "pos": {
            "x": 12.51,
            "y": 1.04
          }
        },
        {
          "team": 2,
          "pos": {
            "x": -15.05,
            "y": -4.25
          }
        }
      ]
    },
    {
      "time": -0.46,
      "ball": {
        "pos": {
          "x": 11.602,
          "y": 1.122,
          "z": 3.684
        }
      },
      "players": [
        {
          "team": 1,
          "pos": {
            "x": 12.49,
            "y": 1.07
          }
        },
        {
          "team": 2,
          "pos": {
            "x": -15.03,
            "y": -4.26
          }
        }
      ]
    },
    {
      "time": -0.44,
      "ball": {
        "pos": {
          "x": 11.597,
          "y": 1.11,
          "z": 3.687
        }
      },
      "players": [
        {
          "team": 1,
          "pos": {
            "x": 12.49,
            "y": 1.03
          }
        },
        {
          "team": 2,
          "pos": {
            "x": -15.05,
            "y": -4.24
          }
        }
      ]
    },
    {
      "time": -0.434,
      "ball": {
        "pos": {
          "x": 11.596,
          "y": 1.106,
          "z": 3.687
        }
      },
      "players": [
        {
          "team": 1,
          "pos": {
            "x": 12.47,
            "y": 1.05
          }
        },
        {
          "team": 2,
          "pos": {
            "x": -15.04,
            "y": -4.26
          }
        }
      ]
    },
    {
      "time": -0.42,
      "ball": {
        "pos": {
          "x": 11.592,
          "y": 1.098,
          "z": 3.686
        }
      },
      "players": [
        {
          "team": 1,
          "pos": {
            "x": 12.47,
            "y": 1.05
          }
        },
        {
          "team": 2,
          "pos": {
            "x": -15.06,
            "y": -4.22
          }
        }
      ]
    },
    {
      "time": -0.4,
      "ball": {
        "pos": {
          "x": 11.587,
          "y": 1.086,
          "z": 3.681
        }
      },
      "players": [
        {
          "team": 1,
          "pos": {
            "x": 12.48,
            "y": 1.06
          }
        },
        {
          "team": 2,
          "pos": {
            "x": -15.06,
            "y": -4.21
          }
        }
      ]
    },
    {
      "time": -0.38,
      "ball": {
        "pos": {
          "x": 11.582,
          "y": 1.075,
          "z": 3.673
        }
      },
      "players": [
        {
          "team": 1,
          "pos": {
            "x": 12.48,
            "y": 1.1
          }
        },
        {
          "team": 2,
          "pos": {
            "x": -15.06,
            "y": -4.19
          }
        }
      ]
    },
    {
      "time": -0.36,
      "ball": {
        "pos": {
          "x": 11.577,
          "y": 1.063,
          "z": 3.66
        }
      },
      "players": [
        {
          "team": 1,
          "pos": {
            "x": 12.47,
            "y": 1.15
          }
        },
        {
          "team": 2,
          "pos": {
            "x": -15.05,
            "y": -4.17
          }
        }
      ]
    },
    {
      "time": -0.34,
      "ball": {
        "pos": {
          "x": 11.572,
          "y": 1.052,
          "z": 3.644
        }
      },
      "players": [
        {
          "team": 1,
          "pos": {
            "x": 12.41,
            "y": 1.14
          }
        },
        {
          "team": 2,
          "pos": {
            "x": -15.04,
            "y": -4.14
          }
        }
      ]
    },
    {
      "time": -0.32,
      "ball": {
        "pos": {
          "x": 11.567,
          "y": 1.04,
          "z": 3.624
        }
      },
      "players": [
        {
          "team": 1,
          "pos": {
            "x": 12.36,
            "y": 1.16
          }
        },
        {
          "team": 2,
          "pos": {
            "x": -15.02,
            "y": -4.12
          }
        }
      ]
    },
    {
      "time": -0.3,
      "ball": {
        "pos": {
          "x": 11.562,
          "y": 1.029,
          "z": 3.6
        }
      },
      "players": [
        {
          "team": 1,
          "pos": {
            "x": 12.3,
            "y": 1.18
          }
        },
        {
          "team": 2,
          "pos": {
            "x": -14.94,
            "y": -4.12
          }
        }
      ]
    },
    {
      "time": -0.28,
      "ball": {
        "pos": {
          "x": 11.557,
          "y": 1.017,
          "z": 3.572
        }
      },
      "players": [
        {
          "team": 1,
          "pos": {
            "x": 12.27,
            "y": 1.15
          }
        },
        {
          "team": 2,
          "pos": {
            "x": -14.92,
            "y": -4.1
          }
        }
      ]
    },
    {
      "time": -0.26,
      "ball": {
        "pos": {
          "x": 11.552,
          "y": 1.006,
          "z": 3.54
        }
      },
      "players": [
        {
          "team": 1,
          "pos": {
            "x": 12.27,
            "y": 1.09
          }
        },
        {
          "team": 2,
          "pos": {
            "x": -14.86,
            "y": -4.11
          }
        }
      ]
    },
    {
      "time": -0.24,
      "ball": {
        "pos": {
          "x": 11.547,
          "y": 0.994,
          "z": 3.504
        }
      },
      "players": [
        {
          "team": 1,
          "pos": {
            "x": 12.28,
            "y": 1.12
          }
        },
        {
          "team": 2,
          "pos": {
            "x": -14.78,
            "y": -4.12
          }
        }
      ]
    },
    {
      "time": -0.22,
      "ball": {
        "pos": {
          "x": 11.542,
          "y": 0.983,
          "z": 3.465
        }
      },
      "players": [
        {
          "team": 1,
          "pos": {
            "x": 12.22,
            "y": 1.15
          }
        },
        {
          "team": 2,
          "pos": {
            "x": -14.74,
            "y": -4.09
          }
        }
      ]
    },
    {
      "time": -0.2,
      "ball": {
        "pos": {
          "x": 11.537,
          "y": 0.971,
          "z": 3.422
        }
      },
      "players": [
        {
          "team": 1,
          "pos": {
            "x": 12.19,
            "y": 1.18
          }
        },
        {
          "team": 2,
          "pos": {
            "x": -14.68,
            "y": -4.06
          }
        }
      ]
    },
    {
      "time": -0.18,
      "ball": {
        "pos": {
          "x": 11.532,
          "y": 0.96,
          "z": 3.375
        }
      },
      "players": [
        {
          "team": 1,
          "pos": {
            "x": 12.15,
            "y": 1.17
          }
        },
        {
          "team": 2,
          "pos": {
            "x": -14.58,
            "y": -4.04
          }
        }
      ]
    },
    {
      "time": -0.16,
      "ball": {
        "pos": {
          "x": 11.528,
          "y": 0.949,
          "z": 3.324
        }
      },
      "players": [
        {
          "team": 1,
          "pos": {
            "x": 12.11,
            "y": 1.11
          }
        },
        {
          "team": 2,
          "pos": {
            "x": -14.49,
            "y": -4.01
          }
        }
      ]
    },
    {
      "time": -0.14,
      "ball": {
        "pos": {
          "x": 11.523,
          "y": 0.938,
          "z": 3.269
        }
      },
      "players": [
        {
          "team": 1,
          "pos": {
            "x": 12.07,
            "y": 1.1
          }
        },
        {
          "team": 2,
          "pos": {
            "x": -14.42,
            "y": -3.98
          }
        }
      ]
    },
    {
      "time": -0.12,
      "ball": {
        "pos": {
          "x": 11.518,
          "y": 0.926,
          "z": 3.211
        }
      },
      "players": [
        {
          "team": 1,
          "pos": {
            "x": 12.07,
            "y": 1.07
          }
        },
        {
          "team": 2,
          "pos": {
            "x": -14.34,
            "y": -3.95
          }
        }
      ]
    },
    {
      "time": -0.1,
      "ball": {
        "pos": {
          "x": 11.513,
          "y": 0.915,
          "z": 3.148
        }
      },
      "players": [
        {
          "team": 1,
          "pos": {
            "x": 12.01,
            "y": 1.1
          }
        },
        {
          "team": 2,
          "pos": {
            "x": -14.37,
            "y": -3.93
          }
        }
      ]
    },
    {
      "time": -0.08,
      "ball": {
        "pos": {
          "x": 11.508,
          "y": 0.904,
          "z": 3.082
        }
      },
      "players": [
        {
          "team": 1,
          "pos": {
            "x": 11.93,
            "y": 1.1
          }
        },
        {
          "team": 2,
          "pos": {
            "x": -14.33,
            "y": -3.93
          }
        }
      ]
    },
    {
      "time": -0.06,
      "ball": {
        "pos": {
          "x": 11.504,
          "y": 0.893,
          "z": 3.012
        }
      },
      "players": [
        {
          "team": 1,
          "pos": {
            "x": 11.83,
            "y": 1.13
          }
        },
        {
          "team": 2,
          "pos": {
            "x": -14.24,
            "y": -3.91
          }
        }
      ]
    },
    {
      "time": -0.04,
      "ball": {
        "pos": {
          "x": 11.499,
          "y": 0.882,
          "z": 2.939
        }
      },
      "players": [
        {
          "team": 1,
          "pos": {
            "x": 11.85,
            "y": 1.15
          }
        },
        {
          "team": 2,
          "pos": {
            "x": -14.15,
            "y": -3.93
          }
        }
      ]
    },
    {
      "time": -0.02,
      "ball": {
        "pos": {
          "x": 11.494,
          "y": 0.871,
          "z": 2.861
        }
      },
      "players": [
        {
          "team": 1,
          "pos": {
            "x": 11.84,
            "y": 1.16
          }
        },
        {
          "team": 2,
          "pos": {
            "x": -14.06,
            "y": -3.9
          }
        }
      ]
    },
    {
      "time": 0.0,
      "event": "hit",
      "ball": {
        "pos": {
          "x": 11.489,
          "y": 0.86,
          "z": 2.78
        }
      },
      "players": [
        {
          "team": 1,
          "pos": {
            "x": 11.83,
            "y": 1.15
          }
        },
        {
          "team": 2,
          "pos": {
            "x": -14.07,
            "y": -3.9
          }
        }
      ]
    },
    {
      "time": 0.02,
      "ball": {
        "pos": {
          "x": 10.482,
          "y": 0.646,
          "z": 2.715
        }
      },
      "players": [
        {
          "team": 1,
          "pos": {
            "x": 11.83,
            "y": 1.17
          }
        },
        {
          "team": 2,
          "pos": {
            "x": -14.09,
            "y": -3.91
          }
        }
      ]
    },
    {
      "time": 0.04,
      "ball": {
        "pos": {
          "x": 9.496,
          "y": 0.434,
          "z": 2.647
        }
      },
      "players": [
        {
          "team": 1,
          "pos": {
            "x": 11.85,
            "y": 1.24
          }
        },
        {
          "team": 2,
          "pos": {
            "x": -14.11,
            "y": -3.9
          }
        }
      ]
    },
    {
      "time": 0.06,
      "ball": {
        "pos": {
          "x": 8.53,
          "y": 0.224,
          "z": 2.577
        }
      },
      "players": [
        {
          "team": 1,
          "pos": {
            "x": 11.77,
            "y": 1.29
          }
        },
        {
          "team": 2,
          "pos": {
            "x": -14.11,
            "y": -3.88
          }
        }
      ]
    },
    {
      "time": 0.08,
      "ball": {
        "pos": {
          "x": 7.584,
          "y": 0.016,
          "z": 2.504
        }
      },
      "players": [
        {
          "team": 1,
          "pos": {
            "x": 11.73,
            "y": 1.31
          }
        },
        {
          "team": 2,
          "pos": {
            "x": -14.07,
            "y": -3.87
          }
        }
      ]
    },
    {
      "time": 0.1,
      "ball": {
        "pos": {
          "x": 6.657,
          "y": -0.19,
          "z": 2.428
        }
      },
      "players": [
        {
          "team": 1,
          "pos": {
            "x": 11.68,
            "y": 1.34
          }
        },
        {
          "team": 2,
          "pos": {
            "x": -14.03,
            "y": -3.87
          }
        }
      ]
    },
    {
      "time": 0.12,
      "ball": {
        "pos": {
          "x": 5.749,
          "y": -0.395,
          "z": 2.349
        }
      },
      "players": [
        {
          "team": 1,
          "pos": {
            "x": 11.61,
            "y": 1.36
          }
        },
        {
          "team": 2,
          "pos": {
            "x": -14.02,
            "y": -3.84
          }
        }
      ]
    },
    {
      "time": 0.14,
      "ball": {
        "pos": {
          "x": 4.86,
          "y": -0.598,
          "z": 2.268
        }
      },
      "players": [
        {
          "team": 1,
          "pos": {
            "x": 11.55,
            "y": 1.37
          }
        },
        {
          "team": 2,
          "pos": {
            "x": -14.01,
            "y": -3.83
          }
        }
      ]
    },
    {
      "time": 0.16,
      "ball": {
        "pos": {
          "x": 3.989,
          "y": -0.799,
          "z": 2.184
        }
      },
      "players": [
        {
          "team": 1,
          "pos": {
            "x": 11.52,
            "y": 1.39
          }
        },
        {
          "team": 2,
          "pos": {
            "x": -14.02,
            "y": -3.83
          }
        }
      ]
    },
    {
      "time": 0.18,
      "ball": {
        "pos": {
          "x": 3.135,
          "y": -0.998,
          "z": 2.098
        }
      },
      "players": [
        {
          "team": 1,
          "pos": {
            "x": 11.5,
            "y": 1.37
          }
        },
        {
          "team": 2,
          "pos": {
            "x": -13.99,
            "y": -3.8
          }
        }
      ]
    },
    {
      "time": 0.2,
      "ball": {
        "pos": {
          "x": 2.298,
          "y": -1.196,
          "z": 2.009
        }
      },
      "players": [
        {
          "team": 1,
          "pos": {
            "x": 11.48,
            "y": 1.34
          }
        },
        {
          "team": 2,
          "pos": {
            "x": -14.02,
            "y": -3.8
          }
        }
      ]
    },
    {
      "time": 0.22,
      "ball": {
        "pos": {
          "x": 1.477,
          "y": -1.393,
          "z": 1.918
        }
      },
      "players": [
        {
          "team": 1,
          "pos": {
            "x": 11.49,
            "y": 1.34
          }
        },
        {
          "team": 2,
          "pos": {
            "x": -14.04,
            "y": -3.8
          }
        }
      ]
    },
    {
      "time": 0.24,
      "ball": {
        "pos": {
          "x": 0.673,
          "y": -1.587,
          "z": 1.824
        }
      },
      "players": [
        {
          "team": 1,
          "pos": {
            "x": 11.53,
            "y": 1.29
          }
        },
        {
          "team": 2,
          "pos": {
            "x": -14.06,
            "y": -3.79
          }
        }
      ]
    },
    {
      "time": 0.257,
      "ball": {
        "pos": {
          "x": 0.0,
          "y": -1.752,
          "z": 1.742
        }
      },
      "players": [
        {
          "team": 1,
          "pos": {
            "x": 11.58,
            "y": 1.24
          }
        },
        {
          "team": 2,
          "pos": {
            "x": -14.05,
            "y": -3.78
          }
        }
      ]
    },
    {
      "time": 0.26,
      "ball": {
        "pos": {
          "x": -0.116,
          "y": -1.781,
          "z": 1.727
        }
      },
      "players": [
        {
          "team": 1,
          "pos": {
            "x": 11.56,
            "y": 1.26
          }
        },
        {
          "team": 2,
          "pos": {
            "x": -14.07,
            "y": -3.77
          }
        }
      ]
    },
    {
      "time": 0.28,
      "ball": {
        "pos": {
          "x": -0.89,
          "y": -1.972,
          "z": 1.628
        }
      },
      "players": [
        {
          "team": 1,
          "pos": {
            "x": 11.6,
            "y": 1.22
          }
        },
        {
          "team": 2,
          "pos": {
            "x": -14.09,
            "y": -3.78
          }
        }
      ]
    },
    {
      "time": 0.3,
      "ball": {
        "pos": {
          "x": -1.649,
          "y": -2.163,
          "z": 1.527
        }
      },
      "players": [
        {
          "team": 1,
          "pos": {
            "x": 11.62,
            "y": 1.2
          }
        },
        {
          "team": 2,
          "pos": {
            "x": -14.1,
            "y": -3.79
          }
        }
      ]
    },
    {
      "time": 0.32,
      "ball": {
        "pos": {
          "x": -2.394,
          "y": -2.352,
          "z": 1.423
        }
      },
      "players": [
        {
          "team": 1,
          "pos": {
            "x": 11.62,
            "y": 1.14
          }
        },
        {
          "team": 2,
          "pos": {
            "x": -14.12,
            "y": -3.79
          }
        }
      ]
    },
    {
      "time": 0.34,
      "ball": {
        "pos": {
          "x": -3.125,
          "y": -2.539,
          "z": 1.317
        }
      },
      "players": [
        {
          "team": 1,
          "pos": {
            "x": 11.61,
            "y": 1.11
          }
        },
        {
          "team": 2,
          "pos": {
            "x": -14.14,
            "y": -3.79
          }
        }
      ]
    },
    {
      "time": 0.36,
      "ball": {
        "pos": {
          "x": -3.844,
          "y": -2.726,
          "z": 1.209
        }
      },
      "players": [
        {
          "team": 1,
          "pos": {
            "x": 11.61,
            "y": 1.09
          }
        },
        {
          "team": 2,
          "pos": {
            "x": -14.17,
            "y": -3.8
          }
        }
      ]
    },
    {
      "time": 0.38,
      "ball": {
        "pos": {
          "x": -4.549,
          "y": -2.91,
          "z": 1.098
        }
      },
      "players": [
        {
          "team": 1,
          "pos": {
            "x": 11.61,
            "y": 1.06
          }
        },
        {
          "team": 2,
          "pos": {
            "x": -14.19,
            "y": -3.8
          }
        }
      ]
    },
    {
      "time": 0.4,
      "ball": {
        "pos": {
          "x": -5.243,
          "y": -3.094,
          "z": 0.985
        }
      },
      "players": [
        {
          "team": 1,
          "pos": {
            "x": 11.63,
            "y": 1.05
          }
        },
        {
          "team": 2,
          "pos": {
            "x": -14.2,
            "y": -3.8
          }
        }
      ]
    },
    {
      "time": 0.42,
      "ball": {
        "pos": {
          "x": -5.924,
          "y": -3.277,
          "z": 0.869
        }
      },
      "players": [
        {
          "team": 1,
          "pos": {
            "x": 11.6,
            "y": 1.03
          }
        },
        {
          "team": 2,
          "pos": {
            "x": -14.21,
            "y": -3.82
          }
        }
      ]
    },
    {
      "time": 0.44,
      "ball": {
        "pos": {
          "x": -6.595,
          "y": -3.458,
          "z": 0.752
        }
      },
      "players": [
        {
          "team": 1,
          "pos": {
            "x": 11.57,
            "y": 1.0
          }
        },
        {
          "team": 2,
          "pos": {
            "x": -14.22,
            "y": -3.84
          }
        }
      ]
    },
    {
      "time": 0.46,
      "ball": {
        "pos": {
          "x": -7.255,
          "y": -3.638,
          "z": 0.632
        }
      },
      "players": [
        {
          "team": 1,
          "pos": {
            "x": 11.55,
            "y": 0.97
          }
        },
        {
          "team": 2,
          "pos": {
            "x": -14.21,
            "y": -3.86
          }
        }
      ]
    },
    {
      "time": 0.48,
      "ball": {
        "pos": {
          "x": -7.904,
          "y": -3.817,
          "z": 0.51
        }
      },
      "players": [
        {
          "team": 1,
          "pos": {
            "x": 11.51,
            "y": 0.94
          }
        },
        {
          "team": 2,
          "pos": {
            "x": -14.21,
            "y": -3.9
          }
        }
      ]
    },
    {
      "time": 0.5,
      "ball": {
        "pos": {
          "x": -8.544,
          "y": -3.995,
          "z": 0.386
        }
      },
      "players": [
        {
          "team": 1,
          "pos": {
            "x": 11.49,
            "y": 0.93
          }
        },
        {
          "team": 2,
          "pos": {
            "x": -14.21,
            "y": -3.94
          }
        }
      ]
    },
    {
      "time": 0.52,
      "ball": {
        "pos": {
          "x": -9.175,
          "y": -4.172,
          "z": 0.259
        }
      },
      "players": [
        {
          "team": 1,
          "pos": {
            "x": 11.49,
            "y": 0.89
          }
        },
        {
          "team": 2,
          "pos": {
            "x": -14.2,
            "y": -3.99
          }
        }
      ]
    },
    {
      "time": 0.54,
      "ball": {
        "pos": {
          "x": -9.796,
          "y": -4.347,
          "z": 0.131
        }
      },
      "players": [
        {
          "team": 1,
          "pos": {
            "x": 11.47,
            "y": 0.86
          }
        },
        {
          "team": 2,
          "pos": {
            "x": -14.18,
            "y": -4.06
          }
        }
      ]
    },
    {
      "time": 0.555,
      "event": "bounce",
      "ball": {
        "pos": {
          "x": -10.257,
          "y": -4.479,
          "z": 0.033
        }
      },
      "players": [
        {
          "team": 1,
          "pos": {
            "x": 11.44,
            "y": 0.84
          }
        },
        {
          "team": 2,
          "pos": {
            "x": -14.2,
            "y": -4.03
          }
        }
      ]
    },
    {
      "time": 0.56,
      "ball": {
        "pos": {
          "x": -10.388,
          "y": -4.516,
          "z": 0.017
        }
      },
      "players": [
        {
          "team": 1,
          "pos": {
            "x": 11.46,
            "y": 0.84
          }
        },
        {
          "team": 2,
          "pos": {
            "x": -14.14,
            "y": -4.1
          }
        }
      ]
    },
    {
      "time": 0.58,
      "ball": {
        "pos": {
          "x": -10.859,
          "y": -4.657,
          "z": 0.121
        }
      },
      "players": [
        {
          "team": 1,
          "pos": {
            "x": 11.42,
            "y": 0.86
          }
        },
        {
          "team": 2,
          "pos": {
            "x": -14.12,
            "y": -4.15
          }
        }
      ]
    },
    {
      "time": 0.6,
      "ball": {
        "pos": {
          "x": -11.311,
          "y": -4.794,
          "z": 0.22
        }
      },
      "players": [
        {
          "team": 1,
          "pos": {
            "x": 11.4,
            "y": 0.81
          }
        },
        {
          "team": 2,
          "pos": {
            "x": -14.12,
            "y": -4.15
          }
        }
      ]
    },
    {
      "time": 0.62,
      "ball": {
        "pos": {
          "x": -11.756,
          "y": -4.929,
          "z": 0.311
        }
      },
      "players": [
        {
          "team": 1,
          "pos": {
            "x": 11.36,
            "y": 0.76
          }
        },
        {
          "team": 2,
          "pos": {
            "x": -14.12,
            "y": -4.15
          }
        }
      ]
    },
    {
      "time": 0.64,
      "ball": {
        "pos": {
          "x": -12.195,
          "y": -5.063,
          "z": 0.394
        }
      },
      "players": [
        {
          "team": 1,
          "pos": {
            "x": 11.36,
            "y": 0.76
          }
        },
        {
          "team": 2,
          "pos": {
            "x": -14.12,
            "y": -4.15
          }
        }
      ]
    },
    {
      "time": 0.66,
      "ball": {
        "pos": {
          "x": -12.628,
          "y": -5.196,
          "z": 0.47
        }
      },
      "players": [
        {
          "team": 1,
          "pos": {
            "x": 11.36,
            "y": 0.76
          }
        },
        {
          "team": 2,
          "pos": {
            "x": -14.12,
            "y": -4.15
          }
        }
      ]
    },
    {
      "time": 0.68,
      "ball": {
        "pos": {
          "x": -13.057,
          "y": -5.328,
          "z": 0.539
        }
      },
      "players": [
        {
          "team": 1,
          "pos": {
            "x": 11.36,
            "y": 0.76
          }
        },
        {
          "team": 2,
          "pos": {
            "x": -14.12,
            "y": -4.15
          }
        }
      ]
    },
    {
      "time": 0.7,
      "ball": {
        "pos": {
          "x": -13.481,
          "y": -5.459,
          "z": 0.601
        }
      },
      "players": [
        {
          "team": 1,
          "pos": {
            "x": 11.36,
            "y": 0.76
          }
        },
        {
          "team": 2,
          "pos": {
            "x": -14.12,
            "y": -4.15
          }
        }
      ]
    },
    {
      "time": 0.72,
      "ball": {
        "pos": {
          "x": -13.902,
          "y": -5.59,
          "z": 0.656
        }
      },
      "players": [
        {
          "team": 1,
          "pos": {
            "x": 11.36,
            "y": 0.76
          }
        },
        {
          "team": 2,
          "pos": {
            "x": -14.12,
            "y": -4.15
          }
        }
      ]
    },
    {
      "time": 0.74,
      "ball": {
        "pos": {
          "x": -14.319,
          "y": -5.721,
          "z": 0.706
        }
      },
      "players": [
        {
          "team": 1,
          "pos": {
            "x": 11.36,
            "y": 0.76
          }
        },
        {
          "team": 2,
          "pos": {
            "x": -14.12,
            "y": -4.15
          }
        }
      ]
    },
    {
      "time": 0.76,
      "ball": {
        "pos": {
          "x": -14.735,
          "y": -5.851,
          "z": 0.75
        }
      },
      "players": [
        {
          "team": 1,
          "pos": {
            "x": 11.36,
            "y": 0.76
          }
        },
        {
          "team": 2,
          "pos": {
            "x": -14.12,
            "y": -4.15
          }
        }
      ]
    },
    {
      "time": 0.78,
      "ball": {
        "pos": {
          "x": -15.148,
          "y": -5.982,
          "z": 0.788
        }
      },
      "players": [
        {
          "team": 1,
          "pos": {
            "x": 11.36,
            "y": 0.76
          }
        },
        {
          "team": 2,
          "pos": {
            "x": -14.12,
            "y": -4.15
          }
        }
      ]
    },
    {
      "time": 0.8,
      "ball": {
        "pos": {
          "x": -15.561,
          "y": -6.112,
          "z": 0.821
        }
      },
      "players": [
        {
          "team": 1,
          "pos": {
            "x": 11.36,
            "y": 0.76
          }
        },
        {
          "team": 2,
          "pos": {
            "x": -14.12,
            "y": -4.15
          }
        }
      ]
    },
    {
      "time": 0.82,
      "ball": {
        "pos": {
          "x": -15.973,
          "y": -6.243,
          "z": 0.849
        }
      },
      "players": [
        {
          "team": 1,
          "pos": {
            "x": 11.36,
            "y": 0.76
          }
        },
        {
          "team": 2,
          "pos": {
            "x": -14.12,
            "y": -4.15
          }
        }
      ]
    },
    {
      "time": 0.84,
      "ball": {
        "pos": {
          "x": -16.385,
          "y": -6.375,
          "z": 0.872
        }
      },
      "players": [
        {
          "team": 1,
          "pos": {
            "x": 11.36,
            "y": 0.76
          }
        },
        {
          "team": 2,
          "pos": {
            "x": -14.12,
            "y": -4.15
          }
        }
      ]
    },
    {
      "time": 0.844,
      "ball": {
        "pos": {
          "x": -16.471,
          "y": -6.403,
          "z": 0.876
        }
      },
      "players": [
        {
          "team": 1,
          "pos": {
            "x": 11.36,
            "y": 0.76
          }
        },
        {
          "team": 2,
          "pos": {
            "x": -14.12,
            "y": -4.15
          }
        }
      ]
    },
    {
      "time": 0.86,
      "players": [
        {
          "team": 1,
          "pos": {
            "x": 11.36,
            "y": 0.76
          }
        },
        {
          "team": 2,
          "pos": {
            "x": -14.12,
            "y": -4.15
          }
        }
      ]
    },
    {
      "time": 0.88,
      "players": [
        {
          "team": 1,
          "pos": {
            "x": 11.36,
            "y": 0.76
          }
        },
        {
          "team": 2,
          "pos": {
            "x": -14.12,
            "y": -4.15
          }
        }
      ]
    },
    {
      "time": 0.9,
      "players": [
        {
          "team": 1,
          "pos": {
            "x": 11.36,
            "y": 0.76
          }
        },
        {
          "team": 2,
          "pos": {
            "x": -14.12,
            "y": -4.15
          }
        }
      ]
    },
    {
      "time": 0.92,
      "players": [
        {
          "team": 1,
          "pos": {
            "x": 11.36,
            "y": 0.76
          }
        },
        {
          "team": 2,
          "pos": {
            "x": -14.12,
            "y": -4.15
          }
        }
      ]
    },
    {
      "time": 0.94,
      "players": [
        {
          "team": 1,
          "pos": {
            "x": 11.36,
            "y": 0.76
          }
        },
        {
          "team": 2,
          "pos": {
            "x": -14.12,
            "y": -4.15
          }
        }
      ]
    },
    {
      "time": 0.96,
      "players": [
        {
          "team": 1,
          "pos": {
            "x": 11.36,
            "y": 0.76
          }
        },
        {
          "team": 2,
          "pos": {
            "x": -14.12,
            "y": -4.15
          }
        }
      ]
    },
    {
      "time": 0.98,
      "players": [
        {
          "team": 1,
          "pos": {
            "x": 11.36,
            "y": 0.76
          }
        },
        {
          "team": 2,
          "pos": {
            "x": -14.12,
            "y": -4.15
          }
        }
      ]
    },
    {
      "time": 1.0,
      "players": [
        {
          "team": 1,
          "pos": {
            "x": 11.36,
            "y": 0.76
          }
        },
        {
          "team": 2,
          "pos": {
            "x": -14.12,
            "y": -4.15
          }
        }
      ]
    },
    {
      "time": 1.02,
      "players": [
        {
          "team": 1,
          "pos": {
            "x": 11.36,
            "y": 0.76
          }
        },
        {
          "team": 2,
          "pos": {
            "x": -14.12,
            "y": -4.15
          }
        }
      ]
    },
    {
      "time": 1.04,
      "players": [
        {
          "team": 1,
          "pos": {
            "x": 11.36,
            "y": 0.76
          }
        },
        {
          "team": 2,
          "pos": {
            "x": -14.12,
            "y": -4.15
          }
        }
      ]
    },
    {
      "time": 1.06,
      "players": [
        {
          "team": 1,
          "pos": {
            "x": 11.36,
            "y": 0.76
          }
        },
        {
          "team": 2,
          "pos": {
            "x": -14.12,
            "y": -4.15
          }
        }
      ]
    },
    {
      "time": 1.08,
      "players": [
        {
          "team": 1,
          "pos": {
            "x": 11.36,
            "y": 0.76
          }
        },
        {
          "team": 2,
          "pos": {
            "x": -14.12,
            "y": -4.15
          }
        }
      ]
    },
    {
      "time": 1.1,
      "players": [
        {
          "team": 1,
          "pos": {
            "x": 11.36,
            "y": 0.76
          }
        },
        {
          "team": 2,
          "pos": {
            "x": -14.12,
            "y": -4.15
          }
        }
      ]
    },
    {
      "time": 1.12,
      "players": [
        {
          "team": 1,
          "pos": {
            "x": 11.36,
            "y": 0.76
          }
        },
        {
          "team": 2,
          "pos": {
            "x": -14.12,
            "y": -4.15
          }
        }
      ]
    },
    {
      "time": 1.14,
      "players": [
        {
          "team": 1,
          "pos": {
            "x": 11.36,
            "y": 0.76
          }
        },
        {
          "team": 2,
          "pos": {
            "x": -14.12,
            "y": -4.15
          }
        }
      ]
    },
    {
      "time": 1.16,
      "players": [
        {
          "team": 1,
          "pos": {
            "x": 11.36,
            "y": 0.76
          }
        },
        {
          "team": 2,
          "pos": {
            "x": -14.12,
            "y": -4.15
          }
        }
      ]
    },
    {
      "time": 1.18,
      "players": [
        {
          "team": 1,
          "pos": {
            "x": 11.36,
            "y": 0.76
          }
        },
        {
          "team": 2,
          "pos": {
            "x": -14.12,
            "y": -4.15
          }
        }
      ]
    },
    {
      "time": 1.2,
      "players": [
        {
          "team": 1,
          "pos": {
            "x": 11.36,
            "y": 0.76
          }
        },
        {
          "team": 2,
          "pos": {
            "x": -14.12,
            "y": -4.15
          }
        }
      ]
    },
    {
      "time": 1.22,
      "players": [
        {
          "team": 1,
          "pos": {
            "x": 11.36,
            "y": 0.76
          }
        },
        {
          "team": 2,
          "pos": {
            "x": -14.12,
            "y": -4.15
          }
        }
      ]
    },
    {
      "time": 1.24,
      "players": [
        {
          "team": 1,
          "pos": {
            "x": 11.36,
            "y": 0.76
          }
        },
        {
          "team": 2,
          "pos": {
            "x": -14.12,
            "y": -4.15
          }
        }
      ]
    },
    {
      "time": 1.26,
      "players": [
        {
          "team": 1,
          "pos": {
            "x": 11.36,
            "y": 0.76
          }
        },
        {
          "team": 2,
          "pos": {
            "x": -14.12,
            "y": -4.15
          }
        }
      ]
    },
    {
      "time": 1.28,
      "players": [
        {
          "team": 1,
          "pos": {
            "x": 11.36,
            "y": 0.76
          }
        },
        {
          "team": 2,
          "pos": {
            "x": -14.12,
            "y": -4.15
          }
        }
      ]
    },
    {
      "time": 1.3,
      "players": [
        {
          "team": 1,
          "pos": {
            "x": 11.36,
            "y": 0.76
          }
        },
        {
          "team": 2,
          "pos": {
            "x": -14.12,
            "y": -4.15
          }
        }
      ]
    },
    {
      "time": 1.32,
      "players": [
        {
          "team": 1,
          "pos": {
            "x": 11.36,
            "y": 0.76
          }
        },
        {
          "team": 2,
          "pos": {
            "x": -14.12,
            "y": -4.15
          }
        }
      ]
    },
    {
      "time": 1.34,
      "players": [
        {
          "team": 1,
          "pos": {
            "x": 11.36,
            "y": 0.76
          }
        },
        {
          "team": 2,
          "pos": {
            "x": -14.12,
            "y": -4.15
          }
        }
      ]
    },
    {
      "time": 1.36,
      "players": [
        {
          "team": 1,
          "pos": {
            "x": 11.36,
            "y": 0.76
          }
        },
        {
          "team": 2,
          "pos": {
            "x": -14.12,
            "y": -4.15
          }
        }
      ]
    },
    {
      "time": 1.38,
      "players": [
        {
          "team": 1,
          "pos": {
            "x": 11.36,
            "y": 0.76
          }
        },
        {
          "team": 2,
          "pos": {
            "x": -14.12,
            "y": -4.15
          }
        }
      ]
    },
    {
      "time": 1.4,
      "players": [
        {
          "team": 1,
          "pos": {
            "x": 11.36,
            "y": 0.76
          }
        },
        {
          "team": 2,
          "pos": {
            "x": -14.12,
            "y": -4.15
          }
        }
      ]
    },
    {
      "time": 1.42,
      "players": [
        {
          "team": 1,
          "pos": {
            "x": 11.36,
            "y": 0.76
          }
        },
        {
          "team": 2,
          "pos": {
            "x": -14.12,
            "y": -4.15
          }
        }
      ]
    },
    {
      "time": 1.44,
      "players": [
        {
          "team": 1,
          "pos": {
            "x": 11.36,
            "y": 0.76
          }
        },
        {
          "team": 2,
          "pos": {
            "x": -14.12,
            "y": -4.15
          }
        }
      ]
    },
    {
      "time": 1.46,
      "players": [
        {
          "team": 1,
          "pos": {
            "x": 11.36,
            "y": 0.76
          }
        },
        {
          "team": 2,
          "pos": {
            "x": -14.12,
            "y": -4.15
          }
        }
      ]
    },
    {
      "time": 1.48,
      "players": [
        {
          "team": 1,
          "pos": {
            "x": 11.36,
            "y": 0.76
          }
        },
        {
          "team": 2,
          "pos": {
            "x": -14.12,
            "y": -4.15
          }
        }
      ]
    },
    {
      "time": 1.5,
      "players": [
        {
          "team": 1,
          "pos": {
            "x": 11.36,
            "y": 0.76
          }
        },
        {
          "team": 2,
          "pos": {
            "x": -14.12,
            "y": -4.15
          }
        }
      ]
    },
    {
      "time": 1.52,
      "players": [
        {
          "team": 1,
          "pos": {
            "x": 11.36,
            "y": 0.76
          }
        },
        {
          "team": 2,
          "pos": {
            "x": -14.12,
            "y": -4.15
          }
        }
      ]
    },
    {
      "time": 1.54,
      "players": [
        {
          "team": 1,
          "pos": {
            "x": 11.36,
            "y": 0.76
          }
        },
        {
          "team": 2,
          "pos": {
            "x": -14.12,
            "y": -4.15
          }
        }
      ]
    },
    {
      "time": 1.56,
      "players": [
        {
          "team": 1,
          "pos": {
            "x": 11.36,
            "y": 0.76
          }
        },
        {
          "team": 2,
          "pos": {
            "x": -14.12,
            "y": -4.15
          }
        }
      ]
    },
    {
      "time": 1.58,
      "players": [
        {
          "team": 1,
          "pos": {
            "x": 11.36,
            "y": 0.76
          }
        },
        {
          "team": 2,
          "pos": {
            "x": -14.12,
            "y": -4.15
          }
        }
      ]
    },
    {
      "time": 1.6,
      "players": [
        {
          "team": 1,
          "pos": {
            "x": 11.36,
            "y": 0.76
          }
        },
        {
          "team": 2,
          "pos": {
            "x": -14.12,
            "y": -4.15
          }
        }
      ]
    },
    {
      "time": 1.62,
      "players": [
        {
          "team": 1,
          "pos": {
            "x": 11.36,
            "y": 0.76
          }
        },
        {
          "team": 2,
          "pos": {
            "x": -14.12,
            "y": -4.15
          }
        }
      ]
    },
    {
      "time": 1.64,
      "players": [
        {
          "team": 1,
          "pos": {
            "x": 11.36,
            "y": 0.76
          }
        },
        {
          "team": 2,
          "pos": {
            "x": -14.12,
            "y": -4.15
          }
        }
      ]
    },
    {
      "time": 1.66,
      "players": [
        {
          "team": 1,
          "pos": {
            "x": 11.36,
            "y": 0.76
          }
        },
        {
          "team": 2,
          "pos": {
            "x": -14.12,
            "y": -4.15
          }
        }
      ]
    },
    {
      "time": 1.68,
      "players": [
        {
          "team": 1,
          "pos": {
            "x": 11.36,
            "y": 0.76
          }
        },
        {
          "team": 2,
          "pos": {
            "x": -14.12,
            "y": -4.15
          }
        }
      ]
    },
    {
      "time": 1.7,
      "players": [
        {
          "team": 1,
          "pos": {
            "x": 11.36,
            "y": 0.76
          }
        },
        {
          "team": 2,
          "pos": {
            "x": -14.12,
            "y": -4.15
          }
        }
      ]
    },
    {
      "time": 1.72,
      "players": [
        {
          "team": 1,
          "pos": {
            "x": 11.36,
            "y": 0.76
          }
        },
        {
          "team": 2,
          "pos": {
            "x": -14.12,
            "y": -4.15
          }
        }
      ]
    },
    {
      "time": 1.74,
      "players": [
        {
          "team": 1,
          "pos": {
            "x": 11.36,
            "y": 0.76
          }
        },
        {
          "team": 2,
          "pos": {
            "x": -14.12,
            "y": -4.15
          }
        }
      ]
    },
    {
      "time": 1.76,
      "players": [
        {
          "team": 1,
          "pos": {
            "x": 11.36,
            "y": 0.76
          }
        },
        {
          "team": 2,
          "pos": {
            "x": -14.12,
            "y": -4.15
          }
        }
      ]
    },
    {
      "time": 1.78,
      "players": [
        {
          "team": 1,
          "pos": {
            "x": 11.36,
            "y": 0.76
          }
        },
        {
          "team": 2,
          "pos": {
            "x": -14.12,
            "y": -4.15
          }
        }
      ]
    },
    {
      "time": 1.8,
      "players": [
        {
          "team": 1,
          "pos": {
            "x": 11.36,
            "y": 0.76
          }
        },
        {
          "team": 2,
          "pos": {
            "x": -14.12,
            "y": -4.15
          }
        }
      ]
    },
    {
      "time": 1.82,
      "players": [
        {
          "team": 1,
          "pos": {
            "x": 11.36,
            "y": 0.76
          }
        },
        {
          "team": 2,
          "pos": {
            "x": -14.12,
            "y": -4.15
          }
        }
      ]
    },
    {
      "time": 1.84,
      "players": [
        {
          "team": 1,
          "pos": {
            "x": 11.36,
            "y": 0.76
          }
        },
        {
          "team": 2,
          "pos": {
            "x": -14.12,
            "y": -4.15
          }
        }
      ]
    },
    {
      "time": 1.86,
      "players": [
        {
          "team": 1,
          "pos": {
            "x": 11.36,
            "y": 0.76
          }
        },
        {
          "team": 2,
          "pos": {
            "x": -14.12,
            "y": -4.15
          }
        }
      ]
    },
    {
      "time": 1.88,
      "players": [
        {
          "team": 1,
          "pos": {
            "x": 11.36,
            "y": 0.76
          }
        },
        {
          "team": 2,
          "pos": {
            "x": -14.12,
            "y": -4.15
          }
        }
      ]
    },
    {
      "time": 1.9,
      "players": [
        {
          "team": 1,
          "pos": {
            "x": 11.36,
            "y": 0.76
          }
        },
        {
          "team": 2,
          "pos": {
            "x": -14.12,
            "y": -4.15
          }
        }
      ]
    },
    {
      "time": 1.92,
      "players": [
        {
          "team": 1,
          "pos": {
            "x": 11.36,
            "y": 0.76
          }
        },
        {
          "team": 2,
          "pos": {
            "x": -14.12,
            "y": -4.15
          }
        }
      ]
    },
    {
      "time": 1.94,
      "players": [
        {
          "team": 1,
          "pos": {
            "x": 11.36,
            "y": 0.76
          }
        },
        {
          "team": 2,
          "pos": {
            "x": -14.12,
            "y": -4.15
          }
        }
      ]
    },
    {
      "time": 1.96,
      "players": [
        {
          "team": 1,
          "pos": {
            "x": 11.36,
            "y": 0.76
          }
        },
        {
          "team": 2,
          "pos": {
            "x": -14.12,
            "y": -4.15
          }
        }
      ]
    },
    {
      "time": 1.98,
      "players": [
        {
          "team": 1,
          "pos": {
            "x": 11.36,
            "y": 0.76
          }
        },
        {
          "team": 2,
          "pos": {
            "x": -14.12,
            "y": -4.15
          }
        }
      ]
    },
    {
      "time": 2.0,
      "players": [
        {
          "team": 1,
          "pos": {
            "x": 11.36,
            "y": 0.76
          }
        },
        {
          "team": 2,
          "pos": {
            "x": -14.12,
            "y": -4.15
          }
        }
      ]
    },
    {
      "time": 2.02,
      "players": [
        {
          "team": 1,
          "pos": {
            "x": 11.36,
            "y": 0.76
          }
        },
        {
          "team": 2,
          "pos": {
            "x": -14.12,
            "y": -4.15
          }
        }
      ]
    },
    {
      "time": 2.04,
      "players": [
        {
          "team": 1,
          "pos": {
            "x": 11.36,
            "y": 0.76
          }
        },
        {
          "team": 2,
          "pos": {
            "x": -14.12,
            "y": -4.15
          }
        }
      ]
    },
    {
      "time": 2.06,
      "players": [
        {
          "team": 1,
          "pos": {
            "x": 11.36,
            "y": 0.76
          }
        },
        {
          "team": 2,
          "pos": {
            "x": -14.12,
            "y": -4.15
          }
        }
      ]
    },
    {
      "time": 2.08,
      "players": [
        {
          "team": 1,
          "pos": {
            "x": 11.36,
            "y": 0.76
          }
        },
        {
          "team": 2,
          "pos": {
            "x": -14.12,
            "y": -4.15
          }
        }
      ]
    },
    {
      "time": 2.1,
      "players": [
        {
          "team": 1,
          "pos": {
            "x": 11.36,
            "y": 0.76
          }
        },
        {
          "team": 2,
          "pos": {
            "x": -14.12,
            "y": -4.15
          }
        }
      ]
    },
    {
      "time": 2.12,
      "players": [
        {
          "team": 1,
          "pos": {
            "x": 11.36,
            "y": 0.76
          }
        },
        {
          "team": 2,
          "pos": {
            "x": -14.12,
            "y": -4.15
          }
        }
      ]
    },
    {
      "time": 2.14,
      "players": [
        {
          "team": 1,
          "pos": {
            "x": 11.36,
            "y": 0.76
          }
        },
        {
          "team": 2,
          "pos": {
            "x": -14.12,
            "y": -4.15
          }
        }
      ]
    },
    {
      "time": 2.16,
      "players": [
        {
          "team": 1,
          "pos": {
            "x": 11.36,
            "y": 0.76
          }
        },
        {
          "team": 2,
          "pos": {
            "x": -14.12,
            "y": -4.15
          }
        }
      ]
    },
    {
      "time": 2.18,
      "players": [
        {
          "team": 1,
          "pos": {
            "x": 11.36,
            "y": 0.76
          }
        },
        {
          "team": 2,
          "pos": {
            "x": -14.12,
            "y": -4.15
          }
        }
      ]
    },
    {
      "time": 2.2,
      "players": [
        {
          "team": 1,
          "pos": {
            "x": 11.36,
            "y": 0.76
          }
        },
        {
          "team": 2,
          "pos": {
            "x": -14.12,
            "y": -4.15
          }
        }
      ]
    },
    {
      "time": 2.22,
      "players": [
        {
          "team": 1,
          "pos": {
            "x": 11.36,
            "y": 0.76
          }
        },
        {
          "team": 2,
          "pos": {
            "x": -14.12,
            "y": -4.15
          }
        }
      ]
    },
    {
      "time": 2.24,
      "players": [
        {
          "team": 1,
          "pos": {
            "x": 11.36,
            "y": 0.76
          }
        },
        {
          "team": 2,
          "pos": {
            "x": -14.12,
            "y": -4.15
          }
        }
      ]
    },
    {
      "time": 2.26,
      "players": [
        {
          "team": 1,
          "pos": {
            "x": 11.36,
            "y": 0.76
          }
        },
        {
          "team": 2,
          "pos": {
            "x": -14.12,
            "y": -4.15
          }
        }
      ]
    },
    {
      "time": 2.28,
      "players": [
        {
          "team": 1,
          "pos": {
            "x": 11.36,
            "y": 0.76
          }
        },
        {
          "team": 2,
          "pos": {
            "x": -14.12,
            "y": -4.15
          }
        }
      ]
    },
    {
      "time": 2.3,
      "players": [
        {
          "team": 1,
          "pos": {
            "x": 11.36,
            "y": 0.76
          }
        },
        {
          "team": 2,
          "pos": {
            "x": -14.12,
            "y": -4.15
          }
        }
      ]
    },
    {
      "time": 2.32,
      "players": [
        {
          "team": 1,
          "pos": {
            "x": 11.36,
            "y": 0.76
          }
        },
        {
          "team": 2,
          "pos": {
            "x": -14.12,
            "y": -4.15
          }
        }
      ]
    },
    {
      "time": 2.34,
      "players": [
        {
          "team": 1,
          "pos": {
            "x": 11.36,
            "y": 0.76
          }
        },
        {
          "team": 2,
          "pos": {
            "x": -14.12,
            "y": -4.15
          }
        }
      ]
    },
    {
      "time": 2.36,
      "players": [
        {
          "team": 1,
          "pos": {
            "x": 11.36,
            "y": 0.76
          }
        },
        {
          "team": 2,
          "pos": {
            "x": -14.12,
            "y": -4.15
          }
        }
      ]
    },
    {
      "time": 2.38,
      "players": [
        {
          "team": 1,
          "pos": {
            "x": 11.36,
            "y": 0.76
          }
        },
        {
          "team": 2,
          "pos": {
            "x": -14.12,
            "y": -4.15
          }
        }
      ]
    },
    {
      "time": 2.4,
      "players": [
        {
          "team": 1,
          "pos": {
            "x": 11.36,
            "y": 0.76
          }
        },
        {
          "team": 2,
          "pos": {
            "x": -14.12,
            "y": -4.15
          }
        }
      ]
    },
    {
      "time": 2.42,
      "players": [
        {
          "team": 1,
          "pos": {
            "x": 11.36,
            "y": 0.76
          }
        },
        {
          "team": 2,
          "pos": {
            "x": -14.12,
            "y": -4.15
          }
        }
      ]
    },
    {
      "time": 2.44,
      "players": [
        {
          "team": 1,
          "pos": {
            "x": 11.36,
            "y": 0.76
          }
        },
        {
          "team": 2,
          "pos": {
            "x": -14.12,
            "y": -4.15
          }
        }
      ]
    },
    {
      "time": 2.46,
      "players": [
        {
          "team": 1,
          "pos": {
            "x": 11.36,
            "y": 0.76
          }
        },
        {
          "team": 2,
          "pos": {
            "x": -14.12,
            "y": -4.15
          }
        }
      ]
    },
    {
      "time": 2.48,
      "players": [
        {
          "team": 1,
          "pos": {
            "x": 11.36,
            "y": 0.76
          }
        },
        {
          "team": 2,
          "pos": {
            "x": -14.12,
            "y": -4.15
          }
        }
      ]
    },
    {
      "time": 2.5,
      "players": [
        {
          "team": 1,
          "pos": {
            "x": 11.36,
            "y": 0.76
          }
        },
        {
          "team": 2,
          "pos": {
            "x": -14.12,
            "y": -4.15
          }
        }
      ]
    },
    {
      "time": 2.52,
      "players": [
        {
          "team": 1,
          "pos": {
            "x": 11.36,
            "y": 0.76
          }
        },
        {
          "team": 2,
          "pos": {
            "x": -14.12,
            "y": -4.15
          }
        }
      ]
    },
    {
      "time": 2.54,
      "players": [
        {
          "team": 1,
          "pos": {
            "x": 11.36,
            "y": 0.76
          }
        },
        {
          "team": 2,
          "pos": {
            "x": -14.12,
            "y": -4.15
          }
        }
      ]
    },
    {
      "time": 2.56,
      "players": [
        {
          "team": 1,
          "pos": {
            "x": 11.36,
            "y": 0.76
          }
        },
        {
          "team": 2,
          "pos": {
            "x": -14.12,
            "y": -4.15
          }
        }
      ]
    },
    {
      "time": 2.58,
      "players": [
        {
          "team": 1,
          "pos": {
            "x": 11.36,
            "y": 0.76
          }
        },
        {
          "team": 2,
          "pos": {
            "x": -14.12,
            "y": -4.15
          }
        }
      ]
    },
    {
      "time": 2.6,
      "players": [
        {
          "team": 1,
          "pos": {
            "x": 11.36,
            "y": 0.76
          }
        },
        {
          "team": 2,
          "pos": {
            "x": -14.12,
            "y": -4.15
          }
        }
      ]
    },
    {
      "time": 2.62,
      "players": [
        {
          "team": 1,
          "pos": {
            "x": 11.36,
            "y": 0.76
          }
        },
        {
          "team": 2,
          "pos": {
            "x": -14.12,
            "y": -4.15
          }
        }
      ]
    },
    {
      "time": 2.64,
      "players": [
        {
          "team": 1,
          "pos": {
            "x": 11.36,
            "y": 0.76
          }
        },
        {
          "team": 2,
          "pos": {
            "x": -14.12,
            "y": -4.15
          }
        }
      ]
    },
    {
      "time": 2.66,
      "players": [
        {
          "team": 1,
          "pos": {
            "x": 11.36,
            "y": 0.76
          }
        },
        {
          "team": 2,
          "pos": {
            "x": -14.12,
            "y": -4.15
          }
        }
      ]
    },
    {
      "time": 2.68,
      "players": [
        {
          "team": 1,
          "pos": {
            "x": 11.36,
            "y": 0.76
          }
        },
        {
          "team": 2,
          "pos": {
            "x": -14.12,
            "y": -4.15
          }
        }
      ]
    },
    {
      "time": 2.7,
      "players": [
        {
          "team": 1,
          "pos": {
            "x": 11.36,
            "y": 0.76
          }
        },
        {
          "team": 2,
          "pos": {
            "x": -14.12,
            "y": -4.15
          }
        }
      ]
    },
    {
      "time": 2.72,
      "players": [
        {
          "team": 1,
          "pos": {
            "x": 11.36,
            "y": 0.76
          }
        },
        {
          "team": 2,
          "pos": {
            "x": -14.12,
            "y": -4.15
          }
        }
      ]
    }
  ]
}