{
  "id": "21837091-87da-4293-a497-fb2a9490e114",
  "sequences": {
    "set": 2,
    "game": 7,
    "point": 3,
    "serve": 1,
    "rally": 1
  },
  "match": {
    "season": 2025,
    "tournament_id": 9999,
    "draw_code": "MS001",
    "court_id": 1,
    "players": [
      {
        "forename": "Andy",
        "surname": "Bernard",
        "team": 1,
        "external_id": "AB12"
      },
      {
        "forename": "Cedric",
        "surname": "Diggory",
        "team": 2,
        "external_id": "CD34"
      }
    ]
  },
  "shots": [
    {
      "shot_no": 1,
      "team": 2,
      "stroke": "serve",
      "spin": {
        "type": "unknown",
        "rpm": 0.0
      },
      "speed_ms": 58.127,
      "call": "out",
      "distance": null,
      "time_utc": "2025-01-01T12:16:14.976Z",
      "time": 0.0,
      "duration": 1.319
    }
  ],
  "samples": [
    {
      "time": -2.94,
      "players": [
        {
          "team": 1,
          "pos": {
            "x": 15.01,
            "y": 4.16
          }
        },
        {
          "team": 2,
          "pos": {
            "x": -11.71,
            "y": -0.7
          }
        }
      ]
    },
    {
      "time": -2.92,
      "players": [
        {
          "team": 1,
          "pos": {
            "x": 15.02,
            "y": 4.15
          }
        },
        {
          "team": 2,
          "pos": {
            "x": -11.76,
            "y": -0.73
          }
        }
      ]
    },
    {
      "time": -2.9,
      "players": [
        {
          "team": 1,
          "pos": {
            "x": 15.0,
            "y": 4.15
          }
        },
        {
          "team": 2,
          "pos": {
            "x": -11.79,
            "y": -0.77
          }
        }
      ]
    },
    {
      "time": -2.88,
      "players": [
        {
          "team": 1,
          "pos": {
            "x": 14.98,
            "y": 4.16
          }
        },
        {
          "team": 2,
          "pos": {
            "x": -11.82,
            "y": -0.79
          }
        }
      ]
    },
    {
      "time": -2.86,
      "players": [
        {
          "team": 1,
          "pos": {
            "x": 14.95,
            "y": 4.17
          }
        },
        {
          "team": 2,
          "pos": {
            "x": -11.87,
            "y": -0.81
          }
        }
      ]
    },
    {
      "time": -2.84,
      "players": [
        {
          "team": 1,
          "pos": {
            "x": 14.93,
            "y": 4.17
          }
        },
        {
          "team": 2,
          "pos": {
            "x": -11.92,
            "y": -0.83
          }
        }
      ]
    },
    {
      "time": -2.82,
      "players": [
        {
          "team": 1,
          "pos": {
            "x": 14.89,
            "y": 4.18
          }
        },
        {
          "team": 2,
          "pos": {
            "x": -11.97,
            "y": -0.84
          }
        }
      ]
    },
    {
      "time": -2.8,
      "players": [
        {
          "team": 1,
          "pos": {
            "x": 14.91,
            "y": 4.21
          }
        },
        {
          "team": 2,
          "pos": {
            "x": -11.97,
            "y": -0.87
          }
        }
      ]
    },
    {
      "time": -2.78,
      "players": [
        {
          "team": 1,
          "pos": {
            "x": 14.94,
            "y": 4.19
          }
        },
        {
          "team": 2,
          "pos": {
            "x": -11.97,
            "y": -0.92
          }
        }
      ]
    },
    {
      "time": -2.76,
      "players": [
        {
          "team": 1,
          "pos": {
            "x": 14.92,
            "y": 4.2
          }
        },
        {
          "team": 2,
          "pos": {
            "x": -11.98,
            "y": -0.94
          }
        }
      ]
    },
    {
      "time": -2.74,
      "players": [
        {
          "team": 1,
          "pos": {
            "x": 14.93,
            "y": 4.19
          }
        },
        {
          "team": 2,
          "pos": {
            "x": -12.04,
            "y": -0.93
          }
        }
      ]
    },
    {
      "time": -2.72,
      "players": [
        {
          "team": 1,
          "pos": {
            "x": 14.93,
            "y": 4.18
          }
        },
        {
          "team": 2,
          "pos": {
            "x": -12.11,
            "y": -0.93
          }
        }
      ]
    },
    {
      "time": -2.7,
      "players": [
        {
          "team": 1,
          "pos": {
            "x": 14.96,
            "y": 4.17
          }
        },
        {
          "team": 2,
          "pos": {
            "x": -12.12,
            "y": -0.96
          }
        }
      ]
    },
    {
      "time": -2.68,
      "players": [
        {
          "team": 1,
          "pos": {
            "x": 15.0,
            "y": 4.15
          }
        },
        {
          "team": 2,
          "pos": {
            "x": -12.14,
            "y": -1.0
          }
        }
      ]
    },
    {
      "time": -2.66,
      "players": [
        {
          "team": 1,
          "pos": {
            "x": 15.07,
            "y": 4.14
          }
        },
        {
          "team": 2,
          "pos": {
            "x": -12.12,
            "y": -1.07
          }
        }
      ]
    },
    {
      "time": -2.64,
      "players": [
        {
          "team": 1,
          "pos": {
            "x": 15.2,
            "y": 4.07
          }
        },
        {
          "team": 2,
          "pos": {
            "x": -12.1,
            "y": -1.12
          }
        }
      ]
    },
    {
      "time": -2.62,
      "players": [
        {
          "team": 1,
          "pos": {
            "x": 15.22,
            "y": 4.05
          }
        },
        {
          "team": 2,
          "pos": {
            "x": -12.09,
            "y": -1.17
          }
        }
      ]
    },
    {
      "time": -2.6,
      "players": [
        {
          "team": 1,
          "pos": {
            "x": 15.2,
            "y": 4.03
          }
        },
        {
          "team": 2,
          "pos": {
            "x": -12.08,
            "y": -1.23
          }
        }
      ]
    },
    {
      "time": -2.58,
      "players": [
        {
          "team": 1,
          "pos": {
            "x": 15.13,
            "y": 4.08
          }
        },
        {
          "team": 2,
          "pos": {
            "x": -12.08,
            "y": -1.24
          }
        }
      ]
    },
    {
      "time": -2.56,
      "players": [
        {
          "team": 1,
          "pos": {
            "x": 15.09,
            "y": 4.09
          }
        },
        {
          "team": 2,
          "pos": {
            "x": -12.09,
            "y": -1.24
          }
        }
      ]
    },
    {
      "time": -2.54,
      "players": [
        {
          "team": 1,
          "pos": {
            "x": 15.07,
            "y": 4.09
          }
        },
        {
          "team": 2,
          "pos": {
            "x": -12.15,
            "y": -1.22
          }
        }
      ]
    },
    {
      "time": -2.52,
      "players": [
        {
          "team": 1,
          "pos": {
            "x": 15.03,
            "y": 4.1
          }
        },
        {
          "team": 2,
          "pos": {
            "x": -12.15,
            "y": -1.22
          }
        }
      ]
    },
    {
      "time": -2.5,
      "players": [
        {
          "team": 1,
          "pos": {
            "x": 14.99,
            "y": 4.11
          }
        },
        {
          "team": 2,
          "pos": {
            "x": -12.17,
            "y": -1.22
          }
        }
      ]
    },
    {
      "time": -2.48,
      "players": [
        {
          "team": 1,
          "pos": {
            "x": 14.99,
            "y": 4.1
          }
        },
        {
          "team": 2,
          "pos": {
            "x": -12.18,
            "y": -1.21
          }
        }
      ]
    },
    {
      "time": -2.46,
      "players": [
        {
          "team": 1,
          "pos": {
            "x": 15.01,
            "y": 4.14
          }
        },
        {
          "team": 2,
          "pos": {
            "x": -12.2,
            "y": -1.22
          }
        }
      ]
    },
    {
      "time": -2.44,
      "players": [
        {
          "team": 1,
          "pos": {
            "x": 15.04,
            "y": 4.14
          }
        },
        {
          "team": 2,
          "pos": {
            "x": -12.22,
            "y": -1.22
          }
        }
      ]
    },
    {
      "time": -2.42,
      "players": [
        {
          "team": 1,
          "pos": {
            "x": 15.05,
            "y": 4.12
          }
        },
        {
          "team": 2,
          "pos": {
            "x": -12.24,
            "y": -1.23
          }
        }
      ]
    },
    {
      "time": -2.4,
      "players": [
        {
          "team": 1,
          "pos": {
            "x": 15.1,
            "y": 4.11
          }
        },
        {
          "team": 2,
          "pos": {
            "x": -12.26,
            "y": -1.2
          }
        }
      ]
    },
    {
      "time": -2.38,
      "players": [
        {
          "team": 1,
          "pos": {
            "x": 15.12,
            "y": 4.07
          }
        },
        {
          "team": 2,
          "pos": {
            "x": -12.26,
            "y": -1.19
          }
        }
      ]
    },
    {
      "time": -2.36,
      "players": [
        {
          "team": 1,
          "pos": {
            "x": 15.18,
            "y": 4.08
          }
        },
        {
          "team": 2,
          "pos": {
            "x": -12.23,
            "y": -1.2
          }
        }
      ]
    },
    {
      "time": -2.34,
      "players": [
        {
          "team": 1,
          "pos": {
            "x": 15.24,
            "y": 4.08
          }
        },
        {
          "team": 2,
          "pos": {
            "x": -12.22,
            "y": -1.2
          }
        }
      ]
    },
    {
      "time": -2.32,
      "players": [
        {
          "team": 1,
          "pos": {
            "x": 15.31,
            "y": 4.05
          }
        },
        {
          "team": 2,
          "pos": {
            "x": -12.18,
            "y": -1.21
          }
        }
      ]
    },
    {
      "time": -2.3,
      "players": [
        {
          "team": 1,
          "pos": {
            "x": 15.34,
            "y": 4.03
          }
        },
        {
          "team": 2,
          "pos": {
            "x": -12.14,
            "y": -1.22
          }
        }
      ]
    },
    {
      "time": -2.28,
      "players": [
        {
          "team": 1,
          "pos": {
            "x": 15.28,
            "y": 4.05
          }
        },
        {
          "team": 2,
          "pos": {
            "x": -12.1,
            "y": -1.22
          }
        }
      ]
    },
    {
      "time": -2.26,
      "players": [
        {
          "team": 1,
          "pos": {
            "x": 15.3,
            "y": 4.04
          }
        },
        {
          "team": 2,
          "pos": {
            "x": -12.07,
            "y": -1.24
          }
        }
      ]
    },
    {
      "time": -2.24,
      "players": [
        {
          "team": 1,
          "pos": {
            "x": 15.28,
            "y": 4.05
          }
        },
        {
          "team": 2,
          "pos": {
            "x": -12.05,
            "y": -1.23
          }
        }
      ]
    },
    {
      "time": -2.22,
      "players": [
        {
          "team": 1,
          "pos": {
            "x": 15.23,
            "y": 4.07
          }
        },
        {
          "team": 2,
          "pos": {
            "x": -12.02,
            "y": -1.22
          }
        }
      ]
    },
    {
      "time": -2.2,
      "players": [
        {
          "team": 1,
          "pos": {
            "x": 15.19,
            "y": 4.05
          }
        },
        {
          "team": 2,
          "pos": {
            "x": -11.99,
            "y": -1.22
          }
        }
      ]
    },
    {
      "time": -2.18,
      "players": [
        {
          "team": 1,
          "pos": {
            "x": 15.16,
            "y": 4.01
          }
        },
        {
          "team": 2,
          "pos": {
            "x": -11.99,
            "y": -1.22
          }
        }
      ]
    },
    {
      "time": -2.16,
      "players": [
        {
          "team": 1,
          "pos": {
            "x": 15.17,
            "y": 4.02
          }
        },
        {
          "team": 2,
          "pos": {
            "x": -11.98,
            "y": -1.21
          }
        }
      ]
    },
    {
      "time": -2.14,
      "players": [
        {
          "team": 1,
          "pos": {
            "x": 15.23,
            "y": 4.02
          }
        },
        {
          "team": 2,
          "pos": {
            "x": -11.95,
            "y": -1.2
          }
        }
      ]
    },
    {
      "time": -2.12,
      "players": [
        {
          "team": 1,
          "pos": {
            "x": 15.26,
            "y": 4.02
          }
        },
        {
          "team": 2,
          "pos": {
            "x": -11.91,
            "y": -1.2
          }
        }
      ]
    },
    {
      "time": -2.1,
      "players": [
        {
          "team": 1,
          "pos": {
            "x": 15.26,
            "y": 4.0
          }
        },
        {
          "team": 2,
          "pos": {
            "x": -11.89,
            "y": -1.19
          }
        }
      ]
    },
    {
      "time": -2.08,
      "players": [
        {
          "team": 1,
          "pos": {
            "x": 15.23,
            "y": 4.01
          }
        },
        {
          "team": 2,
          "pos": {
            "x": -11.88,
            "y": -1.18
          }
        }
      ]
    },
    {
      "time": -2.06,
      "players": [
        {
          "team": 1,
          "pos": {
            "x": 15.23,
            "y": 3.98
          }
        },
        {
          "team": 2,
          "pos": {
            "x": -11.85,
            "y": -1.16
          }
        }
      ]
    },
    {
      "time": -2.04,
      "players": [
        {
          "team": 1,
          "pos": {
            "x": 15.29,
            "y": 3.95
          }
        },
        {
          "team": 2,
          "pos": {
            "x": -11.82,
            "y": -1.15
          }
        }
      ]
    },
    {
      "time": -2.02,
      "players": [
        {
          "team": 1,
          "pos": {
            "x": 15.33,
            "y": 3.92
          }
        },
        {
          "team": 2,
          "pos": {
            "x": -11.79,
            "y": -1.14
          }
        }
      ]
    },
    {
      "time": -2.0,
      "players": [
        {
          "team": 1,
          "pos": {
            "x": 15.4,
            "y": 3.9
          }
        },
        {
          "team": 2,
          "pos": {
            "x": -11.77,
            "y": -1.1
          }
        }
      ]
    },
    {
      "time": -1.98,
      "players": [
        {
          "team": 1,
          "pos": {
            "x": 15.35,
            "y": 3.91
          }
        },
        {
          "team": 2,
          "pos": {
            "x": -11.75,
            "y": -1.09
          }
        }
      ]
    },
    {
      "time": -1.96,
      "players": [
        {
          "team": 1,
          "pos": {
            "x": 15.4,
            "y": 3.9
          }
        },
        {
          "team": 2,
          "pos": {
            "x": -11.73,
            "y": -1.07
          }
        }
      ]
    },
    {
      "time": -1.94,
      "players": [
        {
          "team": 1,
          "pos": {
            "x": 15.41,
            "y": 3.9
          }
        },
        {
          "team": 2,
          "pos": {
            "x": -11.72,
            "y": -1.06
          }
        }
      ]
    },
    {
      "time": -1.92,
      "players": [
        {
          "team": 1,
          "pos": {
            "x": 15.35,
            "y": 3.89
          }
        },
        {
          "team": 2,
          "pos": {
            "x": -11.7,
            "y": -1.05
          }
        }
      ]
    },
    {
      "time": -1.9,
      "players": [
        {
          "team": 1,
          "pos": {
            "x": 15.31,
            "y": 3.88
          }
        },
        {
          "team": 2,
          "pos": {
            "x": -11.7,
            "y": -1.04
          }
        }
      ]
    },
    {
      "time": -1.88,
      "players": [
        {
          "team": 1,
          "pos": {
            "x": 15.27,
            "y": 3.88
          }
        },
        {
          "team": 2,
          "pos": {
            "x": -11.69,
            "y": -1.04
          }
        }
      ]
    },
    {
      "time": -1.86,
      "players": [
        {
          "team": 1,
          "pos": {
            "x": 15.22,
            "y": 3.9
          }
        },
        {
          "team": 2,
          "pos": {
            "x": -11.69,
            "y": -1.05
          }
        }
      ]
    },
    {
      "time": -1.84,
      "players": [
        {
          "team": 1,
          "pos": {
            "x": 15.21,
            "y": 3.92
          }
        },
        {
          "team": 2,
          "pos": {
            "x": -11.69,
            "y": -1.04
          }
        }
      ]
    },
    {
      "time": -1.82,
      "players": [
        {
          "team": 1,
          "pos": {
            "x": 15.19,
            "y": 3.92
          }
        },
        {
          "team": 2,
          "pos": {
            "x": -11.7,
            "y": -1.04
          }
        }
      ]
    },
    {
      "time": -1.8,
      "players": [
        {
          "team": 1,
          "pos": {
            "x": 15.19,
            "y": 3.9
          }
        },
        {
          "team": 2,
          "pos": {
            "x": -11.7,
            "y": -1.05
          }
        }
      ]
    },
    {
      "time": -1.78,
      "players": [
        {
          "team": 1,
          "pos": {
            "x": 15.19,
            "y": 3.9
          }
        },
        {
          "team": 2,
          "pos": {
            "x": -11.71,
            "y": -1.06
          }
        }
      ]
    },
    {
      "time": -1.76,
      "players": [
        {
          "team": 1,
          "pos": {
            "x": 15.19,
            "y": 3.9
          }
        },
        {
          "team": 2,
          "pos": {
            "x": -11.72,
            "y": -1.07
          }
        }
      ]
    },
    {
      "time": -1.74,
      "players": [
        {
          "team": 1,
          "pos": {
            "x": 15.21,
            "y": 3.87
          }
        },
        {
          "team": 2,
          "pos": {
            "x": -11.73,
            "y": -1.07
          }
        }
      ]
    },
    {
      "time": -1.72,
      "players": [
        {
          "team": 1,
          "pos": {
            "x": 15.2,
            "y": 3.88
          }
        },
        {
          "team": 2,
          "pos": {
            "x": -11.74,
            "y": -1.09
          }
        }
      ]
    },
    {
      "time": -1.7,
      "players": [
        {
          "team": 1,
          "pos": {
            "x": 15.24,
            "y": 3.93
          }
        },
        {
          "team": 2,
          "pos": {
            "x": -11.76,
            "y": -1.1
          }
        }
      ]
    },
    {
      "time": -1.68,
      "players": [
        {
          "team": 1,
          "pos": {
            "x": 15.25,
            "y": 3.95
          }
        },
        {
          "team": 2,
          "pos": {
            "x": -11.77,
            "y": -1.12
          }
        }
      ]
    },
    {
      "time": -1.66,
      "players": [
        {
          "team": 1,
          "pos": {
            "x": 15.29,
            "y": 3.96
          }
        },
        {
          "team": 2,
          "pos": {
            "x": -11.79,
            "y": -1.14
          }
        }
      ]
    },
    {
      "time": -1.64,
      "players": [
        {
          "team": 1,
          "pos": {
            "x": 15.33,
            "y": 3.96
          }
        },
        {
          "team": 2,
          "pos": {
            "x": -11.8,
            "y": -1.14
          }
        }
      ]
    },
    {
      "time": -1.62,
      "players": [
        {
          "team": 1,
          "pos": {
            "x": 15.37,
            "y": 3.95
          }
        },
        {
          "team": 2,
          "pos": {
            "x": -11.81,
            "y": -1.15
          }
        }
      ]
    },
    {
      "time": -1.6,
      "players": [
        {
          "team": 1,
          "pos": {
            "x": 15.38,
            "y": 3.92
          }
        },
        {
          "team": 2,
          "pos": {
            "x": -11.82,
            "y": -1.17
          }
        }
      ]
    },
    {
      "time": -1.58,
      "players": [
        {
          "team": 1,
          "pos": {
            "x": 15.36,
            "y": 3.9
          }
        },
        {
          "team": 2,
          "pos": {
            "x": -11.84,
            "y": -1.17
          }
        }
      ]
    },
    {
      "time": -1.56,
      "players": [
        {
          "team": 1,
          "pos": {
            "x": 15.36,
            "y": 3.89
          }
        },
        {
          "team": 2,
          "pos": {
            "x": -11.87,
            "y": -1.22
          }
        }
      ]
    },
    {
      "time": -1.54,
      "players": [
        {
          "team": 1,
          "pos": {
            "x": 15.39,
            "y": 3.92
          }
        },
        {
          "team": 2,
          "pos": {
            "x": -11.89,
            "y": -1.27
          }
        }
      ]
    },
    {
      "time": -1.52,
      "players": [
        {
          "team": 1,
          "pos": {
            "x": 15.41,
            "y": 3.94
          }
        },
        {
          "team": 2,
          "pos": {
            "x": -11.91,
            "y": -1.32
          }
        }
      ]
    },
    {
      "time": -1.5,
      "players": [
        {
          "team": 1,
          "pos": {
            "x": 15.39,
            "y": 3.96
          }
        },
        {
          "team": 2,
          "pos": {
            "x": -11.93,
            "y": -1.37
          }
        }
      ]
    },
    {
      "time": -1.48,
      "players": [
        {
          "team": 1,
          "pos": {
            "x": 15.36,
            "y": 3.99
          }
        },
        {
          "team": 2,
          "pos": {
            "x": -11.96,
            "y": -1.42
          }
        }
      ]
    },
    {
      "time": -1.46,
      "players": [
        {
          "team": 1,
          "pos": {
            "x": 15.35,
            "y": 4.02
          }
        },
        {
          "team": 2,
          "pos": {
            "x": -11.99,
            "y": -1.45
          }
        }
      ]
    },
    {
      "time": -1.44,
      "players": [
        {
          "team": 1,
          "pos": {
            "x": 15.36,
            "y": 4.02
          }
        },
        {
          "team": 2,
          "pos": {
            "x": -12.01,
            "y": -1.49
          }
        }
      ]
    },
    {
      "time": -1.42,
      "players": [
        {
          "team": 1,
          "pos": {
            "x": 15.37,
            "y": 4.02
          }
        },
        {
          "team": 2,
          "pos": {
            "x": -12.04,
            "y": -1.55
          }
        }
      ]
    },
    {
      "time": -1.4,
      "players": [
        {
          "team": 1,
          "pos": {
            "x": 15.39,
            "y": 4.01
          }
        },
        {
          "team": 2,
          "pos": {
            "x": -12.05,
            "y": -1.58
          }
        }
      ]
    },
    {
      "time": -1.38,
      "players": [
        {
          "team": 1,
          "pos": {
            "x": 15.4,
            "y": 4.01
          }
        },
        {
          "team": 2,
          "pos": {
            "x": -12.06,
            "y": -1.59
          }
        }
      ]
    },
    {
      "time": -1.36,
      "players": [
        {
          "team": 1,
          "pos": {
            "x": 15.41,
            "y": 4.01
          }
        },
        {
          "team": 2,
          "pos": {
            "x": -12.07,
            "y": -1.62
          }
        }
      ]
    },
    {
      "time": -1.34,
      "players": [
        {
          "team": 1,
          "pos": {
            "x": 15.43,
            "y": 4.01
          }
        },
        {
          "team": 2,
          "pos": {
            "x": -12.08,
            "y": -1.65
          }
        }
      ]
    },
    {
      "time": -1.32,
      "players": [
        {
          "team": 1,
          "pos": {
            "x": 15.44,
            "y": 4.0
          }
        },
        {
          "team": 2,
          "pos": {
            "x": -12.09,
            "y": -1.67
          }
        }
      ]
    },
    {
      "time": -1.3,
      "players": [
        {
          "team": 1,
          "pos": {
            "x": 15.45,
            "y": 4.0
          }
        },
        {
          "team": 2,
          "pos": {
            "x": -12.09,
            "y": -1.7
          }
        }
      ]
    },
    {
      "time": -1.28,
      "players": [
        {
          "team": 1,
          "pos": {
            "x": 15.46,
            "y": 4.0
          }
        },
        {
          "team": 2,
          "pos": {
            "x": -12.1,
            "y": -1.7
          }
        }
      ]
    },
    {
      "time": -1.26,
      "players": [
        {
          "team": 1,
          "pos": {
            "x": 15.47,
            "y": 4.0
          }
        },
        {
          "team": 2,
          "pos": {
            "x": -12.1,
            "y": -1.71
          }
        }
      ]
    },
    {
      "time": -1.24,
      "players": [
        {
          "team": 1,
          "pos": {
            "x": 15.49,
            "y": 3.99
          }
        },
        {
          "team": 2,
          "pos": {
            "x": -12.11,
            "y": -1.72
          }
        }
      ]
    },
    {
      "time": -1.22,
      "players": [
        {
          "team": 1,
          "pos": {
            "x": 15.5,
            "y": 3.99
          }
        },
        {
          "team": 2,
          "pos": {
            "x": -12.12,
            "y": -1.75
          }
        }
      ]
    },
    {
      "time": -1.2,
      "players": [
        {
          "team": 1,
          "pos": {
            "x": 15.51,
            "y": 3.99
          }
        },
        {
          "team": 2,
          "pos": {
            "x": -12.13,
            "y": -1.78
          }
        }
      ]
    },
    {
      "time": -1.18,
      "players": [
        {
          "team": 1,
          "pos": {
            "x": 15.53,
            "y": 3.99
          }
        },
        {
          "team": 2,
          "pos": {
            "x": -12.12,
            "y": -1.79
          }
        }
      ]
    },
    {
      "time": -1.16,
      "players": [
        {
          "team": 1,
          "pos": {
            "x": 15.54,
            "y": 3.98
          }
        },
        {
          "team": 2,
          "pos": {
            "x": -12.12,
            "y": -1.8
          }
        }
      ]
    },
    {
      "time": -1.14,
      "players": [
        {
          "team": 1,
          "pos": {
            "x": 15.55,
            "y": 3.98
          }
        },
        {
          "team": 2,
          "pos": {
            "x": -12.11,
            "y": -1.81
          }
        }
      ]
    },
    {
      "time": -1.12,
      "players": [
        {
          "team": 1,
          "pos": {
            "x": 15.56,
            "y": 3.98
          }
        },
        {
          "team": 2,
          "pos": {
            "x": -12.1,
            "y": -1.81
          }
        }
      ]
    },
    {
      "time": -1.1,
      "players": [
        {
          "team": 1,
          "pos": {
            "x": 15.58,
            "y": 3.98
          }
        },
        {
          "team": 2,
          "pos": {
            "x": -12.09,
            "y": -1.81
          }
        }
      ]
    },
    {
      "time": -1.08,
      "players": [
        {
          "team": 1,
          "pos": {
            "x": 15.59,
            "y": 3.97
          }
        },
        {
          "team": 2,
          "pos": {
            "x": -12.12,
            "y": -1.77
          }
        }
      ]
    },
    {
      "time": -1.06,
      "players": [
        {
          "team": 1,
          "pos": {
            "x": 15.6,
            "y": 3.97
          }
        },
        {
          "team": 2,
          "pos": {
            "x": -12.11,
            "y": -1.77
          }
        }
      ]
    },
    {
      "time": -1.04,
      "players": [
        {
          "team": 1,
          "pos": {
            "x": 15.62,
            "y": 3.97
          }
        },
        {
          "team": 2,
          "pos": {
            "x": -12.1,
            "y": -1.78
          }
        }
      ]
    },
    {
      "time": -1.02,
      "players": [
        {
          "team": 1,
          "pos": {
            "x": 15.63,
            "y": 3.96
          }
        },
        {
          "team": 2,
          "pos": {
            "x": -12.08,
            "y": -1.77
          }
        }
      ]
    },
    {
      "time": -1.0,
      "players": [
        {
          "team": 1,
          "pos": {
            "x": 15.64,
            "y": 3.96
          }
        },
        {
          "team": 2,
          "pos": {
            "x": -12.12,
            "y": -1.72
          }
        }
      ]
    },
    {
      "time": -0.98,
      "players": [
        {
          "team": 1,
          "pos": {
            "x": 15.65,
            "y": 3.96
          }
        },
        {
          "team": 2,
          "pos": {
            "x": -12.14,
            "y": -1.66
          }
        }
      ]
    },
    {
      "time": -0.96,
      "players": [
        {
          "team": 1,
          "pos": {
            "x": 15.67,
            "y": 3.96
          }
        },
        {
          "team": 2,
          "pos": {
            "x": -12.19,
            "y": -1.58
          }
        }
      ]
    },
    {
      "time": -0.94,
      "players": [
        {
          "team": 1,
          "pos": {
            "x": 15.68,
            "y": 3.96
          }
        },
        {
          "team": 2,
          "pos": {
            "x": -12.23,
            "y": -1.51
          }
        }
      ]
    },
    {
      "time": -0.929,
      "ball": {
        "pos": {
          "x": -12.075,
          "y": -0.775,
          "z": 0.763
        }
      },
      "players": [
        {
          "team": 1,
          "pos": {
            "x": 15.69,
            "y": 3.95
          }
        },
        {
          "team": 2,
          "pos": {
            "x": -12.26,
            "y": -1.47
          }
        }
      ]
    },
    {
      "time": -0.92,
      "ball": {
        "pos": {
          "x": -12.058,
          "y": -0.767,
          "z": 0.816
        }
      },
      "players": [
        {
          "team": 1,
          "pos": {
            "x": 15.69,
            "y": 3.95
          }
        },
        {
          "team": 2,
          "pos": {
            "x": -12.27,
            "y": -1.45
          }
        }
      ]
    },
    {
      "time": -0.9,
      "ball": {
        "pos": {
          "x": -12.019,
          "y": -0.749,
          "z": 0.939
        }
      },
      "players": [
        {
          "team": 1,
          "pos": {
            "x": 15.7,
            "y": 3.95
          }
        },
        {
          "team": 2,
          "pos": {
            "x": -12.3,
            "y": -1.39
          }
        }
      ]
    },
    {
      "time": -0.88,
      "ball": {
        "pos": {
          "x": -11.982,
          "y": -0.733,
          "z": 1.059
        }
      },
      "players": [
        {
          "team": 1,
          "pos": {
            "x": 15.72,
            "y": 3.95
          }
        },
        {
          "team": 2,
          "pos": {
            "x": -12.32,
            "y": -1.33
          }
        }
      ]
    },
    {
      "time": -0.86,
      "ball": {
        "pos": {
          "x": -11.947,
          "y": -0.718,
          "z": 1.176
        }
      },
      "players": [
        {
          "team": 1,
          "pos": {
            "x": 15.73,
            "y": 3.94
          }
        },
        {
          "team": 2,
          "pos": {
            "x": -12.35,
            "y": -1.28
          }
        }
      ]
    },
    {
      "time": -0.84,
      "ball": {
        "pos": {
          "x": -11.913,
          "y": -0.704,
          "z": 1.29
        }
      },
      "players": [
        {
          "team": 1,
          "pos": {
            "x": 15.74,
            "y": 3.94
          }
        },
        {
          "team": 2,
          "pos": {
            "x": -12.38,
            "y": -1.23
          }
        }
      ]
    },
    {
      "time": -0.82,
      "ball": {
        "pos": {
          "x": -11.881,
          "y": -0.691,
          "z": 1.401
        }
      },
      "players": [
        {
          "team": 1,
          "pos": {
            "x": 15.76,
            "y": 3.94
          }
        },
        {
          "team": 2,
          "pos": {
            "x": -12.4,
            "y": -1.17
          }
        }
      ]
    },
    {
      "time": -0.8,
      "ball": {
        "pos": {
          "x": -11.85,
          "y": -0.68,
          "z": 1.509
        }
      },
      "players": [
        {
          "team": 1,
          "pos": {
            "x": 15.77,
            "y": 3.94
          }
        },
        {
          "team": 2,
          "pos": {
            "x": -12.41,
            "y": -1.13
          }
        }
      ]
    },
    {
      "time": -0.78,
      "ball": {
        "pos": {
          "x": -11.821,
          "y": -0.669,
          "z": 1.614
        }
      },
      "players": [
        {
          "team": 1,
          "pos": {
            "x": 15.78,
            "y": 3.94
          }
        },
        {
          "team": 2,
          "pos": {
            "x": -12.42,
            "y": -1.09
          }
        }
      ]
    },
    {
      "time": -0.76,
      "ball": {
        "pos": {
          "x": -11.793,
          "y": -0.66,
          "z": 1.715
        }
      },
      "players": [
        {
          "team": 1,
          "pos": {
            "x": 15.79,
            "y": 3.93
          }
        },
        {
          "team": 2,
          "pos": {
            "x": -12.4,
            "y": -1.05
          }
        }
      ]
    },
    {
      "time": -0.74,
      "ball": {
        "pos": {
          "x": -11.767,
          "y": -0.651,
          "z": 1.814
        }
      },
      "players": [
        {
          "team": 1,
          "pos": {
            "x": 15.8,
            "y": 3.93
          }
        },
        {
          "team": 2,
          "pos": {
            "x": -12.39,
            "y": -1.03
          }
        }
      ]
    },
    {
      "time": -0.72,
      "ball": {
        "pos": {
          "x": -11.742,
          "y": -0.644,
          "z": 1.909
        }
      },
      "players": [
        {
          "team": 1,
          "pos": {
            "x": 15.82,
            "y": 3.93
          }
        },
        {
          "team": 2,
          "pos": {
            "x": -12.36,
            "y": -1.05
          }
        }
      ]
    },
    {
      "time": -0.7,
      "ball": {
        "pos": {
          "x": -11.718,
          "y": -0.637,
          "z": 2.001
        }
      },
      "players": [
        {
          "team": 1,
          "pos": {
            "x": 15.83,
            "y": 3.92
          }
        },
        {
          "team": 2,
          "pos": {
            "x": -12.32,
            "y": -1.06
          }
        }
      ]
    },
    {
      "time": -0.68,
      "ball": {
        "pos": {
          "x": -11.695,
          "y": -0.632,
          "z": 2.09
        }
      },
      "players": [
        {
          "team": 1,
          "pos": {
            "x": 15.84,
            "y": 3.92
          }
        },
        {
          "team": 2,
          "pos": {
            "x": -12.29,
            "y": -1.04
          }
        }
      ]
    },
    {
      "time": -0.66,
      "ball": {
        "pos": {
          "x": -11.674,
          "y": -0.627,
          "z": 2.175
        }
      },
      "players": [
        {
          "team": 1,
          "pos": {
            "x": 15.86,
            "y": 3.92
          }
        },
        {
          "team": 2,
          "pos": {
            "x": -12.3,
            "y": -1.03
          }
        }
      ]
    },
    {
      "time": -0.64,
      "ball": {
        "pos": {
          "x": -11.654,
          "y": -0.623,
          "z": 2.257
        }
      },
      "players": [
        {
          "team": 1,
          "pos": {
            "x": 15.87,
            "y": 3.92
          }
        },
        {
          "team": 2,
          "pos": {
            "x": -12.33,
            "y": -0.98
          }
        }
      ]
    },
    {
      "time": -0.62,
      "ball": {
        "pos": {
          "x": -11.634,
          "y": -0.62,
          "z": 2.336
        }
      },
      "players": [
        {
          "team": 1,
          "pos": {
            "x": 15.88,
            "y": 3.91
          }
        },
        {
          "team": 2,
          "pos": {
            "x": -12.35,
            "y": -0.95
          }
        }
      ]
    },
    {
      "time": -0.6,
      "ball": {
        "pos": {
          "x": -11.616,
          "y": -0.617,
          "z": 2.411
        }
      },
      "players": [
        {
          "team": 1,
          "pos": {
            "x": 15.89,
            "y": 3.91
          }
        },
        {
          "team": 2,
          "pos": {
            "x": -12.38,
            "y": -0.96
          }
        }
      ]
    },
    {
      "time": -0.58,
      "ball": {
        "pos": {
          "x": -11.599,
          "y": -0.616,
          "z": 2.483
        }
      },
      "players": [
        {
          "team": 1,
          "pos": {
            "x": 15.9,
            "y": 3.91
          }
        },
        {
          "team": 2,
          "pos": {
            "x": -12.41,
            "y": -0.92
          }
        }
      ]
    },
    {
      "time": -0.56,
      "ball": {
        "pos": {
          "x": -11.583,
          "y": -0.614,
          "z": 2.552
        }
      },
      "players": [
        {
          "team": 1,
          "pos": {
            "x": 15.9,
            "y": 3.91
          }
        },
        {
          "team": 2,
          "pos": {
            "x": -12.43,
            "y": -0.88
          }
        }
      ]
    },
    {
      "time": -0.54,
      "ball": {
        "pos": {
          "x": -11.567,
          "y": -0.614,
          "z": 2.617
        }
      },
      "players": [
        {
          "team": 1,
          "pos": {
            "x": 15.88,
            "y": 3.91
          }
        },
        {
          "team": 2,
          "pos": {
            "x": -12.44,
            "y": -0.84
          }
        }
      ]
    },
    {
      "time": -0.52,
      "ball": {
        "pos": {
          "x": -11.553,
          "y": -0.614,
          "z": 2.678
        }
      },
      "players": [
        {
          "team": 1,
          "pos": {
            "x": 15.86,
            "y": 3.92
          }
        },
        {
          "team": 2,
          "pos": {
            "x": -12.45,
            "y": -0.82
          }
        }
      ]
    },
    {
      "time": -0.5,
      "ball": {
        "pos": {
          "x": -11.539,
          "y": -0.614,
          "z": 2.736
        }
      },
      "players": [
        {
          "team": 1,
          "pos": {
            "x": 15.83,
            "y": 3.93
          }
        },
        {
          "team": 2,
          "pos": {
            "x": -12.46,
            "y": -0.79
          }
        }
      ]
    },
    {
      "time": -0.48,
      "ball": {
        "pos": {
          "x": -11.526,
          "y": -0.616,
          "z": 2.791
        }
      },
      "players": [
        {
          "team": 1,
          "pos": {
            "x": 15.78,
            "y": 3.95
          }
        },
        {
          "team": 2,
          "pos": {
            "x": -12.44,
            "y": -0.78
          }
        }
      ]
    },
    {
      "time": -0.46,
      "ball": {
        "pos": {
          "x": -11.514,
          "y": -0.617,
          "z": 2.842
        }
      },
      "players": [
        {
          "team": 1,
          "pos": {
            "x": 15.73,
            "y": 3.97
          }
        },
        {
          "team": 2,
          "pos": {
            "x": -12.42,
            "y": -0.72
          }
        }
      ]
    },
    {
      "time": -0.44,
      "ball": {
        "pos": {
          "x": -11.502,
          "y": -0.619,
          "z": 2.889
        }
      },
      "players": [
        {
          "team": 1,
          "pos": {
            "x": 15.66,
            "y": 3.98
          }
        },
        {
          "team": 2,
          "pos": {
            "x": -12.41,
            "y": -0.68
          }
        }
      ]
    },
    {
      "time": -0.42,
      "ball": {
        "pos": {
          "x": -11.491,
          "y": -0.621,
          "z": 2.933
        }
      },
      "players": [
        {
          "team": 1,
          "pos": {
            "x": 15.61,
            "y": 3.99
          }
        },
        {
          "team": 2,
          "pos": {
            "x": -12.41,
            "y": -0.69
          }
        }
      ]
    },
    {
      "time": -0.4,
      "ball": {
        "pos": {
          "x": -11.48,
          "y": -0.624,
          "z": 2.972
        }
      },
      "players": [
        {
          "team": 1,
          "pos": {
            "x": 15.57,
            "y": 4.0
          }
        },
        {
          "team": 2,
          "pos": {
            "x": -12.41,
            "y": -0.72
          }
        }
      ]
    },
    {
      "time": -0.38,
      "ball": {
        "pos": {
          "x": -11.47,
          "y": -0.627,
          "z": 3.009
        }
      },
      "players": [
        {
          "team": 1,
          "pos": {
            "x": 15.52,
            "y": 4.03
          }
        },
        {
          "team": 2,
          "pos": {
            "x": -12.4,
            "y": -0.73
          }
        }
      ]
    },
    {
      "time": -0.36,
      "ball": {
        "pos": {
          "x": -11.46,
          "y": -0.63,
          "z": 3.041
        }
      },
      "players": [
        {
          "team": 1,
          "pos": {
            "x": 15.45,
            "y": 4.05
          }
        },
        {
          "team": 2,
          "pos": {
            "x": -12.35,
            "y": -0.79
          }
        }
      ]
    },
    {
      "time": -0.34,
      "ball": {
        "pos": {
          "x": -11.451,
          "y": -0.633,
          "z": 3.07
        }
      },
      "players": [
        {
          "team": 1,
          "pos": {
            "x": 15.46,
            "y": 4.05
          }
        },
        {
          "team": 2,
          "pos": {
            "x": -12.31,
            "y": -0.86
          }
        }
      ]
    },
    {
      "time": -0.32,
      "ball": {
        "pos": {
          "x": -11.442,
          "y": -0.636,
          "z": 3.094
        }
      },
      "players": [
        {
          "team": 1,
          "pos": {
            "x": 15.48,
            "y": 4.05
          }
        },
        {
          "team": 2,
          "pos": {
            "x": -12.29,
            "y": -0.9
          }
        }
      ]
    },
    {
      "time": -0.3,
      "ball": {
        "pos": {
          "x": -11.433,
          "y": -0.64,
          "z": 3.115
        }
      },
      "players": [
        {
          "team": 1,
          "pos": {
            "x": 15.51,
            "y": 4.06
          }
        },
        {
          "team": 2,
          "pos": {
            "x": -12.28,
            "y": -0.95
          }
        }
      ]
    },
    {
      "time": -0.28,
      "ball": {
        "pos": {
          "x": -11.425,
          "y": -0.644,
          "z": 3.132
        }
      },
      "players": [
        {
          "team": 1,
          "pos": {
            "x": 15.45,
            "y": 4.04
          }
        },
        {
          "team": 2,
          "pos": {
            "x": -12.27,
            "y": -1.0
          }
        }
      ]
    },
    {
      "time": -0.26,
      "ball": {
        "pos": {
          "x": -11.417,
          "y": -0.647,
          "z": 3.146
        }
      },
      "players": [
        {
          "team": 1,
          "pos": {
            "x": 15.39,
            "y": 4.01
          }
        },
        {
          "team": 2,
          "pos": {
            "x": -12.2,
            "y": -1.06
          }
        }
      ]
    },
    {
      "time": -0.24,
      "ball": {
        "pos": {
          "x": -11.409,
          "y": -0.651,
          "z": 3.155
        }
      },
      "players": [
        {
          "team": 1,
          "pos": {
            "x": 15.32,
            "y": 4.02
          }
        },
        {
          "team": 2,
          "pos": {
            "x": -12.12,
            "y": -1.08
          }
        }
      ]
    },
    {
      "time": -0.22,
      "ball": {
        "pos": {
          "x": -11.401,
          "y": -0.655,
          "z": 3.16
        }
      },
      "players": [
        {
          "team": 1,
          "pos": {
            "x": 15.27,
            "y": 4.02
          }
        },
        {
          "team": 2,
          "pos": {
            "x": -12.03,
            "y": -1.1
          }
        }
      ]
    },
    {
      "time": -0.203,
      "ball": {
        "pos": {
          "x": -11.394,
          "y": -0.658,
          "z": 3.162
        }
      },
      "players": [
        {
          "team": 1,
          "pos": {
            "x": 15.19,
            "y": 4.02
          }
        },
        {
          "team": 2,
          "pos": {
            "x": -11.95,
            "y": -1.14
          }
        }
      ]
    },
    {
      "time": -0.2,
      "ball": {
        "pos": {
          "x": -11.393,
          "y": -0.658,
          "z": 3.162
        }
      },
      "players": [
        {
          "team": 1,
          "pos": {
            "x": 15.19,
            "y": 4.02
          }
        },
        {
          "team": 2,
          "pos": {
            "x": -11.95,
            "y": -1.14
          }
        }
      ]
    },
    {
      "time": -0.18,
      "ball": {
        "pos": {
          "x": -11.385,
          "y": -0.662,
          "z": 3.159
        }
      },
      "players": [
        {
          "team": 1,
          "pos": {
            "x": 15.16,
            "y": 4.04
          }
        },
        {
          "team": 2,
          "pos": {
            "x": -11.87,
            "y": -1.15
          }
        }
      ]
    },
    {
      "time": -0.16,
      "ball": {
        "pos": {
          "x": -11.377,
          "y": -0.665,
          "z": 3.152
        }
      },
      "players": [
        {
          "team": 1,
          "pos": {
            "x": 15.15,
            "y": 4.05
          }
        },
        {
          "team": 2,
          "pos": {
            "x": -11.8,
            "y": -1.11
          }
        }
      ]
    },
    {
      "time": -0.14,
      "ball": {
        "pos": {
          "x": -11.369,
          "y": -0.668,
          "z": 3.141
        }
      },
      "players": [
        {
          "team": 1,
          "pos": {
            "x": 15.11,
            "y": 4.06
          }
        },
        {
          "team": 2,
          "pos": {
            "x": -11.74,
            "y": -1.11
          }
        }
      ]
    },
    {
      "time": -0.12,
      "ball": {
        "pos": {
          "x": -11.361,
          "y": -0.671,
          "z": 3.126
        }
      },
      "players": [
        {
          "team": 1,
          "pos": {
            "x": 15.07,
            "y": 4.06
          }
        },
        {
          "team": 2,
          "pos": {
            "x": -11.68,
            "y": -1.1
          }
        }
      ]
    },
    {
      "time": -0.1,
      "ball": {
        "pos": {
          "x": -11.353,
          "y": -0.674,
          "z": 3.107
        }
      },
      "players": [
        {
          "team": 1,
          "pos": {
            "x": 15.04,
            "y": 4.07
          }
        },
        {
          "team": 2,
          "pos": {
            "x": -11.62,
            "y": -1.07
          }
        }
      ]
    },
    {
      "time": -0.08,
      "ball": {
        "pos": {
          "x": -11.344,
          "y": -0.676,
          "z": 3.084
        }
      },
      "players": [
        {
          "team": 1,
          "pos": {
            "x": 15.03,
            "y": 4.07
          }
        },
        {
          "team": 2,
          "pos": {
            "x": -11.61,
            "y": -0.98
          }
        }
      ]
    },
    {
      "time": -0.06,
      "ball": {
        "pos": {
          "x": -11.335,
          "y": -0.678,
          "z": 3.056
        }
      },
      "players": [
        {
          "team": 1,
          "pos": {
            "x": 14.98,
            "y": 4.08
          }
        },
        {
          "team": 2,
          "pos": {
            "x": -11.58,
            "y": -0.91
          }
        }
      ]
    },
    {
      "time": -0.04,
      "ball": {
        "pos": {
          "x": -11.326,
          "y": -0.679,
          "z": 3.025
        }
      },
      "players": [
        {
          "team": 1,
          "pos": {
            "x": 14.95,
            "y": 4.1
          }
        },
        {
          "team": 2,
          "pos": {
            "x": -11.5,
            "y": -0.85
          }
        }
      ]
    },
    {
      "time": -0.02,
      "ball": {
        "pos": {
          "x": -11.316,
          "y": -0.681,
          "z": 2.989
        }
      },
      "players": [
        {
          "team": 1,
          "pos": {
            "x": 14.92,
            "y": 4.11
          }
        },
        {
          "team": 2,
          "pos": {
            "x": -11.46,
            "y": -0.84
          }
        }
      ]
    },
    {
      "time": 0.0,
      "event": "hit",
      "ball": {
        "pos": {
          "x": -11.306,
          "y": -0.681,
          "z": 2.948
        }
      },
      "players": [
        {
          "team": 1,
          "pos": {
            "x": 14.88,
            "y": 4.07
          }
        },
        {
          "team": 2,
          "pos": {
            "x": -11.45,
            "y": -0.79
          }
        }
      ]
    },
    {
      "time": 0.02,
      "ball": {
        "pos": {
          "x": -10.176,
          "y": -0.572,
          "z": 2.767
        }
      },
      "players": [
        {
          "team": 1,
          "pos": {
            "x": 14.84,
            "y": 4.07
          }
        },
        {
          "team": 2,
          "pos": {
            "x": -11.4,
            "y": -0.73
          }
        }
      ]
    },
    {
      "time": 0.04,
      "ball": {
        "pos": {
          "x": -9.072,
          "y": -0.469,
          "z": 2.586
        }
      },
      "players": [
        {
          "team": 1,
          "pos": {
            "x": 14.8,
            "y": 4.07
          }
        },
        {
          "team": 2,
          "pos": {
            "x": -11.37,
            "y": -0.67
          }
        }
      ]
    },
    {
      "time": 0.06,
      "ball": {
        "pos": {
          "x": -7.992,
          "y": -0.373,
          "z": 2.404
        }
      },
      "players": [
        {
          "team": 1,
          "pos": {
            "x": 14.75,
            "y": 4.07
          }
        },
        {
          "team": 2,
          "pos": {
            "x": -11.33,
            "y": -0.67
          }
        }
      ]
    },
    {
      "time": 0.08,
      "ball": {
        "pos": {
          "x": -6.937,
          "y": -0.282,
          "z": 2.222
        }
      },
      "players": [
        {
          "team": 1,
          "pos": {
            "x": 14.71,
            "y": 4.07
          }
        },
        {
          "team": 2,
          "pos": {
            "x": -11.3,
            "y": -0.68
          }
        }
      ]
    },
    {
      "time": 0.1,
      "ball": {
        "pos": {
          "x": -5.904,
          "y": -0.197,
          "z": 2.039
        }
      },
      "players": [
        {
          "team": 1,
          "pos": {
            "x": 14.68,
            "y": 4.04
          }
        },
        {
          "team": 2,
          "pos": {
            "x": -11.25,
            "y": -0.71
          }
        }
      ]
    },
    {
      "time": 0.12,
      "ball": {
        "pos": {
          "x": -4.894,
          "y": -0.118,
          "z": 1.857
        }
      },
      "players": [
        {
          "team": 1,
          "pos": {
            "x": 14.65,
            "y": 4.02
          }
        },
        {
          "team": 2,
          "pos": {
            "x": -11.22,
            "y": -0.68
          }
        }
      ]
    },
    {
      "time": 0.14,
      "ball": {
        "pos": {
          "x": -3.906,
          "y": -0.044,
          "z": 1.674
        }
      },
      "players": [
        {
          "team": 1,
          "pos": {
            "x": 14.62,
            "y": 3.98
          }
        },
        {
          "team": 2,
          "pos": {
            "x": -11.19,
            "y": -0.65
          }
        }
      ]
    },
    {
      "time": 0.16,
      "ball": {
        "pos": {
          "x": -2.938,
          "y": 0.025,
          "z": 1.491
        }
      },
      "players": [
        {
          "team": 1,
          "pos": {
            "x": 14.6,
            "y": 3.94
          }
        },
        {
          "team": 2,
          "pos": {
            "x": -11.16,
            "y": -0.61
          }
        }
      ]
    },
    {
      "time": 0.18,
      "ball": {
        "pos": {
          "x": -1.991,
          "y": 0.089,
          "z": 1.308
        }
      },
      "players": [
        {
          "team": 1,
          "pos": {
            "x": 14.68,
            "y": 3.89
          }
        },
        {
          "team": 2,
          "pos": {
            "x": -11.14,
            "y": -0.57
          }
        }
      ]
    },
    {
      "time": 0.2,
      "ball": {
        "pos": {
          "x": -1.064,
          "y": 0.147,
          "z": 1.126
        }
      },
      "players": [
        {
          "team": 1,
          "pos": {
            "x": 14.68,
            "y": 3.83
          }
        },
        {
          "team": 2,
          "pos": {
            "x": -11.11,
            "y": -0.54
          }
        }
      ]
    },
    {
      "time": 0.22,
      "ball": {
        "pos": {
          "x": -0.155,
          "y": 0.202,
          "z": 0.943
        }
      },
      "players": [
        {
          "team": 1,
          "pos": {
            "x": 14.76,
            "y": 3.78
          }
        },
        {
          "team": 2,
          "pos": {
            "x": -11.11,
            "y": -0.52
          }
        }
      ]
    },
    {
      "time": 0.224,
      "ball": {
        "pos": {
          "x": 0.021,
          "y": 0.212,
          "z": 0.907
        }
      },
      "players": [
        {
          "team": 1,
          "pos": {
            "x": 14.79,
            "y": 3.77
          }
        },
        {
          "team": 2,
          "pos": {
            "x": -11.1,
            "y": -0.52
          }
        }
      ]
    },
    {
      "time": 0.24,
      "ball": {
        "pos": {
          "x": -0.031,
          "y": 0.256,
          "z": 0.832
        }
      },
      "players": [
        {
          "team": 1,
          "pos": {
            "x": 14.8,
            "y": 3.73
          }
        },
        {
          "team": 2,
          "pos": {
            "x": -11.07,
            "y": -0.52
          }
        }
      ]
    },
    {
      "time": 0.26,
      "ball": {
        "pos": {
          "x": -0.096,
          "y": 0.312,
          "z": 0.732
        }
      },
      "players": [
        {
          "team": 1,
          "pos": {
            "x": 14.83,
            "y": 3.72
          }
        },
        {
          "team": 2,
          "pos": {
            "x": -11.04,
            "y": -0.53
          }
        }
      ]
    },
    {
      "time": 0.28,
      "ball": {
        "pos": {
          "x": -0.159,
          "y": 0.368,
          "z": 0.628
        }
      },
      "players": [
        {
          "team": 1,
          "pos": {
            "x": 14.86,
            "y": 3.69
          }
        },
        {
          "team": 2,
          "pos": {
            "x": -11.02,
            "y": -0.56
          }
        }
      ]
    },
    {
      "time": 0.3,
      "ball": {
        "pos": {
          "x": -0.222,
          "y": 0.425,
          "z": 0.519
        }
      },
      "players": [
        {
          "team": 1,
          "pos": {
            "x": 14.9,
            "y": 3.68
          }
        },
        {
          "team": 2,
          "pos": {
            "x": -11.01,
            "y": -0.56
          }
        }
      ]
    },
    {
      "time": 0.32,
      "ball": {
        "pos": {
          "x": -0.285,
          "y": 0.481,
          "z": 0.406
        }
      },
      "players": [
        {
          "team": 1,
          "pos": {
            "x": 14.93,
            "y": 3.66
          }
        },
        {
          "team": 2,
          "pos": {
            "x": -11.01,
            "y": -0.61
          }
        }
      ]
    },
    {
      "time": 0.34,
      "ball": {
        "pos": {
          "x": -0.347,
          "y": 0.538,
          "z": 0.289
        }
      },
      "players": [
        {
          "team": 1,
          "pos": {
            "x": 14.95,
            "y": 3.6
          }
        },
        {
          "team": 2,
          "pos": {
            "x": -11.04,
            "y": -0.61
          }
        }
      ]
    },
    {
      "time": 0.36,
      "ball": {
        "pos": {
          "x": -0.411,
          "y": 0.594,
          "z": 0.169
        }
      },
      "players": [
        {
          "team": 1,
          "pos": {
            "x": 14.97,
            "y": 3.52
          }
        },
        {
          "team": 2,
          "pos": {
            "x": -11.06,
            "y": -0.59
          }
        }
      ]
    },
    {
      "time": 0.38,
      "ball": {
        "pos": {
          "x": -0.476,
          "y": 0.65,
          "z": 0.046
        }
      },
      "players": [
        {
          "team": 1,
          "pos": {
            "x": 15.0,
            "y": 3.51
          }
        },
        {
          "team": 2,
          "pos": {
            "x": -11.09,
            "y": -0.6
          }
        }
      ]
    },
    {
      "time": 0.381,
      "event": "bounce",
      "ball": {
        "pos": {
          "x": -0.478,
          "y": 0.652,
          "z": 0.043
        }
      },
      "players": [
        {
          "team": 1,
          "pos": {
            "x": 15.01,
            "y": 3.5
          }
        },
        {
          "team": 2,
          "pos": {
            "x": -11.09,
            "y": -0.6
          }
        }
      ]
    },
    {
      "time": 0.4,
      "ball": {
        "pos": {
          "x": -0.526,
          "y": 0.684,
          "z": 0.1
        }
      },
      "players": [
        {
          "team": 1,
          "pos": {
            "x": 15.06,
            "y": 3.49
          }
        },
        {
          "team": 2,
          "pos": {
            "x": -11.11,
            "y": -0.62
          }
        }
      ]
    },
    {
      "time": 0.42,
      "ball": {
        "pos": {
          "x": -0.574,
          "y": 0.714,
          "z": 0.188
        }
      },
      "players": [
        {
          "team": 1,
          "pos": {
            "x": 15.11,
            "y": 3.45
          }
        },
        {
          "team": 2,
          "pos": {
            "x": -11.14,
            "y": -0.65
          }
        }
      ]
    },
    {
      "time": 0.44,
      "ball": {
        "pos": {
          "x": -0.622,
          "y": 0.744,
          "z": 0.272
        }
      },
      "players": [
        {
          "team": 1,
          "pos": {
            "x": 15.16,
            "y": 3.42
          }
        },
        {
          "team": 2,
          "pos": {
            "x": -11.13,
            "y": -0.66
          }
        }
      ]
    },
    {
      "time": 0.46,
      "ball": {
        "pos": {
          "x": -0.669,
          "y": 0.774,
          "z": 0.352
        }
      },
      "players": [
        {
          "team": 1,
          "pos": {
            "x": 15.22,
            "y": 3.38
          }
        },
        {
          "team": 2,
          "pos": {
            "x": -11.09,
            "y": -0.64
          }
        }
      ]
    },
    {
      "time": 0.48,
      "ball": {
        "pos": {
          "x": -0.717,
          "y": 0.804,
          "z": 0.428
        }
      },
      "players": [
        {
          "team": 1,
          "pos": {
            "x": 15.29,
            "y": 3.3
          }
        },
        {
          "team": 2,
          "pos": {
            "x": -11.07,
            "y": -0.64
          }
        }
      ]
    },
    {
      "time": 0.5,
      "ball": {
        "pos": {
          "x": -0.765,
          "y": 0.834,
          "z": 0.499
        }
      },
      "players": [
        {
          "team": 1,
          "pos": {
            "x": 15.29,
            "y": 3.24
          }
        },
        {
          "team": 2,
          "pos": {
            "x": -11.06,
            "y": -0.59
          }
        }
      ]
    },
    {
      "time": 0.52,
      "ball": {
        "pos": {
          "x": -0.812,
          "y": 0.865,
          "z": 0.567
        }
      },
      "players": [
        {
          "team": 1,
          "pos": {
            "x": 15.32,
            "y": 3.19
          }
        },
        {
          "team": 2,
          "pos": {
            "x": -11.04,
            "y": -0.56
          }
        }
      ]
    },
    {
      "time": 0.54,
      "ball": {
        "pos": {
          "x": -0.86,
          "y": 0.895,
          "z": 0.63
        }
      },
      "players": [
        {
          "team": 1,
          "pos": {
            "x": 15.32,
            "y": 3.1
          }
        },
        {
          "team": 2,
          "pos": {
            "x": -11.01,
            "y": -0.59
          }
        }
      ]
    },
    {
      "time": 0.56,
      "ball": {
        "pos": {
          "x": -0.908,
          "y": 0.925,
          "z": 0.69
        }
      },
      "players": [
        {
          "team": 1,
          "pos": {
            "x": 15.39,
            "y": 2.99
          }
        },
        {
          "team": 2,
          "pos": {
            "x": -10.97,
            "y": -0.61
          }
        }
      ]
    },
    {
      "time": 0.58,
      "ball": {
        "pos": {
          "x": -0.955,
          "y": 0.955,
          "z": 0.745
        }
      },
      "players": [
        {
          "team": 1,
          "pos": {
            "x": 15.4,
            "y": 2.94
          }
        },
        {
          "team": 2,
          "pos": {
            "x": -10.96,
            "y": -0.58
          }
        }
      ]
    },
    {
      "time": 0.6,
      "ball": {
        "pos": {
          "x": -1.003,
          "y": 0.985,
          "z": 0.797
        }
      },
      "players": [
        {
          "team": 1,
          "pos": {
            "x": 15.39,
            "y": 2.83
          }
        },
        {
          "team": 2,
          "pos": {
            "x": -10.95,
            "y": -0.54
          }
        }
      ]
    },
    {
      "time": 0.62,
      "ball": {
        "pos": {
          "x": -1.05,
          "y": 1.016,
          "z": 0.844
        }
      },
      "players": [
        {
          "team": 1,
          "pos": {
            "x": 15.39,
            "y": 2.72
          }
        },
        {
          "team": 2,
          "pos": {
            "x": -10.91,
            "y": -0.57
          }
        }
      ]
    },
    {
      "time": 0.64,
      "ball": {
        "pos": {
          "x": -1.098,
          "y": 1.046,
          "z": 0.887
        }
      },
      "players": [
        {
          "team": 1,
          "pos": {
            "x": 15.4,
            "y": 2.63
          }
        },
        {
          "team": 2,
          "pos": {
            "x": -10.88,
            "y": -0.56
          }
        }
      ]
    },
    {
      "time": 0.66,
      "ball": {
        "pos": {
          "x": -1.145,
          "y": 1.076,
          "z": 0.926
        }
      },
      "players": [
        {
          "team": 1,
          "pos": {
            "x": 15.41,
            "y": 2.58
          }
        },
        {
          "team": 2,
          "pos": {
            "x": -10.84,
            "y": -0.53
          }
        }
      ]
    },
    {
      "time": 0.68,
      "ball": {
        "pos": {
          "x": -1.193,
          "y": 1.107,
          "z": 0.961
        }
      },
      "players": [
        {
          "team": 1,
          "pos": {
            "x": 15.41,
            "y": 2.54
          }
        },
        {
          "team": 2,
          "pos": {
            "x": -10.8,
            "y": -0.51
          }
        }
      ]
    },
    {
      "time": 0.7,
      "ball": {
        "pos": {
          "x": -1.24,
          "y": 1.137,
          "z": 0.992
        }
      },
      "players": [
        {
          "team": 1,
          "pos": {
            "x": 15.46,
            "y": 2.44
          }
        },
        {
          "team": 2,
          "pos": {
            "x": -10.75,
            "y": -0.51
          }
        }
      ]
    },
    {
      "time": 0.72,
      "ball": {
        "pos": {
          "x": -1.288,
          "y": 1.167,
          "z": 1.019
        }
      },
      "players": [
        {
          "team": 1,
          "pos": {
            "x": 15.45,
            "y": 2.38
          }
        },
        {
          "team": 2,
          "pos": {
            "x": -10.69,
            "y": -0.53
          }
        }
      ]
    },
    {
      "time": 0.74,
      "ball": {
        "pos": {
          "x": -1.335,
          "y": 1.198,
          "z": 1.042
        }
      },
      "players": [
        {
          "team": 1,
          "pos": {
            "x": 15.46,
            "y": 2.3
          }
        },
        {
          "team": 2,
          "pos": {
            "x": -10.63,
            "y": -0.49
          }
        }
      ]
    },
    {
      "time": 0.76,
      "ball": {
        "pos": {
          "x": -1.383,
          "y": 1.228,
          "z": 1.061
        }
      },
      "players": [
        {
          "team": 1,
          "pos": {
            "x": 15.45,
            "y": 2.23
          }
        },
        {
          "team": 2,
          "pos": {
            "x": -10.58,
            "y": -0.47
          }
        }
      ]
    },
    {
      "time": 0.78,
      "ball": {
        "pos": {
          "x": -1.43,
          "y": 1.258,
          "z": 1.076
        }
      },
      "players": [
        {
          "team": 1,
          "pos": {
            "x": 15.49,
            "y": 2.13
          }
        },
        {
          "team": 2,
          "pos": {
            "x": -10.52,
            "y": -0.45
          }
        }
      ]
    },
    {
      "time": 0.8,
      "ball": {
        "pos": {
          "x": -1.477,
          "y": 1.289,
          "z": 1.087
        }
      },
      "players": [
        {
          "team": 1,
          "pos": {
            "x": 15.48,
            "y": 2.06
          }
        },
        {
          "team": 2,
          "pos": {
            "x": -10.46,
            "y": -0.41
          }
        }
      ]
    },
    {
      "time": 0.82,
      "ball": {
        "pos": {
          "x": -1.524,
          "y": 1.319,
          "z": 1.094
        }
      },
      "players": [
        {
          "team": 1,
          "pos": {
            "x": 15.49,
            "y": 2.0
          }
        },
        {
          "team": 2,
          "pos": {
            "x": -10.39,
            "y": -0.38
          }
        }
      ]
    },
    {
      "time": 0.84,
      "ball": {
        "pos": {
          "x": -1.571,
          "y": 1.349,
          "z": 1.098
        }
      },
      "players": [
        {
          "team": 1,
          "pos": {
            "x": 15.49,
            "y": 1.94
          }
        },
        {
          "team": 2,
          "pos": {
            "x": -10.33,
            "y": -0.35
          }
        }
      ]
    },
    {
      "time": 0.846,
      "ball": {
        "pos": {
          "x": -1.584,
          "y": 1.358,
          "z": 1.098
        }
      },
      "players": [
        {
          "team": 1,
          "pos": {
            "x": 15.5,
            "y": 1.91
          }
        },
        {
          "team": 2,
          "pos": {
            "x": -10.31,
            "y": -0.35
          }
        }
      ]
    },
    {
      "time": 0.86,
      "ball": {
        "pos": {
          "x": -1.618,
          "y": 1.379,
          "z": 1.097
        }
      },
      "players": [
        {
          "team": 1,
          "pos": {
            "x": 15.51,
            "y": 1.88
          }
        },
        {
          "team": 2,
          "pos": {
            "x": -10.28,
            "y": -0.33
          }
        }
      ]
    },
    {
      "time": 0.88,
      "ball": {
        "pos": {
          "x": -1.665,
          "y": 1.41,
          "z": 1.092
        }
      },
      "players": [
        {
          "team": 1,
          "pos": {
            "x": 15.51,
            "y": 1.82
          }
        },
        {
          "team": 2,
          "pos": {
            "x": -10.25,
            "y": -0.31
          }
        }
      ]
    },
    {
      "time": 0.9,
      "ball": {
        "pos": {
          "x": -1.712,
          "y": 1.44,
          "z": 1.083
        }
      },
      "players": [
        {
          "team": 1,
          "pos": {
            "x": 15.53,
            "y": 1.77
          }
        },
        {
          "team": 2,
          "pos": {
            "x": -10.23,
            "y": -0.29
          }
        }
      ]
    },
    {
      "time": 0.92,
      "ball": {
        "pos": {
          "x": -1.759,
          "y": 1.47,
          "z": 1.07
        }
      },
      "players": [
        {
          "team": 1,
          "pos": {
            "x": 15.54,
            "y": 1.73
          }
        },
        {
          "team": 2,
          "pos": {
            "x": -10.21,
            "y": -0.27
          }
        }
      ]
    },
    {
      "time": 0.94,
      "ball": {
        "pos": {
          "x": -1.806,
          "y": 1.5,
          "z": 1.054
        }
      },
      "players": [
        {
          "team": 1,
          "pos": {
            "x": 15.57,
            "y": 1.66
          }
        },
        {
          "team": 2,
          "pos": {
            "x": -10.19,
            "y": -0.3
          }
        }
      ]
    },
    {
      "time": 0.96,
      "ball": {
        "pos": {
          "x": -1.853,
          "y": 1.53,
          "z": 1.033
        }
      },
      "players": [
        {
          "team": 1,
          "pos": {
            "x": 15.57,
            "y": 1.56
          }
        },
        {
          "team": 2,
          "pos": {
            "x": -10.16,
            "y": -0.28
          }
        }
      ]
    },
    {
      "time": 0.98,
      "ball": {
        "pos": {
          "x": -1.899,
          "y": 1.56,
          "z": 1.009
        }
      },
      "players": [
        {
          "team": 1,
          "pos": {
            "x": 15.64,
            "y": 1.49
          }
        },
        {
          "team": 2,
          "pos": {
            "x": -10.14,
            "y": -0.27
          }
        }
      ]
    },
    {
      "time": 1.0,
      "ball": {
        "pos": {
          "x": -1.946,
          "y": 1.59,
          "z": 0.98
        }
      },
      "players": [
        {
          "team": 1,
          "pos": {
            "x": 15.66,
            "y": 1.44
          }
        },
        {
          "team": 2,
          "pos": {
            "x": -10.09,
            "y": -0.34
          }
        }
      ]
    },
    {
      "time": 1.02,
      "ball": {
        "pos": {
          "x": -1.992,
          "y": 1.62,
          "z": 0.948
        }
      },
      "players": [
        {
          "team": 1,
          "pos": {
            "x": 15.71,
            "y": 1.34
          }
        },
        {
          "team": 2,
          "pos": {
            "x": -10.02,
            "y": -0.4
          }
        }
      ]
    },
    {
      "time": 1.04,
      "ball": {
        "pos": {
          "x": -2.039,
          "y": 1.65,
          "z": 0.912
        }
      },
      "players": [
        {
          "team": 1,
          "pos": {
            "x": 15.71,
            "y": 1.34
          }
        },
        {
          "team": 2,
          "pos": {
            "x": -10.02,
            "y": -0.4
          }
        }
      ]
    },
    {
      "time": 1.06,
      "ball": {
        "pos": {
          "x": -2.085,
          "y": 1.68,
          "z": 0.871
        }
      },
      "players": [
        {
          "team": 1,
          "pos": {
            "x": 15.71,
            "y": 1.34
          }
        },
        {
          "team": 2,
          "pos": {
            "x": -10.02,
            "y": -0.4
          }
        }
      ]
    },
    {
      "time": 1.08,
      "ball": {
        "pos": {
          "x": -2.131,
          "y": 1.709,
          "z": 0.828
        }
      },
      "players": [
        {
          "team": 1,
          "pos": {
            "x": 15.71,
            "y": 1.34
          }
        },
        {
          "team": 2,
          "pos": {
            "x": -10.02,
            "y": -0.4
          }
        }
      ]
    },
    {
      "time": 1.1,
      "ball": {
        "pos": {
          "x": -2.177,
          "y": 1.739,
          "z": 0.78
        }
      },
      "players": [
        {
          "team": 1,
          "pos": {
            "x": 15.71,
            "y": 1.34
          }
        },
        {
          "team": 2,
          "pos": {
            "x": -10.02,
            "y": -0.4
          }
        }
      ]
    },
    {
      "time": 1.12,
      "ball": {
        "pos": {
          "x": -2.223,
          "y": 1.769,
          "z": 0.728
        }
      },
      "players": [
        {
          "team": 1,
          "pos": {
            "x": 15.71,
            "y": 1.34
          }
        },
        {
          "team": 2,
          "pos": {
            "x": -10.02,
            "y": -0.4
          }
        }
      ]
    },
    {
      "time": 1.14,
      "ball": {
        "pos": {
          "x": -2.269,
          "y": 1.798,
          "z": 0.672
        }
      },
      "players": [
        {
          "team": 1,
          "pos": {
            "x": 15.71,
            "y": 1.34
          }
        },
        {
          "team": 2,
          "pos": {
            "x": -10.02,
            "y": -0.4
          }
        }
      ]
    },
    {
      "time": 1.16,
      "ball": {
        "pos": {
          "x": -2.315,
          "y": 1.828,
          "z": 0.613
        }
      },
      "players": [
        {
          "team": 1,
          "pos": {
            "x": 15.71,
            "y": 1.34
          }
        },
        {
          "team": 2,
          "pos": {
            "x": -10.02,
            "y": -0.4
          }
        }
      ]
    },
    {
      "time": 1.18,
      "ball": {
        "pos": {
          "x": -2.36,
          "y": 1.857,
          "z": 0.55
        }
      },
      "players": [
        {
          "team": 1,
          "pos": {
            "x": 15.71,
            "y": 1.34
          }
        },
        {
          "team": 2,
          "pos": {
            "x": -10.02,
            "y": -0.4
          }
        }
      ]
    },
    {
      "time": 1.2,
      "ball": {
        "pos": {
          "x": -2.406,
          "y": 1.886,
          "z": 0.483
        }
      },
      "players": [
        {
          "team": 1,
          "pos": {
            "x": 15.71,
            "y": 1.34
          }
        },
        {
          "team": 2,
          "pos": {
            "x": -10.02,
            "y": -0.4
          }
        }
      ]
    },
    {
      "time": 1.22,
      "ball": {
        "pos": {
          "x": -2.451,
          "y": 1.915,
          "z": 0.412
        }
      },
      "players": [
        {
          "team": 1,
          "pos": {
            "x": 15.71,
            "y": 1.34
          }
        },
        {
          "team": 2,
          "pos": {
            "x": -10.02,
            "y": -0.4
          }
        }
      ]
    },
    {
      "time": 1.24,
      "ball": {
        "pos": {
          "x": -2.497,
          "y": 1.944,
          "z": 0.337
        }
      },
      "players": [
        {
          "team": 1,
          "pos": {
            "x": 15.71,
            "y": 1.34
          }
        },
        {
          "team": 2,
          "pos": {
            "x": -10.02,
            "y": -0.4
          }
        }
      ]
    },
    {
      "time": 1.26,
      "ball": {
        "pos": {
          "x": -2.542,
          "y": 1.973,
          "z": 0.258
        }
      },
      "players": [
        {
          "team": 1,
          "pos": {
            "x": 15.71,
            "y": 1.34
          }
        },
        {
          "team": 2,
          "pos": {
            "x": -10.02,
            "y": -0.4
          }
        }
      ]
    },
    {
      "time": 1.28,
      "ball": {
        "pos": {
          "x": -2.587,
          "y": 2.002,
          "z": 0.176
        }
      },
      "players": [
        {
          "team": 1,
          "pos": {
            "x": 15.71,
            "y": 1.34
          }
        },
        {
          "team": 2,
          "pos": {
            "x": -10.02,
            "y": -0.4
          }
        }
      ]
    },
    {
      "time": 1.3,
      "ball": {
        "pos": {
          "x": -2.632,
          "y": 2.031,
          "z": 0.09
        }
      },
      "players": [
        {
          "team": 1,
          "pos": {
            "x": 15.71,
            "y": 1.34
          }
        },
        {
          "team": 2,
          "pos": {
            "x": -10.02,
            "y": -0.4
          }
        }
      ]
    },
    {
      "time": 1.314,
      "event": "bounce",
      "ball": {
        "pos": {
          "x": -2.662,
          "y": 2.05,
          "z": 0.029
        }
      },
      "players": [
        {
          "team": 1,
          "pos": {
            "x": 15.71,
            "y": 1.34
          }
        },
        {
          "team": 2,
          "pos": {
            "x": -10.02,
            "y": -0.4
          }
        }
      ]
    },
    {
      "time": 1.319,
      "ball": {
        "pos": {
          "x": -2.673,
          "y": 2.057,
          "z": 0.029
        }
      },
      "players": [
        {
          "team": 1,
          "pos": {
            "x": 15.71,
            "y": 1.34
          }
        },
        {
          "team": 2,
          "pos": {
            "x": -10.02,
            "y": -0.4
          }
        }
      ]
    },
    {
      "time": 1.32,
      "players": [
        {
          "team": 1,
          "pos": {
            "x": 15.71,
            "y": 1.34
          }
        },
        {
          "team": 2,
          "pos": {
            "x": -10.02,
            "y": -0.4
          }
        }
      ]
    },
    {
      "time": 1.34,
      "players": [
        {
          "team": 1,
          "pos": {
            "x": 15.71,
            "y": 1.34
          }
        },
        {
          "team": 2,
          "pos": {
            "x": -10.02,
            "y": -0.4
          }
        }
      ]
    },
    {
      "time": 1.36,
      "players": [
        {
          "team": 1,
          "pos": {
            "x": 15.71,
            "y": 1.34
          }
        },
        {
          "team": 2,
          "pos": {
            "x": -10.02,
            "y": -0.4
          }
        }
      ]
    },
    {
      "time": 1.38,
      "players": [
        {
          "team": 1,
          "pos": {
            "x": 15.71,
            "y": 1.34
          }
        },
        {
          "team": 2,
          "pos": {
            "x": -10.02,
            "y": -0.4
          }
        }
      ]
    },
    {
      "time": 1.4,
      "players": [
        {
          "team": 1,
          "pos": {
            "x": 15.71,
            "y": 1.34
          }
        },
        {
          "team": 2,
          "pos": {
            "x": -10.02,
            "y": -0.4
          }
        }
      ]
    },
    {
      "time": 1.42,
      "players": [
        {
          "team": 1,
          "pos": {
            "x": 15.71,
            "y": 1.34
          }
        },
        {
          "team": 2,
          "pos": {
            "x": -10.02,
            "y": -0.4
          }
        }
      ]
    },
    {
      "time": 1.44,
      "players": [
        {
          "team": 1,
          "pos": {
            "x": 15.71,
            "y": 1.34
          }
        },
        {
          "team": 2,
          "pos": {
            "x": -10.02,
            "y": -0.4
          }
        }
      ]
    },
    {
      "time": 1.46,
      "players": [
        {
          "team": 1,
          "pos": {
            "x": 15.71,
            "y": 1.34
          }
        },
        {
          "team": 2,
          "pos": {
            "x": -10.02,
            "y": -0.4
          }
        }
      ]
    },
    {
      "time": 1.48,
      "players": [
        {
          "team": 1,
          "pos": {
            "x": 15.71,
            "y": 1.34
          }
        },
        {
          "team": 2,
          "pos": {
            "x": -10.02,
            "y": -0.4
          }
        }
      ]
    },
    {
      "time": 1.5,
      "players": [
        {
          "team": 1,
          "pos": {
            "x": 15.71,
            "y": 1.34
          }
        },
        {
          "team": 2,
          "pos": {
            "x": -10.02,
            "y": -0.4
          }
        }
      ]
    },
    {
      "time": 1.52,
      "players": [
        {
          "team": 1,
          "pos": {
            "x": 15.71,
            "y": 1.34
          }
        },
        {
          "team": 2,
          "pos": {
            "x": -10.02,
            "y": -0.4
          }
        }
      ]
    },
    {
      "time": 1.54,
      "players": [
        {
          "team": 1,
          "pos": {
            "x": 15.71,
            "y": 1.34
          }
        },
        {
          "team": 2,
          "pos": {
            "x": -10.02,
            "y": -0.4
          }
        }
      ]
    },
    {
      "time": 1.56,
      "players": [
        {
          "team": 1,
          "pos": {
            "x": 15.71,
            "y": 1.34
          }
        },
        {
          "team": 2,
          "pos": {
            "x": -10.02,
            "y": -0.4
          }
        }
      ]
    },
    {
      "time": 1.58,
      "players": [
        {
          "team": 1,
          "pos": {
            "x": 15.71,
            "y": 1.34
          }
        },
        {
          "team": 2,
          "pos": {
            "x": -10.02,
            "y": -0.4
          }
        }
      ]
    },
    {
      "time": 1.6,
      "players": [
        {
          "team": 1,
          "pos": {
            "x": 15.71,
            "y": 1.34
          }
        },
        {
          "team": 2,
          "pos": {
            "x": -10.02,
            "y": -0.4
          }
        }
      ]
    },
    {
      "time": 1.62,
      "players": [
        {
          "team": 1,
          "pos": {
            "x": 15.71,
            "y": 1.34
          }
        },
        {
          "team": 2,
          "pos": {
            "x": -10.02,
            "y": -0.4
          }
        }
      ]
    },
    {
      "time": 1.64,
      "players": [
        {
          "team": 1,
          "pos": {
            "x": 15.71,
            "y": 1.34
          }
        },
        {
          "team": 2,
          "pos": {
            "x": -10.02,
            "y": -0.4
          }
        }
      ]
    },
    {
      "time": 1.66,
      "players": [
        {
          "team": 1,
          "pos": {
            "x": 15.71,
            "y": 1.34
          }
        },
        {
          "team": 2,
          "pos": {
            "x": -10.02,
            "y": -0.4
          }
        }
      ]
    },
    {
      "time": 1.68,
      "players": [
        {
          "team": 1,
          "pos": {
            "x": 15.71,
            "y": 1.34
          }
        },
        {
          "team": 2,
          "pos": {
            "x": -10.02,
            "y": -0.4
          }
        }
      ]
    },
    {
      "time": 1.7,
      "players": [
        {
          "team": 1,
          "pos": {
            "x": 15.71,
            "y": 1.34
          }
        },
        {
          "team": 2,
          "pos": {
            "x": -10.02,
            "y": -0.4
          }
        }
      ]
    },
    {
      "time": 1.72,
      "players": [
        {
          "team": 1,
          "pos": {
            "x": 15.71,
            "y": 1.34
          }
        },
        {
          "team": 2,
          "pos": {
            "x": -10.02,
            "y": -0.4
          }
        }
      ]
    },
    {
      "time": 1.74,
      "players": [
        {
          "team": 1,
          "pos": {
            "x": 15.71,
            "y": 1.34
          }
        },
        {
          "team": 2,
          "pos": {
            "x": -10.02,
            "y": -0.4
          }
        }
      ]
    },
    {
      "time": 1.76,
      "players": [
        {
          "team": 1,
          "pos": {
            "x": 15.71,
            "y": 1.34
          }
        },
        {
          "team": 2,
          "pos": {
            "x": -10.02,
            "y": -0.4
          }
        }
      ]
    },
    {
      "time": 1.78,
      "players": [
        {
          "team": 1,
          "pos": {
            "x": 15.71,
            "y": 1.34
          }
        },
        {
          "team": 2,
          "pos": {
            "x": -10.02,
            "y": -0.4
          }
        }
      ]
    },
    {
      "time": 1.8,
      "players": [
        {
          "team": 1,
          "pos": {
            "x": 15.71,
            "y": 1.34
          }
        },
        {
          "team": 2,
          "pos": {
            "x": -10.02,
            "y": -0.4
          }
        }
      ]
    }
  ]
}