{
  "id": "e8c93c86-41ed-447c-a63e-0d98849e0423",
  "sequences": {
    "set": 2,
    "game": 7,
    "point": 4,
    "serve": 1,
    "rally": 1
  },
  "match": {
    "season": 2025,
    "tournament_id": 9999,
    "draw_code": "MS001",
    "court_id": 1,
    "players": [
      {
        "forename": "Andy",
        "surname": "Bernard",
        "team": 1,
        "external_id": "AB12"
      },
      {
        "forename": "Cedric",
        "surname": "Diggory",
        "team": 2,
        "external_id": "CD34"
      }
    ]
  },
  "shots": [
    {
      "shot_no": 1,
      "team": 2,
      "stroke": "serve",
      "spin": {
        "type": "unknown",
        "rpm": 0.0
      },
      "speed_ms": 61.9,
      "call": "out",
      "distance": null,
      "time_utc": "2025-01-01T12:17:04.663Z",
      "time": 0.0,
      "duration": 1.584
    }
  ],
  "samples": [
    {
      "time": -2.38,
      "players": [
        {
          "team": 1,
          "pos": {
            "x": 14.65,
            "y": -4.14
          }
        },
        {
          "team": 2,
          "pos": {
            "x": -12.26,
            "y": 0.98
          }
        }
      ]
    },
    {
      "time": -2.36,
      "players": [
        {
          "team": 1,
          "pos": {
            "x": 14.65,
            "y": -4.15
          }
        },
        {
          "team": 2,
          "pos": {
            "x": -12.25,
            "y": 0.91
          }
        }
      ]
    },
    {
      "time": -2.34,
      "players": [
        {
          "team": 1,
          "pos": {
            "x": 14.62,
            "y": -4.12
          }
        },
        {
          "team": 2,
          "pos": {
            "x": -12.23,
            "y": 0.86
          }
        }
      ]
    },
    {
      "time": -2.32,
      "players": [
        {
          "team": 1,
          "pos": {
            "x": 14.62,
            "y": -4.13
          }
        },
        {
          "team": 2,
          "pos": {
            "x": -12.21,
            "y": 0.83
          }
        }
      ]
    },
    {
      "time": -2.3,
      "players": [
        {
          "team": 1,
          "pos": {
            "x": 14.63,
            "y": -4.11
          }
        },
        {
          "team": 2,
          "pos": {
            "x": -12.21,
            "y": 0.84
          }
        }
      ]
    },
    {
      "time": -2.28,
      "players": [
        {
          "team": 1,
          "pos": {
            "x": 14.63,
            "y": -4.12
          }
        },
        {
          "team": 2,
          "pos": {
            "x": -12.2,
            "y": 0.8
          }
        }
      ]
    },
    {
      "time": -2.26,
      "players": [
        {
          "team": 1,
          "pos": {
            "x": 14.62,
            "y": -4.14
          }
        },
        {
          "team": 2,
          "pos": {
            "x": -12.19,
            "y": 0.76
          }
        }
      ]
    },
    {
      "time": -2.24,
      "players": [
        {
          "team": 1,
          "pos": {
            "x": 14.62,
            "y": -4.15
          }
        },
        {
          "team": 2,
          "pos": {
            "x": -12.19,
            "y": 0.72
          }
        }
      ]
    },
    {
      "time": -2.22,
      "players": [
        {
          "team": 1,
          "pos": {
            "x": 14.65,
            "y": -4.15
          }
        },
        {
          "team": 2,
          "pos": {
            "x": -12.17,
            "y": 0.69
          }
        }
      ]
    },
    {
      "time": -2.2,
      "players": [
        {
          "team": 1,
          "pos": {
            "x": 14.68,
            "y": -4.16
          }
        },
        {
          "team": 2,
          "pos": {
            "x": -12.15,
            "y": 0.69
          }
        }
      ]
    },
    {
      "time": -2.18,
      "players": [
        {
          "team": 1,
          "pos": {
            "x": 14.7,
            "y": -4.19
          }
        },
        {
          "team": 2,
          "pos": {
            "x": -12.14,
            "y": 0.7
          }
        }
      ]
    },
    {
      "time": -2.16,
      "players": [
        {
          "team": 1,
          "pos": {
            "x": 14.7,
            "y": -4.18
          }
        },
        {
          "team": 2,
          "pos": {
            "x": -12.13,
            "y": 0.7
          }
        }
      ]
    },
    {
      "time": -2.14,
      "players": [
        {
          "team": 1,
          "pos": {
            "x": 14.68,
            "y": -4.16
          }
        },
        {
          "team": 2,
          "pos": {
            "x": -12.12,
            "y": 0.7
          }
        }
      ]
    },
    {
      "time": -2.12,
      "players": [
        {
          "team": 1,
          "pos": {
            "x": 14.67,
            "y": -4.15
          }
        },
        {
          "team": 2,
          "pos": {
            "x": -12.12,
            "y": 0.71
          }
        }
      ]
    },
    {
      "time": -2.1,
      "players": [
        {
          "team": 1,
          "pos": {
            "x": 14.68,
            "y": -4.17
          }
        },
        {
          "team": 2,
          "pos": {
            "x": -12.12,
            "y": 0.72
          }
        }
      ]
    },
    {
      "time": -2.08,
      "players": [
        {
          "team": 1,
          "pos": {
            "x": 14.72,
            "y": -4.22
          }
        },
        {
          "team": 2,
          "pos": {
            "x": -12.12,
            "y": 0.74
          }
        }
      ]
    },
    {
      "time": -2.06,
      "players": [
        {
          "team": 1,
          "pos": {
            "x": 14.73,
            "y": -4.24
          }
        },
        {
          "team": 2,
          "pos": {
            "x": -12.11,
            "y": 0.76
          }
        }
      ]
    },
    {
      "time": -2.04,
      "players": [
        {
          "team": 1,
          "pos": {
            "x": 14.72,
            "y": -4.22
          }
        },
        {
          "team": 2,
          "pos": {
            "x": -12.1,
            "y": 0.77
          }
        }
      ]
    },
    {
      "time": -2.02,
      "players": [
        {
          "team": 1,
          "pos": {
            "x": 14.68,
            "y": -4.2
          }
        },
        {
          "team": 2,
          "pos": {
            "x": -12.08,
            "y": 0.79
          }
        }
      ]
    },
    {
      "time": -2.0,
      "players": [
        {
          "team": 1,
          "pos": {
            "x": 14.65,
            "y": -4.22
          }
        },
        {
          "team": 2,
          "pos": {
            "x": -12.07,
            "y": 0.8
          }
        }
      ]
    },
    {
      "time": -1.98,
      "players": [
        {
          "team": 1,
          "pos": {
            "x": 14.65,
            "y": -4.23
          }
        },
        {
          "team": 2,
          "pos": {
            "x": -12.04,
            "y": 0.82
          }
        }
      ]
    },
    {
      "time": -1.96,
      "players": [
        {
          "team": 1,
          "pos": {
            "x": 14.67,
            "y": -4.23
          }
        },
        {
          "team": 2,
          "pos": {
            "x": -12.0,
            "y": 0.83
          }
        }
      ]
    },
    {
      "time": -1.94,
      "players": [
        {
          "team": 1,
          "pos": {
            "x": 14.7,
            "y": -4.22
          }
        },
        {
          "team": 2,
          "pos": {
            "x": -11.96,
            "y": 0.85
          }
        }
      ]
    },
    {
      "time": -1.92,
      "players": [
        {
          "team": 1,
          "pos": {
            "x": 14.72,
            "y": -4.22
          }
        },
        {
          "team": 2,
          "pos": {
            "x": -11.95,
            "y": 0.85
          }
        }
      ]
    },
    {
      "time": -1.9,
      "players": [
        {
          "team": 1,
          "pos": {
            "x": 14.73,
            "y": -4.22
          }
        },
        {
          "team": 2,
          "pos": {
            "x": -11.92,
            "y": 0.86
          }
        }
      ]
    },
    {
      "time": -1.88,
      "players": [
        {
          "team": 1,
          "pos": {
            "x": 14.72,
            "y": -4.22
          }
        },
        {
          "team": 2,
          "pos": {
            "x": -11.9,
            "y": 0.87
          }
        }
      ]
    },
    {
      "time": -1.86,
      "players": [
        {
          "team": 1,
          "pos": {
            "x": 14.72,
            "y": -4.22
          }
        },
        {
          "team": 2,
          "pos": {
            "x": -11.9,
            "y": 0.88
          }
        }
      ]
    },
    {
      "time": -1.84,
      "players": [
        {
          "team": 1,
          "pos": {
            "x": 14.71,
            "y": -4.22
          }
        },
        {
          "team": 2,
          "pos": {
            "x": -11.9,
            "y": 0.9
          }
        }
      ]
    },
    {
      "time": -1.82,
      "players": [
        {
          "team": 1,
          "pos": {
            "x": 14.69,
            "y": -4.22
          }
        },
        {
          "team": 2,
          "pos": {
            "x": -11.9,
            "y": 0.91
          }
        }
      ]
    },
    {
      "time": -1.8,
      "players": [
        {
          "team": 1,
          "pos": {
            "x": 14.67,
            "y": -4.22
          }
        },
        {
          "team": 2,
          "pos": {
            "x": -11.9,
            "y": 0.91
          }
        }
      ]
    },
    {
      "time": -1.78,
      "players": [
        {
          "team": 1,
          "pos": {
            "x": 14.65,
            "y": -4.21
          }
        },
        {
          "team": 2,
          "pos": {
            "x": -11.89,
            "y": 0.9
          }
        }
      ]
    },
    {
      "time": -1.76,
      "players": [
        {
          "team": 1,
          "pos": {
            "x": 14.63,
            "y": -4.18
          }
        },
        {
          "team": 2,
          "pos": {
            "x": -11.88,
            "y": 0.91
          }
        }
      ]
    },
    {
      "time": -1.74,
      "players": [
        {
          "team": 1,
          "pos": {
            "x": 14.62,
            "y": -4.17
          }
        },
        {
          "team": 2,
          "pos": {
            "x": -11.89,
            "y": 0.9
          }
        }
      ]
    },
    {
      "time": -1.72,
      "players": [
        {
          "team": 1,
          "pos": {
            "x": 14.62,
            "y": -4.15
          }
        },
        {
          "team": 2,
          "pos": {
            "x": -11.91,
            "y": 0.91
          }
        }
      ]
    },
    {
      "time": -1.7,
      "players": [
        {
          "team": 1,
          "pos": {
            "x": 14.62,
            "y": -4.16
          }
        },
        {
          "team": 2,
          "pos": {
            "x": -11.93,
            "y": 0.9
          }
        }
      ]
    },
    {
      "time": -1.68,
      "players": [
        {
          "team": 1,
          "pos": {
            "x": 14.63,
            "y": -4.19
          }
        },
        {
          "team": 2,
          "pos": {
            "x": -11.94,
            "y": 0.89
          }
        }
      ]
    },
    {
      "time": -1.66,
      "players": [
        {
          "team": 1,
          "pos": {
            "x": 14.65,
            "y": -4.21
          }
        },
        {
          "team": 2,
          "pos": {
            "x": -11.95,
            "y": 0.9
          }
        }
      ]
    },
    {
      "time": -1.64,
      "players": [
        {
          "team": 1,
          "pos": {
            "x": 14.65,
            "y": -4.24
          }
        },
        {
          "team": 2,
          "pos": {
            "x": -11.97,
            "y": 0.89
          }
        }
      ]
    },
    {
      "time": -1.62,
      "players": [
        {
          "team": 1,
          "pos": {
            "x": 14.67,
            "y": -4.25
          }
        },
        {
          "team": 2,
          "pos": {
            "x": -11.98,
            "y": 0.87
          }
        }
      ]
    },
    {
      "time": -1.6,
      "players": [
        {
          "team": 1,
          "pos": {
            "x": 14.69,
            "y": -4.22
          }
        },
        {
          "team": 2,
          "pos": {
            "x": -12.01,
            "y": 0.86
          }
        }
      ]
    },
    {
      "time": -1.58,
      "players": [
        {
          "team": 1,
          "pos": {
            "x": 14.73,
            "y": -4.23
          }
        },
        {
          "team": 2,
          "pos": {
            "x": -12.03,
            "y": 0.84
          }
        }
      ]
    },
    {
      "time": -1.56,
      "players": [
        {
          "team": 1,
          "pos": {
            "x": 14.75,
            "y": -4.21
          }
        },
        {
          "team": 2,
          "pos": {
            "x": -12.05,
            "y": 0.82
          }
        }
      ]
    },
    {
      "time": -1.54,
      "players": [
        {
          "team": 1,
          "pos": {
            "x": 14.78,
            "y": -4.23
          }
        },
        {
          "team": 2,
          "pos": {
            "x": -12.06,
            "y": 0.81
          }
        }
      ]
    },
    {
      "time": -1.52,
      "players": [
        {
          "team": 1,
          "pos": {
            "x": 14.8,
            "y": -4.27
          }
        },
        {
          "team": 2,
          "pos": {
            "x": -12.08,
            "y": 0.77
          }
        }
      ]
    },
    {
      "time": -1.5,
      "players": [
        {
          "team": 1,
          "pos": {
            "x": 14.81,
            "y": -4.29
          }
        },
        {
          "team": 2,
          "pos": {
            "x": -12.07,
            "y": 0.76
          }
        }
      ]
    },
    {
      "time": -1.48,
      "players": [
        {
          "team": 1,
          "pos": {
            "x": 14.87,
            "y": -4.29
          }
        },
        {
          "team": 2,
          "pos": {
            "x": -12.09,
            "y": 0.71
          }
        }
      ]
    },
    {
      "time": -1.46,
      "players": [
        {
          "team": 1,
          "pos": {
            "x": 14.9,
            "y": -4.29
          }
        },
        {
          "team": 2,
          "pos": {
            "x": -12.13,
            "y": 0.67
          }
        }
      ]
    },
    {
      "time": -1.44,
      "players": [
        {
          "team": 1,
          "pos": {
            "x": 14.92,
            "y": -4.29
          }
        },
        {
          "team": 2,
          "pos": {
            "x": -12.13,
            "y": 0.66
          }
        }
      ]
    },
    {
      "time": -1.42,
      "players": [
        {
          "team": 1,
          "pos": {
            "x": 14.91,
            "y": -4.29
          }
        },
        {
          "team": 2,
          "pos": {
            "x": -12.18,
            "y": 0.62
          }
        }
      ]
    },
    {
      "time": -1.4,
      "players": [
        {
          "team": 1,
          "pos": {
            "x": 14.89,
            "y": -4.29
          }
        },
        {
          "team": 2,
          "pos": {
            "x": -12.23,
            "y": 0.58
          }
        }
      ]
    },
    {
      "time": -1.38,
      "players": [
        {
          "team": 1,
          "pos": {
            "x": 14.86,
            "y": -4.3
          }
        },
        {
          "team": 2,
          "pos": {
            "x": -12.27,
            "y": 0.54
          }
        }
      ]
    },
    {
      "time": -1.36,
      "players": [
        {
          "team": 1,
          "pos": {
            "x": 14.87,
            "y": -4.33
          }
        },
        {
          "team": 2,
          "pos": {
            "x": -12.3,
            "y": 0.51
          }
        }
      ]
    },
    {
      "time": -1.34,
      "players": [
        {
          "team": 1,
          "pos": {
            "x": 14.86,
            "y": -4.34
          }
        },
        {
          "team": 2,
          "pos": {
            "x": -12.33,
            "y": 0.48
          }
        }
      ]
    },
    {
      "time": -1.32,
      "players": [
        {
          "team": 1,
          "pos": {
            "x": 14.86,
            "y": -4.32
          }
        },
        {
          "team": 2,
          "pos": {
            "x": -12.35,
            "y": 0.45
          }
        }
      ]
    },
    {
      "time": -1.3,
      "players": [
        {
          "team": 1,
          "pos": {
            "x": 14.84,
            "y": -4.35
          }
        },
        {
          "team": 2,
          "pos": {
            "x": -12.37,
            "y": 0.41
          }
        }
      ]
    },
    {
      "time": -1.28,
      "players": [
        {
          "team": 1,
          "pos": {
            "x": 14.84,
            "y": -4.27
          }
        },
        {
          "team": 2,
          "pos": {
            "x": -12.39,
            "y": 0.38
          }
        }
      ]
    },
    {
      "time": -1.26,
      "players": [
        {
          "team": 1,
          "pos": {
            "x": 14.86,
            "y": -4.27
          }
        },
        {
          "team": 2,
          "pos": {
            "x": -12.4,
            "y": 0.35
          }
        }
      ]
    },
    {
      "time": -1.24,
      "players": [
        {
          "team": 1,
          "pos": {
            "x": 14.86,
            "y": -4.26
          }
        },
        {
          "team": 2,
          "pos": {
            "x": -12.41,
            "y": 0.32
          }
        }
      ]
    },
    {
      "time": -1.22,
      "players": [
        {
          "team": 1,
          "pos": {
            "x": 14.86,
            "y": -4.27
          }
        },
        {
          "team": 2,
          "pos": {
            "x": -12.43,
            "y": 0.3
          }
        }
      ]
    },
    {
      "time": -1.2,
      "players": [
        {
          "team": 1,
          "pos": {
            "x": 14.84,
            "y": -4.29
          }
        },
        {
          "team": 2,
          "pos": {
            "x": -12.42,
            "y": 0.28
          }
        }
      ]
    },
    {
      "time": -1.18,
      "players": [
        {
          "team": 1,
          "pos": {
            "x": 14.8,
            "y": -4.24
          }
        },
        {
          "team": 2,
          "pos": {
            "x": -12.4,
            "y": 0.27
          }
        }
      ]
    },
    {
      "time": -1.16,
      "players": [
        {
          "team": 1,
          "pos": {
            "x": 14.8,
            "y": -4.23
          }
        },
        {
          "team": 2,
          "pos": {
            "x": -12.39,
            "y": 0.26
          }
        }
      ]
    },
    {
      "time": -1.14,
      "players": [
        {
          "team": 1,
          "pos": {
            "x": 14.79,
            "y": -4.2
          }
        },
        {
          "team": 2,
          "pos": {
            "x": -12.39,
            "y": 0.25
          }
        }
      ]
    },
    {
      "time": -1.12,
      "players": [
        {
          "team": 1,
          "pos": {
            "x": 14.76,
            "y": -4.19
          }
        },
        {
          "team": 2,
          "pos": {
            "x": -12.38,
            "y": 0.23
          }
        }
      ]
    },
    {
      "time": -1.1,
      "players": [
        {
          "team": 1,
          "pos": {
            "x": 14.75,
            "y": -4.16
          }
        },
        {
          "team": 2,
          "pos": {
            "x": -12.36,
            "y": 0.3
          }
        }
      ]
    },
    {
      "time": -1.08,
      "players": [
        {
          "team": 1,
          "pos": {
            "x": 14.71,
            "y": -4.18
          }
        },
        {
          "team": 2,
          "pos": {
            "x": -12.35,
            "y": 0.3
          }
        }
      ]
    },
    {
      "time": -1.06,
      "players": [
        {
          "team": 1,
          "pos": {
            "x": 14.72,
            "y": -4.19
          }
        },
        {
          "team": 2,
          "pos": {
            "x": -12.34,
            "y": 0.28
          }
        }
      ]
    },
    {
      "time": -1.04,
      "players": [
        {
          "team": 1,
          "pos": {
            "x": 14.74,
            "y": -4.21
          }
        },
        {
          "team": 2,
          "pos": {
            "x": -12.33,
            "y": 0.27
          }
        }
      ]
    },
    {
      "time": -1.02,
      "players": [
        {
          "team": 1,
          "pos": {
            "x": 14.75,
            "y": -4.23
          }
        },
        {
          "team": 2,
          "pos": {
            "x": -12.32,
            "y": 0.27
          }
        }
      ]
    },
    {
      "time": -1.0,
      "players": [
        {
          "team": 1,
          "pos": {
            "x": 14.75,
            "y": -4.23
          }
        },
        {
          "team": 2,
          "pos": {
            "x": -12.32,
            "y": 0.26
          }
        }
      ]
    },
    {
      "time": -0.98,
      "players": [
        {
          "team": 1,
          "pos": {
            "x": 14.78,
            "y": -4.22
          }
        },
        {
          "team": 2,
          "pos": {
            "x": -12.31,
            "y": 0.25
          }
        }
      ]
    },
    {
      "time": -0.96,
      "players": [
        {
          "team": 1,
          "pos": {
            "x": 14.77,
            "y": -4.18
          }
        },
        {
          "team": 2,
          "pos": {
            "x": -12.34,
            "y": 0.35
          }
        }
      ]
    },
    {
      "time": -0.94,
      "players": [
        {
          "team": 1,
          "pos": {
            "x": 14.76,
            "y": -4.19
          }
        },
        {
          "team": 2,
          "pos": {
            "x": -12.37,
            "y": 0.45
          }
        }
      ]
    },
    {
      "time": -0.92,
      "players": [
        {
          "team": 1,
          "pos": {
            "x": 14.79,
            "y": -4.19
          }
        },
        {
          "team": 2,
          "pos": {
            "x": -12.39,
            "y": 0.5
          }
        }
      ]
    },
    {
      "time": -0.9,
      "players": [
        {
          "team": 1,
          "pos": {
            "x": 14.8,
            "y": -4.18
          }
        },
        {
          "team": 2,
          "pos": {
            "x": -12.42,
            "y": 0.59
          }
        }
      ]
    },
    {
      "time": -0.888,
      "ball": {
        "pos": {
          "x": -11.784,
          "y": 1.302,
          "z": 1.07
        }
      },
      "players": [
        {
          "team": 1,
          "pos": {
            "x": 14.8,
            "y": -4.12
          }
        },
        {
          "team": 2,
          "pos": {
            "x": -12.43,
            "y": 0.66
          }
        }
      ]
    },
    {
      "time": -0.88,
      "ball": {
        "pos": {
          "x": -11.774,
          "y": 1.3,
          "z": 1.118
        }
      },
      "players": [
        {
          "team": 1,
          "pos": {
            "x": 14.8,
            "y": -4.15
          }
        },
        {
          "team": 2,
          "pos": {
            "x": -12.43,
            "y": 0.67
          }
        }
      ]
    },
    {
      "time": -0.86,
      "ball": {
        "pos": {
          "x": -11.748,
          "y": 1.294,
          "z": 1.244
        }
      },
      "players": [
        {
          "team": 1,
          "pos": {
            "x": 14.79,
            "y": -4.13
          }
        },
        {
          "team": 2,
          "pos": {
            "x": -12.44,
            "y": 0.75
          }
        }
      ]
    },
    {
      "time": -0.84,
      "ball": {
        "pos": {
          "x": -11.724,
          "y": 1.288,
          "z": 1.366
        }
      },
      "players": [
        {
          "team": 1,
          "pos": {
            "x": 14.79,
            "y": -4.1
          }
        },
        {
          "team": 2,
          "pos": {
            "x": -12.42,
            "y": 0.81
          }
        }
      ]
    },
    {
      "time": -0.82,
      "ball": {
        "pos": {
          "x": -11.701,
          "y": 1.281,
          "z": 1.485
        }
      },
      "players": [
        {
          "team": 1,
          "pos": {
            "x": 14.81,
            "y": -4.12
          }
        },
        {
          "team": 2,
          "pos": {
            "x": -12.45,
            "y": 0.86
          }
        }
      ]
    },
    {
      "time": -0.8,
      "ball": {
        "pos": {
          "x": -11.679,
          "y": 1.274,
          "z": 1.599
        }
      },
      "players": [
        {
          "team": 1,
          "pos": {
            "x": 14.84,
            "y": -4.14
          }
        },
        {
          "team": 2,
          "pos": {
            "x": -12.43,
            "y": 0.86
          }
        }
      ]
    },
    {
      "time": -0.78,
      "ball": {
        "pos": {
          "x": -11.657,
          "y": 1.267,
          "z": 1.71
        }
      },
      "players": [
        {
          "team": 1,
          "pos": {
            "x": 14.83,
            "y": -4.13
          }
        },
        {
          "team": 2,
          "pos": {
            "x": -12.43,
            "y": 0.91
          }
        }
      ]
    },
    {
      "time": -0.76,
      "ball": {
        "pos": {
          "x": -11.637,
          "y": 1.26,
          "z": 1.817
        }
      },
      "players": [
        {
          "team": 1,
          "pos": {
            "x": 14.87,
            "y": -4.16
          }
        },
        {
          "team": 2,
          "pos": {
            "x": -12.42,
            "y": 0.97
          }
        }
      ]
    },
    {
      "time": -0.74,
      "ball": {
        "pos": {
          "x": -11.617,
          "y": 1.252,
          "z": 1.921
        }
      },
      "players": [
        {
          "team": 1,
          "pos": {
            "x": 14.9,
            "y": -4.17
          }
        },
        {
          "team": 2,
          "pos": {
            "x": -12.43,
            "y": 1.02
          }
        }
      ]
    },
    {
      "time": -0.72,
      "ball": {
        "pos": {
          "x": -11.599,
          "y": 1.245,
          "z": 2.02
        }
      },
      "players": [
        {
          "team": 1,
          "pos": {
            "x": 14.91,
            "y": -4.17
          }
        },
        {
          "team": 2,
          "pos": {
            "x": -12.45,
            "y": 1.05
          }
        }
      ]
    },
    {
      "time": -0.7,
      "ball": {
        "pos": {
          "x": -11.581,
          "y": 1.237,
          "z": 2.116
        }
      },
      "players": [
        {
          "team": 1,
          "pos": {
            "x": 14.96,
            "y": -4.18
          }
        },
        {
          "team": 2,
          "pos": {
            "x": -12.43,
            "y": 1.07
          }
        }
      ]
    },
    {
      "time": -0.68,
      "ball": {
        "pos": {
          "x": -11.564,
          "y": 1.229,
          "z": 2.208
        }
      },
      "players": [
        {
          "team": 1,
          "pos": {
            "x": 15.0,
            "y": -4.23
          }
        },
        {
          "team": 2,
          "pos": {
            "x": -12.41,
            "y": 1.13
          }
        }
      ]
    },
    {
      "time": -0.66,
      "ball": {
        "pos": {
          "x": -11.548,
          "y": 1.221,
          "z": 2.296
        }
      },
      "players": [
        {
          "team": 1,
          "pos": {
            "x": 15.01,
            "y": -4.26
          }
        },
        {
          "team": 2,
          "pos": {
            "x": -12.44,
            "y": 1.13
          }
        }
      ]
    },
    {
      "time": -0.64,
      "ball": {
        "pos": {
          "x": -11.532,
          "y": 1.212,
          "z": 2.38
        }
      },
      "players": [
        {
          "team": 1,
          "pos": {
            "x": 14.99,
            "y": -4.25
          }
        },
        {
          "team": 2,
          "pos": {
            "x": -12.44,
            "y": 1.14
          }
        }
      ]
    },
    {
      "time": -0.62,
      "ball": {
        "pos": {
          "x": -11.517,
          "y": 1.204,
          "z": 2.461
        }
      },
      "players": [
        {
          "team": 1,
          "pos": {
            "x": 14.96,
            "y": -4.25
          }
        },
        {
          "team": 2,
          "pos": {
            "x": -12.4,
            "y": 1.19
          }
        }
      ]
    },
    {
      "time": -0.6,
      "ball": {
        "pos": {
          "x": -11.503,
          "y": 1.196,
          "z": 2.538
        }
      },
      "players": [
        {
          "team": 1,
          "pos": {
            "x": 14.95,
            "y": -4.25
          }
        },
        {
          "team": 2,
          "pos": {
            "x": -12.37,
            "y": 1.15
          }
        }
      ]
    },
    {
      "time": -0.58,
      "ball": {
        "pos": {
          "x": -11.489,
          "y": 1.187,
          "z": 2.611
        }
      },
      "players": [
        {
          "team": 1,
          "pos": {
            "x": 14.99,
            "y": -4.28
          }
        },
        {
          "team": 2,
          "pos": {
            "x": -12.39,
            "y": 1.17
          }
        }
      ]
    },
    {
      "time": -0.56,
      "ball": {
        "pos": {
          "x": -11.477,
          "y": 1.179,
          "z": 2.68
        }
      },
      "players": [
        {
          "team": 1,
          "pos": {
            "x": 14.98,
            "y": -4.27
          }
        },
        {
          "team": 2,
          "pos": {
            "x": -12.39,
            "y": 1.14
          }
        }
      ]
    },
    {
      "time": -0.54,
      "ball": {
        "pos": {
          "x": -11.464,
          "y": 1.17,
          "z": 2.745
        }
      },
      "players": [
        {
          "team": 1,
          "pos": {
            "x": 14.97,
            "y": -4.27
          }
        },
        {
          "team": 2,
          "pos": {
            "x": -12.39,
            "y": 1.17
          }
        }
      ]
    },
    {
      "time": -0.52,
      "ball": {
        "pos": {
          "x": -11.452,
          "y": 1.161,
          "z": 2.806
        }
      },
      "players": [
        {
          "team": 1,
          "pos": {
            "x": 14.97,
            "y": -4.25
          }
        },
        {
          "team": 2,
          "pos": {
            "x": -12.39,
            "y": 1.14
          }
        }
      ]
    },
    {
      "time": -0.5,
      "ball": {
        "pos": {
          "x": -11.441,
          "y": 1.152,
          "z": 2.864
        }
      },
      "players": [
        {
          "team": 1,
          "pos": {
            "x": 14.94,
            "y": -4.24
          }
        },
        {
          "team": 2,
          "pos": {
            "x": -12.4,
            "y": 1.09
          }
        }
      ]
    },
    {
      "time": -0.48,
      "ball": {
        "pos": {
          "x": -11.43,
          "y": 1.144,
          "z": 2.917
        }
      },
      "players": [
        {
          "team": 1,
          "pos": {
            "x": 14.91,
            "y": -4.22
          }
        },
        {
          "team": 2,
          "pos": {
            "x": -12.4,
            "y": 1.06
          }
        }
      ]
    },
    {
      "time": -0.46,
      "ball": {
        "pos": {
          "x": -11.419,
          "y": 1.135,
          "z": 2.967
        }
      },
      "players": [
        {
          "team": 1,
          "pos": {
            "x": 14.87,
            "y": -4.2
          }
        },
        {
          "team": 2,
          "pos": {
            "x": -12.38,
            "y": 1.09
          }
        }
      ]
    },
    {
      "time": -0.44,
      "ball": {
        "pos": {
          "x": -11.409,
          "y": 1.126,
          "z": 3.013
        }
      },
      "players": [
        {
          "team": 1,
          "pos": {
            "x": 14.82,
            "y": -4.17
          }
        },
        {
          "team": 2,
          "pos": {
            "x": -12.39,
            "y": 1.11
          }
        }
      ]
    },
    {
      "time": -0.42,
      "ball": {
        "pos": {
          "x": -11.399,
          "y": 1.117,
          "z": 3.055
        }
      },
      "players": [
        {
          "team": 1,
          "pos": {
            "x": 14.79,
            "y": -4.15
          }
        },
        {
          "team": 2,
          "pos": {
            "x": -12.39,
            "y": 1.12
          }
        }
      ]
    },
    {
      "time": -0.4,
      "ball": {
        "pos": {
          "x": -11.39,
          "y": 1.109,
          "z": 3.093
        }
      },
      "players": [
        {
          "team": 1,
          "pos": {
            "x": 14.74,
            "y": -4.12
          }
        },
        {
          "team": 2,
          "pos": {
            "x": -12.39,
            "y": 1.13
          }
        }
      ]
    },
    {
      "time": -0.38,
      "ball": {
        "pos": {
          "x": -11.381,
          "y": 1.1,
          "z": 3.127
        }
      },
      "players": [
        {
          "team": 1,
          "pos": {
            "x": 14.7,
            "y": -4.1
          }
        },
        {
          "team": 2,
          "pos": {
            "x": -12.36,
            "y": 1.18
          }
        }
      ]
    },
    {
      "time": -0.36,
      "ball": {
        "pos": {
          "x": -11.372,
          "y": 1.091,
          "z": 3.157
        }
      },
      "players": [
        {
          "team": 1,
          "pos": {
            "x": 14.67,
            "y": -4.05
          }
        },
        {
          "team": 2,
          "pos": {
            "x": -12.36,
            "y": 1.24
          }
        }
      ]
    },
    {
      "time": -0.34,
      "ball": {
        "pos": {
          "x": -11.363,
          "y": 1.083,
          "z": 3.184
        }
      },
      "players": [
        {
          "team": 1,
          "pos": {
            "x": 14.67,
            "y": -4.02
          }
        },
        {
          "team": 2,
          "pos": {
            "x": -12.34,
            "y": 1.22
          }
        }
      ]
    },
    {
      "time": -0.32,
      "ball": {
        "pos": {
          "x": -11.355,
          "y": 1.074,
          "z": 3.206
        }
      },
      "players": [
        {
          "team": 1,
          "pos": {
            "x": 14.68,
            "y": -3.99
          }
        },
        {
          "team": 2,
          "pos": {
            "x": -12.29,
            "y": 1.14
          }
        }
      ]
    },
    {
      "time": -0.3,
      "ball": {
        "pos": {
          "x": -11.346,
          "y": 1.066,
          "z": 3.225
        }
      },
      "players": [
        {
          "team": 1,
          "pos": {
            "x": 14.67,
            "y": -3.95
          }
        },
        {
          "team": 2,
          "pos": {
            "x": -12.27,
            "y": 1.1
          }
        }
      ]
    },
    {
      "time": -0.28,
      "ball": {
        "pos": {
          "x": -11.338,
          "y": 1.057,
          "z": 3.239
        }
      },
      "players": [
        {
          "team": 1,
          "pos": {
            "x": 14.65,
            "y": -3.92
          }
        },
        {
          "team": 2,
          "pos": {
            "x": -12.27,
            "y": 1.15
          }
        }
      ]
    },
    {
      "time": -0.26,
      "ball": {
        "pos": {
          "x": -11.33,
          "y": 1.049,
          "z": 3.25
        }
      },
      "players": [
        {
          "team": 1,
          "pos": {
            "x": 14.64,
            "y": -3.9
          }
        },
        {
          "team": 2,
          "pos": {
            "x": -12.25,
            "y": 1.08
          }
        }
      ]
    },
    {
      "time": -0.24,
      "ball": {
        "pos": {
          "x": -11.322,
          "y": 1.041,
          "z": 3.256
        }
      },
      "players": [
        {
          "team": 1,
          "pos": {
            "x": 14.64,
            "y": -3.89
          }
        },
        {
          "team": 2,
          "pos": {
            "x": -12.22,
            "y": 1.07
          }
        }
      ]
    },
    {
      "time": -0.22,
      "ball": {
        "pos": {
          "x": -11.314,
          "y": 1.033,
          "z": 3.259
        }
      },
      "players": [
        {
          "team": 1,
          "pos": {
            "x": 14.64,
            "y": -3.9
          }
        },
        {
          "team": 2,
          "pos": {
            "x": -12.13,
            "y": 1.04
          }
        }
      ]
    },
    {
      "time": -0.216,
      "ball": {
        "pos": {
          "x": -11.312,
          "y": 1.031,
          "z": 3.259
        }
      },
      "players": [
        {
          "team": 1,
          "pos": {
            "x": 14.62,
            "y": -3.85
          }
        },
        {
          "team": 2,
          "pos": {
            "x": -12.08,
            "y": 1.0
          }
        }
      ]
    },
    {
      "time": -0.2,
      "ball": {
        "pos": {
          "x": -11.305,
          "y": 1.025,
          "z": 3.258
        }
      },
      "players": [
        {
          "team": 1,
          "pos": {
            "x": 14.62,
            "y": -3.86
          }
        },
        {
          "team": 2,
          "pos": {
            "x": -12.03,
            "y": 1.0
          }
        }
      ]
    },
    {
      "time": -0.18,
      "ball": {
        "pos": {
          "x": -11.297,
          "y": 1.017,
          "z": 3.253
        }
      },
      "players": [
        {
          "team": 1,
          "pos": {
            "x": 14.6,
            "y": -3.83
          }
        },
        {
          "team": 2,
          "pos": {
            "x": -11.96,
            "y": 0.94
          }
        }
      ]
    },
    {
      "time": -0.16,
      "ball": {
        "pos": {
          "x": -11.289,
          "y": 1.01,
          "z": 3.243
        }
      },
      "players": [
        {
          "team": 1,
          "pos": {
            "x": 14.59,
            "y": -3.82
          }
        },
        {
          "team": 2,
          "pos": {
            "x": -11.91,
            "y": 0.92
          }
        }
      ]
    },
    {
      "time": -0.14,
      "ball": {
        "pos": {
          "x": -11.281,
          "y": 1.003,
          "z": 3.23
        }
      },
      "players": [
        {
          "team": 1,
          "pos": {
            "x": 14.59,
            "y": -3.87
          }
        },
        {
          "team": 2,
          "pos": {
            "x": -11.86,
            "y": 0.9
          }
        }
      ]
    },
    {
      "time": -0.12,
      "ball": {
        "pos": {
          "x": -11.272,
          "y": 0.995,
          "z": 3.213
        }
      },
      "players": [
        {
          "team": 1,
          "pos": {
            "x": 14.57,
            "y": -3.91
          }
        },
        {
          "team": 2,
          "pos": {
            "x": -11.79,
            "y": 0.88
          }
        }
      ]
    },
    {
      "time": -0.1,
      "ball": {
        "pos": {
          "x": -11.263,
          "y": 0.989,
          "z": 3.192
        }
      },
      "players": [
        {
          "team": 1,
          "pos": {
            "x": 14.55,
            "y": -3.9
          }
        },
        {
          "team": 2,
          "pos": {
            "x": -11.72,
            "y": 0.84
          }
        }
      ]
    },
    {
      "time": -0.08,
      "ball": {
        "pos": {
          "x": -11.255,
          "y": 0.982,
          "z": 3.167
        }
      },
      "players": [
        {
          "team": 1,
          "pos": {
            "x": 14.53,
            "y": -3.88
          }
        },
        {
          "team": 2,
          "pos": {
            "x": -11.68,
            "y": 0.9
          }
        }
      ]
    },
    {
      "time": -0.06,
      "ball": {
        "pos": {
          "x": -11.245,
          "y": 0.975,
          "z": 3.137
        }
      },
      "players": [
        {
          "team": 1,
          "pos": {
            "x": 14.5,
            "y": -3.87
          }
        },
        {
          "team": 2,
          "pos": {
            "x": -11.64,
            "y": 0.96
          }
        }
      ]
    },
    {
      "time": -0.04,
      "ball": {
        "pos": {
          "x": -11.236,
          "y": 0.969,
          "z": 3.104
        }
      },
      "players": [
        {
          "team": 1,
          "pos": {
            "x": 14.48,
            "y": -3.85
          }
        },
        {
          "team": 2,
          "pos": {
            "x": -11.62,
            "y": 1.01
          }
        }
      ]
    },
    {
      "time": -0.02,
      "ball": {
        "pos": {
          "x": -11.226,
          "y": 0.963,
          "z": 3.067
        }
      },
      "players": [
        {
          "team": 1,
          "pos": {
            "x": 14.46,
            "y": -3.83
          }
        },
        {
          "team": 2,
          "pos": {
            "x": -11.55,
            "y": 1.07
          }
        }
      ]
    },
    {
      "time": 0.0,
      "event": "hit",
      "ball": {
        "pos": {
          "x": -11.216,
          "y": 0.958,
          "z": 3.025
        }
      },
      "players": [
        {
          "team": 1,
          "pos": {
            "x": 14.41,
            "y": -3.8
          }
        },
        {
          "team": 2,
          "pos": {
            "x": -11.47,
            "y": 1.11
          }
        }
      ]
    },
    {
      "time": 0.02,
      "ball": {
        "pos": {
          "x": -10.016,
          "y": 0.861,
          "z": 2.796
        }
      },
      "players": [
        {
          "team": 1,
          "pos": {
            "x": 14.37,
            "y": -3.81
          }
        },
        {
          "team": 2,
          "pos": {
            "x": -11.43,
            "y": 1.17
          }
        }
      ]
    },
    {
      "time": 0.04,
      "ball": {
        "pos": {
          "x": -8.843,
          "y": 0.766,
          "z": 2.567
        }
      },
      "players": [
        {
          "team": 1,
          "pos": {
            "x": 14.34,
            "y": -3.78
          }
        },
        {
          "team": 2,
          "pos": {
            "x": -11.37,
            "y": 1.21
          }
        }
      ]
    },
    {
      "time": 0.06,
      "ball": {
        "pos": {
          "x": -7.694,
          "y": 0.67,
          "z": 2.337
        }
      },
      "players": [
        {
          "team": 1,
          "pos": {
            "x": 14.3,
            "y": -3.76
          }
        },
        {
          "team": 2,
          "pos": {
            "x": -11.31,
            "y": 1.23
          }
        }
      ]
    },
    {
      "time": 0.08,
      "ball": {
        "pos": {
          "x": -6.571,
          "y": 0.575,
          "z": 2.108
        }
      },
      "players": [
        {
          "team": 1,
          "pos": {
            "x": 14.25,
            "y": -3.75
          }
        },
        {
          "team": 2,
          "pos": {
            "x": -11.26,
            "y": 1.24
          }
        }
      ]
    },
    {
      "time": 0.1,
      "ball": {
        "pos": {
          "x": -5.473,
          "y": 0.481,
          "z": 1.879
        }
      },
      "players": [
        {
          "team": 1,
          "pos": {
            "x": 14.28,
            "y": -3.74
          }
        },
        {
          "team": 2,
          "pos": {
            "x": -11.21,
            "y": 1.23
          }
        }
      ]
    },
    {
      "time": 0.12,
      "ball": {
        "pos": {
          "x": -4.4,
          "y": 0.388,
          "z": 1.651
        }
      },
      "players": [
        {
          "team": 1,
          "pos": {
            "x": 14.23,
            "y": -3.71
          }
        },
        {
          "team": 2,
          "pos": {
            "x": -11.14,
            "y": 1.21
          }
        }
      ]
    },
    {
      "time": 0.14,
      "ball": {
        "pos": {
          "x": -3.351,
          "y": 0.295,
          "z": 1.422
        }
      },
      "players": [
        {
          "team": 1,
          "pos": {
            "x": 14.25,
            "y": -3.68
          }
        },
        {
          "team": 2,
          "pos": {
            "x": -11.09,
            "y": 1.19
          }
        }
      ]
    },
    {
      "time": 0.16,
      "ball": {
        "pos": {
          "x": -2.325,
          "y": 0.203,
          "z": 1.194
        }
      },
      "players": [
        {
          "team": 1,
          "pos": {
            "x": 14.21,
            "y": -3.66
          }
        },
        {
          "team": 2,
          "pos": {
            "x": -11.06,
            "y": 1.17
          }
        }
      ]
    },
    {
      "time": 0.18,
      "ball": {
        "pos": {
          "x": -1.323,
          "y": 0.112,
          "z": 0.966
        }
      },
      "players": [
        {
          "team": 1,
          "pos": {
            "x": 14.28,
            "y": -3.65
          }
        },
        {
          "team": 2,
          "pos": {
            "x": -11.05,
            "y": 1.18
          }
        }
      ]
    },
    {
      "time": 0.2,
      "ball": {
        "pos": {
          "x": -0.344,
          "y": 0.021,
          "z": 0.738
        }
      },
      "players": [
        {
          "team": 1,
          "pos": {
            "x": 14.34,
            "y": -3.64
          }
        },
        {
          "team": 2,
          "pos": {
            "x": -11.04,
            "y": 1.2
          }
        }
      ]
    },
    {
      "time": 0.207,
      "ball": {
        "pos": {
          "x": -0.026,
          "y": -0.008,
          "z": 0.663
        }
      },
      "players": [
        {
          "team": 1,
          "pos": {
            "x": 14.32,
            "y": -3.63
          }
        },
        {
          "team": 2,
          "pos": {
            "x": -11.04,
            "y": 1.2
          }
        }
      ]
    },
    {
      "time": 0.22,
      "ball": {
        "pos": {
          "x": -0.062,
          "y": -0.01,
          "z": 0.612
        }
      },
      "players": [
        {
          "team": 1,
          "pos": {
            "x": 14.34,
            "y": -3.63
          }
        },
        {
          "team": 2,
          "pos": {
            "x": -11.03,
            "y": 1.2
          }
        }
      ]
    },
    {
      "time": 0.24,
      "ball": {
        "pos": {
          "x": -0.095,
          "y": -0.015,
          "z": 0.532
        }
      },
      "players": [
        {
          "team": 1,
          "pos": {
            "x": 14.28,
            "y": -3.63
          }
        },
        {
          "team": 2,
          "pos": {
            "x": -11.03,
            "y": 1.23
          }
        }
      ]
    },
    {
      "time": 0.26,
      "ball": {
        "pos": {
          "x": -0.111,
          "y": -0.024,
          "z": 0.449
        }
      },
      "players": [
        {
          "team": 1,
          "pos": {
            "x": 14.25,
            "y": -3.61
          }
        },
        {
          "team": 2,
          "pos": {
            "x": -11.03,
            "y": 1.21
          }
        }
      ]
    },
    {
      "time": 0.28,
      "ball": {
        "pos": {
          "x": -0.118,
          "y": -0.036,
          "z": 0.363
        }
      },
      "players": [
        {
          "team": 1,
          "pos": {
            "x": 14.25,
            "y": -3.61
          }
        },
        {
          "team": 2,
          "pos": {
            "x": -10.99,
            "y": 1.16
          }
        }
      ]
    },
    {
      "time": 0.3,
      "ball": {
        "pos": {
          "x": -0.121,
          "y": -0.049,
          "z": 0.273
        }
      },
      "players": [
        {
          "team": 1,
          "pos": {
            "x": 14.22,
            "y": -3.65
          }
        },
        {
          "team": 2,
          "pos": {
            "x": -10.97,
            "y": 1.15
          }
        }
      ]
    },
    {
      "time": 0.32,
      "ball": {
        "pos": {
          "x": -0.13,
          "y": -0.062,
          "z": 0.18
        }
      },
      "players": [
        {
          "team": 1,
          "pos": {
            "x": 14.19,
            "y": -3.62
          }
        },
        {
          "team": 2,
          "pos": {
            "x": -10.96,
            "y": 1.15
          }
        }
      ]
    },
    {
      "time": 0.34,
      "ball": {
        "pos": {
          "x": -0.15,
          "y": -0.074,
          "z": 0.083
        }
      },
      "players": [
        {
          "team": 1,
          "pos": {
            "x": 14.16,
            "y": -3.62
          }
        },
        {
          "team": 2,
          "pos": {
            "x": -10.96,
            "y": 1.09
          }
        }
      ]
    },
    {
      "time": 0.348,
      "event": "bounce",
      "ball": {
        "pos": {
          "x": -0.164,
          "y": -0.078,
          "z": 0.043
        }
      },
      "players": [
        {
          "team": 1,
          "pos": {
            "x": 14.12,
            "y": -3.58
          }
        },
        {
          "team": 2,
          "pos": {
            "x": -10.99,
            "y": 1.12
          }
        }
      ]
    },
    {
      "time": 0.36,
      "ball": {
        "pos": {
          "x": -0.193,
          "y": -0.082,
          "z": 0.052
        }
      },
      "players": [
        {
          "team": 1,
          "pos": {
            "x": 14.12,
            "y": -3.6
          }
        },
        {
          "team": 2,
          "pos": {
            "x": -10.99,
            "y": 1.12
          }
        }
      ]
    },
    {
      "time": 0.38,
      "ball": {
        "pos": {
          "x": -0.245,
          "y": -0.089,
          "z": 0.121
        }
      },
      "players": [
        {
          "team": 1,
          "pos": {
            "x": 14.14,
            "y": -3.57
          }
        },
        {
          "team": 2,
          "pos": {
            "x": -11.01,
            "y": 1.09
          }
        }
      ]
    },
    {
      "time": 0.4,
      "ball": {
        "pos": {
          "x": -0.298,
          "y": -0.095,
          "z": 0.186
        }
      },
      "players": [
        {
          "team": 1,
          "pos": {
            "x": 14.11,
            "y": -3.56
          }
        },
        {
          "team": 2,
          "pos": {
            "x": -11.07,
            "y": 1.08
          }
        }
      ]
    },
    {
      "time": 0.42,
      "ball": {
        "pos": {
          "x": -0.35,
          "y": -0.101,
          "z": 0.246
        }
      },
      "players": [
        {
          "team": 1,
          "pos": {
            "x": 14.16,
            "y": -3.54
          }
        },
        {
          "team": 2,
          "pos": {
            "x": -11.1,
            "y": 1.07
          }
        }
      ]
    },
    {
      "time": 0.44,
      "ball": {
        "pos": {
          "x": -0.402,
          "y": -0.108,
          "z": 0.303
        }
      },
      "players": [
        {
          "team": 1,
          "pos": {
            "x": 14.21,
            "y": -3.52
          }
        },
        {
          "team": 2,
          "pos": {
            "x": -11.12,
            "y": 1.05
          }
        }
      ]
    },
    {
      "time": 0.46,
      "ball": {
        "pos": {
          "x": -0.454,
          "y": -0.114,
          "z": 0.355
        }
      },
      "players": [
        {
          "team": 1,
          "pos": {
            "x": 14.25,
            "y": -3.48
          }
        },
        {
          "team": 2,
          "pos": {
            "x": -11.13,
            "y": 1.05
          }
        }
      ]
    },
    {
      "time": 0.48,
      "ball": {
        "pos": {
          "x": -0.505,
          "y": -0.12,
          "z": 0.403
        }
      },
      "players": [
        {
          "team": 1,
          "pos": {
            "x": 14.22,
            "y": -3.45
          }
        },
        {
          "team": 2,
          "pos": {
            "x": -11.14,
            "y": 1.03
          }
        }
      ]
    },
    {
      "time": 0.5,
      "ball": {
        "pos": {
          "x": -0.557,
          "y": -0.127,
          "z": 0.448
        }
      },
      "players": [
        {
          "team": 1,
          "pos": {
            "x": 14.2,
            "y": -3.4
          }
        },
        {
          "team": 2,
          "pos": {
            "x": -11.12,
            "y": 1.02
          }
        }
      ]
    },
    {
      "time": 0.52,
      "ball": {
        "pos": {
          "x": -0.609,
          "y": -0.133,
          "z": 0.488
        }
      },
      "players": [
        {
          "team": 1,
          "pos": {
            "x": 14.18,
            "y": -3.36
          }
        },
        {
          "team": 2,
          "pos": {
            "x": -11.15,
            "y": 0.98
          }
        }
      ]
    },
    {
      "time": 0.54,
      "ball": {
        "pos": {
          "x": -0.661,
          "y": -0.14,
          "z": 0.524
        }
      },
      "players": [
        {
          "team": 1,
          "pos": {
            "x": 14.15,
            "y": -3.31
          }
        },
        {
          "team": 2,
          "pos": {
            "x": -11.12,
            "y": 0.95
          }
        }
      ]
    },
    {
      "time": 0.56,
      "ball": {
        "pos": {
          "x": -0.712,
          "y": -0.146,
          "z": 0.556
        }
      },
      "players": [
        {
          "team": 1,
          "pos": {
            "x": 14.13,
            "y": -3.25
          }
        },
        {
          "team": 2,
          "pos": {
            "x": -11.06,
            "y": 0.95
          }
        }
      ]
    },
    {
      "time": 0.58,
      "ball": {
        "pos": {
          "x": -0.764,
          "y": -0.152,
          "z": 0.584
        }
      },
      "players": [
        {
          "team": 1,
          "pos": {
            "x": 14.08,
            "y": -3.19
          }
        },
        {
          "team": 2,
          "pos": {
            "x": -11.0,
            "y": 0.93
          }
        }
      ]
    },
    {
      "time": 0.6,
      "ball": {
        "pos": {
          "x": -0.815,
          "y": -0.159,
          "z": 0.608
        }
      },
      "players": [
        {
          "team": 1,
          "pos": {
            "x": 14.04,
            "y": -3.11
          }
        },
        {
          "team": 2,
          "pos": {
            "x": -10.96,
            "y": 0.91
          }
        }
      ]
    },
    {
      "time": 0.62,
      "ball": {
        "pos": {
          "x": -0.866,
          "y": -0.165,
          "z": 0.628
        }
      },
      "players": [
        {
          "team": 1,
          "pos": {
            "x": 14.0,
            "y": -3.05
          }
        },
        {
          "team": 2,
          "pos": {
            "x": -10.98,
            "y": 0.87
          }
        }
      ]
    },
    {
      "time": 0.64,
      "ball": {
        "pos": {
          "x": -0.917,
          "y": -0.171,
          "z": 0.644
        }
      },
      "players": [
        {
          "team": 1,
          "pos": {
            "x": 13.99,
            "y": -2.98
          }
        },
        {
          "team": 2,
          "pos": {
            "x": -11.01,
            "y": 0.83
          }
        }
      ]
    },
    {
      "time": 0.66,
      "ball": {
        "pos": {
          "x": -0.969,
          "y": -0.178,
          "z": 0.656
        }
      },
      "players": [
        {
          "team": 1,
          "pos": {
            "x": 14.02,
            "y": -2.89
          }
        },
        {
          "team": 2,
          "pos": {
            "x": -11.04,
            "y": 0.83
          }
        }
      ]
    },
    {
      "time": 0.68,
      "ball": {
        "pos": {
          "x": -1.02,
          "y": -0.184,
          "z": 0.664
        }
      },
      "players": [
        {
          "team": 1,
          "pos": {
            "x": 14.06,
            "y": -2.83
          }
        },
        {
          "team": 2,
          "pos": {
            "x": -11.06,
            "y": 0.83
          }
        }
      ]
    },
    {
      "time": 0.7,
      "ball": {
        "pos": {
          "x": -1.071,
          "y": -0.19,
          "z": 0.668
        }
      },
      "players": [
        {
          "team": 1,
          "pos": {
            "x": 14.08,
            "y": -2.75
          }
        },
        {
          "team": 2,
          "pos": {
            "x": -11.04,
            "y": 0.87
          }
        }
      ]
    },
    {
      "time": 0.711,
      "ball": {
        "pos": {
          "x": -1.098,
          "y": -0.194,
          "z": 0.669
        }
      },
      "players": [
        {
          "team": 1,
          "pos": {
            "x": 14.1,
            "y": -2.63
          }
        },
        {
          "team": 2,
          "pos": {
            "x": -11.05,
            "y": 0.88
          }
        }
      ]
    },
    {
      "time": 0.72,
      "ball": {
        "pos": {
          "x": -1.122,
          "y": -0.197,
          "z": 0.668
        }
      },
      "players": [
        {
          "team": 1,
          "pos": {
            "x": 14.09,
            "y": -2.67
          }
        },
        {
          "team": 2,
          "pos": {
            "x": -11.05,
            "y": 0.88
          }
        }
      ]
    },
    {
      "time": 0.74,
      "ball": {
        "pos": {
          "x": -1.173,
          "y": -0.203,
          "z": 0.665
        }
      },
      "players": [
        {
          "team": 1,
          "pos": {
            "x": 14.12,
            "y": -2.61
          }
        },
        {
          "team": 2,
          "pos": {
            "x": -11.04,
            "y": 0.89
          }
        }
      ]
    },
    {
      "time": 0.76,
      "ball": {
        "pos": {
          "x": -1.223,
          "y": -0.209,
          "z": 0.657
        }
      },
      "players": [
        {
          "team": 1,
          "pos": {
            "x": 14.12,
            "y": -2.55
          }
        },
        {
          "team": 2,
          "pos": {
            "x": -11.0,
            "y": 0.92
          }
        }
      ]
    },
    {
      "time": 0.78,
      "ball": {
        "pos": {
          "x": -1.274,
          "y": -0.215,
          "z": 0.645
        }
      },
      "players": [
        {
          "team": 1,
          "pos": {
            "x": 14.09,
            "y": -2.53
          }
        },
        {
          "team": 2,
          "pos": {
            "x": -10.98,
            "y": 0.94
          }
        }
      ]
    },
    {
      "time": 0.8,
      "ball": {
        "pos": {
          "x": -1.325,
          "y": -0.222,
          "z": 0.629
        }
      },
      "players": [
        {
          "team": 1,
          "pos": {
            "x": 14.1,
            "y": -2.5
          }
        },
        {
          "team": 2,
          "pos": {
            "x": -10.95,
            "y": 0.92
          }
        }
      ]
    },
    {
      "time": 0.82,
      "ball": {
        "pos": {
          "x": -1.376,
          "y": -0.228,
          "z": 0.61
        }
      },
      "players": [
        {
          "team": 1,
          "pos": {
            "x": 14.03,
            "y": -2.51
          }
        },
        {
          "team": 2,
          "pos": {
            "x": -10.91,
            "y": 0.91
          }
        }
      ]
    },
    {
      "time": 0.84,
      "ball": {
        "pos": {
          "x": -1.426,
          "y": -0.234,
          "z": 0.587
        }
      },
      "players": [
        {
          "team": 1,
          "pos": {
            "x": 14.02,
            "y": -2.5
          }
        },
        {
          "team": 2,
          "pos": {
            "x": -10.88,
            "y": 0.91
          }
        }
      ]
    },
    {
      "time": 0.86,
      "ball": {
        "pos": {
          "x": -1.477,
          "y": -0.24,
          "z": 0.559
        }
      },
      "players": [
        {
          "team": 1,
          "pos": {
            "x": 13.96,
            "y": -2.48
          }
        },
        {
          "team": 2,
          "pos": {
            "x": -10.85,
            "y": 0.93
          }
        }
      ]
    },
    {
      "time": 0.88,
      "ball": {
        "pos": {
          "x": -1.527,
          "y": -0.246,
          "z": 0.528
        }
      },
      "players": [
        {
          "team": 1,
          "pos": {
            "x": 13.93,
            "y": -2.45
          }
        },
        {
          "team": 2,
          "pos": {
            "x": -10.79,
            "y": 0.88
          }
        }
      ]
    },
    {
      "time": 0.9,
      "ball": {
        "pos": {
          "x": -1.577,
          "y": -0.252,
          "z": 0.493
        }
      },
      "players": [
        {
          "team": 1,
          "pos": {
            "x": 13.92,
            "y": -2.39
          }
        },
        {
          "team": 2,
          "pos": {
            "x": -10.72,
            "y": 0.79
          }
        }
      ]
    },
    {
      "time": 0.92,
      "ball": {
        "pos": {
          "x": -1.628,
          "y": -0.258,
          "z": 0.454
        }
      },
      "players": [
        {
          "team": 1,
          "pos": {
            "x": 13.85,
            "y": -2.34
          }
        },
        {
          "team": 2,
          "pos": {
            "x": -10.64,
            "y": 0.7
          }
        }
      ]
    },
    {
      "time": 0.94,
      "ball": {
        "pos": {
          "x": -1.678,
          "y": -0.264,
          "z": 0.411
        }
      },
      "players": [
        {
          "team": 1,
          "pos": {
            "x": 13.8,
            "y": -2.35
          }
        },
        {
          "team": 2,
          "pos": {
            "x": -10.6,
            "y": 0.63
          }
        }
      ]
    },
    {
      "time": 0.96,
      "ball": {
        "pos": {
          "x": -1.728,
          "y": -0.27,
          "z": 0.365
        }
      },
      "players": [
        {
          "team": 1,
          "pos": {
            "x": 13.71,
            "y": -2.34
          }
        },
        {
          "team": 2,
          "pos": {
            "x": -10.55,
            "y": 0.56
          }
        }
      ]
    },
    {
      "time": 0.98,
      "ball": {
        "pos": {
          "x": -1.778,
          "y": -0.276,
          "z": 0.314
        }
      },
      "players": [
        {
          "team": 1,
          "pos": {
            "x": 13.71,
            "y": -2.3
          }
        },
        {
          "team": 2,
          "pos": {
            "x": -10.55,
            "y": 0.48
          }
        }
      ]
    },
    {
      "time": 1.0,
      "ball": {
        "pos": {
          "x": -1.829,
          "y": -0.282,
          "z": 0.26
        }
      },
      "players": [
        {
          "team": 1,
          "pos": {
            "x": 13.65,
            "y": -2.31
          }
        },
        {
          "team": 2,
          "pos": {
            "x": -10.55,
            "y": 0.4
          }
        }
      ]
    },
    {
      "time": 1.02,
      "ball": {
        "pos": {
          "x": -1.879,
          "y": -0.287,
          "z": 0.202
        }
      },
      "players": [
        {
          "team": 1,
          "pos": {
            "x": 13.65,
            "y": -2.26
          }
        },
        {
          "team": 2,
          "pos": {
            "x": -10.52,
            "y": 0.32
          }
        }
      ]
    },
    {
      "time": 1.04,
      "ball": {
        "pos": {
          "x": -1.929,
          "y": -0.293,
          "z": 0.14
        }
      },
      "players": [
        {
          "team": 1,
          "pos": {
            "x": 13.59,
            "y": -2.24
          }
        },
        {
          "team": 2,
          "pos": {
            "x": -10.53,
            "y": 0.26
          }
        }
      ]
    },
    {
      "time": 1.06,
      "ball": {
        "pos": {
          "x": -1.979,
          "y": -0.299,
          "z": 0.074
        }
      },
      "players": [
        {
          "team": 1,
          "pos": {
            "x": 13.56,
            "y": -2.17
          }
        },
        {
          "team": 2,
          "pos": {
            "x": -10.55,
            "y": 0.21
          }
        }
      ]
    },
    {
      "time": 1.068,
      "event": "bounce",
      "ball": {
        "pos": {
          "x": -1.999,
          "y": -0.301,
          "z": 0.046
        }
      },
      "players": [
        {
          "team": 1,
          "pos": {
            "x": 13.61,
            "y": -2.13
          }
        },
        {
          "team": 2,
          "pos": {
            "x": -10.57,
            "y": 0.18
          }
        }
      ]
    },
    {
      "time": 1.08,
      "ball": {
        "pos": {
          "x": -2.027,
          "y": -0.305,
          "z": 0.053
        }
      },
      "players": [
        {
          "team": 1,
          "pos": {
            "x": 13.6,
            "y": -2.16
          }
        },
        {
          "team": 2,
          "pos": {
            "x": -10.57,
            "y": 0.18
          }
        }
      ]
    },
    {
      "time": 1.1,
      "ball": {
        "pos": {
          "x": -2.075,
          "y": -0.312,
          "z": 0.1
        }
      },
      "players": [
        {
          "team": 1,
          "pos": {
            "x": 13.62,
            "y": -2.11
          }
        },
        {
          "team": 2,
          "pos": {
            "x": -10.53,
            "y": 0.21
          }
        }
      ]
    },
    {
      "time": 1.12,
      "ball": {
        "pos": {
          "x": -2.122,
          "y": -0.318,
          "z": 0.144
        }
      },
      "players": [
        {
          "team": 1,
          "pos": {
            "x": 13.65,
            "y": -2.05
          }
        },
        {
          "team": 2,
          "pos": {
            "x": -10.53,
            "y": 0.21
          }
        }
      ]
    },
    {
      "time": 1.14,
      "ball": {
        "pos": {
          "x": -2.169,
          "y": -0.325,
          "z": 0.183
        }
      },
      "players": [
        {
          "team": 1,
          "pos": {
            "x": 13.65,
            "y": -2.05
          }
        },
        {
          "team": 2,
          "pos": {
            "x": -10.53,
            "y": 0.21
          }
        }
      ]
    },
    {
      "time": 1.16,
      "ball": {
        "pos": {
          "x": -2.217,
          "y": -0.332,
          "z": 0.218
        }
      },
      "players": [
        {
          "team": 1,
          "pos": {
            "x": 13.65,
            "y": -2.05
          }
        },
        {
          "team": 2,
          "pos": {
            "x": -10.53,
            "y": 0.21
          }
        }
      ]
    },
    {
      "time": 1.18,
      "ball": {
        "pos": {
          "x": -2.264,
          "y": -0.339,
          "z": 0.25
        }
      },
      "players": [
        {
          "team": 1,
          "pos": {
            "x": 13.65,
            "y": -2.05
          }
        },
        {
          "team": 2,
          "pos": {
            "x": -10.53,
            "y": 0.21
          }
        }
      ]
    },
    {
      "time": 1.2,
      "ball": {
        "pos": {
          "x": -2.311,
          "y": -0.345,
          "z": 0.277
        }
      },
      "players": [
        {
          "team": 1,
          "pos": {
            "x": 13.65,
            "y": -2.05
          }
        },
        {
          "team": 2,
          "pos": {
            "x": -10.53,
            "y": 0.21
          }
        }
      ]
    },
    {
      "time": 1.22,
      "ball": {
        "pos": {
          "x": -2.358,
          "y": -0.352,
          "z": 0.301
        }
      },
      "players": [
        {
          "team": 1,
          "pos": {
            "x": 13.65,
            "y": -2.05
          }
        },
        {
          "team": 2,
          "pos": {
            "x": -10.53,
            "y": 0.21
          }
        }
      ]
    },
    {
      "time": 1.24,
      "ball": {
        "pos": {
          "x": -2.405,
          "y": -0.358,
          "z": 0.32
        }
      },
      "players": [
        {
          "team": 1,
          "pos": {
            "x": 13.65,
            "y": -2.05
          }
        },
        {
          "team": 2,
          "pos": {
            "x": -10.53,
            "y": 0.21
          }
        }
      ]
    },
    {
      "time": 1.26,
      "ball": {
        "pos": {
          "x": -2.452,
          "y": -0.365,
          "z": 0.335
        }
      },
      "players": [
        {
          "team": 1,
          "pos": {
            "x": 13.65,
            "y": -2.05
          }
        },
        {
          "team": 2,
          "pos": {
            "x": -10.53,
            "y": 0.21
          }
        }
      ]
    },
    {
      "time": 1.28,
      "ball": {
        "pos": {
          "x": -2.498,
          "y": -0.371,
          "z": 0.347
        }
      },
      "players": [
        {
          "team": 1,
          "pos": {
            "x": 13.65,
            "y": -2.05
          }
        },
        {
          "team": 2,
          "pos": {
            "x": -10.53,
            "y": 0.21
          }
        }
      ]
    },
    {
      "time": 1.3,
      "ball": {
        "pos": {
          "x": -2.545,
          "y": -0.378,
          "z": 0.354
        }
      },
      "players": [
        {
          "team": 1,
          "pos": {
            "x": 13.65,
            "y": -2.05
          }
        },
        {
          "team": 2,
          "pos": {
            "x": -10.53,
            "y": 0.21
          }
        }
      ]
    },
    {
      "time": 1.32,
      "ball": {
        "pos": {
          "x": -2.592,
          "y": -0.384,
          "z": 0.357
        }
      },
      "players": [
        {
          "team": 1,
          "pos": {
            "x": 13.65,
            "y": -2.05
          }
        },
        {
          "team": 2,
          "pos": {
            "x": -10.53,
            "y": 0.21
          }
        }
      ]
    },
    {
      "time": 1.327,
      "ball": {
        "pos": {
          "x": -2.609,
          "y": -0.387,
          "z": 0.358
        }
      },
      "players": [
        {
          "team": 1,
          "pos": {
            "x": 13.65,
            "y": -2.05
          }
        },
        {
          "team": 2,
          "pos": {
            "x": -10.53,
            "y": 0.21
          }
        }
      ]
    },
    {
      "time": 1.34,
      "ball": {
        "pos": {
          "x": -2.638,
          "y": -0.391,
          "z": 0.357
        }
      },
      "players": [
        {
          "team": 1,
          "pos": {
            "x": 13.65,
            "y": -2.05
          }
        },
        {
          "team": 2,
          "pos": {
            "x": -10.53,
            "y": 0.21
          }
        }
      ]
    },
    {
      "time": 1.36,
      "ball": {
        "pos": {
          "x": -2.685,
          "y": -0.397,
          "z": 0.352
        }
      },
      "players": [
        {
          "team": 1,
          "pos": {
            "x": 13.65,
            "y": -2.05
          }
        },
        {
          "team": 2,
          "pos": {
            "x": -10.53,
            "y": 0.21
          }
        }
      ]
    },
    {
      "time": 1.38,
      "ball": {
        "pos": {
          "x": -2.732,
          "y": -0.404,
          "z": 0.344
        }
      },
      "players": [
        {
          "team": 1,
          "pos": {
            "x": 13.65,
            "y": -2.05
          }
        },
        {
          "team": 2,
          "pos": {
            "x": -10.53,
            "y": 0.21
          }
        }
      ]
    },
    {
      "time": 1.4,
      "ball": {
        "pos": {
          "x": -2.778,
          "y": -0.41,
          "z": 0.331
        }
      },
      "players": [
        {
          "team": 1,
          "pos": {
            "x": 13.65,
            "y": -2.05
          }
        },
        {
          "team": 2,
          "pos": {
            "x": -10.53,
            "y": 0.21
          }
        }
      ]
    },
    {
      "time": 1.42,
      "ball": {
        "pos": {
          "x": -2.825,
          "y": -0.417,
          "z": 0.315
        }
      },
      "players": [
        {
          "team": 1,
          "pos": {
            "x": 13.65,
            "y": -2.05
          }
        },
        {
          "team": 2,
          "pos": {
            "x": -10.53,
            "y": 0.21
          }
        }
      ]
    },
    {
      "time": 1.44,
      "ball": {
        "pos": {
          "x": -2.871,
          "y": -0.423,
          "z": 0.295
        }
      },
      "players": [
        {
          "team": 1,
          "pos": {
            "x": 13.65,
            "y": -2.05
          }
        },
        {
          "team": 2,
          "pos": {
            "x": -10.53,
            "y": 0.21
          }
        }
      ]
    },
    {
      "time": 1.46,
      "ball": {
        "pos": {
          "x": -2.917,
          "y": -0.429,
          "z": 0.271
        }
      },
      "players": [
        {
          "team": 1,
          "pos": {
            "x": 13.65,
            "y": -2.05
          }
        },
        {
          "team": 2,
          "pos": {
            "x": -10.53,
            "y": 0.21
          }
        }
      ]
    },
    {
      "time": 1.48,
      "ball": {
        "pos": {
          "x": -2.964,
          "y": -0.436,
          "z": 0.242
        }
      },
      "players": [
        {
          "team": 1,
          "pos": {
            "x": 13.65,
            "y": -2.05
          }
        },
        {
          "team": 2,
          "pos": {
            "x": -10.53,
            "y": 0.21
          }
        }
      ]
    },
    {
      "time": 1.5,
      "ball": {
        "pos": {
          "x": -3.01,
          "y": -0.442,
          "z": 0.21
        }
      },
      "players": [
        {
          "team": 1,
          "pos": {
            "x": 13.65,
            "y": -2.05
          }
        },
        {
          "team": 2,
          "pos": {
            "x": -10.53,
            "y": 0.21
          }
        }
      ]
    },
    {
      "time": 1.52,
      "ball": {
        "pos": {
          "x": -3.057,
          "y": -0.448,
          "z": 0.175
        }
      },
      "players": [
        {
          "team": 1,
          "pos": {
            "x": 13.65,
            "y": -2.05
          }
        },
        {
          "team": 2,
          "pos": {
            "x": -10.53,
            "y": 0.21
          }
        }
      ]
    },
    {
      "time": 1.54,
      "ball": {
        "pos": {
          "x": -3.103,
          "y": -0.455,
          "z": 0.135
        }
      },
      "players": [
        {
          "team": 1,
          "pos": {
            "x": 13.65,
            "y": -2.05
          }
        },
        {
          "team": 2,
          "pos": {
            "x": -10.53,
            "y": 0.21
          }
        }
      ]
    },
    {
      "time": 1.56,
      "ball": {
        "pos": {
          "x": -3.149,
          "y": -0.461,
          "z": 0.091
        }
      },
      "players": [
        {
          "team": 1,
          "pos": {
            "x": 13.65,
            "y": -2.05
          }
        },
        {
          "team": 2,
          "pos": {
            "x": -10.53,
            "y": 0.21
          }
        }
      ]
    },
    {
      "time": 1.579,
      "event": "bounce",
      "ball": {
        "pos": {
          "x": -3.193,
          "y": -0.467,
          "z": 0.046
        }
      },
      "players": [
        {
          "team": 1,
          "pos": {
            "x": 13.65,
            "y": -2.05
          }
        },
        {
          "team": 2,
          "pos": {
            "x": -10.53,
            "y": 0.21
          }
        }
      ]
    },
    {
      "time": 1.58,
      "ball": {
        "pos": {
          "x": -3.196,
          "y": -0.468,
          "z": 0.035
        }
      },
      "players": [
        {
          "team": 1,
          "pos": {
            "x": 13.65,
            "y": -2.05
          }
        },
        {
          "team": 2,
          "pos": {
            "x": -10.53,
            "y": 0.21
          }
        }
      ]
    },
    {
      "time": 1.584,
      "ball": {
        "pos": {
          "x": -3.205,
          "y": -0.469,
          "z": 0.046
        }
      },
      "players": [
        {
          "team": 1,
          "pos": {
            "x": 13.65,
            "y": -2.05
          }
        },
        {
          "team": 2,
          "pos": {
            "x": -10.53,
            "y": 0.21
          }
        }
      ]
    },
    {
      "time": 1.6,
      "players": [
        {
          "team": 1,
          "pos": {
            "x": 13.65,
            "y": -2.05
          }
        },
        {
          "team": 2,
          "pos": {
            "x": -10.53,
            "y": 0.21
          }
        }
      ]
    },
    {
      "time": 1.62,
      "players": [
        {
          "team": 1,
          "pos": {
            "x": 13.65,
            "y": -2.05
          }
        },
        {
          "team": 2,
          "pos": {
            "x": -10.53,
            "y": 0.21
          }
        }
      ]
    },
    {
      "time": 1.64,
      "players": [
        {
          "team": 1,
          "pos": {
            "x": 13.65,
            "y": -2.05
          }
        },
        {
          "team": 2,
          "pos": {
            "x": -10.53,
            "y": 0.21
          }
        }
      ]
    },
    {
      "time": 1.66,
      "players": [
        {
          "team": 1,
          "pos": {
            "x": 13.65,
            "y": -2.05
          }
        },
        {
          "team": 2,
          "pos": {
            "x": -10.53,
            "y": 0.21
          }
        }
      ]
    },
    {
      "time": 1.68,
      "players": [
        {
          "team": 1,
          "pos": {
            "x": 13.65,
            "y": -2.05
          }
        },
        {
          "team": 2,
          "pos": {
            "x": -10.53,
            "y": 0.21
          }
        }
      ]
    },
    {
      "time": 1.7,
      "players": [
        {
          "team": 1,
          "pos": {
            "x": 13.65,
            "y": -2.05
          }
        },
        {
          "team": 2,
          "pos": {
            "x": -10.53,
            "y": 0.21
          }
        }
      ]
    },
    {
      "time": 1.72,
      "players": [
        {
          "team": 1,
          "pos": {
            "x": 13.65,
            "y": -2.05
          }
        },
        {
          "team": 2,
          "pos": {
            "x": -10.53,
            "y": 0.21
          }
        }
      ]
    },
    {
      "time": 1.74,
      "players": [
        {
          "team": 1,
          "pos": {
            "x": 13.65,
            "y": -2.05
          }
        },
        {
          "team": 2,
          "pos": {
            "x": -10.53,
            "y": 0.21
          }
        }
      ]
    },
    {
      "time": 1.76,
      "players": [
        {
          "team": 1,
          "pos": {
            "x": 13.65,
            "y": -2.05
          }
        },
        {
          "team": 2,
          "pos": {
            "x": -10.53,
            "y": 0.21
          }
        }
      ]
    },
    {
      "time": 1.78,
      "players": [
        {
          "team": 1,
          "pos": {
            "x": 13.65,
            "y": -2.05
          }
        },
        {
          "team": 2,
          "pos": {
            "x": -10.53,
            "y": 0.21
          }
        }
      ]
    },
    {
      "time": 1.8,
      "players": [
        {
          "team": 1,
          "pos": {
            "x": 13.65,
            "y": -2.05
          }
        },
        {
          "team": 2,
          "pos": {
            "x": -10.53,
            "y": 0.21
          }
        }
      ]
    }
  ]
}