{
  "id": "c053f5f0-0fda-4bcf-97aa-80b6c8ea1561",
  "sequences": {
    "set": 2,
    "game": 9,
    "point": 3,
    "serve": 2,
    "rally": 2
  },
  "match": {
    "season": 2025,
    "tournament_id": 9999,
    "draw_code": "MS001",
    "court_id": 1,
    "players": [
      {
        "forename": "Andy",
        "surname": "Bernard",
        "team": 1,
        "external_id": "AB12"
      },
      {
        "forename": "Cedric",
        "surname": "Diggory",
        "team": 2,
        "external_id": "CD34"
      }
    ]
  },
  "shots": [
    {
      "shot_no": 1,
      "team": 2,
      "stroke": "serve",
      "spin": {
        "type": "topspin",
        "rpm": 1343.302
      },
      "speed_ms": 49.071,
      "call": "in",
      "distance": -0.45,
      "time_utc": "2025-01-01T12:27:54.576Z",
      "time": 0.0,
      "duration": 1.01
    }
  ],
  "samples": [
    {
      "time": -1.54,
      "players": [
        {
          "team": 1,
          "pos": {
            "x": 11.9,
            "y": 1.26
          }
        },
        {
          "team": 2,
          "pos": {
            "x": -15.37,
            "y": -3.91
          }
        }
      ]
    },
    {
      "time": -1.52,
      "players": [
        {
          "team": 1,
          "pos": {
            "x": 11.91,
            "y": 1.3
          }
        },
        {
          "team": 2,
          "pos": {
            "x": -15.37,
            "y": -3.91
          }
        }
      ]
    },
    {
      "time": -1.5,
      "players": [
        {
          "team": 1,
          "pos": {
            "x": 11.91,
            "y": 1.35
          }
        },
        {
          "team": 2,
          "pos": {
            "x": -15.37,
            "y": -3.91
          }
        }
      ]
    },
    {
      "time": -1.48,
      "players": [
        {
          "team": 1,
          "pos": {
            "x": 11.98,
            "y": 1.38
          }
        },
        {
          "team": 2,
          "pos": {
            "x": -15.37,
            "y": -3.91
          }
        }
      ]
    },
    {
      "time": -1.46,
      "players": [
        {
          "team": 1,
          "pos": {
            "x": 11.99,
            "y": 1.4
          }
        },
        {
          "team": 2,
          "pos": {
            "x": -15.37,
            "y": -3.91
          }
        }
      ]
    },
    {
      "time": -1.44,
      "players": [
        {
          "team": 1,
          "pos": {
            "x": 11.96,
            "y": 1.42
          }
        },
        {
          "team": 2,
          "pos": {
            "x": -15.37,
            "y": -3.91
          }
        }
      ]
    },
    {
      "time": -1.42,
      "players": [
        {
          "team": 1,
          "pos": {
            "x": 11.93,
            "y": 1.42
          }
        },
        {
          "team": 2,
          "pos": {
            "x": -15.37,
            "y": -3.91
          }
        }
      ]
    },
    {
      "time": -1.4,
      "players": [
        {
          "team": 1,
          "pos": {
            "x": 11.97,
            "y": 1.45
          }
        },
        {
          "team": 2,
          "pos": {
            "x": -15.37,
            "y": -3.91
          }
        }
      ]
    },
    {
      "time": -1.38,
      "players": [
        {
          "team": 1,
          "pos": {
            "x": 11.95,
            "y": 1.47
          }
        },
        {
          "team": 2,
          "pos": {
            "x": -15.37,
            "y": -3.91
          }
        }
      ]
    },
    {
      "time": -1.36,
      "players": [
        {
          "team": 1,
          "pos": {
            "x": 11.94,
            "y": 1.5
          }
        },
        {
          "team": 2,
          "pos": {
            "x": -15.37,
            "y": -3.91
          }
        }
      ]
    },
    {
      "time": -1.34,
      "players": [
        {
          "team": 1,
          "pos": {
            "x": 11.92,
            "y": 1.5
          }
        },
        {
          "team": 2,
          "pos": {
            "x": -15.37,
            "y": -3.91
          }
        }
      ]
    },
    {
      "time": -1.32,
      "players": [
        {
          "team": 1,
          "pos": {
            "x": 11.91,
            "y": 1.51
          }
        },
        {
          "team": 2,
          "pos": {
            "x": -15.37,
            "y": -3.91
          }
        }
      ]
    },
    {
      "time": -1.3,
      "players": [
        {
          "team": 1,
          "pos": {
            "x": 11.92,
            "y": 1.52
          }
        },
        {
          "team": 2,
          "pos": {
            "x": -15.37,
            "y": -3.91
          }
        }
      ]
    },
    {
      "time": -1.28,
      "players": [
        {
          "team": 1,
          "pos": {
            "x": 11.9,
            "y": 1.54
          }
        },
        {
          "team": 2,
          "pos": {
            "x": -15.37,
            "y": -3.91
          }
        }
      ]
    },
    {
      "time": -1.26,
      "players": [
        {
          "team": 1,
          "pos": {
            "x": 11.89,
            "y": 1.54
          }
        },
        {
          "team": 2,
          "pos": {
            "x": -15.37,
            "y": -3.91
          }
        }
      ]
    },
    {
      "time": -1.24,
      "players": [
        {
          "team": 1,
          "pos": {
            "x": 11.88,
            "y": 1.54
          }
        },
        {
          "team": 2,
          "pos": {
            "x": -15.37,
            "y": -3.91
          }
        }
      ]
    },
    {
      "time": -1.22,
      "players": [
        {
          "team": 1,
          "pos": {
            "x": 11.87,
            "y": 1.55
          }
        },
        {
          "team": 2,
          "pos": {
            "x": -15.37,
            "y": -3.91
          }
        }
      ]
    },
    {
      "time": -1.2,
      "players": [
        {
          "team": 1,
          "pos": {
            "x": 11.85,
            "y": 1.54
          }
        },
        {
          "team": 2,
          "pos": {
            "x": -15.37,
            "y": -3.91
          }
        }
      ]
    },
    {
      "time": -1.18,
      "players": [
        {
          "team": 1,
          "pos": {
            "x": 11.85,
            "y": 1.57
          }
        },
        {
          "team": 2,
          "pos": {
            "x": -15.37,
            "y": -3.91
          }
        }
      ]
    },
    {
      "time": -1.16,
      "players": [
        {
          "team": 1,
          "pos": {
            "x": 11.91,
            "y": 1.53
          }
        },
        {
          "team": 2,
          "pos": {
            "x": -15.37,
            "y": -3.91
          }
        }
      ]
    },
    {
      "time": -1.14,
      "players": [
        {
          "team": 1,
          "pos": {
            "x": 11.9,
            "y": 1.55
          }
        },
        {
          "team": 2,
          "pos": {
            "x": -15.37,
            "y": -3.91
          }
        }
      ]
    },
    {
      "time": -1.12,
      "players": [
        {
          "team": 1,
          "pos": {
            "x": 11.9,
            "y": 1.58
          }
        },
        {
          "team": 2,
          "pos": {
            "x": -15.37,
            "y": -3.91
          }
        }
      ]
    },
    {
      "time": -1.1,
      "players": [
        {
          "team": 1,
          "pos": {
            "x": 11.88,
            "y": 1.58
          }
        },
        {
          "team": 2,
          "pos": {
            "x": -15.37,
            "y": -3.91
          }
        }
      ]
    },
    {
      "time": -1.08,
      "players": [
        {
          "team": 1,
          "pos": {
            "x": 11.89,
            "y": 1.59
          }
        },
        {
          "team": 2,
          "pos": {
            "x": -15.37,
            "y": -3.91
          }
        }
      ]
    },
    {
      "time": -1.06,
      "players": [
        {
          "team": 1,
          "pos": {
            "x": 11.94,
            "y": 1.57
          }
        },
        {
          "team": 2,
          "pos": {
            "x": -15.37,
            "y": -3.91
          }
        }
      ]
    },
    {
      "time": -1.04,
      "players": [
        {
          "team": 1,
          "pos": {
            "x": 11.99,
            "y": 1.55
          }
        },
        {
          "team": 2,
          "pos": {
            "x": -15.37,
            "y": -3.91
          }
        }
      ]
    },
    {
      "time": -1.02,
      "players": [
        {
          "team": 1,
          "pos": {
            "x": 12.03,
            "y": 1.57
          }
        },
        {
          "team": 2,
          "pos": {
            "x": -15.37,
            "y": -3.91
          }
        }
      ]
    },
    {
      "time": -1.0,
      "players": [
        {
          "team": 1,
          "pos": {
            "x": 12.12,
            "y": 1.59
          }
        },
        {
          "team": 2,
          "pos": {
            "x": -15.37,
            "y": -3.91
          }
        }
      ]
    },
    {
      "time": -0.98,
      "players": [
        {
          "team": 1,
          "pos": {
            "x": 12.15,
            "y": 1.59
          }
        },
        {
          "team": 2,
          "pos": {
            "x": -15.37,
            "y": -3.91
          }
        }
      ]
    },
    {
      "time": -0.96,
      "players": [
        {
          "team": 1,
          "pos": {
            "x": 12.13,
            "y": 1.61
          }
        },
        {
          "team": 2,
          "pos": {
            "x": -15.37,
            "y": -3.91
          }
        }
      ]
    },
    {
      "time": -0.94,
      "players": [
        {
          "team": 1,
          "pos": {
            "x": 12.19,
            "y": 1.59
          }
        },
        {
          "team": 2,
          "pos": {
            "x": -15.37,
            "y": -3.91
          }
        }
      ]
    },
    {
      "time": -0.92,
      "players": [
        {
          "team": 1,
          "pos": {
            "x": 12.25,
            "y": 1.51
          }
        },
        {
          "team": 2,
          "pos": {
            "x": -15.37,
            "y": -3.91
          }
        }
      ]
    },
    {
      "time": -0.9,
      "players": [
        {
          "team": 1,
          "pos": {
            "x": 12.29,
            "y": 1.49
          }
        },
        {
          "team": 2,
          "pos": {
            "x": -15.37,
            "y": -3.91
          }
        }
      ]
    },
    {
      "time": -0.88,
      "players": [
        {
          "team": 1,
          "pos": {
            "x": 12.35,
            "y": 1.42
          }
        },
        {
          "team": 2,
          "pos": {
            "x": -15.37,
            "y": -3.91
          }
        }
      ]
    },
    {
      "time": -0.86,
      "players": [
        {
          "team": 1,
          "pos": {
            "x": 12.39,
            "y": 1.36
          }
        },
        {
          "team": 2,
          "pos": {
            "x": -15.37,
            "y": -3.91
          }
        }
      ]
    },
    {
      "time": -0.84,
      "players": [
        {
          "team": 1,
          "pos": {
            "x": 12.43,
            "y": 1.3
          }
        },
        {
          "team": 2,
          "pos": {
            "x": -15.37,
            "y": -3.91
          }
        }
      ]
    },
    {
      "time": -0.82,
      "players": [
        {
          "team": 1,
          "pos": {
            "x": 12.46,
            "y": 1.24
          }
        },
        {
          "team": 2,
          "pos": {
            "x": -15.37,
            "y": -3.91
          }
        }
      ]
    },
    {
      "time": -0.8,
      "players": [
        {
          "team": 1,
          "pos": {
            "x": 12.49,
            "y": 1.19
          }
        },
        {
          "team": 2,
          "pos": {
            "x": -15.37,
            "y": -3.91
          }
        }
      ]
    },
    {
      "time": -0.78,
      "players": [
        {
          "team": 1,
          "pos": {
            "x": 12.45,
            "y": 1.17
          }
        },
        {
          "team": 2,
          "pos": {
            "x": -15.37,
            "y": -3.9
          }
        }
      ]
    },
    {
      "time": -0.76,
      "players": [
        {
          "team": 1,
          "pos": {
            "x": 12.4,
            "y": 1.13
          }
        },
        {
          "team": 2,
          "pos": {
            "x": -15.37,
            "y": -3.9
          }
        }
      ]
    },
    {
      "time": -0.74,
      "ball": {
        "pos": {
          "x": 11.637,
          "y": 0.523,
          "z": 1.592
        }
      },
      "players": [
        {
          "team": 1,
          "pos": {
            "x": 12.43,
            "y": 1.08
          }
        },
        {
          "team": 2,
          "pos": {
            "x": -15.37,
            "y": -3.9
          }
        }
      ]
    },
    {
      "time": -0.72,
      "ball": {
        "pos": {
          "x": 11.627,
          "y": 0.532,
          "z": 1.703
        }
      },
      "players": [
        {
          "team": 1,
          "pos": {
            "x": 12.46,
            "y": 1.04
          }
        },
        {
          "team": 2,
          "pos": {
            "x": -15.37,
            "y": -3.9
          }
        }
      ]
    },
    {
      "time": -0.7,
      "ball": {
        "pos": {
          "x": 11.617,
          "y": 0.541,
          "z": 1.81
        }
      },
      "players": [
        {
          "team": 1,
          "pos": {
            "x": 12.41,
            "y": 1.06
          }
        },
        {
          "team": 2,
          "pos": {
            "x": -15.38,
            "y": -3.89
          }
        }
      ]
    },
    {
      "time": -0.68,
      "ball": {
        "pos": {
          "x": 11.607,
          "y": 0.55,
          "z": 1.913
        }
      },
      "players": [
        {
          "team": 1,
          "pos": {
            "x": 12.36,
            "y": 1.07
          }
        },
        {
          "team": 2,
          "pos": {
            "x": -15.38,
            "y": -3.88
          }
        }
      ]
    },
    {
      "time": -0.66,
      "ball": {
        "pos": {
          "x": 11.597,
          "y": 0.559,
          "z": 2.012
        }
      },
      "players": [
        {
          "team": 1,
          "pos": {
            "x": 12.35,
            "y": 1.1
          }
        },
        {
          "team": 2,
          "pos": {
            "x": -15.38,
            "y": -3.86
          }
        }
      ]
    },
    {
      "time": -0.64,
      "ball": {
        "pos": {
          "x": 11.587,
          "y": 0.567,
          "z": 2.106
        }
      },
      "players": [
        {
          "team": 1,
          "pos": {
            "x": 12.35,
            "y": 1.13
          }
        },
        {
          "team": 2,
          "pos": {
            "x": -15.38,
            "y": -3.84
          }
        }
      ]
    },
    {
      "time": -0.62,
      "ball": {
        "pos": {
          "x": 11.577,
          "y": 0.576,
          "z": 2.196
        }
      },
      "players": [
        {
          "team": 1,
          "pos": {
            "x": 12.36,
            "y": 1.11
          }
        },
        {
          "team": 2,
          "pos": {
            "x": -15.36,
            "y": -3.82
          }
        }
      ]
    },
    {
      "time": -0.6,
      "ball": {
        "pos": {
          "x": 11.567,
          "y": 0.584,
          "z": 2.282
        }
      },
      "players": [
        {
          "team": 1,
          "pos": {
            "x": 12.36,
            "y": 1.12
          }
        },
        {
          "team": 2,
          "pos": {
            "x": -15.41,
            "y": -3.8
          }
        }
      ]
    },
    {
      "time": -0.58,
      "ball": {
        "pos": {
          "x": 11.556,
          "y": 0.593,
          "z": 2.363
        }
      },
      "players": [
        {
          "team": 1,
          "pos": {
            "x": 12.33,
            "y": 1.13
          }
        },
        {
          "team": 2,
          "pos": {
            "x": -15.43,
            "y": -3.79
          }
        }
      ]
    },
    {
      "time": -0.56,
      "ball": {
        "pos": {
          "x": 11.546,
          "y": 0.601,
          "z": 2.44
        }
      },
      "players": [
        {
          "team": 1,
          "pos": {
            "x": 12.39,
            "y": 1.09
          }
        },
        {
          "team": 2,
          "pos": {
            "x": -15.42,
            "y": -3.79
          }
        }
      ]
    },
    {
      "time": -0.54,
      "ball": {
        "pos": {
          "x": 11.535,
          "y": 0.609,
          "z": 2.513
        }
      },
      "players": [
        {
          "team": 1,
          "pos": {
            "x": 12.4,
            "y": 1.12
          }
        },
        {
          "team": 2,
          "pos": {
            "x": -15.4,
            "y": -3.8
          }
        }
      ]
    },
    {
      "time": -0.52,
      "ball": {
        "pos": {
          "x": 11.525,
          "y": 0.618,
          "z": 2.582
        }
      },
      "players": [
        {
          "team": 1,
          "pos": {
            "x": 12.45,
            "y": 1.11
          }
        },
        {
          "team": 2,
          "pos": {
            "x": -15.36,
            "y": -3.82
          }
        }
      ]
    },
    {
      "time": -0.5,
      "ball": {
        "pos": {
          "x": 11.514,
          "y": 0.626,
          "z": 2.647
        }
      },
      "players": [
        {
          "team": 1,
          "pos": {
            "x": 12.41,
            "y": 1.12
          }
        },
        {
          "team": 2,
          "pos": {
            "x": -15.37,
            "y": -3.85
          }
        }
      ]
    },
    {
      "time": -0.48,
      "ball": {
        "pos": {
          "x": 11.504,
          "y": 0.634,
          "z": 2.708
        }
      },
      "players": [
        {
          "team": 1,
          "pos": {
            "x": 12.37,
            "y": 1.17
          }
        },
        {
          "team": 2,
          "pos": {
            "x": -15.37,
            "y": -3.83
          }
        }
      ]
    },
    {
      "time": -0.46,
      "ball": {
        "pos": {
          "x": 11.493,
          "y": 0.642,
          "z": 2.764
        }
      },
      "players": [
        {
          "team": 1,
          "pos": {
            "x": 12.37,
            "y": 1.16
          }
        },
        {
          "team": 2,
          "pos": {
            "x": -15.37,
            "y": -3.8
          }
        }
      ]
    },
    {
      "time": -0.44,
      "ball": {
        "pos": {
          "x": 11.483,
          "y": 0.65,
          "z": 2.817
        }
      },
      "players": [
        {
          "team": 1,
          "pos": {
            "x": 12.38,
            "y": 1.07
          }
        },
        {
          "team": 2,
          "pos": {
            "x": -15.39,
            "y": -3.79
          }
        }
      ]
    },
    {
      "time": -0.42,
      "ball": {
        "pos": {
          "x": 11.472,
          "y": 0.658,
          "z": 2.865
        }
      },
      "players": [
        {
          "team": 1,
          "pos": {
            "x": 12.34,
            "y": 1.04
          }
        },
        {
          "team": 2,
          "pos": {
            "x": -15.4,
            "y": -3.82
          }
        }
      ]
    },
    {
      "time": -0.4,
      "ball": {
        "pos": {
          "x": 11.462,
          "y": 0.666,
          "z": 2.909
        }
      },
      "players": [
        {
          "team": 1,
          "pos": {
            "x": 12.34,
            "y": 1.0
          }
        },
        {
          "team": 2,
          "pos": {
            "x": -15.43,
            "y": -3.78
          }
        }
      ]
    },
    {
      "time": -0.38,
      "ball": {
        "pos": {
          "x": 11.451,
          "y": 0.675,
          "z": 2.949
        }
      },
      "players": [
        {
          "team": 1,
          "pos": {
            "x": 12.32,
            "y": 1.01
          }
        },
        {
          "team": 2,
          "pos": {
            "x": -15.44,
            "y": -3.79
          }
        }
      ]
    },
    {
      "time": -0.36,
      "ball": {
        "pos": {
          "x": 11.441,
          "y": 0.683,
          "z": 2.986
        }
      },
      "players": [
        {
          "team": 1,
          "pos": {
            "x": 12.31,
            "y": 0.95
          }
        },
        {
          "team": 2,
          "pos": {
            "x": -15.42,
            "y": -3.81
          }
        }
      ]
    },
    {
      "time": -0.34,
      "ball": {
        "pos": {
          "x": 11.43,
          "y": 0.691,
          "z": 3.018
        }
      },
      "players": [
        {
          "team": 1,
          "pos": {
            "x": 12.3,
            "y": 0.96
          }
        },
        {
          "team": 2,
          "pos": {
            "x": -15.43,
            "y": -3.79
          }
        }
      ]
    },
    {
      "time": -0.32,
      "ball": {
        "pos": {
          "x": 11.42,
          "y": 0.699,
          "z": 3.046
        }
      },
      "players": [
        {
          "team": 1,
          "pos": {
            "x": 12.27,
            "y": 0.89
          }
        },
        {
          "team": 2,
          "pos": {
            "x": -15.44,
            "y": -3.82
          }
        }
      ]
    },
    {
      "time": -0.3,
      "ball": {
        "pos": {
          "x": 11.41,
          "y": 0.707,
          "z": 3.07
        }
      },
      "players": [
        {
          "team": 1,
          "pos": {
            "x": 12.22,
            "y": 0.9
          }
        },
        {
          "team": 2,
          "pos": {
            "x": -15.43,
            "y": -3.8
          }
        }
      ]
    },
    {
      "time": -0.28,
      "ball": {
        "pos": {
          "x": 11.4,
          "y": 0.716,
          "z": 3.091
        }
      },
      "players": [
        {
          "team": 1,
          "pos": {
            "x": 12.21,
            "y": 0.87
          }
        },
        {
          "team": 2,
          "pos": {
            "x": -15.43,
            "y": -3.78
          }
        }
      ]
    },
    {
      "time": -0.26,
      "ball": {
        "pos": {
          "x": 11.39,
          "y": 0.724,
          "z": 3.107
        }
      },
      "players": [
        {
          "team": 1,
          "pos": {
            "x": 12.21,
            "y": 0.88
          }
        },
        {
          "team": 2,
          "pos": {
            "x": -15.43,
            "y": -3.78
          }
        }
      ]
    },
    {
      "time": -0.24,
      "ball": {
        "pos": {
          "x": 11.38,
          "y": 0.732,
          "z": 3.12
        }
      },
      "players": [
        {
          "team": 1,
          "pos": {
            "x": 12.24,
            "y": 0.91
          }
        },
        {
          "team": 2,
          "pos": {
            "x": -15.41,
            "y": -3.79
          }
        }
      ]
    },
    {
      "time": -0.22,
      "ball": {
        "pos": {
          "x": 11.37,
          "y": 0.741,
          "z": 3.128
        }
      },
      "players": [
        {
          "team": 1,
          "pos": {
            "x": 12.24,
            "y": 0.92
          }
        },
        {
          "team": 2,
          "pos": {
            "x": -15.39,
            "y": -3.78
          }
        }
      ]
    },
    {
      "time": -0.2,
      "ball": {
        "pos": {
          "x": 11.361,
          "y": 0.749,
          "z": 3.133
        }
      },
      "players": [
        {
          "team": 1,
          "pos": {
            "x": 12.21,
            "y": 0.93
          }
        },
        {
          "team": 2,
          "pos": {
            "x": -15.4,
            "y": -3.74
          }
        }
      ]
    },
    {
      "time": -0.185,
      "ball": {
        "pos": {
          "x": 11.353,
          "y": 0.756,
          "z": 3.134
        }
      },
      "players": [
        {
          "team": 1,
          "pos": {
            "x": 12.1,
            "y": 0.93
          }
        },
        {
          "team": 2,
          "pos": {
            "x": -15.42,
            "y": -3.79
          }
        }
      ]
    },
    {
      "time": -0.18,
      "ball": {
        "pos": {
          "x": 11.351,
          "y": 0.758,
          "z": 3.134
        }
      },
      "players": [
        {
          "team": 1,
          "pos": {
            "x": 12.14,
            "y": 0.93
          }
        },
        {
          "team": 2,
          "pos": {
            "x": -15.41,
            "y": -3.75
          }
        }
      ]
    },
    {
      "time": -0.16,
      "ball": {
        "pos": {
          "x": 11.342,
          "y": 0.766,
          "z": 3.131
        }
      },
      "players": [
        {
          "team": 1,
          "pos": {
            "x": 12.09,
            "y": 0.94
          }
        },
        {
          "team": 2,
          "pos": {
            "x": -15.4,
            "y": -3.75
          }
        }
      ]
    },
    {
      "time": -0.14,
      "ball": {
        "pos": {
          "x": 11.332,
          "y": 0.775,
          "z": 3.125
        }
      },
      "players": [
        {
          "team": 1,
          "pos": {
            "x": 12.08,
            "y": 0.95
          }
        },
        {
          "team": 2,
          "pos": {
            "x": -15.39,
            "y": -3.73
          }
        }
      ]
    },
    {
      "time": -0.12,
      "ball": {
        "pos": {
          "x": 11.323,
          "y": 0.784,
          "z": 3.115
        }
      },
      "players": [
        {
          "team": 1,
          "pos": {
            "x": 12.04,
            "y": 0.96
          }
        },
        {
          "team": 2,
          "pos": {
            "x": -15.39,
            "y": -3.71
          }
        }
      ]
    },
    {
      "time": -0.1,
      "ball": {
        "pos": {
          "x": 11.314,
          "y": 0.793,
          "z": 3.1
        }
      },
      "players": [
        {
          "team": 1,
          "pos": {
            "x": 12.01,
            "y": 0.92
          }
        },
        {
          "team": 2,
          "pos": {
            "x": -15.38,
            "y": -3.71
          }
        }
      ]
    },
    {
      "time": -0.08,
      "ball": {
        "pos": {
          "x": 11.306,
          "y": 0.802,
          "z": 3.083
        }
      },
      "players": [
        {
          "team": 1,
          "pos": {
            "x": 12.01,
            "y": 0.91
          }
        },
        {
          "team": 2,
          "pos": {
            "x": -15.37,
            "y": -3.7
          }
        }
      ]
    },
    {
      "time": -0.06,
      "ball": {
        "pos": {
          "x": 11.297,
          "y": 0.811,
          "z": 3.061
        }
      },
      "players": [
        {
          "team": 1,
          "pos": {
            "x": 11.98,
            "y": 0.86
          }
        },
        {
          "team": 2,
          "pos": {
            "x": -15.38,
            "y": -3.65
          }
        }
      ]
    },
    {
      "time": -0.04,
      "ball": {
        "pos": {
          "x": 11.289,
          "y": 0.82,
          "z": 3.036
        }
      },
      "players": [
        {
          "team": 1,
          "pos": {
            "x": 11.97,
            "y": 0.83
          }
        },
        {
          "team": 2,
          "pos": {
            "x": -15.39,
            "y": -3.6
          }
        }
      ]
    },
    {
      "time": -0.02,
      "ball": {
        "pos": {
          "x": 11.281,
          "y": 0.83,
          "z": 3.007
        }
      },
      "players": [
        {
          "team": 1,
          "pos": {
            "x": 11.96,
            "y": 0.78
          }
        },
        {
          "team": 2,
          "pos": {
            "x": -15.39,
            "y": -3.57
          }
        }
      ]
    },
    {
      "time": 0.0,
      "event": "hit",
      "ball": {
        "pos": {
          "x": 11.273,
          "y": 0.839,
          "z": 2.974
        }
      },
      "players": [
        {
          "team": 1,
          "pos": {
            "x": 11.94,
            "y": 0.73
          }
        },
        {
          "team": 2,
          "pos": {
            "x": -15.4,
            "y": -3.53
          }
        }
      ]
    },
    {
      "time": 0.02,
      "ball": {
        "pos": {
          "x": 10.363,
          "y": 0.519,
          "z": 2.863
        }
      },
      "players": [
        {
          "team": 1,
          "pos": {
            "x": 11.9,
            "y": 0.65
          }
        },
        {
          "team": 2,
          "pos": {
            "x": -15.41,
            "y": -3.49
          }
        }
      ]
    },
    {
      "time": 0.04,
      "ball": {
        "pos": {
          "x": 9.469,
          "y": 0.21,
          "z": 2.747
        }
      },
      "players": [
        {
          "team": 1,
          "pos": {
            "x": 11.84,
            "y": 0.63
          }
        },
        {
          "team": 2,
          "pos": {
            "x": -15.42,
            "y": -3.48
          }
        }
      ]
    },
    {
      "time": 0.06,
      "ball": {
        "pos": {
          "x": 8.593,
          "y": -0.088,
          "z": 2.627
        }
      },
      "players": [
        {
          "team": 1,
          "pos": {
            "x": 11.75,
            "y": 0.62
          }
        },
        {
          "team": 2,
          "pos": {
            "x": -15.44,
            "y": -3.46
          }
        }
      ]
    },
    {
      "time": 0.08,
      "ball": {
        "pos": {
          "x": 7.733,
          "y": -0.375,
          "z": 2.501
        }
      },
      "players": [
        {
          "team": 1,
          "pos": {
            "x": 11.7,
            "y": 0.52
          }
        },
        {
          "team": 2,
          "pos": {
            "x": -15.46,
            "y": -3.43
          }
        }
      ]
    },
    {
      "time": 0.1,
      "ball": {
        "pos": {
          "x": 6.889,
          "y": -0.651,
          "z": 2.371
        }
      },
      "players": [
        {
          "team": 1,
          "pos": {
            "x": 11.62,
            "y": 0.51
          }
        },
        {
          "team": 2,
          "pos": {
            "x": -15.47,
            "y": -3.43
          }
        }
      ]
    },
    {
      "time": 0.12,
      "ball": {
        "pos": {
          "x": 6.061,
          "y": -0.918,
          "z": 2.237
        }
      },
      "players": [
        {
          "team": 1,
          "pos": {
            "x": 11.55,
            "y": 0.49
          }
        },
        {
          "team": 2,
          "pos": {
            "x": -15.49,
            "y": -3.42
          }
        }
      ]
    },
    {
      "time": 0.14,
      "ball": {
        "pos": {
          "x": 5.247,
          "y": -1.174,
          "z": 2.098
        }
      },
      "players": [
        {
          "team": 1,
          "pos": {
            "x": 11.51,
            "y": 0.42
          }
        },
        {
          "team": 2,
          "pos": {
            "x": -15.51,
            "y": -3.39
          }
        }
      ]
    },
    {
      "time": 0.16,
      "ball": {
        "pos": {
          "x": 4.449,
          "y": -1.421,
          "z": 1.954
        }
      },
      "players": [
        {
          "team": 1,
          "pos": {
            "x": 11.43,
            "y": 0.42
          }
        },
        {
          "team": 2,
          "pos": {
            "x": -15.54,
            "y": -3.36
          }
        }
      ]
    },
    {
      "time": 0.18,
      "ball": {
        "pos": {
          "x": 3.665,
          "y": -1.659,
          "z": 1.807
        }
      },
      "players": [
        {
          "team": 1,
          "pos": {
            "x": 11.39,
            "y": 0.37
          }
        },
        {
          "team": 2,
          "pos": {
            "x": -15.53,
            "y": -3.35
          }
        }
      ]
    },
    {
      "time": 0.2,
      "ball": {
        "pos": {
          "x": 2.895,
          "y": -1.888,
          "z": 1.655
        }
      },
      "players": [
        {
          "team": 1,
          "pos": {
            "x": 11.36,
            "y": 0.31
          }
        },
        {
          "team": 2,
          "pos": {
            "x": -15.55,
            "y": -3.31
          }
        }
      ]
    },
    {
      "time": 0.22,
      "ball": {
        "pos": {
          "x": 2.138,
          "y": -2.109,
          "z": 1.499
        }
      },
      "players": [
        {
          "team": 1,
          "pos": {
            "x": 11.35,
            "y": 0.28
          }
        },
        {
          "team": 2,
          "pos": {
            "x": -15.55,
            "y": -3.31
          }
        }
      ]
    },
    {
      "time": 0.24,
      "ball": {
        "pos": {
          "x": 1.394,
          "y": -2.321,
          "z": 1.339
        }
      },
      "players": [
        {
          "team": 1,
          "pos": {
            "x": 11.34,
            "y": 0.25
          }
        },
        {
          "team": 2,
          "pos": {
            "x": -15.55,
            "y": -3.31
          }
        }
      ]
    },
    {
      "time": 0.26,
      "ball": {
        "pos": {
          "x": 0.663,
          "y": -2.525,
          "z": 1.175
        }
      },
      "players": [
        {
          "team": 1,
          "pos": {
            "x": 11.35,
            "y": 0.22
          }
        },
        {
          "team": 2,
          "pos": {
            "x": -15.55,
            "y": -3.31
          }
        }
      ]
    },
    {
      "time": 0.278,
      "ball": {
        "pos": {
          "x": -0.0,
          "y": -2.706,
          "z": 1.021
        }
      },
      "players": [
        {
          "team": 1,
          "pos": {
            "x": 11.36,
            "y": 0.27
          }
        },
        {
          "team": 2,
          "pos": {
            "x": -15.44,
            "y": -3.45
          }
        }
      ]
    },
    {
      "time": 0.28,
      "ball": {
        "pos": {
          "x": -0.056,
          "y": -2.722,
          "z": 1.008
        }
      },
      "players": [
        {
          "team": 1,
          "pos": {
            "x": 11.34,
            "y": 0.26
          }
        },
        {
          "team": 2,
          "pos": {
            "x": -15.55,
            "y": -3.31
          }
        }
      ]
    },
    {
      "time": 0.3,
      "ball": {
        "pos": {
          "x": -0.763,
          "y": -2.911,
          "z": 0.837
        }
      },
      "players": [
        {
          "team": 1,
          "pos": {
            "x": 11.37,
            "y": 0.28
          }
        },
        {
          "team": 2,
          "pos": {
            "x": -15.55,
            "y": -3.31
          }
        }
      ]
    },
    {
      "time": 0.32,
      "ball": {
        "pos": {
          "x": -1.459,
          "y": -3.093,
          "z": 0.662
        }
      },
      "players": [
        {
          "team": 1,
          "pos": {
            "x": 11.36,
            "y": 0.33
          }
        },
        {
          "team": 2,
          "pos": {
            "x": -15.55,
            "y": -3.31
          }
        }
      ]
    },
    {
      "time": 0.34,
      "ball": {
        "pos": {
          "x": -2.144,
          "y": -3.269,
          "z": 0.484
        }
      },
      "players": [
        {
          "team": 1,
          "pos": {
            "x": 11.38,
            "y": 0.37
          }
        },
        {
          "team": 2,
          "pos": {
            "x": -15.55,
            "y": -3.31
          }
        }
      ]
    },
    {
      "time": 0.36,
      "ball": {
        "pos": {
          "x": -2.818,
          "y": -3.438,
          "z": 0.303
        }
      },
      "players": [
        {
          "team": 1,
          "pos": {
            "x": 11.41,
            "y": 0.39
          }
        },
        {
          "team": 2,
          "pos": {
            "x": -15.55,
            "y": -3.31
          }
        }
      ]
    },
    {
      "time": 0.38,
      "ball": {
        "pos": {
          "x": -3.483,
          "y": -3.601,
          "z": 0.118
        }
      },
      "players": [
        {
          "team": 1,
          "pos": {
            "x": 11.43,
            "y": 0.41
          }
        },
        {
          "team": 2,
          "pos": {
            "x": -15.55,
            "y": -3.31
          }
        }
      ]
    },
    {
      "time": 0.39,
      "event": "bounce",
      "ball": {
        "pos": {
          "x": -3.799,
          "y": -3.678,
          "z": 0.028
        }
      },
      "players": [
        {
          "team": 1,
          "pos": {
            "x": 11.41,
            "y": 0.39
          }
        },
        {
          "team": 2,
          "pos": {
            "x": -15.53,
            "y": -3.36
          }
        }
      ]
    },
    {
      "time": 0.4,
      "ball": {
        "pos": {
          "x": -4.058,
          "y": -3.753,
          "z": 0.067
        }
      },
      "players": [
        {
          "team": 1,
          "pos": {
            "x": 11.41,
            "y": 0.39
          }
        },
        {
          "team": 2,
          "pos": {
            "x": -15.55,
            "y": -3.31
          }
        }
      ]
    },
    {
      "time": 0.42,
      "ball": {
        "pos": {
          "x": -4.511,
          "y": -3.894,
          "z": 0.215
        }
      },
      "players": [
        {
          "team": 1,
          "pos": {
            "x": 11.44,
            "y": 0.36
          }
        },
        {
          "team": 2,
          "pos": {
            "x": -15.55,
            "y": -3.31
          }
        }
      ]
    },
    {
      "time": 0.44,
      "ball": {
        "pos": {
          "x": -4.96,
          "y": -4.033,
          "z": 0.354
        }
      },
      "players": [
        {
          "team": 1,
          "pos": {
            "x": 11.4,
            "y": 0.32
          }
        },
        {
          "team": 2,
          "pos": {
            "x": -15.55,
            "y": -3.31
          }
        }
      ]
    },
    {
      "time": 0.46,
      "ball": {
        "pos": {
          "x": -5.405,
          "y": -4.168,
          "z": 0.485
        }
      },
      "players": [
        {
          "team": 1,
          "pos": {
            "x": 11.4,
            "y": 0.32
          }
        },
        {
          "team": 2,
          "pos": {
            "x": -15.55,
            "y": -3.31
          }
        }
      ]
    },
    {
      "time": 0.48,
      "ball": {
        "pos": {
          "x": -5.846,
          "y": -4.302,
          "z": 0.608
        }
      },
      "players": [
        {
          "team": 1,
          "pos": {
            "x": 11.4,
            "y": 0.32
          }
        },
        {
          "team": 2,
          "pos": {
            "x": -15.55,
            "y": -3.31
          }
        }
      ]
    },
    {
      "time": 0.5,
      "ball": {
        "pos": {
          "x": -6.282,
          "y": -4.433,
          "z": 0.723
        }
      },
      "players": [
        {
          "team": 1,
          "pos": {
            "x": 11.4,
            "y": 0.32
          }
        },
        {
          "team": 2,
          "pos": {
            "x": -15.55,
            "y": -3.31
          }
        }
      ]
    },
    {
      "time": 0.52,
      "ball": {
        "pos": {
          "x": -6.715,
          "y": -4.562,
          "z": 0.831
        }
      },
      "players": [
        {
          "team": 1,
          "pos": {
            "x": 11.4,
            "y": 0.32
          }
        },
        {
          "team": 2,
          "pos": {
            "x": -15.55,
            "y": -3.31
          }
        }
      ]
    },
    {
      "time": 0.54,
      "ball": {
        "pos": {
          "x": -7.143,
          "y": -4.688,
          "z": 0.932
        }
      },
      "players": [
        {
          "team": 1,
          "pos": {
            "x": 11.4,
            "y": 0.32
          }
        },
        {
          "team": 2,
          "pos": {
            "x": -15.55,
            "y": -3.31
          }
        }
      ]
    },
    {
      "time": 0.56,
      "ball": {
        "pos": {
          "x": -7.568,
          "y": -4.812,
          "z": 1.025
        }
      },
      "players": [
        {
          "team": 1,
          "pos": {
            "x": 11.4,
            "y": 0.32
          }
        },
        {
          "team": 2,
          "pos": {
            "x": -15.55,
            "y": -3.31
          }
        }
      ]
    },
    {
      "time": 0.58,
      "ball": {
        "pos": {
          "x": -7.988,
          "y": -4.933,
          "z": 1.111
        }
      },
      "players": [
        {
          "team": 1,
          "pos": {
            "x": 11.4,
            "y": 0.32
          }
        },
        {
          "team": 2,
          "pos": {
            "x": -15.55,
            "y": -3.31
          }
        }
      ]
    },
    {
      "time": 0.6,
      "ball": {
        "pos": {
          "x": -8.405,
          "y": -5.052,
          "z": 1.191
        }
      },
      "players": [
        {
          "team": 1,
          "pos": {
            "x": 11.4,
            "y": 0.32
          }
        },
        {
          "team": 2,
          "pos": {
            "x": -15.55,
            "y": -3.31
          }
        }
      ]
    },
    {
      "time": 0.62,
      "ball": {
        "pos": {
          "x": -8.818,
          "y": -5.169,
          "z": 1.264
        }
      },
      "players": [
        {
          "team": 1,
          "pos": {
            "x": 11.4,
            "y": 0.32
          }
        },
        {
          "team": 2,
          "pos": {
            "x": -15.55,
            "y": -3.31
          }
        }
      ]
    },
    {
      "time": 0.64,
      "ball": {
        "pos": {
          "x": -9.227,
          "y": -5.284,
          "z": 1.33
        }
      },
      "players": [
        {
          "team": 1,
          "pos": {
            "x": 11.4,
            "y": 0.32
          }
        },
        {
          "team": 2,
          "pos": {
            "x": -15.55,
            "y": -3.31
          }
        }
      ]
    },
    {
      "time": 0.66,
      "ball": {
        "pos": {
          "x": -9.632,
          "y": -5.396,
          "z": 1.39
        }
      },
      "players": [
        {
          "team": 1,
          "pos": {
            "x": 11.4,
            "y": 0.32
          }
        },
        {
          "team": 2,
          "pos": {
            "x": -15.55,
            "y": -3.31
          }
        }
      ]
    },
    {
      "time": 0.68,
      "ball": {
        "pos": {
          "x": -10.034,
          "y": -5.506,
          "z": 1.444
        }
      },
      "players": [
        {
          "team": 1,
          "pos": {
            "x": 11.4,
            "y": 0.32
          }
        },
        {
          "team": 2,
          "pos": {
            "x": -15.55,
            "y": -3.31
          }
        }
      ]
    },
    {
      "time": 0.7,
      "ball": {
        "pos": {
          "x": -10.432,
          "y": -5.613,
          "z": 1.492
        }
      },
      "players": [
        {
          "team": 1,
          "pos": {
            "x": 11.4,
            "y": 0.32
          }
        },
        {
          "team": 2,
          "pos": {
            "x": -15.55,
            "y": -3.31
          }
        }
      ]
    },
    {
      "time": 0.72,
      "ball": {
        "pos": {
          "x": -10.826,
          "y": -5.719,
          "z": 1.534
        }
      },
      "players": [
        {
          "team": 1,
          "pos": {
            "x": 11.4,
            "y": 0.32
          }
        },
        {
          "team": 2,
          "pos": {
            "x": -15.55,
            "y": -3.31
          }
        }
      ]
    },
    {
      "time": 0.74,
      "ball": {
        "pos": {
          "x": -11.217,
          "y": -5.822,
          "z": 1.571
        }
      },
      "players": [
        {
          "team": 1,
          "pos": {
            "x": 11.4,
            "y": 0.32
          }
        },
        {
          "team": 2,
          "pos": {
            "x": -15.55,
            "y": -3.31
          }
        }
      ]
    },
    {
      "time": 0.76,
      "ball": {
        "pos": {
          "x": -11.604,
          "y": -5.923,
          "z": 1.602
        }
      },
      "players": [
        {
          "team": 1,
          "pos": {
            "x": 11.4,
            "y": 0.32
          }
        },
        {
          "team": 2,
          "pos": {
            "x": -15.55,
            "y": -3.31
          }
        }
      ]
    },
    {
      "time": 0.78,
      "ball": {
        "pos": {
          "x": -11.987,
          "y": -6.022,
          "z": 1.628
        }
      },
      "players": [
        {
          "team": 1,
          "pos": {
            "x": 11.4,
            "y": 0.32
          }
        },
        {
          "team": 2,
          "pos": {
            "x": -15.55,
            "y": -3.31
          }
        }
      ]
    },
    {
      "time": 0.8,
      "ball": {
        "pos": {
          "x": -12.367,
          "y": -6.119,
          "z": 1.649
        }
      },
      "players": [
        {
          "team": 1,
          "pos": {
            "x": 11.4,
            "y": 0.32
          }
        },
        {
          "team": 2,
          "pos": {
            "x": -15.55,
            "y": -3.31
          }
        }
      ]
    },
    {
      "time": 0.82,
      "ball": {
        "pos": {
          "x": -12.744,
          "y": -6.213,
          "z": 1.664
        }
      },
      "players": [
        {
          "team": 1,
          "pos": {
            "x": 11.4,
            "y": 0.32
          }
        },
        {
          "team": 2,
          "pos": {
            "x": -15.55,
            "y": -3.31
          }
        }
      ]
    },
    {
      "time": 0.84,
      "ball": {
        "pos": {
          "x": -13.117,
          "y": -6.305,
          "z": 1.675
        }
      },
      "players": [
        {
          "team": 1,
          "pos": {
            "x": 11.4,
            "y": 0.32
          }
        },
        {
          "team": 2,
          "pos": {
            "x": -15.55,
            "y": -3.31
          }
        }
      ]
    },
    {
      "time": 0.86,
      "ball": {
        "pos": {
          "x": -13.487,
          "y": -6.396,
          "z": 1.682
        }
      },
      "players": [
        {
          "team": 1,
          "pos": {
            "x": 11.4,
            "y": 0.32
          }
        },
        {
          "team": 2,
          "pos": {
            "x": -15.55,
            "y": -3.31
          }
        }
      ]
    },
    {
      "time": 0.88,
      "ball": {
        "pos": {
          "x": -13.853,
          "y": -6.484,
          "z": 1.684
        }
      },
      "players": [
        {
          "team": 1,
          "pos": {
            "x": 11.4,
            "y": 0.32
          }
        },
        {
          "team": 2,
          "pos": {
            "x": -15.55,
            "y": -3.31
          }
        }
      ]
    },
    {
      "time": 0.9,
      "ball": {
        "pos": {
          "x": -14.217,
          "y": -6.57,
          "z": 1.682
        }
      },
      "players": [
        {
          "team": 1,
          "pos": {
            "x": 11.4,
            "y": 0.32
          }
        },
        {
          "team": 2,
          "pos": {
            "x": -15.55,
            "y": -3.31
          }
        }
      ]
    },
    {
      "time": 0.92,
      "ball": {
        "pos": {
          "x": -14.576,
          "y": -6.654,
          "z": 1.676
        }
      },
      "players": [
        {
          "team": 1,
          "pos": {
            "x": 11.4,
            "y": 0.32
          }
        },
        {
          "team": 2,
          "pos": {
            "x": -15.55,
            "y": -3.31
          }
        }
      ]
    },
    {
      "time": 0.94,
      "ball": {
        "pos": {
          "x": -14.933,
          "y": -6.736,
          "z": 1.666
        }
      },
      "players": [
        {
          "team": 1,
          "pos": {
            "x": 11.4,
            "y": 0.32
          }
        },
        {
          "team": 2,
          "pos": {
            "x": -15.55,
            "y": -3.31
          }
        }
      ]
    },
    {
      "time": 0.96,
      "ball": {
        "pos": {
          "x": -15.286,
          "y": -6.816,
          "z": 1.652
        }
      },
      "players": [
        {
          "team": 1,
          "pos": {
            "x": 11.4,
            "y": 0.32
          }
        },
        {
          "team": 2,
          "pos": {
            "x": -15.55,
            "y": -3.31
          }
        }
      ]
    },
    {
      "time": 0.98,
      "ball": {
        "pos": {
          "x": -15.637,
          "y": -6.894,
          "z": 1.634
        }
      },
      "players": [
        {
          "team": 1,
          "pos": {
            "x": 11.4,
            "y": 0.32
          }
        },
        {
          "team": 2,
          "pos": {
            "x": -15.55,
            "y": -3.31
          }
        }
      ]
    },
    {
      "time": 1.0,
      "ball": {
        "pos": {
          "x": -15.984,
          "y": -6.97,
          "z": 1.614
        }
      },
      "players": [
        {
          "team": 1,
          "pos": {
            "x": 11.4,
            "y": 0.32
          }
        },
        {
          "team": 2,
          "pos": {
            "x": -15.55,
            "y": -3.31
          }
        }
      ]
    },
    {
      "time": 1.01,
      "ball": {
        "pos": {
          "x": -16.158,
          "y": -7.008,
          "z": 1.602
        }
      },
      "players": [
        {
          "team": 1,
          "pos": {
            "x": 11.4,
            "y": 0.32
          }
        },
        {
          "team": 2,
          "pos": {
            "x": -15.55,
            "y": -3.31
          }
        }
      ]
    },
    {
      "time": 1.02,
      "players": [
        {
          "team": 1,
          "pos": {
            "x": 11.4,
            "y": 0.32
          }
        },
        {
          "team": 2,
          "pos": {
            "x": -15.55,
            "y": -3.31
          }
        }
      ]
    },
    {
      "time": 1.04,
      "players": [
        {
          "team": 1,
          "pos": {
            "x": 11.4,
            "y": 0.32
          }
        },
        {
          "team": 2,
          "pos": {
            "x": -15.55,
            "y": -3.31
          }
        }
      ]
    },
    {
      "time": 1.06,
      "players": [
        {
          "team": 1,
          "pos": {
            "x": 11.4,
            "y": 0.32
          }
        },
        {
          "team": 2,
          "pos": {
            "x": -15.55,
            "y": -3.31
          }
        }
      ]
    },
    {
      "time": 1.08,
      "players": [
        {
          "team": 1,
          "pos": {
            "x": 11.4,
            "y": 0.32
          }
        },
        {
          "team": 2,
          "pos": {
            "x": -15.55,
            "y": -3.31
          }
        }
      ]
    },
    {
      "time": 1.1,
      "players": [
        {
          "team": 1,
          "pos": {
            "x": 11.4,
            "y": 0.32
          }
        },
        {
          "team": 2,
          "pos": {
            "x": -15.55,
            "y": -3.31
          }
        }
      ]
    },
    {
      "time": 1.12,
      "players": [
        {
          "team": 1,
          "pos": {
            "x": 11.4,
            "y": 0.32
          }
        },
        {
          "team": 2,
          "pos": {
            "x": -15.55,
            "y": -3.31
          }
        }
      ]
    },
    {
      "time": 1.14,
      "players": [
        {
          "team": 1,
          "pos": {
            "x": 11.4,
            "y": 0.32
          }
        },
        {
          "team": 2,
          "pos": {
            "x": -15.55,
            "y": -3.31
          }
        }
      ]
    },
    {
      "time": 1.16,
      "players": [
        {
          "team": 1,
          "pos": {
            "x": 11.4,
            "y": 0.32
          }
        },
        {
          "team": 2,
          "pos": {
            "x": -15.55,
            "y": -3.31
          }
        }
      ]
    },
    {
      "time": 1.18,
      "players": [
        {
          "team": 1,
          "pos": {
            "x": 11.4,
            "y": 0.32
          }
        },
        {
          "team": 2,
          "pos": {
            "x": -15.55,
            "y": -3.31
          }
        }
      ]
    },
    {
      "time": 1.2,
      "players": [
        {
          "team": 1,
          "pos": {
            "x": 11.4,
            "y": 0.32
          }
        },
        {
          "team": 2,
          "pos": {
            "x": -15.55,
            "y": -3.31
          }
        }
      ]
    },
    {
      "time": 1.22,
      "players": [
        {
          "team": 1,
          "pos": {
            "x": 11.4,
            "y": 0.32
          }
        },
        {
          "team": 2,
          "pos": {
            "x": -15.55,
            "y": -3.31
          }
        }
      ]
    },
    {
      "time": 1.24,
      "players": [
        {
          "team": 1,
          "pos": {
            "x": 11.4,
            "y": 0.32
          }
        },
        {
          "team": 2,
          "pos": {
            "x": -15.55,
            "y": -3.31
          }
        }
      ]
    },
    {
      "time": 1.26,
      "players": [
        {
          "team": 1,
          "pos": {
            "x": 11.4,
            "y": 0.32
          }
        },
        {
          "team": 2,
          "pos": {
            "x": -15.55,
            "y": -3.31
          }
        }
      ]
    },
    {
      "time": 1.28,
      "players": [
        {
          "team": 1,
          "pos": {
            "x": 11.4,
            "y": 0.32
          }
        },
        {
          "team": 2,
          "pos": {
            "x": -15.55,
            "y": -3.31
          }
        }
      ]
    },
    {
      "time": 1.3,
      "players": [
        {
          "team": 1,
          "pos": {
            "x": 11.4,
            "y": 0.32
          }
        },
        {
          "team": 2,
          "pos": {
            "x": -15.55,
            "y": -3.31
          }
        }
      ]
    },
    {
      "time": 1.32,
      "players": [
        {
          "team": 1,
          "pos": {
            "x": 11.4,
            "y": 0.32
          }
        },
        {
          "team": 2,
          "pos": {
            "x": -15.55,
            "y": -3.31
          }
        }
      ]
    },
    {
      "time": 1.34,
      "players": [
        {
          "team": 1,
          "pos": {
            "x": 11.4,
            "y": 0.32
          }
        },
        {
          "team": 2,
          "pos": {
            "x": -15.55,
            "y": -3.31
          }
        }
      ]
    },
    {
      "time": 1.36,
      "players": [
        {
          "team": 1,
          "pos": {
            "x": 11.4,
            "y": 0.32
          }
        },
        {
          "team": 2,
          "pos": {
            "x": -15.55,
            "y": -3.31
          }
        }
      ]
    },
    {
      "time": 1.38,
      "players": [
        {
          "team": 1,
          "pos": {
            "x": 11.4,
            "y": 0.32
          }
        },
        {
          "team": 2,
          "pos": {
            "x": -15.55,
            "y": -3.31
          }
        }
      ]
    },
    {
      "time": 1.4,
      "players": [
        {
          "team": 1,
          "pos": {
            "x": 11.4,
            "y": 0.32
          }
        },
        {
          "team": 2,
          "pos": {
            "x": -15.55,
            "y": -3.31
          }
        }
      ]
    },
    {
      "time": 1.42,
      "players": [
        {
          "team": 1,
          "pos": {
            "x": 11.4,
            "y": 0.32
          }
        },
        {
          "team": 2,
          "pos": {
            "x": -15.55,
            "y": -3.31
          }
        }
      ]
    },
    {
      "time": 1.44,
      "players": [
        {
          "team": 1,
          "pos": {
            "x": 11.4,
            "y": 0.32
          }
        },
        {
          "team": 2,
          "pos": {
            "x": -15.55,
            "y": -3.31
          }
        }
      ]
    },
    {
      "time": 1.46,
      "players": [
        {
          "team": 1,
          "pos": {
            "x": 11.4,
            "y": 0.32
          }
        },
        {
          "team": 2,
          "pos": {
            "x": -15.55,
            "y": -3.31
          }
        }
      ]
    },
    {
      "time": 1.48,
      "players": [
        {
          "team": 1,
          "pos": {
            "x": 11.4,
            "y": 0.32
          }
        },
        {
          "team": 2,
          "pos": {
            "x": -15.55,
            "y": -3.31
          }
        }
      ]
    },
    {
      "time": 1.5,
      "players": [
        {
          "team": 1,
          "pos": {
            "x": 11.4,
            "y": 0.32
          }
        },
        {
          "team": 2,
          "pos": {
            "x": -15.55,
            "y": -3.31
          }
        }
      ]
    },
    {
      "time": 1.52,
      "players": [
        {
          "team": 1,
          "pos": {
            "x": 11.4,
            "y": 0.32
          }
        },
        {
          "team": 2,
          "pos": {
            "x": -15.55,
            "y": -3.31
          }
        }
      ]
    },
    {
      "time": 1.54,
      "players": [
        {
          "team": 1,
          "pos": {
            "x": 11.4,
            "y": 0.32
          }
        },
        {
          "team": 2,
          "pos": {
            "x": -15.55,
            "y": -3.31
          }
        }
      ]
    },
    {
      "time": 1.56,
      "players": [
        {
          "team": 1,
          "pos": {
            "x": 11.4,
            "y": 0.32
          }
        },
        {
          "team": 2,
          "pos": {
            "x": -15.55,
            "y": -3.31
          }
        }
      ]
    },
    {
      "time": 1.58,
      "players": [
        {
          "team": 1,
          "pos": {
            "x": 11.4,
            "y": 0.32
          }
        },
        {
          "team": 2,
          "pos": {
            "x": -15.55,
            "y": -3.31
          }
        }
      ]
    },
    {
      "time": 1.6,
      "players": [
        {
          "team": 1,
          "pos": {
            "x": 11.4,
            "y": 0.32
          }
        },
        {
          "team": 2,
          "pos": {
            "x": -15.55,
            "y": -3.31
          }
        }
      ]
    },
    {
      "time": 1.62,
      "players": [
        {
          "team": 1,
          "pos": {
            "x": 11.4,
            "y": 0.32
          }
        },
        {
          "team": 2,
          "pos": {
            "x": -15.55,
            "y": -3.31
          }
        }
      ]
    },
    {
      "time": 1.64,
      "players": [
        {
          "team": 1,
          "pos": {
            "x": 11.4,
            "y": 0.32
          }
        },
        {
          "team": 2,
          "pos": {
            "x": -15.55,
            "y": -3.31
          }
        }
      ]
    },
    {
      "time": 1.66,
      "players": [
        {
          "team": 1,
          "pos": {
            "x": 11.4,
            "y": 0.32
          }
        },
        {
          "team": 2,
          "pos": {
            "x": -15.55,
            "y": -3.31
          }
        }
      ]
    },
    {
      "time": 1.68,
      "players": [
        {
          "team": 1,
          "pos": {
            "x": 11.4,
            "y": 0.32
          }
        },
        {
          "team": 2,
          "pos": {
            "x": -15.55,
            "y": -3.31
          }
        }
      ]
    },
    {
      "time": 1.7,
      "players": [
        {
          "team": 1,
          "pos": {
            "x": 11.4,
            "y": 0.32
          }
        },
        {
          "team": 2,
          "pos": {
            "x": -15.55,
            "y": -3.31
          }
        }
      ]
    },
    {
      "time": 1.72,
      "players": [
        {
          "team": 1,
          "pos": {
            "x": 11.4,
            "y": 0.32
          }
        },
        {
          "team": 2,
          "pos": {
            "x": -15.55,
            "y": -3.31
          }
        }
      ]
    },
    {
      "time": 1.74,
      "players": [
        {
          "team": 1,
          "pos": {
            "x": 11.4,
            "y": 0.32
          }
        },
        {
          "team": 2,
          "pos": {
            "x": -15.55,
            "y": -3.31
          }
        }
      ]
    },
    {
      "time": 1.76,
      "players": [
        {
          "team": 1,
          "pos": {
            "x": 11.4,
            "y": 0.32
          }
        },
        {
          "team": 2,
          "pos": {
            "x": -15.55,
            "y": -3.31
          }
        }
      ]
    },
    {
      "time": 1.78,
      "players": [
        {
          "team": 1,
          "pos": {
            "x": 11.4,
            "y": 0.32
          }
        },
        {
          "team": 2,
          "pos": {
            "x": -15.55,
            "y": -3.31
          }
        }
      ]
    },
    {
      "time": 1.8,
      "players": [
        {
          "team": 1,
          "pos": {
            "x": 11.4,
            "y": 0.32
          }
        },
        {
          "team": 2,
          "pos": {
            "x": -15.55,
            "y": -3.31
          }
        }
      ]
    },
    {
      "time": 1.82,
      "players": [
        {
          "team": 1,
          "pos": {
            "x": 11.4,
            "y": 0.32
          }
        },
        {
          "team": 2,
          "pos": {
            "x": -15.55,
            "y": -3.31
          }
        }
      ]
    },
    {
      "time": 1.84,
      "players": [
        {
          "team": 1,
          "pos": {
            "x": 11.4,
            "y": 0.32
          }
        },
        {
          "team": 2,
          "pos": {
            "x": -15.55,
            "y": -3.31
          }
        }
      ]
    },
    {
      "time": 1.86,
      "players": [
        {
          "team": 1,
          "pos": {
            "x": 11.4,
            "y": 0.32
          }
        },
        {
          "team": 2,
          "pos": {
            "x": -15.55,
            "y": -3.31
          }
        }
      ]
    },
    {
      "time": 1.88,
      "players": [
        {
          "team": 1,
          "pos": {
            "x": 11.4,
            "y": 0.32
          }
        },
        {
          "team": 2,
          "pos": {
            "x": -15.55,
            "y": -3.31
          }
        }
      ]
    },
    {
      "time": 1.9,
      "players": [
        {
          "team": 1,
          "pos": {
            "x": 11.4,
            "y": 0.32
          }
        },
        {
          "team": 2,
          "pos": {
            "x": -15.55,
            "y": -3.31
          }
        }
      ]
    },
    {
      "time": 1.92,
      "players": [
        {
          "team": 1,
          "pos": {
            "x": 11.4,
            "y": 0.32
          }
        },
        {
          "team": 2,
          "pos": {
            "x": -15.55,
            "y": -3.31
          }
        }
      ]
    },
    {
      "time": 1.94,
      "players": [
        {
          "team": 1,
          "pos": {
            "x": 11.4,
            "y": 0.32
          }
        },
        {
          "team": 2,
          "pos": {
            "x": -15.55,
            "y": -3.31
          }
        }
      ]
    },
    {
      "time": 1.96,
      "players": [
        {
          "team": 1,
          "pos": {
            "x": 11.4,
            "y": 0.32
          }
        },
        {
          "team": 2,
          "pos": {
            "x": -15.55,
            "y": -3.31
          }
        }
      ]
    },
    {
      "time": 1.98,
      "players": [
        {
          "team": 1,
          "pos": {
            "x": 11.4,
            "y": 0.32
          }
        },
        {
          "team": 2,
          "pos": {
            "x": -15.55,
            "y": -3.31
          }
        }
      ]
    },
    {
      "time": 2.0,
      "players": [
        {
          "team": 1,
          "pos": {
            "x": 11.4,
            "y": 0.32
          }
        },
        {
          "team": 2,
          "pos": {
            "x": -15.55,
            "y": -3.31
          }
        }
      ]
    },
    {
      "time": 2.02,
      "players": [
        {
          "team": 1,
          "pos": {
            "x": 11.4,
            "y": 0.32
          }
        },
        {
          "team": 2,
          "pos": {
            "x": -15.55,
            "y": -3.31
          }
        }
      ]
    },
    {
      "time": 2.04,
      "players": [
        {
          "team": 1,
          "pos": {
            "x": 11.4,
            "y": 0.32
          }
        },
        {
          "team": 2,
          "pos": {
            "x": -15.55,
            "y": -3.31
          }
        }
      ]
    },
    {
      "time": 2.06,
      "players": [
        {
          "team": 1,
          "pos": {
            "x": 11.4,
            "y": 0.32
          }
        },
        {
          "team": 2,
          "pos": {
            "x": -15.55,
            "y": -3.31
          }
        }
      ]
    },
    {
      "time": 2.08,
      "players": [
        {
          "team": 1,
          "pos": {
            "x": 11.4,
            "y": 0.32
          }
        },
        {
          "team": 2,
          "pos": {
            "x": -15.55,
            "y": -3.31
          }
        }
      ]
    },
    {
      "time": 2.1,
      "players": [
        {
          "team": 1,
          "pos": {
            "x": 11.4,
            "y": 0.32
          }
        },
        {
          "team": 2,
          "pos": {
            "x": -15.55,
            "y": -3.31
          }
        }
      ]
    },
    {
      "time": 2.12,
      "players": [
        {
          "team": 1,
          "pos": {
            "x": 11.4,
            "y": 0.32
          }
        },
        {
          "team": 2,
          "pos": {
            "x": -15.55,
            "y": -3.31
          }
        }
      ]
    },
    {
      "time": 2.14,
      "players": [
        {
          "team": 1,
          "pos": {
            "x": 11.4,
            "y": 0.32
          }
        },
        {
          "team": 2,
          "pos": {
            "x": -15.55,
            "y": -3.31
          }
        }
      ]
    },
    {
      "time": 2.16,
      "players": [
        {
          "team": 1,
          "pos": {
            "x": 11.4,
            "y": 0.32
          }
        },
        {
          "team": 2,
          "pos": {
            "x": -15.55,
            "y": -3.31
          }
        }
      ]
    },
    {
      "time": 2.18,
      "players": [
        {
          "team": 1,
          "pos": {
            "x": 11.4,
            "y": 0.32
          }
        },
        {
          "team": 2,
          "pos": {
            "x": -15.55,
            "y": -3.31
          }
        }
      ]
    },
    {
      "time": 2.2,
      "players": [
        {
          "team": 1,
          "pos": {
            "x": 11.4,
            "y": 0.32
          }
        },
        {
          "team": 2,
          "pos": {
            "x": -15.55,
            "y": -3.31
          }
        }
      ]
    },
    {
      "time": 2.22,
      "players": [
        {
          "team": 1,
          "pos": {
            "x": 11.4,
            "y": 0.32
          }
        },
        {
          "team": 2,
          "pos": {
            "x": -15.55,
            "y": -3.31
          }
        }
      ]
    },
    {
      "time": 2.24,
      "players": [
        {
          "team": 1,
          "pos": {
            "x": 11.4,
            "y": 0.32
          }
        },
        {
          "team": 2,
          "pos": {
            "x": -15.55,
            "y": -3.31
          }
        }
      ]
    },
    {
      "time": 2.26,
      "players": [
        {
          "team": 1,
          "pos": {
            "x": 11.4,
            "y": 0.32
          }
        },
        {
          "team": 2,
          "pos": {
            "x": -15.55,
            "y": -3.31
          }
        }
      ]
    },
    {
      "time": 2.28,
      "players": [
        {
          "team": 1,
          "pos": {
            "x": 11.4,
            "y": 0.32
          }
        },
        {
          "team": 2,
          "pos": {
            "x": -15.55,
            "y": -3.31
          }
        }
      ]
    },
    {
      "time": 2.3,
      "players": [
        {
          "team": 1,
          "pos": {
            "x": 11.4,
            "y": 0.32
          }
        },
        {
          "team": 2,
          "pos": {
            "x": -15.55,
            "y": -3.31
          }
        }
      ]
    },
    {
      "time": 2.32,
      "players": [
        {
          "team": 1,
          "pos": {
            "x": 11.4,
            "y": 0.32
          }
        },
        {
          "team": 2,
          "pos": {
            "x": -15.55,
            "y": -3.31
          }
        }
      ]
    },
    {
      "time": 2.34,
      "players": [
        {
          "team": 1,
          "pos": {
            "x": 11.4,
            "y": 0.32
          }
        },
        {
          "team": 2,
          "pos": {
            "x": -15.55,
            "y": -3.31
          }
        }
      ]
    },
    {
      "time": 2.36,
      "players": [
        {
          "team": 1,
          "pos": {
            "x": 11.4,
            "y": 0.32
          }
        },
        {
          "team": 2,
          "pos": {
            "x": -15.55,
            "y": -3.31
          }
        }
      ]
    },
    {
      "time": 2.38,
      "players": [
        {
          "team": 1,
          "pos": {
            "x": 11.4,
            "y": 0.32
          }
        },
        {
          "team": 2,
          "pos": {
            "x": -15.55,
            "y": -3.31
          }
        }
      ]
    },
    {
      "time": 2.4,
      "players": [
        {
          "team": 1,
          "pos": {
            "x": 11.4,
            "y": 0.32
          }
        },
        {
          "team": 2,
          "pos": {
            "x": -15.55,
            "y": -3.31
          }
        }
      ]
    },
    {
      "time": 2.42,
      "players": [
        {
          "team": 1,
          "pos": {
            "x": 11.4,
            "y": 0.32
          }
        },
        {
          "team": 2,
          "pos": {
            "x": -15.55,
            "y": -3.31
          }
        }
      ]
    },
    {
      "time": 2.44,
      "players": [
        {
          "team": 1,
          "pos": {
            "x": 11.4,
            "y": 0.32
          }
        },
        {
          "team": 2,
          "pos": {
            "x": -15.55,
            "y": -3.31
          }
        }
      ]
    },
    {
      "time": 2.46,
      "players": [
        {
          "team": 1,
          "pos": {
            "x": 11.4,
            "y": 0.32
          }
        },
        {
          "team": 2,
          "pos": {
            "x": -15.55,
            "y": -3.31
          }
        }
      ]
    },
    {
      "time": 2.48,
      "players": [
        {
          "team": 1,
          "pos": {
            "x": 11.4,
            "y": 0.32
          }
        },
        {
          "team": 2,
          "pos": {
            "x": -15.55,
            "y": -3.31
          }
        }
      ]
    },
    {
      "time": 2.5,
      "players": [
        {
          "team": 1,
          "pos": {
            "x": 11.4,
            "y": 0.32
          }
        },
        {
          "team": 2,
          "pos": {
            "x": -15.55,
            "y": -3.31
          }
        }
      ]
    },
    {
      "time": 2.52,
      "players": [
        {
          "team": 1,
          "pos": {
            "x": 11.4,
            "y": 0.32
          }
        },
        {
          "team": 2,
          "pos": {
            "x": -15.55,
            "y": -3.31
          }
        }
      ]
    },
    {
      "time": 2.54,
      "players": [
        {
          "team": 1,
          "pos": {
            "x": 11.4,
            "y": 0.32
          }
        },
        {
          "team": 2,
          "pos": {
            "x": -15.55,
            "y": -3.31
          }
        }
      ]
    },
    {
      "time": 2.56,
      "players": [
        {
          "team": 1,
          "pos": {
            "x": 11.4,
            "y": 0.32
          }
        },
        {
          "team": 2,
          "pos": {
            "x": -15.55,
            "y": -3.31
          }
        }
      ]
    },
    {
      "time": 2.58,
      "players": [
        {
          "team": 1,
          "pos": {
            "x": 11.4,
            "y": 0.32
          }
        },
        {
          "team": 2,
          "pos": {
            "x": -15.55,
            "y": -3.31
          }
        }
      ]
    },
    {
      "time": 2.6,
      "players": [
        {
          "team": 1,
          "pos": {
            "x": 11.4,
            "y": 0.32
          }
        },
        {
          "team": 2,
          "pos": {
            "x": -15.55,
            "y": -3.31
          }
        }
      ]
    },
    {
      "time": 2.62,
      "players": [
        {
          "team": 1,
          "pos": {
            "x": 11.4,
            "y": 0.32
          }
        },
        {
          "team": 2,
          "pos": {
            "x": -15.55,
            "y": -3.31
          }
        }
      ]
    },
    {
      "time": 2.64,
      "players": [
        {
          "team": 1,
          "pos": {
            "x": 11.4,
            "y": 0.32
          }
        },
        {
          "team": 2,
          "pos": {
            "x": -15.55,
            "y": -3.31
          }
        }
      ]
    },
    {
      "time": 2.66,
      "players": [
        {
          "team": 1,
          "pos": {
            "x": 11.4,
            "y": 0.32
          }
        },
        {
          "team": 2,
          "pos": {
            "x": -15.55,
            "y": -3.31
          }
        }
      ]
    },
    {
      "time": 2.68,
      "players": [
        {
          "team": 1,
          "pos": {
            "x": 11.4,
            "y": 0.32
          }
        },
        {
          "team": 2,
          "pos": {
            "x": -15.55,
            "y": -3.31
          }
        }
      ]
    },
    {
      "time": 2.7,
      "players": [
        {
          "team": 1,
          "pos": {
            "x": 11.4,
            "y": 0.32
          }
        },
        {
          "team": 2,
          "pos": {
            "x": -15.55,
            "y": -3.31
          }
        }
      ]
    },
    {
      "time": 2.72,
      "players": [
        {
          "team": 1,
          "pos": {
            "x": 11.4,
            "y": 0.32
          }
        },
        {
          "team": 2,
          "pos": {
            "x": -15.55,
            "y": -3.31
          }
        }
      ]
    },
    {
      "time": 2.74,
      "players": [
        {
          "team": 1,
          "pos": {
            "x": 11.4,
            "y": 0.32
          }
        },
        {
          "team": 2,
          "pos": {
            "x": -15.55,
            "y": -3.31
          }
        }
      ]
    },
    {
      "time": 2.76,
      "players": [
        {
          "team": 1,
          "pos": {
            "x": 11.4,
            "y": 0.32
          }
        },
        {
          "team": 2,
          "pos": {
            "x": -15.55,
            "y": -3.31
          }
        }
      ]
    },
    {
      "time": 2.78,
      "players": [
        {
          "team": 1,
          "pos": {
            "x": 11.4,
            "y": 0.32
          }
        },
        {
          "team": 2,
          "pos": {
            "x": -15.55,
            "y": -3.31
          }
        }
      ]
    },
    {
      "time": 2.8,
      "players": [
        {
          "team": 1,
          "pos": {
            "x": 11.4,
            "y": 0.32
          }
        },
        {
          "team": 2,
          "pos": {
            "x": -15.55,
            "y": -3.31
          }
        }
      ]
    },
    {
      "time": 2.82,
      "players": [
        {
          "team": 1,
          "pos": {
            "x": 11.4,
            "y": 0.32
          }
        },
        {
          "team": 2,
          "pos": {
            "x": -15.55,
            "y": -3.31
          }
        }
      ]
    },
    {
      "time": 2.84,
      "players": [
        {
          "team": 1,
          "pos": {
            "x": 11.4,
            "y": 0.32
          }
        },
        {
          "team": 2,
          "pos": {
            "x": -15.55,
            "y": -3.31
          }
        }
      ]
    },
    {
      "time": 2.86,
      "players": [
        {
          "team": 1,
          "pos": {
            "x": 11.4,
            "y": 0.32
          }
        },
        {
          "team": 2,
          "pos": {
            "x": -15.55,
            "y": -3.31
          }
        }
      ]
    }
  ]
}