{
  "id": "a1d0eb2b-d061-43f6-9f54-f91b2f563469",
  "sequences": {
    "set": 3,
    "game": 10,
    "point": 2,
    "serve": 1,
    "rally": 1
  },
  "match": {
    "season": 2025,
    "tournament_id": 9999,
    "draw_code": "MS001",
    "court_id": 1,
    "players": [
      {
        "forename": "Andy",
        "surname": "Bernard",
        "team": 1,
        "external_id": "AB12"
      },
      {
        "forename": "Cedric",
        "surname": "Diggory",
        "team": 2,
        "external_id": "CD34"
      }
    ]
  },
  "shots": [
    {
      "shot_no": 1,
      "team": 1,
      "stroke": "serve",
      "spin": {
        "type": "unknown",
        "rpm": 0.0
      },
      "speed_ms": 58.07,
      "call": null,
      "distance": null,
      "time_utc": "2025-01-01T13:16:32.806Z",
      "time": 0.0,
      "duration": 0.235
    },
    {
      "shot_no": 2,
      "team": 2,
      "stroke": "unknown",
      "spin": {
        "type": "unknown",
        "rpm": 0.0
      },
      "speed_ms": 5.665,
      "call": "in",
      "distance": -1.472,
      "time_utc": "2025-01-01T13:16:33.041Z",
      "time": 0.235,
      "duration": 1.329
    }
  ],
  "samples": [
    {
      "time": -2.52,
      "players": [
        {
          "team": 1,
          "pos": {
            "x": 14.68,
            "y": -3.38
          }
        },
        {
          "team": 2,
          "pos": {
            "x": -12.04,
            "y": 0.97
          }
        }
      ]
    },
    {
      "time": -2.5,
      "players": [
        {
          "team": 1,
          "pos": {
            "x": 14.69,
            "y": -3.38
          }
        },
        {
          "team": 2,
          "pos": {
            "x": -12.0,
            "y": 0.97
          }
        }
      ]
    },
    {
      "time": -2.48,
      "players": [
        {
          "team": 1,
          "pos": {
            "x": 14.71,
            "y": -3.39
          }
        },
        {
          "team": 2,
          "pos": {
            "x": -11.97,
            "y": 0.99
          }
        }
      ]
    },
    {
      "time": -2.46,
      "players": [
        {
          "team": 1,
          "pos": {
            "x": 14.72,
            "y": -3.4
          }
        },
        {
          "team": 2,
          "pos": {
            "x": -11.94,
            "y": 0.99
          }
        }
      ]
    },
    {
      "time": -2.44,
      "players": [
        {
          "team": 1,
          "pos": {
            "x": 14.73,
            "y": -3.42
          }
        },
        {
          "team": 2,
          "pos": {
            "x": -11.91,
            "y": 0.99
          }
        }
      ]
    },
    {
      "time": -2.42,
      "players": [
        {
          "team": 1,
          "pos": {
            "x": 14.76,
            "y": -3.46
          }
        },
        {
          "team": 2,
          "pos": {
            "x": -11.9,
            "y": 0.99
          }
        }
      ]
    },
    {
      "time": -2.4,
      "players": [
        {
          "team": 1,
          "pos": {
            "x": 14.8,
            "y": -3.46
          }
        },
        {
          "team": 2,
          "pos": {
            "x": -11.9,
            "y": 0.98
          }
        }
      ]
    },
    {
      "time": -2.38,
      "players": [
        {
          "team": 1,
          "pos": {
            "x": 14.82,
            "y": -3.48
          }
        },
        {
          "team": 2,
          "pos": {
            "x": -11.88,
            "y": 0.99
          }
        }
      ]
    },
    {
      "time": -2.36,
      "players": [
        {
          "team": 1,
          "pos": {
            "x": 14.91,
            "y": -3.51
          }
        },
        {
          "team": 2,
          "pos": {
            "x": -11.88,
            "y": 0.99
          }
        }
      ]
    },
    {
      "time": -2.34,
      "players": [
        {
          "team": 1,
          "pos": {
            "x": 14.91,
            "y": -3.52
          }
        },
        {
          "team": 2,
          "pos": {
            "x": -11.87,
            "y": 0.99
          }
        }
      ]
    },
    {
      "time": -2.32,
      "players": [
        {
          "team": 1,
          "pos": {
            "x": 14.91,
            "y": -3.52
          }
        },
        {
          "team": 2,
          "pos": {
            "x": -11.88,
            "y": 0.98
          }
        }
      ]
    },
    {
      "time": -2.3,
      "players": [
        {
          "team": 1,
          "pos": {
            "x": 14.93,
            "y": -3.49
          }
        },
        {
          "team": 2,
          "pos": {
            "x": -11.87,
            "y": 0.97
          }
        }
      ]
    },
    {
      "time": -2.28,
      "players": [
        {
          "team": 1,
          "pos": {
            "x": 14.97,
            "y": -3.5
          }
        },
        {
          "team": 2,
          "pos": {
            "x": -11.87,
            "y": 0.96
          }
        }
      ]
    },
    {
      "time": -2.26,
      "players": [
        {
          "team": 1,
          "pos": {
            "x": 14.94,
            "y": -3.49
          }
        },
        {
          "team": 2,
          "pos": {
            "x": -11.88,
            "y": 0.96
          }
        }
      ]
    },
    {
      "time": -2.24,
      "players": [
        {
          "team": 1,
          "pos": {
            "x": 14.95,
            "y": -3.48
          }
        },
        {
          "team": 2,
          "pos": {
            "x": -11.89,
            "y": 0.95
          }
        }
      ]
    },
    {
      "time": -2.22,
      "players": [
        {
          "team": 1,
          "pos": {
            "x": 14.93,
            "y": -3.46
          }
        },
        {
          "team": 2,
          "pos": {
            "x": -11.92,
            "y": 0.94
          }
        }
      ]
    },
    {
      "time": -2.2,
      "players": [
        {
          "team": 1,
          "pos": {
            "x": 14.92,
            "y": -3.46
          }
        },
        {
          "team": 2,
          "pos": {
            "x": -11.94,
            "y": 0.94
          }
        }
      ]
    },
    {
      "time": -2.18,
      "players": [
        {
          "team": 1,
          "pos": {
            "x": 14.93,
            "y": -3.45
          }
        },
        {
          "team": 2,
          "pos": {
            "x": -11.94,
            "y": 0.94
          }
        }
      ]
    },
    {
      "time": -2.16,
      "players": [
        {
          "team": 1,
          "pos": {
            "x": 14.97,
            "y": -3.43
          }
        },
        {
          "team": 2,
          "pos": {
            "x": -11.94,
            "y": 0.94
          }
        }
      ]
    },
    {
      "time": -2.14,
      "players": [
        {
          "team": 1,
          "pos": {
            "x": 15.0,
            "y": -3.42
          }
        },
        {
          "team": 2,
          "pos": {
            "x": -11.94,
            "y": 0.94
          }
        }
      ]
    },
    {
      "time": -2.12,
      "players": [
        {
          "team": 1,
          "pos": {
            "x": 14.97,
            "y": -3.38
          }
        },
        {
          "team": 2,
          "pos": {
            "x": -11.94,
            "y": 0.94
          }
        }
      ]
    },
    {
      "time": -2.1,
      "players": [
        {
          "team": 1,
          "pos": {
            "x": 14.97,
            "y": -3.42
          }
        },
        {
          "team": 2,
          "pos": {
            "x": -11.95,
            "y": 0.94
          }
        }
      ]
    },
    {
      "time": -2.08,
      "players": [
        {
          "team": 1,
          "pos": {
            "x": 14.99,
            "y": -3.4
          }
        },
        {
          "team": 2,
          "pos": {
            "x": -11.94,
            "y": 0.95
          }
        }
      ]
    },
    {
      "time": -2.06,
      "players": [
        {
          "team": 1,
          "pos": {
            "x": 15.02,
            "y": -3.42
          }
        },
        {
          "team": 2,
          "pos": {
            "x": -11.94,
            "y": 0.95
          }
        }
      ]
    },
    {
      "time": -2.04,
      "players": [
        {
          "team": 1,
          "pos": {
            "x": 15.01,
            "y": -3.42
          }
        },
        {
          "team": 2,
          "pos": {
            "x": -11.93,
            "y": 0.97
          }
        }
      ]
    },
    {
      "time": -2.02,
      "players": [
        {
          "team": 1,
          "pos": {
            "x": 14.97,
            "y": -3.43
          }
        },
        {
          "team": 2,
          "pos": {
            "x": -11.92,
            "y": 1.01
          }
        }
      ]
    },
    {
      "time": -2.0,
      "players": [
        {
          "team": 1,
          "pos": {
            "x": 14.96,
            "y": -3.41
          }
        },
        {
          "team": 2,
          "pos": {
            "x": -11.91,
            "y": 1.04
          }
        }
      ]
    },
    {
      "time": -1.98,
      "players": [
        {
          "team": 1,
          "pos": {
            "x": 14.94,
            "y": -3.41
          }
        },
        {
          "team": 2,
          "pos": {
            "x": -11.88,
            "y": 1.05
          }
        }
      ]
    },
    {
      "time": -1.96,
      "players": [
        {
          "team": 1,
          "pos": {
            "x": 14.93,
            "y": -3.41
          }
        },
        {
          "team": 2,
          "pos": {
            "x": -11.88,
            "y": 1.03
          }
        }
      ]
    },
    {
      "time": -1.94,
      "players": [
        {
          "team": 1,
          "pos": {
            "x": 14.96,
            "y": -3.4
          }
        },
        {
          "team": 2,
          "pos": {
            "x": -11.88,
            "y": 1.03
          }
        }
      ]
    },
    {
      "time": -1.92,
      "players": [
        {
          "team": 1,
          "pos": {
            "x": 15.0,
            "y": -3.38
          }
        },
        {
          "team": 2,
          "pos": {
            "x": -11.88,
            "y": 1.03
          }
        }
      ]
    },
    {
      "time": -1.9,
      "players": [
        {
          "team": 1,
          "pos": {
            "x": 15.02,
            "y": -3.37
          }
        },
        {
          "team": 2,
          "pos": {
            "x": -11.9,
            "y": 1.02
          }
        }
      ]
    },
    {
      "time": -1.88,
      "players": [
        {
          "team": 1,
          "pos": {
            "x": 15.08,
            "y": -3.4
          }
        },
        {
          "team": 2,
          "pos": {
            "x": -11.88,
            "y": 1.01
          }
        }
      ]
    },
    {
      "time": -1.86,
      "players": [
        {
          "team": 1,
          "pos": {
            "x": 15.13,
            "y": -3.42
          }
        },
        {
          "team": 2,
          "pos": {
            "x": -11.88,
            "y": 1.03
          }
        }
      ]
    },
    {
      "time": -1.84,
      "players": [
        {
          "team": 1,
          "pos": {
            "x": 15.11,
            "y": -3.41
          }
        },
        {
          "team": 2,
          "pos": {
            "x": -11.9,
            "y": 1.04
          }
        }
      ]
    },
    {
      "time": -1.82,
      "players": [
        {
          "team": 1,
          "pos": {
            "x": 15.06,
            "y": -3.39
          }
        },
        {
          "team": 2,
          "pos": {
            "x": -11.88,
            "y": 1.06
          }
        }
      ]
    },
    {
      "time": -1.8,
      "players": [
        {
          "team": 1,
          "pos": {
            "x": 15.01,
            "y": -3.38
          }
        },
        {
          "team": 2,
          "pos": {
            "x": -11.89,
            "y": 1.08
          }
        }
      ]
    },
    {
      "time": -1.78,
      "players": [
        {
          "team": 1,
          "pos": {
            "x": 14.99,
            "y": -3.38
          }
        },
        {
          "team": 2,
          "pos": {
            "x": -11.88,
            "y": 1.1
          }
        }
      ]
    },
    {
      "time": -1.76,
      "players": [
        {
          "team": 1,
          "pos": {
            "x": 14.98,
            "y": -3.37
          }
        },
        {
          "team": 2,
          "pos": {
            "x": -11.87,
            "y": 1.1
          }
        }
      ]
    },
    {
      "time": -1.74,
      "players": [
        {
          "team": 1,
          "pos": {
            "x": 14.93,
            "y": -3.37
          }
        },
        {
          "team": 2,
          "pos": {
            "x": -11.85,
            "y": 1.11
          }
        }
      ]
    },
    {
      "time": -1.72,
      "players": [
        {
          "team": 1,
          "pos": {
            "x": 14.94,
            "y": -3.38
          }
        },
        {
          "team": 2,
          "pos": {
            "x": -11.85,
            "y": 1.11
          }
        }
      ]
    },
    {
      "time": -1.7,
      "players": [
        {
          "team": 1,
          "pos": {
            "x": 14.89,
            "y": -3.39
          }
        },
        {
          "team": 2,
          "pos": {
            "x": -11.86,
            "y": 1.11
          }
        }
      ]
    },
    {
      "time": -1.68,
      "players": [
        {
          "team": 1,
          "pos": {
            "x": 14.91,
            "y": -3.44
          }
        },
        {
          "team": 2,
          "pos": {
            "x": -11.87,
            "y": 1.13
          }
        }
      ]
    },
    {
      "time": -1.66,
      "players": [
        {
          "team": 1,
          "pos": {
            "x": 14.91,
            "y": -3.44
          }
        },
        {
          "team": 2,
          "pos": {
            "x": -11.88,
            "y": 1.14
          }
        }
      ]
    },
    {
      "time": -1.64,
      "players": [
        {
          "team": 1,
          "pos": {
            "x": 14.88,
            "y": -3.46
          }
        },
        {
          "team": 2,
          "pos": {
            "x": -11.88,
            "y": 1.12
          }
        }
      ]
    },
    {
      "time": -1.62,
      "players": [
        {
          "team": 1,
          "pos": {
            "x": 14.87,
            "y": -3.5
          }
        },
        {
          "team": 2,
          "pos": {
            "x": -11.87,
            "y": 1.16
          }
        }
      ]
    },
    {
      "time": -1.6,
      "players": [
        {
          "team": 1,
          "pos": {
            "x": 14.86,
            "y": -3.49
          }
        },
        {
          "team": 2,
          "pos": {
            "x": -11.85,
            "y": 1.18
          }
        }
      ]
    },
    {
      "time": -1.58,
      "players": [
        {
          "team": 1,
          "pos": {
            "x": 14.86,
            "y": -3.52
          }
        },
        {
          "team": 2,
          "pos": {
            "x": -11.85,
            "y": 1.19
          }
        }
      ]
    },
    {
      "time": -1.56,
      "players": [
        {
          "team": 1,
          "pos": {
            "x": 14.84,
            "y": -3.53
          }
        },
        {
          "team": 2,
          "pos": {
            "x": -11.86,
            "y": 1.18
          }
        }
      ]
    },
    {
      "time": -1.54,
      "players": [
        {
          "team": 1,
          "pos": {
            "x": 14.83,
            "y": -3.54
          }
        },
        {
          "team": 2,
          "pos": {
            "x": -11.85,
            "y": 1.18
          }
        }
      ]
    },
    {
      "time": -1.52,
      "players": [
        {
          "team": 1,
          "pos": {
            "x": 14.84,
            "y": -3.58
          }
        },
        {
          "team": 2,
          "pos": {
            "x": -11.86,
            "y": 1.2
          }
        }
      ]
    },
    {
      "time": -1.5,
      "players": [
        {
          "team": 1,
          "pos": {
            "x": 14.81,
            "y": -3.58
          }
        },
        {
          "team": 2,
          "pos": {
            "x": -11.87,
            "y": 1.18
          }
        }
      ]
    },
    {
      "time": -1.48,
      "players": [
        {
          "team": 1,
          "pos": {
            "x": 14.78,
            "y": -3.63
          }
        },
        {
          "team": 2,
          "pos": {
            "x": -11.88,
            "y": 1.21
          }
        }
      ]
    },
    {
      "time": -1.46,
      "players": [
        {
          "team": 1,
          "pos": {
            "x": 14.8,
            "y": -3.62
          }
        },
        {
          "team": 2,
          "pos": {
            "x": -11.89,
            "y": 1.23
          }
        }
      ]
    },
    {
      "time": -1.44,
      "players": [
        {
          "team": 1,
          "pos": {
            "x": 14.78,
            "y": -3.65
          }
        },
        {
          "team": 2,
          "pos": {
            "x": -11.89,
            "y": 1.24
          }
        }
      ]
    },
    {
      "time": -1.42,
      "players": [
        {
          "team": 1,
          "pos": {
            "x": 14.83,
            "y": -3.65
          }
        },
        {
          "team": 2,
          "pos": {
            "x": -11.89,
            "y": 1.24
          }
        }
      ]
    },
    {
      "time": -1.4,
      "players": [
        {
          "team": 1,
          "pos": {
            "x": 14.93,
            "y": -3.66
          }
        },
        {
          "team": 2,
          "pos": {
            "x": -11.89,
            "y": 1.25
          }
        }
      ]
    },
    {
      "time": -1.38,
      "players": [
        {
          "team": 1,
          "pos": {
            "x": 14.94,
            "y": -3.69
          }
        },
        {
          "team": 2,
          "pos": {
            "x": -11.9,
            "y": 1.3
          }
        }
      ]
    },
    {
      "time": -1.36,
      "players": [
        {
          "team": 1,
          "pos": {
            "x": 14.92,
            "y": -3.71
          }
        },
        {
          "team": 2,
          "pos": {
            "x": -11.9,
            "y": 1.34
          }
        }
      ]
    },
    {
      "time": -1.34,
      "players": [
        {
          "team": 1,
          "pos": {
            "x": 14.99,
            "y": -3.74
          }
        },
        {
          "team": 2,
          "pos": {
            "x": -11.9,
            "y": 1.37
          }
        }
      ]
    },
    {
      "time": -1.32,
      "players": [
        {
          "team": 1,
          "pos": {
            "x": 14.96,
            "y": -3.76
          }
        },
        {
          "team": 2,
          "pos": {
            "x": -11.92,
            "y": 1.4
          }
        }
      ]
    },
    {
      "time": -1.3,
      "players": [
        {
          "team": 1,
          "pos": {
            "x": 14.96,
            "y": -3.79
          }
        },
        {
          "team": 2,
          "pos": {
            "x": -11.94,
            "y": 1.43
          }
        }
      ]
    },
    {
      "time": -1.28,
      "players": [
        {
          "team": 1,
          "pos": {
            "x": 14.94,
            "y": -3.75
          }
        },
        {
          "team": 2,
          "pos": {
            "x": -11.95,
            "y": 1.48
          }
        }
      ]
    },
    {
      "time": -1.26,
      "players": [
        {
          "team": 1,
          "pos": {
            "x": 14.92,
            "y": -3.75
          }
        },
        {
          "team": 2,
          "pos": {
            "x": -11.96,
            "y": 1.49
          }
        }
      ]
    },
    {
      "time": -1.24,
      "players": [
        {
          "team": 1,
          "pos": {
            "x": 14.88,
            "y": -3.75
          }
        },
        {
          "team": 2,
          "pos": {
            "x": -11.97,
            "y": 1.54
          }
        }
      ]
    },
    {
      "time": -1.22,
      "players": [
        {
          "team": 1,
          "pos": {
            "x": 14.87,
            "y": -3.75
          }
        },
        {
          "team": 2,
          "pos": {
            "x": -11.97,
            "y": 1.55
          }
        }
      ]
    },
    {
      "time": -1.2,
      "players": [
        {
          "team": 1,
          "pos": {
            "x": 14.89,
            "y": -3.72
          }
        },
        {
          "team": 2,
          "pos": {
            "x": -12.0,
            "y": 1.49
          }
        }
      ]
    },
    {
      "time": -1.18,
      "players": [
        {
          "team": 1,
          "pos": {
            "x": 14.9,
            "y": -3.7
          }
        },
        {
          "team": 2,
          "pos": {
            "x": -12.02,
            "y": 1.43
          }
        }
      ]
    },
    {
      "time": -1.16,
      "players": [
        {
          "team": 1,
          "pos": {
            "x": 14.88,
            "y": -3.69
          }
        },
        {
          "team": 2,
          "pos": {
            "x": -12.05,
            "y": 1.38
          }
        }
      ]
    },
    {
      "time": -1.157,
      "ball": {
        "pos": {
          "x": -11.843,
          "y": 0.62,
          "z": 0.938
        }
      },
      "players": [
        {
          "team": 1,
          "pos": {
            "x": 14.87,
            "y": -3.69
          }
        },
        {
          "team": 2,
          "pos": {
            "x": -12.06,
            "y": 1.36
          }
        }
      ]
    },
    {
      "time": -1.14,
      "ball": {
        "pos": {
          "x": -11.835,
          "y": 0.63,
          "z": 1.061
        }
      },
      "players": [
        {
          "team": 1,
          "pos": {
            "x": 14.87,
            "y": -3.67
          }
        },
        {
          "team": 2,
          "pos": {
            "x": -12.06,
            "y": 1.35
          }
        }
      ]
    },
    {
      "time": -1.12,
      "ball": {
        "pos": {
          "x": -11.825,
          "y": 0.643,
          "z": 1.202
        }
      },
      "players": [
        {
          "team": 1,
          "pos": {
            "x": 14.88,
            "y": -3.69
          }
        },
        {
          "team": 2,
          "pos": {
            "x": -12.08,
            "y": 1.33
          }
        }
      ]
    },
    {
      "time": -1.1,
      "ball": {
        "pos": {
          "x": -11.815,
          "y": 0.657,
          "z": 1.34
        }
      },
      "players": [
        {
          "team": 1,
          "pos": {
            "x": 14.94,
            "y": -3.7
          }
        },
        {
          "team": 2,
          "pos": {
            "x": -12.1,
            "y": 1.31
          }
        }
      ]
    },
    {
      "time": -1.08,
      "ball": {
        "pos": {
          "x": -11.805,
          "y": 0.67,
          "z": 1.473
        }
      },
      "players": [
        {
          "team": 1,
          "pos": {
            "x": 14.94,
            "y": -3.72
          }
        },
        {
          "team": 2,
          "pos": {
            "x": -12.11,
            "y": 1.28
          }
        }
      ]
    },
    {
      "time": -1.06,
      "ball": {
        "pos": {
          "x": -11.796,
          "y": 0.683,
          "z": 1.602
        }
      },
      "players": [
        {
          "team": 1,
          "pos": {
            "x": 14.96,
            "y": -3.76
          }
        },
        {
          "team": 2,
          "pos": {
            "x": -12.12,
            "y": 1.27
          }
        }
      ]
    },
    {
      "time": -1.04,
      "ball": {
        "pos": {
          "x": -11.786,
          "y": 0.697,
          "z": 1.728
        }
      },
      "players": [
        {
          "team": 1,
          "pos": {
            "x": 14.98,
            "y": -3.8
          }
        },
        {
          "team": 2,
          "pos": {
            "x": -12.16,
            "y": 1.25
          }
        }
      ]
    },
    {
      "time": -1.02,
      "ball": {
        "pos": {
          "x": -11.776,
          "y": 0.71,
          "z": 1.849
        }
      },
      "players": [
        {
          "team": 1,
          "pos": {
            "x": 15.02,
            "y": -3.81
          }
        },
        {
          "team": 2,
          "pos": {
            "x": -12.12,
            "y": 1.27
          }
        }
      ]
    },
    {
      "time": -1.0,
      "ball": {
        "pos": {
          "x": -11.766,
          "y": 0.724,
          "z": 1.966
        }
      },
      "players": [
        {
          "team": 1,
          "pos": {
            "x": 15.07,
            "y": -3.81
          }
        },
        {
          "team": 2,
          "pos": {
            "x": -12.16,
            "y": 1.26
          }
        }
      ]
    },
    {
      "time": -0.98,
      "ball": {
        "pos": {
          "x": -11.756,
          "y": 0.737,
          "z": 2.08
        }
      },
      "players": [
        {
          "team": 1,
          "pos": {
            "x": 15.08,
            "y": -3.82
          }
        },
        {
          "team": 2,
          "pos": {
            "x": -12.12,
            "y": 1.28
          }
        }
      ]
    },
    {
      "time": -0.96,
      "ball": {
        "pos": {
          "x": -11.746,
          "y": 0.751,
          "z": 2.189
        }
      },
      "players": [
        {
          "team": 1,
          "pos": {
            "x": 15.11,
            "y": -3.8
          }
        },
        {
          "team": 2,
          "pos": {
            "x": -12.08,
            "y": 1.29
          }
        }
      ]
    },
    {
      "time": -0.94,
      "ball": {
        "pos": {
          "x": -11.736,
          "y": 0.765,
          "z": 2.294
        }
      },
      "players": [
        {
          "team": 1,
          "pos": {
            "x": 15.14,
            "y": -3.79
          }
        },
        {
          "team": 2,
          "pos": {
            "x": -12.13,
            "y": 1.24
          }
        }
      ]
    },
    {
      "time": -0.92,
      "ball": {
        "pos": {
          "x": -11.726,
          "y": 0.779,
          "z": 2.396
        }
      },
      "players": [
        {
          "team": 1,
          "pos": {
            "x": 15.14,
            "y": -3.8
          }
        },
        {
          "team": 2,
          "pos": {
            "x": -12.16,
            "y": 1.2
          }
        }
      ]
    },
    {
      "time": -0.9,
      "ball": {
        "pos": {
          "x": -11.716,
          "y": 0.793,
          "z": 2.493
        }
      },
      "players": [
        {
          "team": 1,
          "pos": {
            "x": 15.14,
            "y": -3.77
          }
        },
        {
          "team": 2,
          "pos": {
            "x": -12.19,
            "y": 1.17
          }
        }
      ]
    },
    {
      "time": -0.88,
      "ball": {
        "pos": {
          "x": -11.706,
          "y": 0.808,
          "z": 2.587
        }
      },
      "players": [
        {
          "team": 1,
          "pos": {
            "x": 15.16,
            "y": -3.74
          }
        },
        {
          "team": 2,
          "pos": {
            "x": -12.24,
            "y": 1.13
          }
        }
      ]
    },
    {
      "time": -0.86,
      "ball": {
        "pos": {
          "x": -11.696,
          "y": 0.822,
          "z": 2.676
        }
      },
      "players": [
        {
          "team": 1,
          "pos": {
            "x": 15.19,
            "y": -3.71
          }
        },
        {
          "team": 2,
          "pos": {
            "x": -12.28,
            "y": 1.11
          }
        }
      ]
    },
    {
      "time": -0.84,
      "ball": {
        "pos": {
          "x": -11.686,
          "y": 0.836,
          "z": 2.761
        }
      },
      "players": [
        {
          "team": 1,
          "pos": {
            "x": 15.19,
            "y": -3.68
          }
        },
        {
          "team": 2,
          "pos": {
            "x": -12.27,
            "y": 1.17
          }
        }
      ]
    },
    {
      "time": -0.82,
      "ball": {
        "pos": {
          "x": -11.676,
          "y": 0.851,
          "z": 2.843
        }
      },
      "players": [
        {
          "team": 1,
          "pos": {
            "x": 15.22,
            "y": -3.65
          }
        },
        {
          "team": 2,
          "pos": {
            "x": -12.29,
            "y": 1.17
          }
        }
      ]
    },
    {
      "time": -0.8,
      "ball": {
        "pos": {
          "x": -11.666,
          "y": 0.865,
          "z": 2.92
        }
      },
      "players": [
        {
          "team": 1,
          "pos": {
            "x": 15.26,
            "y": -3.62
          }
        },
        {
          "team": 2,
          "pos": {
            "x": -12.28,
            "y": 1.16
          }
        }
      ]
    },
    {
      "time": -0.78,
      "ball": {
        "pos": {
          "x": -11.656,
          "y": 0.88,
          "z": 2.994
        }
      },
      "players": [
        {
          "team": 1,
          "pos": {
            "x": 15.27,
            "y": -3.59
          }
        },
        {
          "team": 2,
          "pos": {
            "x": -12.28,
            "y": 1.12
          }
        }
      ]
    },
    {
      "time": -0.76,
      "ball": {
        "pos": {
          "x": -11.646,
          "y": 0.894,
          "z": 3.063
        }
      },
      "players": [
        {
          "team": 1,
          "pos": {
            "x": 15.31,
            "y": -3.56
          }
        },
        {
          "team": 2,
          "pos": {
            "x": -12.3,
            "y": 1.07
          }
        }
      ]
    },
    {
      "time": -0.74,
      "ball": {
        "pos": {
          "x": -11.636,
          "y": 0.909,
          "z": 3.129
        }
      },
      "players": [
        {
          "team": 1,
          "pos": {
            "x": 15.3,
            "y": -3.54
          }
        },
        {
          "team": 2,
          "pos": {
            "x": -12.29,
            "y": 1.05
          }
        }
      ]
    },
    {
      "time": -0.72,
      "ball": {
        "pos": {
          "x": -11.626,
          "y": 0.924,
          "z": 3.191
        }
      },
      "players": [
        {
          "team": 1,
          "pos": {
            "x": 15.28,
            "y": -3.52
          }
        },
        {
          "team": 2,
          "pos": {
            "x": -12.29,
            "y": 1.08
          }
        }
      ]
    },
    {
      "time": -0.7,
      "ball": {
        "pos": {
          "x": -11.616,
          "y": 0.939,
          "z": 3.248
        }
      },
      "players": [
        {
          "team": 1,
          "pos": {
            "x": 15.28,
            "y": -3.51
          }
        },
        {
          "team": 2,
          "pos": {
            "x": -12.3,
            "y": 1.04
          }
        }
      ]
    },
    {
      "time": -0.68,
      "ball": {
        "pos": {
          "x": -11.606,
          "y": 0.953,
          "z": 3.302
        }
      },
      "players": [
        {
          "team": 1,
          "pos": {
            "x": 15.3,
            "y": -3.48
          }
        },
        {
          "team": 2,
          "pos": {
            "x": -12.32,
            "y": 1.0
          }
        }
      ]
    },
    {
      "time": -0.66,
      "ball": {
        "pos": {
          "x": -11.596,
          "y": 0.968,
          "z": 3.352
        }
      },
      "players": [
        {
          "team": 1,
          "pos": {
            "x": 15.28,
            "y": -3.47
          }
        },
        {
          "team": 2,
          "pos": {
            "x": -12.33,
            "y": 0.97
          }
        }
      ]
    },
    {
      "time": -0.64,
      "ball": {
        "pos": {
          "x": -11.586,
          "y": 0.983,
          "z": 3.398
        }
      },
      "players": [
        {
          "team": 1,
          "pos": {
            "x": 15.21,
            "y": -3.45
          }
        },
        {
          "team": 2,
          "pos": {
            "x": -12.35,
            "y": 0.94
          }
        }
      ]
    },
    {
      "time": -0.62,
      "ball": {
        "pos": {
          "x": -11.577,
          "y": 0.998,
          "z": 3.439
        }
      },
      "players": [
        {
          "team": 1,
          "pos": {
            "x": 15.2,
            "y": -3.43
          }
        },
        {
          "team": 2,
          "pos": {
            "x": -12.36,
            "y": 0.97
          }
        }
      ]
    },
    {
      "time": -0.6,
      "ball": {
        "pos": {
          "x": -11.567,
          "y": 1.013,
          "z": 3.477
        }
      },
      "players": [
        {
          "team": 1,
          "pos": {
            "x": 15.16,
            "y": -3.4
          }
        },
        {
          "team": 2,
          "pos": {
            "x": -12.36,
            "y": 1.03
          }
        }
      ]
    },
    {
      "time": -0.58,
      "ball": {
        "pos": {
          "x": -11.557,
          "y": 1.029,
          "z": 3.511
        }
      },
      "players": [
        {
          "team": 1,
          "pos": {
            "x": 15.19,
            "y": -3.4
          }
        },
        {
          "team": 2,
          "pos": {
            "x": -12.37,
            "y": 0.99
          }
        }
      ]
    },
    {
      "time": -0.56,
      "ball": {
        "pos": {
          "x": -11.547,
          "y": 1.044,
          "z": 3.541
        }
      },
      "players": [
        {
          "team": 1,
          "pos": {
            "x": 15.2,
            "y": -3.37
          }
        },
        {
          "team": 2,
          "pos": {
            "x": -12.38,
            "y": 1.04
          }
        }
      ]
    },
    {
      "time": -0.54,
      "ball": {
        "pos": {
          "x": -11.538,
          "y": 1.059,
          "z": 3.567
        }
      },
      "players": [
        {
          "team": 1,
          "pos": {
            "x": 15.17,
            "y": -3.35
          }
        },
        {
          "team": 2,
          "pos": {
            "x": -12.38,
            "y": 1.0
          }
        }
      ]
    },
    {
      "time": -0.52,
      "ball": {
        "pos": {
          "x": -11.528,
          "y": 1.074,
          "z": 3.589
        }
      },
      "players": [
        {
          "team": 1,
          "pos": {
            "x": 15.13,
            "y": -3.3
          }
        },
        {
          "team": 2,
          "pos": {
            "x": -12.39,
            "y": 0.97
          }
        }
      ]
    },
    {
      "time": -0.5,
      "ball": {
        "pos": {
          "x": -11.519,
          "y": 1.089,
          "z": 3.608
        }
      },
      "players": [
        {
          "team": 1,
          "pos": {
            "x": 15.16,
            "y": -3.33
          }
        },
        {
          "team": 2,
          "pos": {
            "x": -12.4,
            "y": 0.94
          }
        }
      ]
    },
    {
      "time": -0.48,
      "ball": {
        "pos": {
          "x": -11.509,
          "y": 1.105,
          "z": 3.622
        }
      },
      "players": [
        {
          "team": 1,
          "pos": {
            "x": 15.15,
            "y": -3.31
          }
        },
        {
          "team": 2,
          "pos": {
            "x": -12.41,
            "y": 0.92
          }
        }
      ]
    },
    {
      "time": -0.46,
      "ball": {
        "pos": {
          "x": -11.5,
          "y": 1.12,
          "z": 3.632
        }
      },
      "players": [
        {
          "team": 1,
          "pos": {
            "x": 15.12,
            "y": -3.27
          }
        },
        {
          "team": 2,
          "pos": {
            "x": -12.42,
            "y": 0.9
          }
        }
      ]
    },
    {
      "time": -0.44,
      "ball": {
        "pos": {
          "x": -11.491,
          "y": 1.135,
          "z": 3.639
        }
      },
      "players": [
        {
          "team": 1,
          "pos": {
            "x": 15.09,
            "y": -3.22
          }
        },
        {
          "team": 2,
          "pos": {
            "x": -12.44,
            "y": 0.88
          }
        }
      ]
    },
    {
      "time": -0.42,
      "ball": {
        "pos": {
          "x": -11.482,
          "y": 1.151,
          "z": 3.641
        }
      },
      "players": [
        {
          "team": 1,
          "pos": {
            "x": 15.07,
            "y": -3.22
          }
        },
        {
          "team": 2,
          "pos": {
            "x": -12.43,
            "y": 0.86
          }
        }
      ]
    },
    {
      "time": -0.417,
      "ball": {
        "pos": {
          "x": -11.48,
          "y": 1.153,
          "z": 3.641
        }
      },
      "players": [
        {
          "team": 1,
          "pos": {
            "x": 15.05,
            "y": -3.19
          }
        },
        {
          "team": 2,
          "pos": {
            "x": -12.43,
            "y": 0.84
          }
        }
      ]
    },
    {
      "time": -0.4,
      "ball": {
        "pos": {
          "x": -11.472,
          "y": 1.166,
          "z": 3.64
        }
      },
      "players": [
        {
          "team": 1,
          "pos": {
            "x": 15.03,
            "y": -3.17
          }
        },
        {
          "team": 2,
          "pos": {
            "x": -12.43,
            "y": 0.83
          }
        }
      ]
    },
    {
      "time": -0.38,
      "ball": {
        "pos": {
          "x": -11.463,
          "y": 1.181,
          "z": 3.634
        }
      },
      "players": [
        {
          "team": 1,
          "pos": {
            "x": 14.99,
            "y": -3.12
          }
        },
        {
          "team": 2,
          "pos": {
            "x": -12.43,
            "y": 0.82
          }
        }
      ]
    },
    {
      "time": -0.36,
      "ball": {
        "pos": {
          "x": -11.454,
          "y": 1.197,
          "z": 3.625
        }
      },
      "players": [
        {
          "team": 1,
          "pos": {
            "x": 14.93,
            "y": -3.07
          }
        },
        {
          "team": 2,
          "pos": {
            "x": -12.42,
            "y": 0.8
          }
        }
      ]
    },
    {
      "time": -0.34,
      "ball": {
        "pos": {
          "x": -11.445,
          "y": 1.212,
          "z": 3.612
        }
      },
      "players": [
        {
          "team": 1,
          "pos": {
            "x": 14.89,
            "y": -3.07
          }
        },
        {
          "team": 2,
          "pos": {
            "x": -12.42,
            "y": 0.84
          }
        }
      ]
    },
    {
      "time": -0.32,
      "ball": {
        "pos": {
          "x": -11.437,
          "y": 1.227,
          "z": 3.595
        }
      },
      "players": [
        {
          "team": 1,
          "pos": {
            "x": 14.87,
            "y": -3.1
          }
        },
        {
          "team": 2,
          "pos": {
            "x": -12.41,
            "y": 0.92
          }
        }
      ]
    },
    {
      "time": -0.3,
      "ball": {
        "pos": {
          "x": -11.428,
          "y": 1.243,
          "z": 3.574
        }
      },
      "players": [
        {
          "team": 1,
          "pos": {
            "x": 14.84,
            "y": -3.1
          }
        },
        {
          "team": 2,
          "pos": {
            "x": -12.37,
            "y": 0.98
          }
        }
      ]
    },
    {
      "time": -0.28,
      "ball": {
        "pos": {
          "x": -11.419,
          "y": 1.258,
          "z": 3.549
        }
      },
      "players": [
        {
          "team": 1,
          "pos": {
            "x": 14.8,
            "y": -3.08
          }
        },
        {
          "team": 2,
          "pos": {
            "x": -12.34,
            "y": 1.04
          }
        }
      ]
    },
    {
      "time": -0.26,
      "ball": {
        "pos": {
          "x": -11.411,
          "y": 1.274,
          "z": 3.52
        }
      },
      "players": [
        {
          "team": 1,
          "pos": {
            "x": 14.77,
            "y": -3.11
          }
        },
        {
          "team": 2,
          "pos": {
            "x": -12.31,
            "y": 1.09
          }
        }
      ]
    },
    {
      "time": -0.24,
      "ball": {
        "pos": {
          "x": -11.403,
          "y": 1.289,
          "z": 3.488
        }
      },
      "players": [
        {
          "team": 1,
          "pos": {
            "x": 14.73,
            "y": -3.16
          }
        },
        {
          "team": 2,
          "pos": {
            "x": -12.33,
            "y": 1.08
          }
        }
      ]
    },
    {
      "time": -0.22,
      "ball": {
        "pos": {
          "x": -11.394,
          "y": 1.304,
          "z": 3.451
        }
      },
      "players": [
        {
          "team": 1,
          "pos": {
            "x": 14.68,
            "y": -3.12
          }
        },
        {
          "team": 2,
          "pos": {
            "x": -12.33,
            "y": 1.08
          }
        }
      ]
    },
    {
      "time": -0.2,
      "ball": {
        "pos": {
          "x": -11.386,
          "y": 1.32,
          "z": 3.41
        }
      },
      "players": [
        {
          "team": 1,
          "pos": {
            "x": 14.62,
            "y": -3.08
          }
        },
        {
          "team": 2,
          "pos": {
            "x": -12.33,
            "y": 1.08
          }
        }
      ]
    },
    {
      "time": -0.18,
      "ball": {
        "pos": {
          "x": -11.378,
          "y": 1.335,
          "z": 3.366
        }
      },
      "players": [
        {
          "team": 1,
          "pos": {
            "x": 14.56,
            "y": -3.04
          }
        },
        {
          "team": 2,
          "pos": {
            "x": -12.32,
            "y": 1.1
          }
        }
      ]
    },
    {
      "time": -0.16,
      "ball": {
        "pos": {
          "x": -11.37,
          "y": 1.35,
          "z": 3.318
        }
      },
      "players": [
        {
          "team": 1,
          "pos": {
            "x": 14.52,
            "y": -3.02
          }
        },
        {
          "team": 2,
          "pos": {
            "x": -12.33,
            "y": 1.15
          }
        }
      ]
    },
    {
      "time": -0.14,
      "ball": {
        "pos": {
          "x": -11.362,
          "y": 1.366,
          "z": 3.266
        }
      },
      "players": [
        {
          "team": 1,
          "pos": {
            "x": 14.47,
            "y": -3.0
          }
        },
        {
          "team": 2,
          "pos": {
            "x": -12.32,
            "y": 1.2
          }
        }
      ]
    },
    {
      "time": -0.12,
      "ball": {
        "pos": {
          "x": -11.355,
          "y": 1.381,
          "z": 3.21
        }
      },
      "players": [
        {
          "team": 1,
          "pos": {
            "x": 14.41,
            "y": -2.98
          }
        },
        {
          "team": 2,
          "pos": {
            "x": -12.21,
            "y": 1.27
          }
        }
      ]
    },
    {
      "time": -0.1,
      "ball": {
        "pos": {
          "x": -11.347,
          "y": 1.396,
          "z": 3.15
        }
      },
      "players": [
        {
          "team": 1,
          "pos": {
            "x": 14.37,
            "y": -3.0
          }
        },
        {
          "team": 2,
          "pos": {
            "x": -12.14,
            "y": 1.25
          }
        }
      ]
    },
    {
      "time": -0.08,
      "ball": {
        "pos": {
          "x": -11.34,
          "y": 1.411,
          "z": 3.086
        }
      },
      "players": [
        {
          "team": 1,
          "pos": {
            "x": 14.29,
            "y": -3.01
          }
        },
        {
          "team": 2,
          "pos": {
            "x": -12.05,
            "y": 1.24
          }
        }
      ]
    },
    {
      "time": -0.06,
      "ball": {
        "pos": {
          "x": -11.332,
          "y": 1.426,
          "z": 3.018
        }
      },
      "players": [
        {
          "team": 1,
          "pos": {
            "x": 14.23,
            "y": -3.02
          }
        },
        {
          "team": 2,
          "pos": {
            "x": -11.98,
            "y": 1.2
          }
        }
      ]
    },
    {
      "time": -0.04,
      "ball": {
        "pos": {
          "x": -11.325,
          "y": 1.441,
          "z": 2.947
        }
      },
      "players": [
        {
          "team": 1,
          "pos": {
            "x": 14.16,
            "y": -3.04
          }
        },
        {
          "team": 2,
          "pos": {
            "x": -11.89,
            "y": 1.17
          }
        }
      ]
    },
    {
      "time": -0.02,
      "ball": {
        "pos": {
          "x": -11.318,
          "y": 1.457,
          "z": 2.871
        }
      },
      "players": [
        {
          "team": 1,
          "pos": {
            "x": 14.09,
            "y": -3.06
          }
        },
        {
          "team": 2,
          "pos": {
            "x": -11.78,
            "y": 1.14
          }
        }
      ]
    },
    {
      "time": 0.0,
      "event": "hit",
      "ball": {
        "pos": {
          "x": -11.311,
          "y": 1.472,
          "z": 2.792
        }
      },
      "players": [
        {
          "team": 1,
          "pos": {
            "x": 14.02,
            "y": -3.08
          }
        },
        {
          "team": 2,
          "pos": {
            "x": -11.69,
            "y": 1.11
          }
        }
      ]
    },
    {
      "time": 0.02,
      "ball": {
        "pos": {
          "x": -10.225,
          "y": 1.13,
          "z": 2.637
        }
      },
      "players": [
        {
          "team": 1,
          "pos": {
            "x": 13.94,
            "y": -3.1
          }
        },
        {
          "team": 2,
          "pos": {
            "x": -11.62,
            "y": 1.06
          }
        }
      ]
    },
    {
      "time": 0.04,
      "ball": {
        "pos": {
          "x": -9.163,
          "y": 0.796,
          "z": 2.482
        }
      },
      "players": [
        {
          "team": 1,
          "pos": {
            "x": 13.91,
            "y": -3.1
          }
        },
        {
          "team": 2,
          "pos": {
            "x": -11.59,
            "y": 1.01
          }
        }
      ]
    },
    {
      "time": 0.06,
      "ball": {
        "pos": {
          "x": -8.124,
          "y": 0.471,
          "z": 2.326
        }
      },
      "players": [
        {
          "team": 1,
          "pos": {
            "x": 13.88,
            "y": -3.12
          }
        },
        {
          "team": 2,
          "pos": {
            "x": -11.49,
            "y": 1.01
          }
        }
      ]
    },
    {
      "time": 0.08,
      "ball": {
        "pos": {
          "x": -7.108,
          "y": 0.155,
          "z": 2.169
        }
      },
      "players": [
        {
          "team": 1,
          "pos": {
            "x": 13.81,
            "y": -3.12
          }
        },
        {
          "team": 2,
          "pos": {
            "x": -11.44,
            "y": 1.01
          }
        }
      ]
    },
    {
      "time": 0.1,
      "ball": {
        "pos": {
          "x": -6.112,
          "y": -0.154,
          "z": 2.012
        }
      },
      "players": [
        {
          "team": 1,
          "pos": {
            "x": 13.81,
            "y": -3.16
          }
        },
        {
          "team": 2,
          "pos": {
            "x": -11.39,
            "y": 1.01
          }
        }
      ]
    },
    {
      "time": 0.12,
      "ball": {
        "pos": {
          "x": -5.137,
          "y": -0.454,
          "z": 1.854
        }
      },
      "players": [
        {
          "team": 1,
          "pos": {
            "x": 13.8,
            "y": -3.19
          }
        },
        {
          "team": 2,
          "pos": {
            "x": -11.37,
            "y": 0.99
          }
        }
      ]
    },
    {
      "time": 0.14,
      "ball": {
        "pos": {
          "x": -4.182,
          "y": -0.747,
          "z": 1.695
        }
      },
      "players": [
        {
          "team": 1,
          "pos": {
            "x": 13.8,
            "y": -3.22
          }
        },
        {
          "team": 2,
          "pos": {
            "x": -11.36,
            "y": 0.99
          }
        }
      ]
    },
    {
      "time": 0.16,
      "ball": {
        "pos": {
          "x": -3.246,
          "y": -1.031,
          "z": 1.534
        }
      },
      "players": [
        {
          "team": 1,
          "pos": {
            "x": 13.76,
            "y": -3.23
          }
        },
        {
          "team": 2,
          "pos": {
            "x": -11.36,
            "y": 1.0
          }
        }
      ]
    },
    {
      "time": 0.18,
      "ball": {
        "pos": {
          "x": -2.328,
          "y": -1.308,
          "z": 1.373
        }
      },
      "players": [
        {
          "team": 1,
          "pos": {
            "x": 13.76,
            "y": -3.26
          }
        },
        {
          "team": 2,
          "pos": {
            "x": -11.37,
            "y": 1.07
          }
        }
      ]
    },
    {
      "time": 0.2,
      "ball": {
        "pos": {
          "x": -1.427,
          "y": -1.577,
          "z": 1.21
        }
      },
      "players": [
        {
          "team": 1,
          "pos": {
            "x": 13.78,
            "y": -3.27
          }
        },
        {
          "team": 2,
          "pos": {
            "x": -11.36,
            "y": 1.07
          }
        }
      ]
    },
    {
      "time": 0.22,
      "ball": {
        "pos": {
          "x": -0.543,
          "y": -1.839,
          "z": 1.047
        }
      },
      "players": [
        {
          "team": 1,
          "pos": {
            "x": 13.79,
            "y": -3.29
          }
        },
        {
          "team": 2,
          "pos": {
            "x": -11.4,
            "y": 1.12
          }
        }
      ]
    },
    {
      "time": 0.232,
      "ball": {
        "pos": {
          "x": 0.0,
          "y": -1.998,
          "z": 0.944
        }
      },
      "players": [
        {
          "team": 1,
          "pos": {
            "x": 13.73,
            "y": -3.29
          }
        },
        {
          "team": 2,
          "pos": {
            "x": -11.38,
            "y": 1.16
          }
        }
      ]
    },
    {
      "time": 0.235,
      "event": "hit",
      "ball": {
        "pos": {
          "x": 0.125,
          "y": -2.035,
          "z": 0.92
        }
      },
      "players": [
        {
          "team": 1,
          "pos": {
            "x": 13.73,
            "y": -3.3
          }
        },
        {
          "team": 2,
          "pos": {
            "x": -11.38,
            "y": 1.17
          }
        }
      ]
    },
    {
      "time": 0.24,
      "ball": {
        "pos": {
          "x": 0.119,
          "y": -2.05,
          "z": 0.899
        }
      },
      "players": [
        {
          "team": 1,
          "pos": {
            "x": 13.73,
            "y": -3.3
          }
        },
        {
          "team": 2,
          "pos": {
            "x": -11.38,
            "y": 1.16
          }
        }
      ]
    },
    {
      "time": 0.26,
      "ball": {
        "pos": {
          "x": 0.089,
          "y": -2.115,
          "z": 0.812
        }
      },
      "players": [
        {
          "team": 1,
          "pos": {
            "x": 13.72,
            "y": -3.32
          }
        },
        {
          "team": 2,
          "pos": {
            "x": -11.41,
            "y": 1.16
          }
        }
      ]
    },
    {
      "time": 0.28,
      "ball": {
        "pos": {
          "x": 0.059,
          "y": -2.179,
          "z": 0.725
        }
      },
      "players": [
        {
          "team": 1,
          "pos": {
            "x": 13.69,
            "y": -3.35
          }
        },
        {
          "team": 2,
          "pos": {
            "x": -11.42,
            "y": 1.19
          }
        }
      ]
    },
    {
      "time": 0.3,
      "ball": {
        "pos": {
          "x": 0.028,
          "y": -2.243,
          "z": 0.638
        }
      },
      "players": [
        {
          "team": 1,
          "pos": {
            "x": 13.64,
            "y": -3.35
          }
        },
        {
          "team": 2,
          "pos": {
            "x": -11.44,
            "y": 1.22
          }
        }
      ]
    },
    {
      "time": 0.318,
      "ball": {
        "pos": {
          "x": 0.0,
          "y": -2.298,
          "z": 0.561
        }
      },
      "players": [
        {
          "team": 1,
          "pos": {
            "x": 13.6,
            "y": -3.37
          }
        },
        {
          "team": 2,
          "pos": {
            "x": -11.44,
            "y": 1.25
          }
        }
      ]
    },
    {
      "time": 0.32,
      "ball": {
        "pos": {
          "x": -0.004,
          "y": -2.305,
          "z": 0.551
        }
      },
      "players": [
        {
          "team": 1,
          "pos": {
            "x": 13.6,
            "y": -3.37
          }
        },
        {
          "team": 2,
          "pos": {
            "x": -11.44,
            "y": 1.24
          }
        }
      ]
    },
    {
      "time": 0.34,
      "ball": {
        "pos": {
          "x": -0.036,
          "y": -2.367,
          "z": 0.463
        }
      },
      "players": [
        {
          "team": 1,
          "pos": {
            "x": 13.59,
            "y": -3.38
          }
        },
        {
          "team": 2,
          "pos": {
            "x": -11.44,
            "y": 1.26
          }
        }
      ]
    },
    {
      "time": 0.36,
      "ball": {
        "pos": {
          "x": -0.068,
          "y": -2.428,
          "z": 0.376
        }
      },
      "players": [
        {
          "team": 1,
          "pos": {
            "x": 13.58,
            "y": -3.39
          }
        },
        {
          "team": 2,
          "pos": {
            "x": -11.44,
            "y": 1.28
          }
        }
      ]
    },
    {
      "time": 0.38,
      "ball": {
        "pos": {
          "x": -0.1,
          "y": -2.488,
          "z": 0.287
        }
      },
      "players": [
        {
          "team": 1,
          "pos": {
            "x": 13.6,
            "y": -3.46
          }
        },
        {
          "team": 2,
          "pos": {
            "x": -11.4,
            "y": 1.28
          }
        }
      ]
    },
    {
      "time": 0.4,
      "ball": {
        "pos": {
          "x": -0.131,
          "y": -2.547,
          "z": 0.199
        }
      },
      "players": [
        {
          "team": 1,
          "pos": {
            "x": 13.6,
            "y": -3.52
          }
        },
        {
          "team": 2,
          "pos": {
            "x": -11.37,
            "y": 1.31
          }
        }
      ]
    },
    {
      "time": 0.42,
      "ball": {
        "pos": {
          "x": -0.161,
          "y": -2.606,
          "z": 0.109
        }
      },
      "players": [
        {
          "team": 1,
          "pos": {
            "x": 13.6,
            "y": -3.58
          }
        },
        {
          "team": 2,
          "pos": {
            "x": -11.35,
            "y": 1.35
          }
        }
      ]
    },
    {
      "time": 0.437,
      "event": "bounce",
      "ball": {
        "pos": {
          "x": -0.186,
          "y": -2.656,
          "z": 0.03
        }
      },
      "players": [
        {
          "team": 1,
          "pos": {
            "x": 13.59,
            "y": -3.66
          }
        },
        {
          "team": 2,
          "pos": {
            "x": -11.34,
            "y": 1.3
          }
        }
      ]
    },
    {
      "time": 0.44,
      "ball": {
        "pos": {
          "x": -0.193,
          "y": -2.662,
          "z": 0.014
        }
      },
      "players": [
        {
          "team": 1,
          "pos": {
            "x": 13.59,
            "y": -3.64
          }
        },
        {
          "team": 2,
          "pos": {
            "x": -11.34,
            "y": 1.31
          }
        }
      ]
    },
    {
      "time": 0.46,
      "ball": {
        "pos": {
          "x": -0.252,
          "y": -2.706,
          "z": 0.086
        }
      },
      "players": [
        {
          "team": 1,
          "pos": {
            "x": 13.56,
            "y": -3.72
          }
        },
        {
          "team": 2,
          "pos": {
            "x": -11.32,
            "y": 1.28
          }
        }
      ]
    },
    {
      "time": 0.48,
      "ball": {
        "pos": {
          "x": -0.313,
          "y": -2.749,
          "z": 0.147
        }
      },
      "players": [
        {
          "team": 1,
          "pos": {
            "x": 13.55,
            "y": -3.81
          }
        },
        {
          "team": 2,
          "pos": {
            "x": -11.3,
            "y": 1.33
          }
        }
      ]
    },
    {
      "time": 0.5,
      "ball": {
        "pos": {
          "x": -0.373,
          "y": -2.793,
          "z": 0.203
        }
      },
      "players": [
        {
          "team": 1,
          "pos": {
            "x": 13.55,
            "y": -3.85
          }
        },
        {
          "team": 2,
          "pos": {
            "x": -11.28,
            "y": 1.37
          }
        }
      ]
    },
    {
      "time": 0.52,
      "ball": {
        "pos": {
          "x": -0.434,
          "y": -2.836,
          "z": 0.254
        }
      },
      "players": [
        {
          "team": 1,
          "pos": {
            "x": 13.55,
            "y": -3.94
          }
        },
        {
          "team": 2,
          "pos": {
            "x": -11.28,
            "y": 1.42
          }
        }
      ]
    },
    {
      "time": 0.54,
      "ball": {
        "pos": {
          "x": -0.494,
          "y": -2.879,
          "z": 0.302
        }
      },
      "players": [
        {
          "team": 1,
          "pos": {
            "x": 13.56,
            "y": -3.99
          }
        },
        {
          "team": 2,
          "pos": {
            "x": -11.28,
            "y": 1.46
          }
        }
      ]
    },
    {
      "time": 0.56,
      "ball": {
        "pos": {
          "x": -0.554,
          "y": -2.922,
          "z": 0.346
        }
      },
      "players": [
        {
          "team": 1,
          "pos": {
            "x": 13.56,
            "y": -4.06
          }
        },
        {
          "team": 2,
          "pos": {
            "x": -11.26,
            "y": 1.43
          }
        }
      ]
    },
    {
      "time": 0.58,
      "ball": {
        "pos": {
          "x": -0.613,
          "y": -2.966,
          "z": 0.385
        }
      },
      "players": [
        {
          "team": 1,
          "pos": {
            "x": 13.55,
            "y": -4.11
          }
        },
        {
          "team": 2,
          "pos": {
            "x": -11.24,
            "y": 1.49
          }
        }
      ]
    },
    {
      "time": 0.6,
      "ball": {
        "pos": {
          "x": -0.673,
          "y": -3.009,
          "z": 0.421
        }
      },
      "players": [
        {
          "team": 1,
          "pos": {
            "x": 13.56,
            "y": -4.21
          }
        },
        {
          "team": 2,
          "pos": {
            "x": -11.19,
            "y": 1.53
          }
        }
      ]
    },
    {
      "time": 0.62,
      "ball": {
        "pos": {
          "x": -0.732,
          "y": -3.052,
          "z": 0.452
        }
      },
      "players": [
        {
          "team": 1,
          "pos": {
            "x": 13.57,
            "y": -4.25
          }
        },
        {
          "team": 2,
          "pos": {
            "x": -11.16,
            "y": 1.54
          }
        }
      ]
    },
    {
      "time": 0.64,
      "ball": {
        "pos": {
          "x": -0.791,
          "y": -3.095,
          "z": 0.48
        }
      },
      "players": [
        {
          "team": 1,
          "pos": {
            "x": 13.57,
            "y": -4.32
          }
        },
        {
          "team": 2,
          "pos": {
            "x": -11.16,
            "y": 1.49
          }
        }
      ]
    },
    {
      "time": 0.66,
      "ball": {
        "pos": {
          "x": -0.85,
          "y": -3.138,
          "z": 0.503
        }
      },
      "players": [
        {
          "team": 1,
          "pos": {
            "x": 13.57,
            "y": -4.41
          }
        },
        {
          "team": 2,
          "pos": {
            "x": -11.15,
            "y": 1.5
          }
        }
      ]
    },
    {
      "time": 0.68,
      "ball": {
        "pos": {
          "x": -0.909,
          "y": -3.181,
          "z": 0.522
        }
      },
      "players": [
        {
          "team": 1,
          "pos": {
            "x": 13.58,
            "y": -4.47
          }
        },
        {
          "team": 2,
          "pos": {
            "x": -11.15,
            "y": 1.51
          }
        }
      ]
    },
    {
      "time": 0.7,
      "ball": {
        "pos": {
          "x": -0.967,
          "y": -3.224,
          "z": 0.537
        }
      },
      "players": [
        {
          "team": 1,
          "pos": {
            "x": 13.6,
            "y": -4.54
          }
        },
        {
          "team": 2,
          "pos": {
            "x": -11.14,
            "y": 1.53
          }
        }
      ]
    },
    {
      "time": 0.72,
      "ball": {
        "pos": {
          "x": -1.026,
          "y": -3.267,
          "z": 0.548
        }
      },
      "players": [
        {
          "team": 1,
          "pos": {
            "x": 13.62,
            "y": -4.61
          }
        },
        {
          "team": 2,
          "pos": {
            "x": -11.12,
            "y": 1.54
          }
        }
      ]
    },
    {
      "time": 0.74,
      "ball": {
        "pos": {
          "x": -1.084,
          "y": -3.31,
          "z": 0.555
        }
      },
      "players": [
        {
          "team": 1,
          "pos": {
            "x": 13.62,
            "y": -4.68
          }
        },
        {
          "team": 2,
          "pos": {
            "x": -11.1,
            "y": 1.56
          }
        }
      ]
    },
    {
      "time": 0.76,
      "ball": {
        "pos": {
          "x": -1.142,
          "y": -3.352,
          "z": 0.558
        }
      },
      "players": [
        {
          "team": 1,
          "pos": {
            "x": 13.62,
            "y": -4.73
          }
        },
        {
          "team": 2,
          "pos": {
            "x": -11.07,
            "y": 1.55
          }
        }
      ]
    },
    {
      "time": 0.765,
      "ball": {
        "pos": {
          "x": -1.155,
          "y": -3.362,
          "z": 0.558
        }
      },
      "players": [
        {
          "team": 1,
          "pos": {
            "x": 13.61,
            "y": -4.75
          }
        },
        {
          "team": 2,
          "pos": {
            "x": -11.01,
            "y": 1.54
          }
        }
      ]
    },
    {
      "time": 0.78,
      "ball": {
        "pos": {
          "x": -1.199,
          "y": -3.395,
          "z": 0.557
        }
      },
      "players": [
        {
          "team": 1,
          "pos": {
            "x": 13.61,
            "y": -4.76
          }
        },
        {
          "team": 2,
          "pos": {
            "x": -10.99,
            "y": 1.53
          }
        }
      ]
    },
    {
      "time": 0.8,
      "ball": {
        "pos": {
          "x": -1.257,
          "y": -3.437,
          "z": 0.552
        }
      },
      "players": [
        {
          "team": 1,
          "pos": {
            "x": 13.6,
            "y": -4.8
          }
        },
        {
          "team": 2,
          "pos": {
            "x": -10.93,
            "y": 1.51
          }
        }
      ]
    },
    {
      "time": 0.82,
      "ball": {
        "pos": {
          "x": -1.314,
          "y": -3.48,
          "z": 0.543
        }
      },
      "players": [
        {
          "team": 1,
          "pos": {
            "x": 13.6,
            "y": -4.85
          }
        },
        {
          "team": 2,
          "pos": {
            "x": -10.9,
            "y": 1.53
          }
        }
      ]
    },
    {
      "time": 0.84,
      "ball": {
        "pos": {
          "x": -1.371,
          "y": -3.522,
          "z": 0.53
        }
      },
      "players": [
        {
          "team": 1,
          "pos": {
            "x": 13.59,
            "y": -4.89
          }
        },
        {
          "team": 2,
          "pos": {
            "x": -10.88,
            "y": 1.49
          }
        }
      ]
    },
    {
      "time": 0.86,
      "ball": {
        "pos": {
          "x": -1.428,
          "y": -3.564,
          "z": 0.512
        }
      },
      "players": [
        {
          "team": 1,
          "pos": {
            "x": 13.6,
            "y": -4.94
          }
        },
        {
          "team": 2,
          "pos": {
            "x": -10.86,
            "y": 1.46
          }
        }
      ]
    },
    {
      "time": 0.88,
      "ball": {
        "pos": {
          "x": -1.485,
          "y": -3.606,
          "z": 0.491
        }
      },
      "players": [
        {
          "team": 1,
          "pos": {
            "x": 13.59,
            "y": -4.98
          }
        },
        {
          "team": 2,
          "pos": {
            "x": -10.81,
            "y": 1.49
          }
        }
      ]
    },
    {
      "time": 0.9,
      "ball": {
        "pos": {
          "x": -1.541,
          "y": -3.648,
          "z": 0.466
        }
      },
      "players": [
        {
          "team": 1,
          "pos": {
            "x": 13.57,
            "y": -5.02
          }
        },
        {
          "team": 2,
          "pos": {
            "x": -10.76,
            "y": 1.52
          }
        }
      ]
    },
    {
      "time": 0.92,
      "ball": {
        "pos": {
          "x": -1.597,
          "y": -3.69,
          "z": 0.437
        }
      },
      "players": [
        {
          "team": 1,
          "pos": {
            "x": 13.56,
            "y": -5.07
          }
        },
        {
          "team": 2,
          "pos": {
            "x": -10.7,
            "y": 1.46
          }
        }
      ]
    },
    {
      "time": 0.94,
      "ball": {
        "pos": {
          "x": -1.653,
          "y": -3.731,
          "z": 0.404
        }
      },
      "players": [
        {
          "team": 1,
          "pos": {
            "x": 13.56,
            "y": -5.14
          }
        },
        {
          "team": 2,
          "pos": {
            "x": -10.64,
            "y": 1.42
          }
        }
      ]
    },
    {
      "time": 0.96,
      "ball": {
        "pos": {
          "x": -1.709,
          "y": -3.772,
          "z": 0.367
        }
      },
      "players": [
        {
          "team": 1,
          "pos": {
            "x": 13.56,
            "y": -5.23
          }
        },
        {
          "team": 2,
          "pos": {
            "x": -10.58,
            "y": 1.41
          }
        }
      ]
    },
    {
      "time": 0.98,
      "ball": {
        "pos": {
          "x": -1.765,
          "y": -3.814,
          "z": 0.325
        }
      },
      "players": [
        {
          "team": 1,
          "pos": {
            "x": 13.55,
            "y": -5.34
          }
        },
        {
          "team": 2,
          "pos": {
            "x": -10.53,
            "y": 1.4
          }
        }
      ]
    },
    {
      "time": 1.0,
      "ball": {
        "pos": {
          "x": -1.82,
          "y": -3.855,
          "z": 0.28
        }
      },
      "players": [
        {
          "team": 1,
          "pos": {
            "x": 13.55,
            "y": -5.41
          }
        },
        {
          "team": 2,
          "pos": {
            "x": -10.47,
            "y": 1.35
          }
        }
      ]
    },
    {
      "time": 1.02,
      "ball": {
        "pos": {
          "x": -1.875,
          "y": -3.895,
          "z": 0.231
        }
      },
      "players": [
        {
          "team": 1,
          "pos": {
            "x": 13.55,
            "y": -5.43
          }
        },
        {
          "team": 2,
          "pos": {
            "x": -10.44,
            "y": 1.38
          }
        }
      ]
    },
    {
      "time": 1.04,
      "ball": {
        "pos": {
          "x": -1.93,
          "y": -3.936,
          "z": 0.178
        }
      },
      "players": [
        {
          "team": 1,
          "pos": {
            "x": 13.56,
            "y": -5.51
          }
        },
        {
          "team": 2,
          "pos": {
            "x": -10.4,
            "y": 1.41
          }
        }
      ]
    },
    {
      "time": 1.06,
      "ball": {
        "pos": {
          "x": -1.985,
          "y": -3.976,
          "z": 0.121
        }
      },
      "players": [
        {
          "team": 1,
          "pos": {
            "x": 13.56,
            "y": -5.55
          }
        },
        {
          "team": 2,
          "pos": {
            "x": -10.35,
            "y": 1.39
          }
        }
      ]
    },
    {
      "time": 1.08,
      "ball": {
        "pos": {
          "x": -2.04,
          "y": -4.017,
          "z": 0.06
        }
      },
      "players": [
        {
          "team": 1,
          "pos": {
            "x": 13.56,
            "y": -5.63
          }
        },
        {
          "team": 2,
          "pos": {
            "x": -10.31,
            "y": 1.34
          }
        }
      ]
    },
    {
      "time": 1.091,
      "event": "bounce",
      "ball": {
        "pos": {
          "x": -2.069,
          "y": -4.038,
          "z": 0.026
        }
      },
      "players": [
        {
          "team": 1,
          "pos": {
            "x": 13.56,
            "y": -5.71
          }
        },
        {
          "team": 2,
          "pos": {
            "x": -10.3,
            "y": 1.3
          }
        }
      ]
    },
    {
      "time": 1.1,
      "ball": {
        "pos": {
          "x": -2.094,
          "y": -4.057,
          "z": 0.035
        }
      },
      "players": [
        {
          "team": 1,
          "pos": {
            "x": 13.56,
            "y": -5.72
          }
        },
        {
          "team": 2,
          "pos": {
            "x": -10.31,
            "y": 1.29
          }
        }
      ]
    },
    {
      "time": 1.12,
      "ball": {
        "pos": {
          "x": -2.146,
          "y": -4.098,
          "z": 0.077
        }
      },
      "players": [
        {
          "team": 1,
          "pos": {
            "x": 13.54,
            "y": -5.79
          }
        },
        {
          "team": 2,
          "pos": {
            "x": -10.33,
            "y": 1.22
          }
        }
      ]
    },
    {
      "time": 1.14,
      "ball": {
        "pos": {
          "x": -2.198,
          "y": -4.138,
          "z": 0.115
        }
      },
      "players": [
        {
          "team": 1,
          "pos": {
            "x": 13.52,
            "y": -5.81
          }
        },
        {
          "team": 2,
          "pos": {
            "x": -10.39,
            "y": 1.18
          }
        }
      ]
    },
    {
      "time": 1.16,
      "ball": {
        "pos": {
          "x": -2.25,
          "y": -4.178,
          "z": 0.15
        }
      },
      "players": [
        {
          "team": 1,
          "pos": {
            "x": 13.49,
            "y": -5.88
          }
        },
        {
          "team": 2,
          "pos": {
            "x": -10.4,
            "y": 1.17
          }
        }
      ]
    },
    {
      "time": 1.18,
      "ball": {
        "pos": {
          "x": -2.302,
          "y": -4.219,
          "z": 0.18
        }
      },
      "players": [
        {
          "team": 1,
          "pos": {
            "x": 13.47,
            "y": -5.92
          }
        },
        {
          "team": 2,
          "pos": {
            "x": -10.49,
            "y": 1.12
          }
        }
      ]
    },
    {
      "time": 1.2,
      "ball": {
        "pos": {
          "x": -2.355,
          "y": -4.259,
          "z": 0.207
        }
      },
      "players": [
        {
          "team": 1,
          "pos": {
            "x": 13.45,
            "y": -5.96
          }
        },
        {
          "team": 2,
          "pos": {
            "x": -10.53,
            "y": 1.09
          }
        }
      ]
    },
    {
      "time": 1.22,
      "ball": {
        "pos": {
          "x": -2.407,
          "y": -4.299,
          "z": 0.23
        }
      },
      "players": [
        {
          "team": 1,
          "pos": {
            "x": 13.43,
            "y": -5.96
          }
        },
        {
          "team": 2,
          "pos": {
            "x": -10.52,
            "y": 1.06
          }
        }
      ]
    },
    {
      "time": 1.24,
      "ball": {
        "pos": {
          "x": -2.46,
          "y": -4.339,
          "z": 0.249
        }
      },
      "players": [
        {
          "team": 1,
          "pos": {
            "x": 13.43,
            "y": -5.96
          }
        },
        {
          "team": 2,
          "pos": {
            "x": -10.52,
            "y": 1.06
          }
        }
      ]
    },
    {
      "time": 1.26,
      "ball": {
        "pos": {
          "x": -2.512,
          "y": -4.379,
          "z": 0.264
        }
      },
      "players": [
        {
          "team": 1,
          "pos": {
            "x": 13.43,
            "y": -5.96
          }
        },
        {
          "team": 2,
          "pos": {
            "x": -10.52,
            "y": 1.06
          }
        }
      ]
    },
    {
      "time": 1.28,
      "ball": {
        "pos": {
          "x": -2.564,
          "y": -4.419,
          "z": 0.276
        }
      },
      "players": [
        {
          "team": 1,
          "pos": {
            "x": 13.43,
            "y": -5.96
          }
        },
        {
          "team": 2,
          "pos": {
            "x": -10.52,
            "y": 1.06
          }
        }
      ]
    },
    {
      "time": 1.3,
      "ball": {
        "pos": {
          "x": -2.617,
          "y": -4.458,
          "z": 0.283
        }
      },
      "players": [
        {
          "team": 1,
          "pos": {
            "x": 13.43,
            "y": -5.96
          }
        },
        {
          "team": 2,
          "pos": {
            "x": -10.52,
            "y": 1.06
          }
        }
      ]
    },
    {
      "time": 1.32,
      "ball": {
        "pos": {
          "x": -2.669,
          "y": -4.498,
          "z": 0.287
        }
      },
      "players": [
        {
          "team": 1,
          "pos": {
            "x": 13.43,
            "y": -5.96
          }
        },
        {
          "team": 2,
          "pos": {
            "x": -10.52,
            "y": 1.06
          }
        }
      ]
    },
    {
      "time": 1.328,
      "ball": {
        "pos": {
          "x": -2.691,
          "y": -4.515,
          "z": 0.287
        }
      },
      "players": [
        {
          "team": 1,
          "pos": {
            "x": 13.43,
            "y": -5.96
          }
        },
        {
          "team": 2,
          "pos": {
            "x": -10.52,
            "y": 1.06
          }
        }
      ]
    },
    {
      "time": 1.34,
      "ball": {
        "pos": {
          "x": -2.721,
          "y": -4.538,
          "z": 0.286
        }
      },
      "players": [
        {
          "team": 1,
          "pos": {
            "x": 13.43,
            "y": -5.96
          }
        },
        {
          "team": 2,
          "pos": {
            "x": -10.52,
            "y": 1.06
          }
        }
      ]
    },
    {
      "time": 1.36,
      "ball": {
        "pos": {
          "x": -2.773,
          "y": -4.577,
          "z": 0.282
        }
      },
      "players": [
        {
          "team": 1,
          "pos": {
            "x": 13.43,
            "y": -5.96
          }
        },
        {
          "team": 2,
          "pos": {
            "x": -10.52,
            "y": 1.06
          }
        }
      ]
    },
    {
      "time": 1.38,
      "ball": {
        "pos": {
          "x": -2.825,
          "y": -4.616,
          "z": 0.274
        }
      },
      "players": [
        {
          "team": 1,
          "pos": {
            "x": 13.43,
            "y": -5.96
          }
        },
        {
          "team": 2,
          "pos": {
            "x": -10.52,
            "y": 1.06
          }
        }
      ]
    },
    {
      "time": 1.4,
      "ball": {
        "pos": {
          "x": -2.876,
          "y": -4.655,
          "z": 0.262
        }
      },
      "players": [
        {
          "team": 1,
          "pos": {
            "x": 13.43,
            "y": -5.96
          }
        },
        {
          "team": 2,
          "pos": {
            "x": -10.52,
            "y": 1.06
          }
        }
      ]
    },
    {
      "time": 1.42,
      "ball": {
        "pos": {
          "x": -2.928,
          "y": -4.695,
          "z": 0.246
        }
      },
      "players": [
        {
          "team": 1,
          "pos": {
            "x": 13.43,
            "y": -5.96
          }
        },
        {
          "team": 2,
          "pos": {
            "x": -10.52,
            "y": 1.06
          }
        }
      ]
    },
    {
      "time": 1.44,
      "ball": {
        "pos": {
          "x": -2.979,
          "y": -4.734,
          "z": 0.225
        }
      },
      "players": [
        {
          "team": 1,
          "pos": {
            "x": 13.43,
            "y": -5.96
          }
        },
        {
          "team": 2,
          "pos": {
            "x": -10.52,
            "y": 1.06
          }
        }
      ]
    },
    {
      "time": 1.46,
      "ball": {
        "pos": {
          "x": -3.03,
          "y": -4.772,
          "z": 0.201
        }
      },
      "players": [
        {
          "team": 1,
          "pos": {
            "x": 13.43,
            "y": -5.96
          }
        },
        {
          "team": 2,
          "pos": {
            "x": -10.52,
            "y": 1.06
          }
        }
      ]
    },
    {
      "time": 1.48,
      "ball": {
        "pos": {
          "x": -3.08,
          "y": -4.811,
          "z": 0.173
        }
      },
      "players": [
        {
          "team": 1,
          "pos": {
            "x": 13.43,
            "y": -5.96
          }
        },
        {
          "team": 2,
          "pos": {
            "x": -10.52,
            "y": 1.06
          }
        }
      ]
    },
    {
      "time": 1.5,
      "ball": {
        "pos": {
          "x": -3.131,
          "y": -4.85,
          "z": 0.141
        }
      },
      "players": [
        {
          "team": 1,
          "pos": {
            "x": 13.43,
            "y": -5.96
          }
        },
        {
          "team": 2,
          "pos": {
            "x": -10.52,
            "y": 1.06
          }
        }
      ]
    },
    {
      "time": 1.52,
      "ball": {
        "pos": {
          "x": -3.181,
          "y": -4.888,
          "z": 0.104
        }
      },
      "players": [
        {
          "team": 1,
          "pos": {
            "x": 13.43,
            "y": -5.96
          }
        },
        {
          "team": 2,
          "pos": {
            "x": -10.52,
            "y": 1.06
          }
        }
      ]
    },
    {
      "time": 1.54,
      "ball": {
        "pos": {
          "x": -3.231,
          "y": -4.927,
          "z": 0.064
        }
      },
      "players": [
        {
          "team": 1,
          "pos": {
            "x": 13.43,
            "y": -5.96
          }
        },
        {
          "team": 2,
          "pos": {
            "x": -10.52,
            "y": 1.06
          }
        }
      ]
    },
    {
      "time": 1.559,
      "event": "bounce",
      "ball": {
        "pos": {
          "x": -3.278,
          "y": -4.963,
          "z": 0.021
        }
      },
      "players": [
        {
          "team": 1,
          "pos": {
            "x": 13.43,
            "y": -5.96
          }
        },
        {
          "team": 2,
          "pos": {
            "x": -10.52,
            "y": 1.06
          }
        }
      ]
    },
    {
      "time": 1.56,
      "ball": {
        "pos": {
          "x": -3.28,
          "y": -4.965,
          "z": 0.013
        }
      },
      "players": [
        {
          "team": 1,
          "pos": {
            "x": 13.43,
            "y": -5.96
          }
        },
        {
          "team": 2,
          "pos": {
            "x": -10.52,
            "y": 1.06
          }
        }
      ]
    },
    {
      "time": 1.564,
      "ball": {
        "pos": {
          "x": -3.291,
          "y": -4.973,
          "z": 0.021
        }
      },
      "players": [
        {
          "team": 1,
          "pos": {
            "x": 13.43,
            "y": -5.96
          }
        },
        {
          "team": 2,
          "pos": {
            "x": -10.52,
            "y": 1.06
          }
        }
      ]
    },
    {
      "time": 1.58,
      "players": [
        {
          "team": 1,
          "pos": {
            "x": 13.43,
            "y": -5.96
          }
        },
        {
          "team": 2,
          "pos": {
            "x": -10.52,
            "y": 1.06
          }
        }
      ]
    },
    {
      "time": 1.6,
      "players": [
        {
          "team": 1,
          "pos": {
            "x": 13.43,
            "y": -5.96
          }
        },
        {
          "team": 2,
          "pos": {
            "x": -10.52,
            "y": 1.06
          }
        }
      ]
    },
    {
      "time": 1.62,
      "players": [
        {
          "team": 1,
          "pos": {
            "x": 13.43,
            "y": -5.96
          }
        },
        {
          "team": 2,
          "pos": {
            "x": -10.52,
            "y": 1.06
          }
        }
      ]
    },
    {
      "time": 1.64,
      "players": [
        {
          "team": 1,
          "pos": {
            "x": 13.43,
            "y": -5.96
          }
        },
        {
          "team": 2,
          "pos": {
            "x": -10.52,
            "y": 1.06
          }
        }
      ]
    },
    {
      "time": 1.66,
      "players": [
        {
          "team": 1,
          "pos": {
            "x": 13.43,
            "y": -5.96
          }
        },
        {
          "team": 2,
          "pos": {
            "x": -10.52,
            "y": 1.06
          }
        }
      ]
    },
    {
      "time": 1.68,
      "players": [
        {
          "team": 1,
          "pos": {
            "x": 13.43,
            "y": -5.96
          }
        },
        {
          "team": 2,
          "pos": {
            "x": -10.52,
            "y": 1.06
          }
        }
      ]
    },
    {
      "time": 1.7,
      "players": [
        {
          "team": 1,
          "pos": {
            "x": 13.43,
            "y": -5.96
          }
        },
        {
          "team": 2,
          "pos": {
            "x": -10.52,
            "y": 1.06
          }
        }
      ]
    },
    {
      "time": 1.72,
      "players": [
        {
          "team": 1,
          "pos": {
            "x": 13.43,
            "y": -5.96
          }
        },
        {
          "team": 2,
          "pos": {
            "x": -10.52,
            "y": 1.06
          }
        }
      ]
    },
    {
      "time": 1.74,
      "players": [
        {
          "team": 1,
          "pos": {
            "x": 13.43,
            "y": -5.96
          }
        },
        {
          "team": 2,
          "pos": {
            "x": -10.52,
            "y": 1.06
          }
        }
      ]
    },
    {
      "time": 1.76,
      "players": [
        {
          "team": 1,
          "pos": {
            "x": 13.43,
            "y": -5.96
          }
        },
        {
          "team": 2,
          "pos": {
            "x": -10.52,
            "y": 1.06
          }
        }
      ]
    },
    {
      "time": 1.78,
      "players": [
        {
          "team": 1,
          "pos": {
            "x": 13.43,
            "y": -5.96
          }
        },
        {
          "team": 2,
          "pos": {
            "x": -10.52,
            "y": 1.06
          }
        }
      ]
    },
    {
      "time": 1.8,
      "players": [
        {
          "team": 1,
          "pos": {
            "x": 13.43,
            "y": -5.96
          }
        },
        {
          "team": 2,
          "pos": {
            "x": -10.52,
            "y": 1.06
          }
        }
      ]
    },
    {
      "time": 1.82,
      "players": [
        {
          "team": 1,
          "pos": {
            "x": 13.43,
            "y": -5.96
          }
        },
        {
          "team": 2,
          "pos": {
            "x": -10.52,
            "y": 1.06
          }
        }
      ]
    },
    {
      "time": 1.84,
      "players": [
        {
          "team": 1,
          "pos": {
            "x": 13.43,
            "y": -5.96
          }
        },
        {
          "team": 2,
          "pos": {
            "x": -10.52,
            "y": 1.06
          }
        }
      ]
    },
    {
      "time": 1.86,
      "players": [
        {
          "team": 1,
          "pos": {
            "x": 13.43,
            "y": -5.96
          }
        },
        {
          "team": 2,
          "pos": {
            "x": -10.52,
            "y": 1.06
          }
        }
      ]
    }
  ]
}