{
  "id": "af44a30b-ef8a-422c-8da4-2e813eadcc6a",
  "sequences": {
    "set": 3,
    "game": 10,
    "point": 1,
    "serve": 1,
    "rally": 1
  },
  "match": {
    "season": 2025,
    "tournament_id": 9999,
    "draw_code": "MS001",
    "court_id": 1,
    "players": [
      {
        "forename": "Andy",
        "surname": "Bernard",
        "team": 1,
        "external_id": "AB12"
      },
      {
        "forename": "Cedric",
        "surname": "Diggory",
        "team": 2,
        "external_id": "CD34"
      }
    ]
  },
  "shots": [
    {
      "shot_no": 1,
      "team": 1,
      "stroke": "serve",
      "spin": {
        "type": "backspin",
        "rpm": -1372.363
      },
      "speed_ms": 51.065,
      "call": "out",
      "distance": null,
      "time_utc": "2025-01-01T13:15:45.415Z",
      "time": 0.0,
      "duration": 1.188
    }
  ],
  "samples": [
    {
      "time": -1.88,
      "players": [
        {
          "team": 1,
          "pos": {
            "x": 14.37,
            "y": 4.01
          }
        },
        {
          "team": 2,
          "pos": {
            "x": -12.0,
            "y": -1.41
          }
        }
      ]
    },
    {
      "time": -1.86,
      "players": [
        {
          "team": 1,
          "pos": {
            "x": 14.37,
            "y": 4.01
          }
        },
        {
          "team": 2,
          "pos": {
            "x": -12.0,
            "y": -1.41
          }
        }
      ]
    },
    {
      "time": -1.84,
      "players": [
        {
          "team": 1,
          "pos": {
            "x": 14.37,
            "y": 4.01
          }
        },
        {
          "team": 2,
          "pos": {
            "x": -11.98,
            "y": -1.37
          }
        }
      ]
    },
    {
      "time": -1.82,
      "players": [
        {
          "team": 1,
          "pos": {
            "x": 14.38,
            "y": 4.01
          }
        },
        {
          "team": 2,
          "pos": {
            "x": -11.98,
            "y": -1.36
          }
        }
      ]
    },
    {
      "time": -1.8,
      "players": [
        {
          "team": 1,
          "pos": {
            "x": 14.39,
            "y": 4.01
          }
        },
        {
          "team": 2,
          "pos": {
            "x": -11.96,
            "y": -1.35
          }
        }
      ]
    },
    {
      "time": -1.78,
      "players": [
        {
          "team": 1,
          "pos": {
            "x": 14.39,
            "y": 3.99
          }
        },
        {
          "team": 2,
          "pos": {
            "x": -11.96,
            "y": -1.37
          }
        }
      ]
    },
    {
      "time": -1.76,
      "players": [
        {
          "team": 1,
          "pos": {
            "x": 14.39,
            "y": 3.99
          }
        },
        {
          "team": 2,
          "pos": {
            "x": -11.94,
            "y": -1.36
          }
        }
      ]
    },
    {
      "time": -1.74,
      "players": [
        {
          "team": 1,
          "pos": {
            "x": 14.42,
            "y": 3.98
          }
        },
        {
          "team": 2,
          "pos": {
            "x": -11.95,
            "y": -1.32
          }
        }
      ]
    },
    {
      "time": -1.72,
      "players": [
        {
          "team": 1,
          "pos": {
            "x": 14.44,
            "y": 3.98
          }
        },
        {
          "team": 2,
          "pos": {
            "x": -11.95,
            "y": -1.31
          }
        }
      ]
    },
    {
      "time": -1.7,
      "players": [
        {
          "team": 1,
          "pos": {
            "x": 14.46,
            "y": 3.98
          }
        },
        {
          "team": 2,
          "pos": {
            "x": -11.95,
            "y": -1.28
          }
        }
      ]
    },
    {
      "time": -1.68,
      "players": [
        {
          "team": 1,
          "pos": {
            "x": 14.51,
            "y": 3.96
          }
        },
        {
          "team": 2,
          "pos": {
            "x": -11.94,
            "y": -1.29
          }
        }
      ]
    },
    {
      "time": -1.66,
      "players": [
        {
          "team": 1,
          "pos": {
            "x": 14.53,
            "y": 3.98
          }
        },
        {
          "team": 2,
          "pos": {
            "x": -11.95,
            "y": -1.25
          }
        }
      ]
    },
    {
      "time": -1.64,
      "players": [
        {
          "team": 1,
          "pos": {
            "x": 14.54,
            "y": 4.01
          }
        },
        {
          "team": 2,
          "pos": {
            "x": -11.93,
            "y": -1.22
          }
        }
      ]
    },
    {
      "time": -1.62,
      "players": [
        {
          "team": 1,
          "pos": {
            "x": 14.54,
            "y": 4.01
          }
        },
        {
          "team": 2,
          "pos": {
            "x": -11.92,
            "y": -1.18
          }
        }
      ]
    },
    {
      "time": -1.6,
      "players": [
        {
          "team": 1,
          "pos": {
            "x": 14.58,
            "y": 4.0
          }
        },
        {
          "team": 2,
          "pos": {
            "x": -11.94,
            "y": -1.17
          }
        }
      ]
    },
    {
      "time": -1.58,
      "players": [
        {
          "team": 1,
          "pos": {
            "x": 14.61,
            "y": 3.99
          }
        },
        {
          "team": 2,
          "pos": {
            "x": -11.94,
            "y": -1.17
          }
        }
      ]
    },
    {
      "time": -1.56,
      "players": [
        {
          "team": 1,
          "pos": {
            "x": 14.62,
            "y": 3.98
          }
        },
        {
          "team": 2,
          "pos": {
            "x": -11.94,
            "y": -1.16
          }
        }
      ]
    },
    {
      "time": -1.54,
      "players": [
        {
          "team": 1,
          "pos": {
            "x": 14.64,
            "y": 3.97
          }
        },
        {
          "team": 2,
          "pos": {
            "x": -11.92,
            "y": -1.17
          }
        }
      ]
    },
    {
      "time": -1.52,
      "players": [
        {
          "team": 1,
          "pos": {
            "x": 14.71,
            "y": 4.01
          }
        },
        {
          "team": 2,
          "pos": {
            "x": -11.93,
            "y": -1.16
          }
        }
      ]
    },
    {
      "time": -1.5,
      "players": [
        {
          "team": 1,
          "pos": {
            "x": 14.78,
            "y": 4.01
          }
        },
        {
          "team": 2,
          "pos": {
            "x": -11.94,
            "y": -1.14
          }
        }
      ]
    },
    {
      "time": -1.48,
      "players": [
        {
          "team": 1,
          "pos": {
            "x": 14.77,
            "y": 4.04
          }
        },
        {
          "team": 2,
          "pos": {
            "x": -11.95,
            "y": -1.13
          }
        }
      ]
    },
    {
      "time": -1.46,
      "players": [
        {
          "team": 1,
          "pos": {
            "x": 14.76,
            "y": 4.07
          }
        },
        {
          "team": 2,
          "pos": {
            "x": -11.96,
            "y": -1.11
          }
        }
      ]
    },
    {
      "time": -1.44,
      "players": [
        {
          "team": 1,
          "pos": {
            "x": 14.76,
            "y": 4.05
          }
        },
        {
          "team": 2,
          "pos": {
            "x": -11.98,
            "y": -1.11
          }
        }
      ]
    },
    {
      "time": -1.42,
      "players": [
        {
          "team": 1,
          "pos": {
            "x": 14.79,
            "y": 4.04
          }
        },
        {
          "team": 2,
          "pos": {
            "x": -11.98,
            "y": -1.11
          }
        }
      ]
    },
    {
      "time": -1.4,
      "players": [
        {
          "team": 1,
          "pos": {
            "x": 14.79,
            "y": 4.01
          }
        },
        {
          "team": 2,
          "pos": {
            "x": -11.98,
            "y": -1.11
          }
        }
      ]
    },
    {
      "time": -1.38,
      "players": [
        {
          "team": 1,
          "pos": {
            "x": 14.82,
            "y": 4.01
          }
        },
        {
          "team": 2,
          "pos": {
            "x": -11.97,
            "y": -1.11
          }
        }
      ]
    },
    {
      "time": -1.36,
      "players": [
        {
          "team": 1,
          "pos": {
            "x": 14.84,
            "y": 4.03
          }
        },
        {
          "team": 2,
          "pos": {
            "x": -11.96,
            "y": -1.09
          }
        }
      ]
    },
    {
      "time": -1.34,
      "players": [
        {
          "team": 1,
          "pos": {
            "x": 14.86,
            "y": 4.01
          }
        },
        {
          "team": 2,
          "pos": {
            "x": -11.98,
            "y": -1.06
          }
        }
      ]
    },
    {
      "time": -1.32,
      "players": [
        {
          "team": 1,
          "pos": {
            "x": 14.86,
            "y": 3.99
          }
        },
        {
          "team": 2,
          "pos": {
            "x": -11.98,
            "y": -1.03
          }
        }
      ]
    },
    {
      "time": -1.3,
      "players": [
        {
          "team": 1,
          "pos": {
            "x": 14.92,
            "y": 4.02
          }
        },
        {
          "team": 2,
          "pos": {
            "x": -11.98,
            "y": -1.01
          }
        }
      ]
    },
    {
      "time": -1.28,
      "players": [
        {
          "team": 1,
          "pos": {
            "x": 14.96,
            "y": 4.04
          }
        },
        {
          "team": 2,
          "pos": {
            "x": -12.0,
            "y": -0.98
          }
        }
      ]
    },
    {
      "time": -1.26,
      "players": [
        {
          "team": 1,
          "pos": {
            "x": 15.01,
            "y": 4.07
          }
        },
        {
          "team": 2,
          "pos": {
            "x": -12.03,
            "y": -0.94
          }
        }
      ]
    },
    {
      "time": -1.24,
      "players": [
        {
          "team": 1,
          "pos": {
            "x": 14.99,
            "y": 4.05
          }
        },
        {
          "team": 2,
          "pos": {
            "x": -12.05,
            "y": -0.89
          }
        }
      ]
    },
    {
      "time": -1.226,
      "ball": {
        "pos": {
          "x": -11.929,
          "y": -1.42,
          "z": 0.632
        }
      },
      "players": [
        {
          "team": 1,
          "pos": {
            "x": 14.86,
            "y": 3.99
          }
        },
        {
          "team": 2,
          "pos": {
            "x": -12.06,
            "y": -0.93
          }
        }
      ]
    },
    {
      "time": -1.22,
      "ball": {
        "pos": {
          "x": -11.922,
          "y": -1.429,
          "z": 0.669
        }
      },
      "players": [
        {
          "team": 1,
          "pos": {
            "x": 14.96,
            "y": 4.01
          }
        },
        {
          "team": 2,
          "pos": {
            "x": -12.06,
            "y": -0.93
          }
        }
      ]
    },
    {
      "time": -1.2,
      "ball": {
        "pos": {
          "x": -11.902,
          "y": -1.457,
          "z": 0.787
        }
      },
      "players": [
        {
          "team": 1,
          "pos": {
            "x": 14.94,
            "y": 4.0
          }
        },
        {
          "team": 2,
          "pos": {
            "x": -12.07,
            "y": -0.93
          }
        }
      ]
    },
    {
      "time": -1.18,
      "ball": {
        "pos": {
          "x": -11.882,
          "y": -1.483,
          "z": 0.902
        }
      },
      "players": [
        {
          "team": 1,
          "pos": {
            "x": 14.93,
            "y": 3.98
          }
        },
        {
          "team": 2,
          "pos": {
            "x": -12.09,
            "y": -0.93
          }
        }
      ]
    },
    {
      "time": -1.16,
      "ball": {
        "pos": {
          "x": -11.863,
          "y": -1.506,
          "z": 1.016
        }
      },
      "players": [
        {
          "team": 1,
          "pos": {
            "x": 14.89,
            "y": 3.97
          }
        },
        {
          "team": 2,
          "pos": {
            "x": -12.05,
            "y": -0.91
          }
        }
      ]
    },
    {
      "time": -1.14,
      "ball": {
        "pos": {
          "x": -11.845,
          "y": -1.526,
          "z": 1.128
        }
      },
      "players": [
        {
          "team": 1,
          "pos": {
            "x": 14.87,
            "y": 3.96
          }
        },
        {
          "team": 2,
          "pos": {
            "x": -12.08,
            "y": -0.95
          }
        }
      ]
    },
    {
      "time": -1.12,
      "ball": {
        "pos": {
          "x": -11.828,
          "y": -1.544,
          "z": 1.237
        }
      },
      "players": [
        {
          "team": 1,
          "pos": {
            "x": 14.88,
            "y": 3.94
          }
        },
        {
          "team": 2,
          "pos": {
            "x": -12.08,
            "y": -0.97
          }
        }
      ]
    },
    {
      "time": -1.1,
      "ball": {
        "pos": {
          "x": -11.812,
          "y": -1.559,
          "z": 1.345
        }
      },
      "players": [
        {
          "team": 1,
          "pos": {
            "x": 14.85,
            "y": 3.92
          }
        },
        {
          "team": 2,
          "pos": {
            "x": -12.08,
            "y": -0.99
          }
        }
      ]
    },
    {
      "time": -1.08,
      "ball": {
        "pos": {
          "x": -11.796,
          "y": -1.573,
          "z": 1.451
        }
      },
      "players": [
        {
          "team": 1,
          "pos": {
            "x": 14.83,
            "y": 3.9
          }
        },
        {
          "team": 2,
          "pos": {
            "x": -12.04,
            "y": -1.01
          }
        }
      ]
    },
    {
      "time": -1.06,
      "ball": {
        "pos": {
          "x": -11.782,
          "y": -1.584,
          "z": 1.555
        }
      },
      "players": [
        {
          "team": 1,
          "pos": {
            "x": 14.8,
            "y": 3.89
          }
        },
        {
          "team": 2,
          "pos": {
            "x": -12.04,
            "y": -1.02
          }
        }
      ]
    },
    {
      "time": -1.04,
      "ball": {
        "pos": {
          "x": -11.768,
          "y": -1.593,
          "z": 1.657
        }
      },
      "players": [
        {
          "team": 1,
          "pos": {
            "x": 14.79,
            "y": 3.88
          }
        },
        {
          "team": 2,
          "pos": {
            "x": -12.0,
            "y": -1.02
          }
        }
      ]
    },
    {
      "time": -1.02,
      "ball": {
        "pos": {
          "x": -11.755,
          "y": -1.599,
          "z": 1.757
        }
      },
      "players": [
        {
          "team": 1,
          "pos": {
            "x": 14.76,
            "y": 3.87
          }
        },
        {
          "team": 2,
          "pos": {
            "x": -12.02,
            "y": -0.99
          }
        }
      ]
    },
    {
      "time": -1.0,
      "ball": {
        "pos": {
          "x": -11.742,
          "y": -1.604,
          "z": 1.854
        }
      },
      "players": [
        {
          "team": 1,
          "pos": {
            "x": 14.74,
            "y": 3.86
          }
        },
        {
          "team": 2,
          "pos": {
            "x": -11.98,
            "y": -1.03
          }
        }
      ]
    },
    {
      "time": -0.98,
      "ball": {
        "pos": {
          "x": -11.731,
          "y": -1.607,
          "z": 1.95
        }
      },
      "players": [
        {
          "team": 1,
          "pos": {
            "x": 14.72,
            "y": 3.85
          }
        },
        {
          "team": 2,
          "pos": {
            "x": -11.95,
            "y": -1.04
          }
        }
      ]
    },
    {
      "time": -0.96,
      "ball": {
        "pos": {
          "x": -11.72,
          "y": -1.608,
          "z": 2.042
        }
      },
      "players": [
        {
          "team": 1,
          "pos": {
            "x": 14.71,
            "y": 3.85
          }
        },
        {
          "team": 2,
          "pos": {
            "x": -11.94,
            "y": -1.09
          }
        }
      ]
    },
    {
      "time": -0.94,
      "ball": {
        "pos": {
          "x": -11.71,
          "y": -1.607,
          "z": 2.133
        }
      },
      "players": [
        {
          "team": 1,
          "pos": {
            "x": 14.68,
            "y": 3.86
          }
        },
        {
          "team": 2,
          "pos": {
            "x": -11.99,
            "y": -1.15
          }
        }
      ]
    },
    {
      "time": -0.92,
      "ball": {
        "pos": {
          "x": -11.7,
          "y": -1.604,
          "z": 2.221
        }
      },
      "players": [
        {
          "team": 1,
          "pos": {
            "x": 14.65,
            "y": 3.84
          }
        },
        {
          "team": 2,
          "pos": {
            "x": -12.01,
            "y": -1.2
          }
        }
      ]
    },
    {
      "time": -0.9,
      "ball": {
        "pos": {
          "x": -11.691,
          "y": -1.599,
          "z": 2.307
        }
      },
      "players": [
        {
          "team": 1,
          "pos": {
            "x": 14.63,
            "y": 3.85
          }
        },
        {
          "team": 2,
          "pos": {
            "x": -12.04,
            "y": -1.23
          }
        }
      ]
    },
    {
      "time": -0.88,
      "ball": {
        "pos": {
          "x": -11.683,
          "y": -1.593,
          "z": 2.39
        }
      },
      "players": [
        {
          "team": 1,
          "pos": {
            "x": 14.59,
            "y": 3.89
          }
        },
        {
          "team": 2,
          "pos": {
            "x": -12.13,
            "y": -1.28
          }
        }
      ]
    },
    {
      "time": -0.86,
      "ball": {
        "pos": {
          "x": -11.676,
          "y": -1.585,
          "z": 2.47
        }
      },
      "players": [
        {
          "team": 1,
          "pos": {
            "x": 14.58,
            "y": 3.88
          }
        },
        {
          "team": 2,
          "pos": {
            "x": -12.23,
            "y": -1.27
          }
        }
      ]
    },
    {
      "time": -0.84,
      "ball": {
        "pos": {
          "x": -11.668,
          "y": -1.576,
          "z": 2.548
        }
      },
      "players": [
        {
          "team": 1,
          "pos": {
            "x": 14.55,
            "y": 3.87
          }
        },
        {
          "team": 2,
          "pos": {
            "x": -12.31,
            "y": -1.24
          }
        }
      ]
    },
    {
      "time": -0.82,
      "ball": {
        "pos": {
          "x": -11.662,
          "y": -1.565,
          "z": 2.623
        }
      },
      "players": [
        {
          "team": 1,
          "pos": {
            "x": 14.53,
            "y": 3.87
          }
        },
        {
          "team": 2,
          "pos": {
            "x": -12.34,
            "y": -1.25
          }
        }
      ]
    },
    {
      "time": -0.8,
      "ball": {
        "pos": {
          "x": -11.656,
          "y": -1.553,
          "z": 2.696
        }
      },
      "players": [
        {
          "team": 1,
          "pos": {
            "x": 14.53,
            "y": 3.87
          }
        },
        {
          "team": 2,
          "pos": {
            "x": -12.39,
            "y": -1.31
          }
        }
      ]
    },
    {
      "time": -0.78,
      "ball": {
        "pos": {
          "x": -11.65,
          "y": -1.539,
          "z": 2.766
        }
      },
      "players": [
        {
          "team": 1,
          "pos": {
            "x": 14.53,
            "y": 3.88
          }
        },
        {
          "team": 2,
          "pos": {
            "x": -12.44,
            "y": -1.34
          }
        }
      ]
    },
    {
      "time": -0.76,
      "ball": {
        "pos": {
          "x": -11.645,
          "y": -1.524,
          "z": 2.833
        }
      },
      "players": [
        {
          "team": 1,
          "pos": {
            "x": 14.55,
            "y": 3.89
          }
        },
        {
          "team": 2,
          "pos": {
            "x": -12.5,
            "y": -1.33
          }
        }
      ]
    },
    {
      "time": -0.74,
      "ball": {
        "pos": {
          "x": -11.641,
          "y": -1.508,
          "z": 2.897
        }
      },
      "players": [
        {
          "team": 1,
          "pos": {
            "x": 14.56,
            "y": 3.93
          }
        },
        {
          "team": 2,
          "pos": {
            "x": -12.55,
            "y": -1.33
          }
        }
      ]
    },
    {
      "time": -0.72,
      "ball": {
        "pos": {
          "x": -11.637,
          "y": -1.49,
          "z": 2.958
        }
      },
      "players": [
        {
          "team": 1,
          "pos": {
            "x": 14.51,
            "y": 3.99
          }
        },
        {
          "team": 2,
          "pos": {
            "x": -12.61,
            "y": -1.33
          }
        }
      ]
    },
    {
      "time": -0.7,
      "ball": {
        "pos": {
          "x": -11.633,
          "y": -1.472,
          "z": 3.016
        }
      },
      "players": [
        {
          "team": 1,
          "pos": {
            "x": 14.49,
            "y": 3.98
          }
        },
        {
          "team": 2,
          "pos": {
            "x": -12.62,
            "y": -1.38
          }
        }
      ]
    },
    {
      "time": -0.68,
      "ball": {
        "pos": {
          "x": -11.629,
          "y": -1.452,
          "z": 3.071
        }
      },
      "players": [
        {
          "team": 1,
          "pos": {
            "x": 14.45,
            "y": 4.02
          }
        },
        {
          "team": 2,
          "pos": {
            "x": -12.61,
            "y": -1.37
          }
        }
      ]
    },
    {
      "time": -0.66,
      "ball": {
        "pos": {
          "x": -11.626,
          "y": -1.431,
          "z": 3.123
        }
      },
      "players": [
        {
          "team": 1,
          "pos": {
            "x": 14.44,
            "y": 3.99
          }
        },
        {
          "team": 2,
          "pos": {
            "x": -12.61,
            "y": -1.39
          }
        }
      ]
    },
    {
      "time": -0.64,
      "ball": {
        "pos": {
          "x": -11.624,
          "y": -1.41,
          "z": 3.172
        }
      },
      "players": [
        {
          "team": 1,
          "pos": {
            "x": 14.37,
            "y": 4.0
          }
        },
        {
          "team": 2,
          "pos": {
            "x": -12.61,
            "y": -1.38
          }
        }
      ]
    },
    {
      "time": -0.62,
      "ball": {
        "pos": {
          "x": -11.622,
          "y": -1.387,
          "z": 3.218
        }
      },
      "players": [
        {
          "team": 1,
          "pos": {
            "x": 14.34,
            "y": 4.03
          }
        },
        {
          "team": 2,
          "pos": {
            "x": -12.61,
            "y": -1.41
          }
        }
      ]
    },
    {
      "time": -0.6,
      "ball": {
        "pos": {
          "x": -11.62,
          "y": -1.364,
          "z": 3.26
        }
      },
      "players": [
        {
          "team": 1,
          "pos": {
            "x": 14.31,
            "y": 4.04
          }
        },
        {
          "team": 2,
          "pos": {
            "x": -12.61,
            "y": -1.45
          }
        }
      ]
    },
    {
      "time": -0.58,
      "ball": {
        "pos": {
          "x": -11.618,
          "y": -1.34,
          "z": 3.299
        }
      },
      "players": [
        {
          "team": 1,
          "pos": {
            "x": 14.32,
            "y": 4.0
          }
        },
        {
          "team": 2,
          "pos": {
            "x": -12.63,
            "y": -1.47
          }
        }
      ]
    },
    {
      "time": -0.56,
      "ball": {
        "pos": {
          "x": -11.616,
          "y": -1.315,
          "z": 3.335
        }
      },
      "players": [
        {
          "team": 1,
          "pos": {
            "x": 14.32,
            "y": 3.98
          }
        },
        {
          "team": 2,
          "pos": {
            "x": -12.63,
            "y": -1.5
          }
        }
      ]
    },
    {
      "time": -0.54,
      "ball": {
        "pos": {
          "x": -11.615,
          "y": -1.29,
          "z": 3.368
        }
      },
      "players": [
        {
          "team": 1,
          "pos": {
            "x": 14.33,
            "y": 3.96
          }
        },
        {
          "team": 2,
          "pos": {
            "x": -12.64,
            "y": -1.52
          }
        }
      ]
    },
    {
      "time": -0.52,
      "ball": {
        "pos": {
          "x": -11.614,
          "y": -1.264,
          "z": 3.397
        }
      },
      "players": [
        {
          "team": 1,
          "pos": {
            "x": 14.32,
            "y": 3.95
          }
        },
        {
          "team": 2,
          "pos": {
            "x": -12.63,
            "y": -1.54
          }
        }
      ]
    },
    {
      "time": -0.5,
      "ball": {
        "pos": {
          "x": -11.613,
          "y": -1.237,
          "z": 3.422
        }
      },
      "players": [
        {
          "team": 1,
          "pos": {
            "x": 14.28,
            "y": 3.96
          }
        },
        {
          "team": 2,
          "pos": {
            "x": -12.63,
            "y": -1.55
          }
        }
      ]
    },
    {
      "time": -0.48,
      "ball": {
        "pos": {
          "x": -11.612,
          "y": -1.21,
          "z": 3.444
        }
      },
      "players": [
        {
          "team": 1,
          "pos": {
            "x": 14.27,
            "y": 3.93
          }
        },
        {
          "team": 2,
          "pos": {
            "x": -12.63,
            "y": -1.57
          }
        }
      ]
    },
    {
      "time": -0.46,
      "ball": {
        "pos": {
          "x": -11.612,
          "y": -1.183,
          "z": 3.463
        }
      },
      "players": [
        {
          "team": 1,
          "pos": {
            "x": 14.25,
            "y": 3.89
          }
        },
        {
          "team": 2,
          "pos": {
            "x": -12.61,
            "y": -1.59
          }
        }
      ]
    },
    {
      "time": -0.44,
      "ball": {
        "pos": {
          "x": -11.612,
          "y": -1.155,
          "z": 3.477
        }
      },
      "players": [
        {
          "team": 1,
          "pos": {
            "x": 14.24,
            "y": 3.87
          }
        },
        {
          "team": 2,
          "pos": {
            "x": -12.62,
            "y": -1.59
          }
        }
      ]
    },
    {
      "time": -0.42,
      "ball": {
        "pos": {
          "x": -11.611,
          "y": -1.127,
          "z": 3.488
        }
      },
      "players": [
        {
          "team": 1,
          "pos": {
            "x": 14.22,
            "y": 3.87
          }
        },
        {
          "team": 2,
          "pos": {
            "x": -12.63,
            "y": -1.59
          }
        }
      ]
    },
    {
      "time": -0.4,
      "ball": {
        "pos": {
          "x": -11.611,
          "y": -1.099,
          "z": 3.496
        }
      },
      "players": [
        {
          "team": 1,
          "pos": {
            "x": 14.2,
            "y": 3.84
          }
        },
        {
          "team": 2,
          "pos": {
            "x": -12.63,
            "y": -1.6
          }
        }
      ]
    },
    {
      "time": -0.38,
      "ball": {
        "pos": {
          "x": -11.611,
          "y": -1.071,
          "z": 3.499
        }
      },
      "players": [
        {
          "team": 1,
          "pos": {
            "x": 14.19,
            "y": 3.83
          }
        },
        {
          "team": 2,
          "pos": {
            "x": -12.63,
            "y": -1.61
          }
        }
      ]
    },
    {
      "time": -0.372,
      "ball": {
        "pos": {
          "x": -11.611,
          "y": -1.059,
          "z": 3.5
        }
      },
      "players": [
        {
          "team": 1,
          "pos": {
            "x": 14.25,
            "y": 3.9
          }
        },
        {
          "team": 2,
          "pos": {
            "x": -12.62,
            "y": -1.6
          }
        }
      ]
    },
    {
      "time": -0.36,
      "ball": {
        "pos": {
          "x": -11.611,
          "y": -1.042,
          "z": 3.499
        }
      },
      "players": [
        {
          "team": 1,
          "pos": {
            "x": 14.13,
            "y": 3.82
          }
        },
        {
          "team": 2,
          "pos": {
            "x": -12.61,
            "y": -1.57
          }
        }
      ]
    },
    {
      "time": -0.34,
      "ball": {
        "pos": {
          "x": -11.61,
          "y": -1.014,
          "z": 3.495
        }
      },
      "players": [
        {
          "team": 1,
          "pos": {
            "x": 14.08,
            "y": 3.79
          }
        },
        {
          "team": 2,
          "pos": {
            "x": -12.58,
            "y": -1.51
          }
        }
      ]
    },
    {
      "time": -0.32,
      "ball": {
        "pos": {
          "x": -11.61,
          "y": -0.985,
          "z": 3.486
        }
      },
      "players": [
        {
          "team": 1,
          "pos": {
            "x": 14.0,
            "y": 3.76
          }
        },
        {
          "team": 2,
          "pos": {
            "x": -12.55,
            "y": -1.49
          }
        }
      ]
    },
    {
      "time": -0.3,
      "ball": {
        "pos": {
          "x": -11.61,
          "y": -0.957,
          "z": 3.474
        }
      },
      "players": [
        {
          "team": 1,
          "pos": {
            "x": 13.96,
            "y": 3.75
          }
        },
        {
          "team": 2,
          "pos": {
            "x": -12.51,
            "y": -1.39
          }
        }
      ]
    },
    {
      "time": -0.28,
      "ball": {
        "pos": {
          "x": -11.61,
          "y": -0.929,
          "z": 3.458
        }
      },
      "players": [
        {
          "team": 1,
          "pos": {
            "x": 13.9,
            "y": 3.75
          }
        },
        {
          "team": 2,
          "pos": {
            "x": -12.49,
            "y": -1.41
          }
        }
      ]
    },
    {
      "time": -0.26,
      "ball": {
        "pos": {
          "x": -11.609,
          "y": -0.901,
          "z": 3.437
        }
      },
      "players": [
        {
          "team": 1,
          "pos": {
            "x": 13.83,
            "y": 3.74
          }
        },
        {
          "team": 2,
          "pos": {
            "x": -12.49,
            "y": -1.43
          }
        }
      ]
    },
    {
      "time": -0.24,
      "ball": {
        "pos": {
          "x": -11.609,
          "y": -0.873,
          "z": 3.413
        }
      },
      "players": [
        {
          "team": 1,
          "pos": {
            "x": 13.78,
            "y": 3.78
          }
        },
        {
          "team": 2,
          "pos": {
            "x": -12.47,
            "y": -1.45
          }
        }
      ]
    },
    {
      "time": -0.22,
      "ball": {
        "pos": {
          "x": -11.608,
          "y": -0.845,
          "z": 3.384
        }
      },
      "players": [
        {
          "team": 1,
          "pos": {
            "x": 13.71,
            "y": 3.78
          }
        },
        {
          "team": 2,
          "pos": {
            "x": -12.45,
            "y": -1.46
          }
        }
      ]
    },
    {
      "time": -0.2,
      "ball": {
        "pos": {
          "x": -11.608,
          "y": -0.818,
          "z": 3.351
        }
      },
      "players": [
        {
          "team": 1,
          "pos": {
            "x": 13.66,
            "y": 3.74
          }
        },
        {
          "team": 2,
          "pos": {
            "x": -12.39,
            "y": -1.41
          }
        }
      ]
    },
    {
      "time": -0.18,
      "ball": {
        "pos": {
          "x": -11.607,
          "y": -0.792,
          "z": 3.314
        }
      },
      "players": [
        {
          "team": 1,
          "pos": {
            "x": 13.64,
            "y": 3.79
          }
        },
        {
          "team": 2,
          "pos": {
            "x": -12.39,
            "y": -1.41
          }
        }
      ]
    },
    {
      "time": -0.16,
      "ball": {
        "pos": {
          "x": -11.606,
          "y": -0.766,
          "z": 3.272
        }
      },
      "players": [
        {
          "team": 1,
          "pos": {
            "x": 13.55,
            "y": 3.81
          }
        },
        {
          "team": 2,
          "pos": {
            "x": -12.37,
            "y": -1.37
          }
        }
      ]
    },
    {
      "time": -0.14,
      "ball": {
        "pos": {
          "x": -11.604,
          "y": -0.74,
          "z": 3.226
        }
      },
      "players": [
        {
          "team": 1,
          "pos": {
            "x": 13.49,
            "y": 3.83
          }
        },
        {
          "team": 2,
          "pos": {
            "x": -12.31,
            "y": -1.31
          }
        }
      ]
    },
    {
      "time": -0.12,
      "ball": {
        "pos": {
          "x": -11.603,
          "y": -0.715,
          "z": 3.175
        }
      },
      "players": [
        {
          "team": 1,
          "pos": {
            "x": 13.41,
            "y": 3.87
          }
        },
        {
          "team": 2,
          "pos": {
            "x": -12.32,
            "y": -1.29
          }
        }
      ]
    },
    {
      "time": -0.1,
      "ball": {
        "pos": {
          "x": -11.601,
          "y": -0.691,
          "z": 3.12
        }
      },
      "players": [
        {
          "team": 1,
          "pos": {
            "x": 13.35,
            "y": 3.9
          }
        },
        {
          "team": 2,
          "pos": {
            "x": -12.22,
            "y": -1.22
          }
        }
      ]
    },
    {
      "time": -0.08,
      "ball": {
        "pos": {
          "x": -11.599,
          "y": -0.668,
          "z": 3.061
        }
      },
      "players": [
        {
          "team": 1,
          "pos": {
            "x": 13.26,
            "y": 3.91
          }
        },
        {
          "team": 2,
          "pos": {
            "x": -12.11,
            "y": -1.2
          }
        }
      ]
    },
    {
      "time": -0.06,
      "ball": {
        "pos": {
          "x": -11.596,
          "y": -0.645,
          "z": 2.996
        }
      },
      "players": [
        {
          "team": 1,
          "pos": {
            "x": 13.26,
            "y": 3.93
          }
        },
        {
          "team": 2,
          "pos": {
            "x": -12.04,
            "y": -1.17
          }
        }
      ]
    },
    {
      "time": -0.04,
      "ball": {
        "pos": {
          "x": -11.593,
          "y": -0.624,
          "z": 2.927
        }
      },
      "players": [
        {
          "team": 1,
          "pos": {
            "x": 13.28,
            "y": 3.94
          }
        },
        {
          "team": 2,
          "pos": {
            "x": -11.94,
            "y": -1.18
          }
        }
      ]
    },
    {
      "time": -0.02,
      "ball": {
        "pos": {
          "x": -11.59,
          "y": -0.603,
          "z": 2.854
        }
      },
      "players": [
        {
          "team": 1,
          "pos": {
            "x": 13.29,
            "y": 3.93
          }
        },
        {
          "team": 2,
          "pos": {
            "x": -11.8,
            "y": -1.16
          }
        }
      ]
    },
    {
      "time": 0.0,
      "event": "hit",
      "ball": {
        "pos": {
          "x": -11.587,
          "y": -0.583,
          "z": 2.775
        }
      },
      "players": [
        {
          "team": 1,
          "pos": {
            "x": 13.3,
            "y": 3.93
          }
        },
        {
          "team": 2,
          "pos": {
            "x": -11.65,
            "y": -1.14
          }
        }
      ]
    },
    {
      "time": 0.02,
      "ball": {
        "pos": {
          "x": -10.603,
          "y": -0.386,
          "z": 2.654
        }
      },
      "players": [
        {
          "team": 1,
          "pos": {
            "x": 13.28,
            "y": 3.92
          }
        },
        {
          "team": 2,
          "pos": {
            "x": -11.49,
            "y": -1.09
          }
        }
      ]
    },
    {
      "time": 0.04,
      "ball": {
        "pos": {
          "x": -9.64,
          "y": -0.191,
          "z": 2.529
        }
      },
      "players": [
        {
          "team": 1,
          "pos": {
            "x": 13.26,
            "y": 3.91
          }
        },
        {
          "team": 2,
          "pos": {
            "x": -11.44,
            "y": -1.12
          }
        }
      ]
    },
    {
      "time": 0.06,
      "ball": {
        "pos": {
          "x": -8.697,
          "y": 0.002,
          "z": 2.4
        }
      },
      "players": [
        {
          "team": 1,
          "pos": {
            "x": 13.21,
            "y": 3.9
          }
        },
        {
          "team": 2,
          "pos": {
            "x": -11.32,
            "y": -1.08
          }
        }
      ]
    },
    {
      "time": 0.08,
      "ball": {
        "pos": {
          "x": -7.774,
          "y": 0.194,
          "z": 2.267
        }
      },
      "players": [
        {
          "team": 1,
          "pos": {
            "x": 13.21,
            "y": 3.89
          }
        },
        {
          "team": 2,
          "pos": {
            "x": -11.27,
            "y": -1.08
          }
        }
      ]
    },
    {
      "time": 0.1,
      "ball": {
        "pos": {
          "x": -6.871,
          "y": 0.385,
          "z": 2.131
        }
      },
      "players": [
        {
          "team": 1,
          "pos": {
            "x": 13.19,
            "y": 3.88
          }
        },
        {
          "team": 2,
          "pos": {
            "x": -11.26,
            "y": -1.07
          }
        }
      ]
    },
    {
      "time": 0.12,
      "ball": {
        "pos": {
          "x": -5.986,
          "y": 0.574,
          "z": 1.991
        }
      },
      "players": [
        {
          "team": 1,
          "pos": {
            "x": 13.17,
            "y": 3.86
          }
        },
        {
          "team": 2,
          "pos": {
            "x": -11.27,
            "y": -1.09
          }
        }
      ]
    },
    {
      "time": 0.14,
      "ball": {
        "pos": {
          "x": -5.12,
          "y": 0.763,
          "z": 1.848
        }
      },
      "players": [
        {
          "team": 1,
          "pos": {
            "x": 13.12,
            "y": 3.85
          }
        },
        {
          "team": 2,
          "pos": {
            "x": -11.27,
            "y": -1.11
          }
        }
      ]
    },
    {
      "time": 0.16,
      "ball": {
        "pos": {
          "x": -4.272,
          "y": 0.951,
          "z": 1.701
        }
      },
      "players": [
        {
          "team": 1,
          "pos": {
            "x": 13.16,
            "y": 3.85
          }
        },
        {
          "team": 2,
          "pos": {
            "x": -11.28,
            "y": -1.12
          }
        }
      ]
    },
    {
      "time": 0.18,
      "ball": {
        "pos": {
          "x": -3.441,
          "y": 1.137,
          "z": 1.551
        }
      },
      "players": [
        {
          "team": 1,
          "pos": {
            "x": 13.11,
            "y": 3.82
          }
        },
        {
          "team": 2,
          "pos": {
            "x": -11.29,
            "y": -1.13
          }
        }
      ]
    },
    {
      "time": 0.2,
      "ball": {
        "pos": {
          "x": -2.627,
          "y": 1.323,
          "z": 1.397
        }
      },
      "players": [
        {
          "team": 1,
          "pos": {
            "x": 13.14,
            "y": 3.81
          }
        },
        {
          "team": 2,
          "pos": {
            "x": -11.29,
            "y": -1.13
          }
        }
      ]
    },
    {
      "time": 0.22,
      "ball": {
        "pos": {
          "x": -1.829,
          "y": 1.509,
          "z": 1.24
        }
      },
      "players": [
        {
          "team": 1,
          "pos": {
            "x": 13.17,
            "y": 3.79
          }
        },
        {
          "team": 2,
          "pos": {
            "x": -11.3,
            "y": -1.14
          }
        }
      ]
    },
    {
      "time": 0.24,
      "ball": {
        "pos": {
          "x": -1.047,
          "y": 1.694,
          "z": 1.079
        }
      },
      "players": [
        {
          "team": 1,
          "pos": {
            "x": 13.15,
            "y": 3.79
          }
        },
        {
          "team": 2,
          "pos": {
            "x": -11.31,
            "y": -1.14
          }
        }
      ]
    },
    {
      "time": 0.26,
      "ball": {
        "pos": {
          "x": -0.28,
          "y": 1.878,
          "z": 0.916
        }
      },
      "players": [
        {
          "team": 1,
          "pos": {
            "x": 13.16,
            "y": 3.79
          }
        },
        {
          "team": 2,
          "pos": {
            "x": -11.3,
            "y": -1.14
          }
        }
      ]
    },
    {
      "time": 0.27,
      "ball": {
        "pos": {
          "x": 0.081,
          "y": 1.966,
          "z": 0.837
        }
      },
      "players": [
        {
          "team": 1,
          "pos": {
            "x": 13.11,
            "y": 3.83
          }
        },
        {
          "team": 2,
          "pos": {
            "x": -11.32,
            "y": -1.13
          }
        }
      ]
    },
    {
      "time": 0.28,
      "ball": {
        "pos": {
          "x": 0.069,
          "y": 1.985,
          "z": 0.807
        }
      },
      "players": [
        {
          "team": 1,
          "pos": {
            "x": 13.19,
            "y": 3.8
          }
        },
        {
          "team": 2,
          "pos": {
            "x": -11.33,
            "y": -1.12
          }
        }
      ]
    },
    {
      "time": 0.3,
      "ball": {
        "pos": {
          "x": 0.047,
          "y": 2.021,
          "z": 0.75
        }
      },
      "players": [
        {
          "team": 1,
          "pos": {
            "x": 13.19,
            "y": 3.81
          }
        },
        {
          "team": 2,
          "pos": {
            "x": -11.35,
            "y": -1.1
          }
        }
      ]
    },
    {
      "time": 0.32,
      "ball": {
        "pos": {
          "x": 0.025,
          "y": 2.057,
          "z": 0.689
        }
      },
      "players": [
        {
          "team": 1,
          "pos": {
            "x": 13.2,
            "y": 3.81
          }
        },
        {
          "team": 2,
          "pos": {
            "x": -11.39,
            "y": -1.07
          }
        }
      ]
    },
    {
      "time": 0.34,
      "ball": {
        "pos": {
          "x": 0.002,
          "y": 2.093,
          "z": 0.625
        }
      },
      "players": [
        {
          "team": 1,
          "pos": {
            "x": 13.17,
            "y": 3.84
          }
        },
        {
          "team": 2,
          "pos": {
            "x": -11.43,
            "y": -1.03
          }
        }
      ]
    },
    {
      "time": 0.36,
      "ball": {
        "pos": {
          "x": -0.02,
          "y": 2.128,
          "z": 0.557
        }
      },
      "players": [
        {
          "team": 1,
          "pos": {
            "x": 13.18,
            "y": 3.88
          }
        },
        {
          "team": 2,
          "pos": {
            "x": -11.46,
            "y": -0.99
          }
        }
      ]
    },
    {
      "time": 0.38,
      "ball": {
        "pos": {
          "x": -0.043,
          "y": 2.164,
          "z": 0.486
        }
      },
      "players": [
        {
          "team": 1,
          "pos": {
            "x": 13.19,
            "y": 3.92
          }
        },
        {
          "team": 2,
          "pos": {
            "x": -11.49,
            "y": -0.96
          }
        }
      ]
    },
    {
      "time": 0.4,
      "ball": {
        "pos": {
          "x": -0.066,
          "y": 2.2,
          "z": 0.411
        }
      },
      "players": [
        {
          "team": 1,
          "pos": {
            "x": 13.16,
            "y": 3.97
          }
        },
        {
          "team": 2,
          "pos": {
            "x": -11.53,
            "y": -0.89
          }
        }
      ]
    },
    {
      "time": 0.42,
      "ball": {
        "pos": {
          "x": -0.089,
          "y": 2.236,
          "z": 0.332
        }
      },
      "players": [
        {
          "team": 1,
          "pos": {
            "x": 13.15,
            "y": 4.01
          }
        },
        {
          "team": 2,
          "pos": {
            "x": -11.54,
            "y": -0.83
          }
        }
      ]
    },
    {
      "time": 0.44,
      "ball": {
        "pos": {
          "x": -0.113,
          "y": 2.272,
          "z": 0.25
        }
      },
      "players": [
        {
          "team": 1,
          "pos": {
            "x": 13.12,
            "y": 4.06
          }
        },
        {
          "team": 2,
          "pos": {
            "x": -11.57,
            "y": -0.78
          }
        }
      ]
    },
    {
      "time": 0.46,
      "ball": {
        "pos": {
          "x": -0.137,
          "y": 2.308,
          "z": 0.163
        }
      },
      "players": [
        {
          "team": 1,
          "pos": {
            "x": 13.13,
            "y": 4.09
          }
        },
        {
          "team": 2,
          "pos": {
            "x": -11.57,
            "y": -0.72
          }
        }
      ]
    },
    {
      "time": 0.48,
      "ball": {
        "pos": {
          "x": -0.161,
          "y": 2.344,
          "z": 0.071
        }
      },
      "players": [
        {
          "team": 1,
          "pos": {
            "x": 13.16,
            "y": 4.09
          }
        },
        {
          "team": 2,
          "pos": {
            "x": -11.59,
            "y": -0.68
          }
        }
      ]
    },
    {
      "time": 0.488,
      "event": "bounce",
      "ball": {
        "pos": {
          "x": -0.171,
          "y": 2.36,
          "z": 0.032
        }
      },
      "players": [
        {
          "team": 1,
          "pos": {
            "x": 13.18,
            "y": 3.96
          }
        },
        {
          "team": 2,
          "pos": {
            "x": -11.6,
            "y": -0.65
          }
        }
      ]
    },
    {
      "time": 0.5,
      "ball": {
        "pos": {
          "x": -0.187,
          "y": 2.371,
          "z": 0.055
        }
      },
      "players": [
        {
          "team": 1,
          "pos": {
            "x": 13.16,
            "y": 4.11
          }
        },
        {
          "team": 2,
          "pos": {
            "x": -11.6,
            "y": -0.63
          }
        }
      ]
    },
    {
      "time": 0.52,
      "ball": {
        "pos": {
          "x": -0.216,
          "y": 2.388,
          "z": 0.119
        }
      },
      "players": [
        {
          "team": 1,
          "pos": {
            "x": 13.19,
            "y": 4.13
          }
        },
        {
          "team": 2,
          "pos": {
            "x": -11.59,
            "y": -0.59
          }
        }
      ]
    },
    {
      "time": 0.54,
      "ball": {
        "pos": {
          "x": -0.245,
          "y": 2.404,
          "z": 0.18
        }
      },
      "players": [
        {
          "team": 1,
          "pos": {
            "x": 13.17,
            "y": 4.17
          }
        },
        {
          "team": 2,
          "pos": {
            "x": -11.59,
            "y": -0.54
          }
        }
      ]
    },
    {
      "time": 0.56,
      "ball": {
        "pos": {
          "x": -0.274,
          "y": 2.42,
          "z": 0.237
        }
      },
      "players": [
        {
          "team": 1,
          "pos": {
            "x": 13.16,
            "y": 4.22
          }
        },
        {
          "team": 2,
          "pos": {
            "x": -11.56,
            "y": -0.5
          }
        }
      ]
    },
    {
      "time": 0.58,
      "ball": {
        "pos": {
          "x": -0.302,
          "y": 2.437,
          "z": 0.29
        }
      },
      "players": [
        {
          "team": 1,
          "pos": {
            "x": 13.16,
            "y": 4.25
          }
        },
        {
          "team": 2,
          "pos": {
            "x": -11.52,
            "y": -0.45
          }
        }
      ]
    },
    {
      "time": 0.6,
      "ball": {
        "pos": {
          "x": -0.331,
          "y": 2.453,
          "z": 0.339
        }
      },
      "players": [
        {
          "team": 1,
          "pos": {
            "x": 13.16,
            "y": 4.29
          }
        },
        {
          "team": 2,
          "pos": {
            "x": -11.5,
            "y": -0.4
          }
        }
      ]
    },
    {
      "time": 0.62,
      "ball": {
        "pos": {
          "x": -0.36,
          "y": 2.47,
          "z": 0.384
        }
      },
      "players": [
        {
          "team": 1,
          "pos": {
            "x": 13.13,
            "y": 4.36
          }
        },
        {
          "team": 2,
          "pos": {
            "x": -11.47,
            "y": -0.36
          }
        }
      ]
    },
    {
      "time": 0.64,
      "ball": {
        "pos": {
          "x": -0.389,
          "y": 2.487,
          "z": 0.424
        }
      },
      "players": [
        {
          "team": 1,
          "pos": {
            "x": 13.1,
            "y": 4.43
          }
        },
        {
          "team": 2,
          "pos": {
            "x": -11.41,
            "y": -0.31
          }
        }
      ]
    },
    {
      "time": 0.66,
      "ball": {
        "pos": {
          "x": -0.418,
          "y": 2.503,
          "z": 0.461
        }
      },
      "players": [
        {
          "team": 1,
          "pos": {
            "x": 13.05,
            "y": 4.49
          }
        },
        {
          "team": 2,
          "pos": {
            "x": -11.4,
            "y": -0.27
          }
        }
      ]
    },
    {
      "time": 0.68,
      "ball": {
        "pos": {
          "x": -0.446,
          "y": 2.52,
          "z": 0.494
        }
      },
      "players": [
        {
          "team": 1,
          "pos": {
            "x": 13.04,
            "y": 4.54
          }
        },
        {
          "team": 2,
          "pos": {
            "x": -11.37,
            "y": -0.27
          }
        }
      ]
    },
    {
      "time": 0.7,
      "ball": {
        "pos": {
          "x": -0.475,
          "y": 2.536,
          "z": 0.523
        }
      },
      "players": [
        {
          "team": 1,
          "pos": {
            "x": 13.02,
            "y": 4.6
          }
        },
        {
          "team": 2,
          "pos": {
            "x": -11.35,
            "y": -0.24
          }
        }
      ]
    },
    {
      "time": 0.72,
      "ball": {
        "pos": {
          "x": -0.504,
          "y": 2.553,
          "z": 0.548
        }
      },
      "players": [
        {
          "team": 1,
          "pos": {
            "x": 12.98,
            "y": 4.66
          }
        },
        {
          "team": 2,
          "pos": {
            "x": -11.33,
            "y": -0.24
          }
        }
      ]
    },
    {
      "time": 0.74,
      "ball": {
        "pos": {
          "x": -0.533,
          "y": 2.57,
          "z": 0.569
        }
      },
      "players": [
        {
          "team": 1,
          "pos": {
            "x": 12.96,
            "y": 4.71
          }
        },
        {
          "team": 2,
          "pos": {
            "x": -11.3,
            "y": -0.23
          }
        }
      ]
    },
    {
      "time": 0.76,
      "ball": {
        "pos": {
          "x": -0.561,
          "y": 2.587,
          "z": 0.586
        }
      },
      "players": [
        {
          "team": 1,
          "pos": {
            "x": 12.93,
            "y": 4.76
          }
        },
        {
          "team": 2,
          "pos": {
            "x": -11.26,
            "y": -0.28
          }
        }
      ]
    },
    {
      "time": 0.78,
      "ball": {
        "pos": {
          "x": -0.59,
          "y": 2.603,
          "z": 0.599
        }
      },
      "players": [
        {
          "team": 1,
          "pos": {
            "x": 12.93,
            "y": 4.76
          }
        },
        {
          "team": 2,
          "pos": {
            "x": -11.2,
            "y": -0.32
          }
        }
      ]
    },
    {
      "time": 0.8,
      "ball": {
        "pos": {
          "x": -0.619,
          "y": 2.62,
          "z": 0.609
        }
      },
      "players": [
        {
          "team": 1,
          "pos": {
            "x": 12.93,
            "y": 4.76
          }
        },
        {
          "team": 2,
          "pos": {
            "x": -11.13,
            "y": -0.28
          }
        }
      ]
    },
    {
      "time": 0.82,
      "ball": {
        "pos": {
          "x": -0.647,
          "y": 2.637,
          "z": 0.614
        }
      },
      "players": [
        {
          "team": 1,
          "pos": {
            "x": 12.93,
            "y": 4.76
          }
        },
        {
          "team": 2,
          "pos": {
            "x": -11.09,
            "y": -0.26
          }
        }
      ]
    },
    {
      "time": 0.837,
      "ball": {
        "pos": {
          "x": -0.671,
          "y": 2.651,
          "z": 0.615
        }
      },
      "players": [
        {
          "team": 1,
          "pos": {
            "x": 12.96,
            "y": 4.72
          }
        },
        {
          "team": 2,
          "pos": {
            "x": -11.06,
            "y": -0.24
          }
        }
      ]
    },
    {
      "time": 0.84,
      "ball": {
        "pos": {
          "x": -0.676,
          "y": 2.654,
          "z": 0.615
        }
      },
      "players": [
        {
          "team": 1,
          "pos": {
            "x": 12.93,
            "y": 4.76
          }
        },
        {
          "team": 2,
          "pos": {
            "x": -11.07,
            "y": -0.24
          }
        }
      ]
    },
    {
      "time": 0.86,
      "ball": {
        "pos": {
          "x": -0.705,
          "y": 2.67,
          "z": 0.612
        }
      },
      "players": [
        {
          "team": 1,
          "pos": {
            "x": 12.93,
            "y": 4.76
          }
        },
        {
          "team": 2,
          "pos": {
            "x": -11.05,
            "y": -0.21
          }
        }
      ]
    },
    {
      "time": 0.88,
      "ball": {
        "pos": {
          "x": -0.733,
          "y": 2.687,
          "z": 0.606
        }
      },
      "players": [
        {
          "team": 1,
          "pos": {
            "x": 12.93,
            "y": 4.76
          }
        },
        {
          "team": 2,
          "pos": {
            "x": -11.05,
            "y": -0.21
          }
        }
      ]
    },
    {
      "time": 0.9,
      "ball": {
        "pos": {
          "x": -0.762,
          "y": 2.704,
          "z": 0.596
        }
      },
      "players": [
        {
          "team": 1,
          "pos": {
            "x": 12.93,
            "y": 4.76
          }
        },
        {
          "team": 2,
          "pos": {
            "x": -11.05,
            "y": -0.21
          }
        }
      ]
    },
    {
      "time": 0.92,
      "ball": {
        "pos": {
          "x": -0.79,
          "y": 2.721,
          "z": 0.581
        }
      },
      "players": [
        {
          "team": 1,
          "pos": {
            "x": 12.93,
            "y": 4.76
          }
        },
        {
          "team": 2,
          "pos": {
            "x": -11.05,
            "y": -0.21
          }
        }
      ]
    },
    {
      "time": 0.94,
      "ball": {
        "pos": {
          "x": -0.819,
          "y": 2.737,
          "z": 0.563
        }
      },
      "players": [
        {
          "team": 1,
          "pos": {
            "x": 12.93,
            "y": 4.76
          }
        },
        {
          "team": 2,
          "pos": {
            "x": -11.05,
            "y": -0.21
          }
        }
      ]
    },
    {
      "time": 0.96,
      "ball": {
        "pos": {
          "x": -0.847,
          "y": 2.754,
          "z": 0.541
        }
      },
      "players": [
        {
          "team": 1,
          "pos": {
            "x": 12.93,
            "y": 4.76
          }
        },
        {
          "team": 2,
          "pos": {
            "x": -11.05,
            "y": -0.21
          }
        }
      ]
    },
    {
      "time": 0.98,
      "ball": {
        "pos": {
          "x": -0.876,
          "y": 2.771,
          "z": 0.515
        }
      },
      "players": [
        {
          "team": 1,
          "pos": {
            "x": 12.93,
            "y": 4.76
          }
        },
        {
          "team": 2,
          "pos": {
            "x": -11.05,
            "y": -0.21
          }
        }
      ]
    },
    {
      "time": 1.0,
      "ball": {
        "pos": {
          "x": -0.904,
          "y": 2.787,
          "z": 0.485
        }
      },
      "players": [
        {
          "team": 1,
          "pos": {
            "x": 12.93,
            "y": 4.76
          }
        },
        {
          "team": 2,
          "pos": {
            "x": -11.05,
            "y": -0.21
          }
        }
      ]
    },
    {
      "time": 1.02,
      "ball": {
        "pos": {
          "x": -0.933,
          "y": 2.804,
          "z": 0.451
        }
      },
      "players": [
        {
          "team": 1,
          "pos": {
            "x": 12.93,
            "y": 4.76
          }
        },
        {
          "team": 2,
          "pos": {
            "x": -11.05,
            "y": -0.21
          }
        }
      ]
    },
    {
      "time": 1.04,
      "ball": {
        "pos": {
          "x": -0.961,
          "y": 2.821,
          "z": 0.413
        }
      },
      "players": [
        {
          "team": 1,
          "pos": {
            "x": 12.93,
            "y": 4.76
          }
        },
        {
          "team": 2,
          "pos": {
            "x": -11.05,
            "y": -0.21
          }
        }
      ]
    },
    {
      "time": 1.06,
      "ball": {
        "pos": {
          "x": -0.989,
          "y": 2.837,
          "z": 0.372
        }
      },
      "players": [
        {
          "team": 1,
          "pos": {
            "x": 12.93,
            "y": 4.76
          }
        },
        {
          "team": 2,
          "pos": {
            "x": -11.05,
            "y": -0.21
          }
        }
      ]
    },
    {
      "time": 1.08,
      "ball": {
        "pos": {
          "x": -1.018,
          "y": 2.854,
          "z": 0.326
        }
      },
      "players": [
        {
          "team": 1,
          "pos": {
            "x": 12.93,
            "y": 4.76
          }
        },
        {
          "team": 2,
          "pos": {
            "x": -11.05,
            "y": -0.21
          }
        }
      ]
    },
    {
      "time": 1.1,
      "ball": {
        "pos": {
          "x": -1.046,
          "y": 2.87,
          "z": 0.277
        }
      },
      "players": [
        {
          "team": 1,
          "pos": {
            "x": 12.93,
            "y": 4.76
          }
        },
        {
          "team": 2,
          "pos": {
            "x": -11.05,
            "y": -0.21
          }
        }
      ]
    },
    {
      "time": 1.12,
      "ball": {
        "pos": {
          "x": -1.074,
          "y": 2.887,
          "z": 0.224
        }
      },
      "players": [
        {
          "team": 1,
          "pos": {
            "x": 12.93,
            "y": 4.76
          }
        },
        {
          "team": 2,
          "pos": {
            "x": -11.05,
            "y": -0.21
          }
        }
      ]
    },
    {
      "time": 1.14,
      "ball": {
        "pos": {
          "x": -1.102,
          "y": 2.903,
          "z": 0.167
        }
      },
      "players": [
        {
          "team": 1,
          "pos": {
            "x": 12.93,
            "y": 4.76
          }
        },
        {
          "team": 2,
          "pos": {
            "x": -11.05,
            "y": -0.21
          }
        }
      ]
    },
    {
      "time": 1.16,
      "ball": {
        "pos": {
          "x": -1.13,
          "y": 2.919,
          "z": 0.106
        }
      },
      "players": [
        {
          "team": 1,
          "pos": {
            "x": 12.93,
            "y": 4.76
          }
        },
        {
          "team": 2,
          "pos": {
            "x": -11.05,
            "y": -0.21
          }
        }
      ]
    },
    {
      "time": 1.18,
      "ball": {
        "pos": {
          "x": -1.158,
          "y": 2.936,
          "z": 0.042
        }
      },
      "players": [
        {
          "team": 1,
          "pos": {
            "x": 12.93,
            "y": 4.76
          }
        },
        {
          "team": 2,
          "pos": {
            "x": -11.05,
            "y": -0.21
          }
        }
      ]
    },
    {
      "time": 1.183,
      "event": "bounce",
      "ball": {
        "pos": {
          "x": -1.163,
          "y": 2.938,
          "z": 0.03
        }
      },
      "players": [
        {
          "team": 1,
          "pos": {
            "x": 12.93,
            "y": 4.76
          }
        },
        {
          "team": 2,
          "pos": {
            "x": -11.05,
            "y": -0.21
          }
        }
      ]
    },
    {
      "time": 1.188,
      "ball": {
        "pos": {
          "x": -1.17,
          "y": 2.943,
          "z": 0.03
        }
      },
      "players": [
        {
          "team": 1,
          "pos": {
            "x": 12.93,
            "y": 4.76
          }
        },
        {
          "team": 2,
          "pos": {
            "x": -11.05,
            "y": -0.21
          }
        }
      ]
    },
    {
      "time": 1.2,
      "players": [
        {
          "team": 1,
          "pos": {
            "x": 12.93,
            "y": 4.76
          }
        },
        {
          "team": 2,
          "pos": {
            "x": -11.05,
            "y": -0.21
          }
        }
      ]
    },
    {
      "time": 1.22,
      "players": [
        {
          "team": 1,
          "pos": {
            "x": 12.93,
            "y": 4.76
          }
        },
        {
          "team": 2,
          "pos": {
            "x": -11.05,
            "y": -0.21
          }
        }
      ]
    },
    {
      "time": 1.24,
      "players": [
        {
          "team": 1,
          "pos": {
            "x": 12.93,
            "y": 4.76
          }
        },
        {
          "team": 2,
          "pos": {
            "x": -11.05,
            "y": -0.21
          }
        }
      ]
    },
    {
      "time": 1.26,
      "players": [
        {
          "team": 1,
          "pos": {
            "x": 12.93,
            "y": 4.76
          }
        },
        {
          "team": 2,
          "pos": {
            "x": -11.05,
            "y": -0.21
          }
        }
      ]
    },
    {
      "time": 1.28,
      "players": [
        {
          "team": 1,
          "pos": {
            "x": 12.93,
            "y": 4.76
          }
        },
        {
          "team": 2,
          "pos": {
            "x": -11.05,
            "y": -0.21
          }
        }
      ]
    },
    {
      "time": 1.3,
      "players": [
        {
          "team": 1,
          "pos": {
            "x": 12.93,
            "y": 4.76
          }
        },
        {
          "team": 2,
          "pos": {
            "x": -11.05,
            "y": -0.21
          }
        }
      ]
    },
    {
      "time": 1.32,
      "players": [
        {
          "team": 1,
          "pos": {
            "x": 12.93,
            "y": 4.76
          }
        },
        {
          "team": 2,
          "pos": {
            "x": -11.05,
            "y": -0.21
          }
        }
      ]
    },
    {
      "time": 1.34,
      "players": [
        {
          "team": 1,
          "pos": {
            "x": 12.93,
            "y": 4.76
          }
        },
        {
          "team": 2,
          "pos": {
            "x": -11.05,
            "y": -0.21
          }
        }
      ]
    },
    {
      "time": 1.36,
      "players": [
        {
          "team": 1,
          "pos": {
            "x": 12.93,
            "y": 4.76
          }
        },
        {
          "team": 2,
          "pos": {
            "x": -11.05,
            "y": -0.21
          }
        }
      ]
    },
    {
      "time": 1.38,
      "players": [
        {
          "team": 1,
          "pos": {
            "x": 12.93,
            "y": 4.76
          }
        },
        {
          "team": 2,
          "pos": {
            "x": -11.05,
            "y": -0.21
          }
        }
      ]
    },
    {
      "time": 1.4,
      "players": [
        {
          "team": 1,
          "pos": {
            "x": 12.93,
            "y": 4.76
          }
        },
        {
          "team": 2,
          "pos": {
            "x": -11.05,
            "y": -0.21
          }
        }
      ]
    },
    {
      "time": 1.42,
      "players": [
        {
          "team": 1,
          "pos": {
            "x": 12.93,
            "y": 4.76
          }
        },
        {
          "team": 2,
          "pos": {
            "x": -11.05,
            "y": -0.21
          }
        }
      ]
    },
    {
      "time": 1.44,
      "players": [
        {
          "team": 1,
          "pos": {
            "x": 12.93,
            "y": 4.76
          }
        },
        {
          "team": 2,
          "pos": {
            "x": -11.05,
            "y": -0.21
          }
        }
      ]
    },
    {
      "time": 1.46,
      "players": [
        {
          "team": 1,
          "pos": {
            "x": 12.93,
            "y": 4.76
          }
        },
        {
          "team": 2,
          "pos": {
            "x": -11.05,
            "y": -0.21
          }
        }
      ]
    },
    {
      "time": 1.48,
      "players": [
        {
          "team": 1,
          "pos": {
            "x": 12.93,
            "y": 4.76
          }
        },
        {
          "team": 2,
          "pos": {
            "x": -11.05,
            "y": -0.21
          }
        }
      ]
    },
    {
      "time": 1.5,
      "players": [
        {
          "team": 1,
          "pos": {
            "x": 12.93,
            "y": 4.76
          }
        },
        {
          "team": 2,
          "pos": {
            "x": -11.05,
            "y": -0.21
          }
        }
      ]
    },
    {
      "time": 1.52,
      "players": [
        {
          "team": 1,
          "pos": {
            "x": 12.93,
            "y": 4.76
          }
        },
        {
          "team": 2,
          "pos": {
            "x": -11.05,
            "y": -0.21
          }
        }
      ]
    },
    {
      "time": 1.54,
      "players": [
        {
          "team": 1,
          "pos": {
            "x": 12.93,
            "y": 4.76
          }
        },
        {
          "team": 2,
          "pos": {
            "x": -11.05,
            "y": -0.21
          }
        }
      ]
    }
  ]
}