{
  "id": "0e393136-c7dd-4296-9842-cd2a096293ea",
  "sequences": {
    "set": 3,
    "game": 1,
    "point": 4,
    "serve": 1,
    "rally": 1
  },
  "match": {
    "season": 2025,
    "tournament_id": 9999,
    "draw_code": "MS001",
    "court_id": 1,
    "players": [
      {
        "forename": "Andy",
        "surname": "Bernard",
        "team": 1,
        "external_id": "AB12"
      },
      {
        "forename": "Cedric",
        "surname": "Diggory",
        "team": 2,
        "external_id": "CD34"
      }
    ]
  },
  "shots": [
    {
      "shot_no": 1,
      "team": 2,
      "stroke": "serve",
      "spin": {
        "type": "backspin",
        "rpm": -4721.935
      },
      "speed_ms": 59.234,
      "call": "in",
      "distance": -0.155,
      "time_utc": "2025-01-01T12:39:59.516Z",
      "time": 0.0,
      "duration": 0.787
    }
  ],
  "samples": [
    {
      "time": -2.22,
      "players": [
        {
          "team": 1,
          "pos": {
            "x": 15.25,
            "y": -4.37
          }
        },
        {
          "team": 2,
          "pos": {
            "x": -12.28,
            "y": 1.21
          }
        }
      ]
    },
    {
      "time": -2.2,
      "players": [
        {
          "team": 1,
          "pos": {
            "x": 15.17,
            "y": -4.33
          }
        },
        {
          "team": 2,
          "pos": {
            "x": -12.29,
            "y": 1.25
          }
        }
      ]
    },
    {
      "time": -2.18,
      "players": [
        {
          "team": 1,
          "pos": {
            "x": 15.14,
            "y": -4.32
          }
        },
        {
          "team": 2,
          "pos": {
            "x": -12.31,
            "y": 1.26
          }
        }
      ]
    },
    {
      "time": -2.16,
      "players": [
        {
          "team": 1,
          "pos": {
            "x": 15.15,
            "y": -4.34
          }
        },
        {
          "team": 2,
          "pos": {
            "x": -12.29,
            "y": 1.24
          }
        }
      ]
    },
    {
      "time": -2.14,
      "players": [
        {
          "team": 1,
          "pos": {
            "x": 15.18,
            "y": -4.33
          }
        },
        {
          "team": 2,
          "pos": {
            "x": -12.29,
            "y": 1.26
          }
        }
      ]
    },
    {
      "time": -2.12,
      "players": [
        {
          "team": 1,
          "pos": {
            "x": 15.16,
            "y": -4.31
          }
        },
        {
          "team": 2,
          "pos": {
            "x": -12.28,
            "y": 1.28
          }
        }
      ]
    },
    {
      "time": -2.1,
      "players": [
        {
          "team": 1,
          "pos": {
            "x": 15.21,
            "y": -4.31
          }
        },
        {
          "team": 2,
          "pos": {
            "x": -12.27,
            "y": 1.27
          }
        }
      ]
    },
    {
      "time": -2.08,
      "players": [
        {
          "team": 1,
          "pos": {
            "x": 15.14,
            "y": -4.29
          }
        },
        {
          "team": 2,
          "pos": {
            "x": -12.24,
            "y": 1.28
          }
        }
      ]
    },
    {
      "time": -2.06,
      "players": [
        {
          "team": 1,
          "pos": {
            "x": 15.09,
            "y": -4.27
          }
        },
        {
          "team": 2,
          "pos": {
            "x": -12.23,
            "y": 1.29
          }
        }
      ]
    },
    {
      "time": -2.04,
      "players": [
        {
          "team": 1,
          "pos": {
            "x": 15.05,
            "y": -4.28
          }
        },
        {
          "team": 2,
          "pos": {
            "x": -12.22,
            "y": 1.27
          }
        }
      ]
    },
    {
      "time": -2.02,
      "players": [
        {
          "team": 1,
          "pos": {
            "x": 15.1,
            "y": -4.31
          }
        },
        {
          "team": 2,
          "pos": {
            "x": -12.21,
            "y": 1.3
          }
        }
      ]
    },
    {
      "time": -2.0,
      "players": [
        {
          "team": 1,
          "pos": {
            "x": 15.19,
            "y": -4.34
          }
        },
        {
          "team": 2,
          "pos": {
            "x": -12.17,
            "y": 1.31
          }
        }
      ]
    },
    {
      "time": -1.98,
      "players": [
        {
          "team": 1,
          "pos": {
            "x": 15.26,
            "y": -4.34
          }
        },
        {
          "team": 2,
          "pos": {
            "x": -12.14,
            "y": 1.35
          }
        }
      ]
    },
    {
      "time": -1.96,
      "players": [
        {
          "team": 1,
          "pos": {
            "x": 15.31,
            "y": -4.37
          }
        },
        {
          "team": 2,
          "pos": {
            "x": -12.12,
            "y": 1.33
          }
        }
      ]
    },
    {
      "time": -1.94,
      "players": [
        {
          "team": 1,
          "pos": {
            "x": 15.37,
            "y": -4.39
          }
        },
        {
          "team": 2,
          "pos": {
            "x": -12.07,
            "y": 1.33
          }
        }
      ]
    },
    {
      "time": -1.92,
      "players": [
        {
          "team": 1,
          "pos": {
            "x": 15.43,
            "y": -4.4
          }
        },
        {
          "team": 2,
          "pos": {
            "x": -12.06,
            "y": 1.34
          }
        }
      ]
    },
    {
      "time": -1.9,
      "players": [
        {
          "team": 1,
          "pos": {
            "x": 15.45,
            "y": -4.42
          }
        },
        {
          "team": 2,
          "pos": {
            "x": -12.04,
            "y": 1.36
          }
        }
      ]
    },
    {
      "time": -1.88,
      "players": [
        {
          "team": 1,
          "pos": {
            "x": 15.42,
            "y": -4.41
          }
        },
        {
          "team": 2,
          "pos": {
            "x": -12.02,
            "y": 1.38
          }
        }
      ]
    },
    {
      "time": -1.86,
      "players": [
        {
          "team": 1,
          "pos": {
            "x": 15.43,
            "y": -4.41
          }
        },
        {
          "team": 2,
          "pos": {
            "x": -11.99,
            "y": 1.39
          }
        }
      ]
    },
    {
      "time": -1.84,
      "players": [
        {
          "team": 1,
          "pos": {
            "x": 15.41,
            "y": -4.39
          }
        },
        {
          "team": 2,
          "pos": {
            "x": -11.96,
            "y": 1.4
          }
        }
      ]
    },
    {
      "time": -1.82,
      "players": [
        {
          "team": 1,
          "pos": {
            "x": 15.36,
            "y": -4.36
          }
        },
        {
          "team": 2,
          "pos": {
            "x": -11.93,
            "y": 1.39
          }
        }
      ]
    },
    {
      "time": -1.8,
      "players": [
        {
          "team": 1,
          "pos": {
            "x": 15.32,
            "y": -4.36
          }
        },
        {
          "team": 2,
          "pos": {
            "x": -11.95,
            "y": 1.4
          }
        }
      ]
    },
    {
      "time": -1.78,
      "players": [
        {
          "team": 1,
          "pos": {
            "x": 15.28,
            "y": -4.37
          }
        },
        {
          "team": 2,
          "pos": {
            "x": -11.96,
            "y": 1.39
          }
        }
      ]
    },
    {
      "time": -1.76,
      "players": [
        {
          "team": 1,
          "pos": {
            "x": 15.24,
            "y": -4.37
          }
        },
        {
          "team": 2,
          "pos": {
            "x": -12.01,
            "y": 1.4
          }
        }
      ]
    },
    {
      "time": -1.74,
      "players": [
        {
          "team": 1,
          "pos": {
            "x": 15.2,
            "y": -4.35
          }
        },
        {
          "team": 2,
          "pos": {
            "x": -12.06,
            "y": 1.42
          }
        }
      ]
    },
    {
      "time": -1.72,
      "players": [
        {
          "team": 1,
          "pos": {
            "x": 15.16,
            "y": -4.36
          }
        },
        {
          "team": 2,
          "pos": {
            "x": -12.1,
            "y": 1.42
          }
        }
      ]
    },
    {
      "time": -1.7,
      "players": [
        {
          "team": 1,
          "pos": {
            "x": 15.13,
            "y": -4.35
          }
        },
        {
          "team": 2,
          "pos": {
            "x": -12.11,
            "y": 1.41
          }
        }
      ]
    },
    {
      "time": -1.68,
      "players": [
        {
          "team": 1,
          "pos": {
            "x": 15.12,
            "y": -4.33
          }
        },
        {
          "team": 2,
          "pos": {
            "x": -12.17,
            "y": 1.4
          }
        }
      ]
    },
    {
      "time": -1.66,
      "players": [
        {
          "team": 1,
          "pos": {
            "x": 15.12,
            "y": -4.33
          }
        },
        {
          "team": 2,
          "pos": {
            "x": -12.21,
            "y": 1.39
          }
        }
      ]
    },
    {
      "time": -1.64,
      "players": [
        {
          "team": 1,
          "pos": {
            "x": 15.1,
            "y": -4.3
          }
        },
        {
          "team": 2,
          "pos": {
            "x": -12.27,
            "y": 1.39
          }
        }
      ]
    },
    {
      "time": -1.62,
      "players": [
        {
          "team": 1,
          "pos": {
            "x": 15.1,
            "y": -4.3
          }
        },
        {
          "team": 2,
          "pos": {
            "x": -12.31,
            "y": 1.38
          }
        }
      ]
    },
    {
      "time": -1.6,
      "players": [
        {
          "team": 1,
          "pos": {
            "x": 15.1,
            "y": -4.3
          }
        },
        {
          "team": 2,
          "pos": {
            "x": -12.35,
            "y": 1.32
          }
        }
      ]
    },
    {
      "time": -1.58,
      "players": [
        {
          "team": 1,
          "pos": {
            "x": 15.06,
            "y": -4.32
          }
        },
        {
          "team": 2,
          "pos": {
            "x": -12.39,
            "y": 1.3
          }
        }
      ]
    },
    {
      "time": -1.56,
      "players": [
        {
          "team": 1,
          "pos": {
            "x": 15.05,
            "y": -4.34
          }
        },
        {
          "team": 2,
          "pos": {
            "x": -12.43,
            "y": 1.24
          }
        }
      ]
    },
    {
      "time": -1.54,
      "players": [
        {
          "team": 1,
          "pos": {
            "x": 15.03,
            "y": -4.36
          }
        },
        {
          "team": 2,
          "pos": {
            "x": -12.47,
            "y": 1.19
          }
        }
      ]
    },
    {
      "time": -1.52,
      "players": [
        {
          "team": 1,
          "pos": {
            "x": 15.03,
            "y": -4.34
          }
        },
        {
          "team": 2,
          "pos": {
            "x": -12.48,
            "y": 1.14
          }
        }
      ]
    },
    {
      "time": -1.5,
      "players": [
        {
          "team": 1,
          "pos": {
            "x": 15.01,
            "y": -4.37
          }
        },
        {
          "team": 2,
          "pos": {
            "x": -12.54,
            "y": 1.1
          }
        }
      ]
    },
    {
      "time": -1.48,
      "players": [
        {
          "team": 1,
          "pos": {
            "x": 15.05,
            "y": -4.36
          }
        },
        {
          "team": 2,
          "pos": {
            "x": -12.57,
            "y": 1.07
          }
        }
      ]
    },
    {
      "time": -1.46,
      "players": [
        {
          "team": 1,
          "pos": {
            "x": 15.02,
            "y": -4.35
          }
        },
        {
          "team": 2,
          "pos": {
            "x": -12.61,
            "y": 1.03
          }
        }
      ]
    },
    {
      "time": -1.44,
      "players": [
        {
          "team": 1,
          "pos": {
            "x": 15.0,
            "y": -4.35
          }
        },
        {
          "team": 2,
          "pos": {
            "x": -12.65,
            "y": 0.99
          }
        }
      ]
    },
    {
      "time": -1.42,
      "players": [
        {
          "team": 1,
          "pos": {
            "x": 14.98,
            "y": -4.29
          }
        },
        {
          "team": 2,
          "pos": {
            "x": -12.66,
            "y": 0.95
          }
        }
      ]
    },
    {
      "time": -1.4,
      "players": [
        {
          "team": 1,
          "pos": {
            "x": 14.99,
            "y": -4.22
          }
        },
        {
          "team": 2,
          "pos": {
            "x": -12.68,
            "y": 0.92
          }
        }
      ]
    },
    {
      "time": -1.38,
      "players": [
        {
          "team": 1,
          "pos": {
            "x": 14.98,
            "y": -4.2
          }
        },
        {
          "team": 2,
          "pos": {
            "x": -12.72,
            "y": 0.89
          }
        }
      ]
    },
    {
      "time": -1.36,
      "players": [
        {
          "team": 1,
          "pos": {
            "x": 15.03,
            "y": -4.2
          }
        },
        {
          "team": 2,
          "pos": {
            "x": -12.73,
            "y": 0.92
          }
        }
      ]
    },
    {
      "time": -1.34,
      "players": [
        {
          "team": 1,
          "pos": {
            "x": 15.0,
            "y": -4.22
          }
        },
        {
          "team": 2,
          "pos": {
            "x": -12.74,
            "y": 0.93
          }
        }
      ]
    },
    {
      "time": -1.32,
      "players": [
        {
          "team": 1,
          "pos": {
            "x": 14.99,
            "y": -4.19
          }
        },
        {
          "team": 2,
          "pos": {
            "x": -12.76,
            "y": 0.92
          }
        }
      ]
    },
    {
      "time": -1.3,
      "players": [
        {
          "team": 1,
          "pos": {
            "x": 15.0,
            "y": -4.21
          }
        },
        {
          "team": 2,
          "pos": {
            "x": -12.78,
            "y": 0.94
          }
        }
      ]
    },
    {
      "time": -1.28,
      "players": [
        {
          "team": 1,
          "pos": {
            "x": 15.0,
            "y": -4.21
          }
        },
        {
          "team": 2,
          "pos": {
            "x": -12.76,
            "y": 0.9
          }
        }
      ]
    },
    {
      "time": -1.26,
      "players": [
        {
          "team": 1,
          "pos": {
            "x": 14.96,
            "y": -4.2
          }
        },
        {
          "team": 2,
          "pos": {
            "x": -12.74,
            "y": 0.86
          }
        }
      ]
    },
    {
      "time": -1.24,
      "players": [
        {
          "team": 1,
          "pos": {
            "x": 14.98,
            "y": -4.17
          }
        },
        {
          "team": 2,
          "pos": {
            "x": -12.71,
            "y": 0.82
          }
        }
      ]
    },
    {
      "time": -1.22,
      "players": [
        {
          "team": 1,
          "pos": {
            "x": 14.98,
            "y": -4.18
          }
        },
        {
          "team": 2,
          "pos": {
            "x": -12.69,
            "y": 0.78
          }
        }
      ]
    },
    {
      "time": -1.2,
      "players": [
        {
          "team": 1,
          "pos": {
            "x": 14.95,
            "y": -4.19
          }
        },
        {
          "team": 2,
          "pos": {
            "x": -12.65,
            "y": 0.74
          }
        }
      ]
    },
    {
      "time": -1.18,
      "players": [
        {
          "team": 1,
          "pos": {
            "x": 14.97,
            "y": -4.19
          }
        },
        {
          "team": 2,
          "pos": {
            "x": -12.63,
            "y": 0.72
          }
        }
      ]
    },
    {
      "time": -1.16,
      "players": [
        {
          "team": 1,
          "pos": {
            "x": 15.0,
            "y": -4.17
          }
        },
        {
          "team": 2,
          "pos": {
            "x": -12.61,
            "y": 0.69
          }
        }
      ]
    },
    {
      "time": -1.14,
      "players": [
        {
          "team": 1,
          "pos": {
            "x": 15.01,
            "y": -4.19
          }
        },
        {
          "team": 2,
          "pos": {
            "x": -12.55,
            "y": 0.68
          }
        }
      ]
    },
    {
      "time": -1.12,
      "players": [
        {
          "team": 1,
          "pos": {
            "x": 15.0,
            "y": -4.2
          }
        },
        {
          "team": 2,
          "pos": {
            "x": -12.52,
            "y": 0.66
          }
        }
      ]
    },
    {
      "time": -1.1,
      "players": [
        {
          "team": 1,
          "pos": {
            "x": 15.0,
            "y": -4.21
          }
        },
        {
          "team": 2,
          "pos": {
            "x": -12.48,
            "y": 0.65
          }
        }
      ]
    },
    {
      "time": -1.08,
      "players": [
        {
          "team": 1,
          "pos": {
            "x": 15.01,
            "y": -4.19
          }
        },
        {
          "team": 2,
          "pos": {
            "x": -12.44,
            "y": 0.63
          }
        }
      ]
    },
    {
      "time": -1.06,
      "players": [
        {
          "team": 1,
          "pos": {
            "x": 15.03,
            "y": -4.16
          }
        },
        {
          "team": 2,
          "pos": {
            "x": -12.46,
            "y": 0.69
          }
        }
      ]
    },
    {
      "time": -1.04,
      "players": [
        {
          "team": 1,
          "pos": {
            "x": 15.0,
            "y": -4.13
          }
        },
        {
          "team": 2,
          "pos": {
            "x": -12.41,
            "y": 0.68
          }
        }
      ]
    },
    {
      "time": -1.02,
      "players": [
        {
          "team": 1,
          "pos": {
            "x": 14.97,
            "y": -4.17
          }
        },
        {
          "team": 2,
          "pos": {
            "x": -12.45,
            "y": 0.69
          }
        }
      ]
    },
    {
      "time": -1.0,
      "players": [
        {
          "team": 1,
          "pos": {
            "x": 15.0,
            "y": -4.16
          }
        },
        {
          "team": 2,
          "pos": {
            "x": -12.49,
            "y": 0.74
          }
        }
      ]
    },
    {
      "time": -0.98,
      "players": [
        {
          "team": 1,
          "pos": {
            "x": 14.99,
            "y": -4.19
          }
        },
        {
          "team": 2,
          "pos": {
            "x": -12.51,
            "y": 0.81
          }
        }
      ]
    },
    {
      "time": -0.96,
      "players": [
        {
          "team": 1,
          "pos": {
            "x": 15.0,
            "y": -4.19
          }
        },
        {
          "team": 2,
          "pos": {
            "x": -12.53,
            "y": 0.87
          }
        }
      ]
    },
    {
      "time": -0.94,
      "players": [
        {
          "team": 1,
          "pos": {
            "x": 15.0,
            "y": -4.18
          }
        },
        {
          "team": 2,
          "pos": {
            "x": -12.56,
            "y": 0.94
          }
        }
      ]
    },
    {
      "time": -0.92,
      "players": [
        {
          "team": 1,
          "pos": {
            "x": 15.02,
            "y": -4.16
          }
        },
        {
          "team": 2,
          "pos": {
            "x": -12.57,
            "y": 1.0
          }
        }
      ]
    },
    {
      "time": -0.9,
      "players": [
        {
          "team": 1,
          "pos": {
            "x": 15.03,
            "y": -4.17
          }
        },
        {
          "team": 2,
          "pos": {
            "x": -12.57,
            "y": 1.02
          }
        }
      ]
    },
    {
      "time": -0.88,
      "players": [
        {
          "team": 1,
          "pos": {
            "x": 15.01,
            "y": -4.15
          }
        },
        {
          "team": 2,
          "pos": {
            "x": -12.57,
            "y": 1.05
          }
        }
      ]
    },
    {
      "time": -0.86,
      "players": [
        {
          "team": 1,
          "pos": {
            "x": 15.0,
            "y": -4.16
          }
        },
        {
          "team": 2,
          "pos": {
            "x": -12.56,
            "y": 1.04
          }
        }
      ]
    },
    {
      "time": -0.84,
      "players": [
        {
          "team": 1,
          "pos": {
            "x": 15.0,
            "y": -4.13
          }
        },
        {
          "team": 2,
          "pos": {
            "x": -12.56,
            "y": 1.09
          }
        }
      ]
    },
    {
      "time": -0.82,
      "players": [
        {
          "team": 1,
          "pos": {
            "x": 15.0,
            "y": -4.13
          }
        },
        {
          "team": 2,
          "pos": {
            "x": -12.55,
            "y": 1.16
          }
        }
      ]
    },
    {
      "time": -0.8,
      "players": [
        {
          "team": 1,
          "pos": {
            "x": 15.05,
            "y": -4.18
          }
        },
        {
          "team": 2,
          "pos": {
            "x": -12.55,
            "y": 1.16
          }
        }
      ]
    },
    {
      "time": -0.795,
      "ball": {
        "pos": {
          "x": -11.719,
          "y": 1.733,
          "z": 1.475
        }
      },
      "players": [
        {
          "team": 1,
          "pos": {
            "x": 15.06,
            "y": -4.18
          }
        },
        {
          "team": 2,
          "pos": {
            "x": -12.53,
            "y": 1.15
          }
        }
      ]
    },
    {
      "time": -0.78,
      "ball": {
        "pos": {
          "x": -11.711,
          "y": 1.724,
          "z": 1.566
        }
      },
      "players": [
        {
          "team": 1,
          "pos": {
            "x": 15.06,
            "y": -4.17
          }
        },
        {
          "team": 2,
          "pos": {
            "x": -12.53,
            "y": 1.15
          }
        }
      ]
    },
    {
      "time": -0.76,
      "ball": {
        "pos": {
          "x": -11.7,
          "y": 1.711,
          "z": 1.68
        }
      },
      "players": [
        {
          "team": 1,
          "pos": {
            "x": 15.03,
            "y": -4.19
          }
        },
        {
          "team": 2,
          "pos": {
            "x": -12.48,
            "y": 1.21
          }
        }
      ]
    },
    {
      "time": -0.74,
      "ball": {
        "pos": {
          "x": -11.69,
          "y": 1.699,
          "z": 1.79
        }
      },
      "players": [
        {
          "team": 1,
          "pos": {
            "x": 15.02,
            "y": -4.2
          }
        },
        {
          "team": 2,
          "pos": {
            "x": -12.47,
            "y": 1.25
          }
        }
      ]
    },
    {
      "time": -0.72,
      "ball": {
        "pos": {
          "x": -11.679,
          "y": 1.687,
          "z": 1.896
        }
      },
      "players": [
        {
          "team": 1,
          "pos": {
            "x": 15.03,
            "y": -4.2
          }
        },
        {
          "team": 2,
          "pos": {
            "x": -12.47,
            "y": 1.25
          }
        }
      ]
    },
    {
      "time": -0.7,
      "ball": {
        "pos": {
          "x": -11.669,
          "y": 1.674,
          "z": 1.998
        }
      },
      "players": [
        {
          "team": 1,
          "pos": {
            "x": 15.04,
            "y": -4.2
          }
        },
        {
          "team": 2,
          "pos": {
            "x": -12.49,
            "y": 1.26
          }
        }
      ]
    },
    {
      "time": -0.68,
      "ball": {
        "pos": {
          "x": -11.66,
          "y": 1.662,
          "z": 2.095
        }
      },
      "players": [
        {
          "team": 1,
          "pos": {
            "x": 15.05,
            "y": -4.19
          }
        },
        {
          "team": 2,
          "pos": {
            "x": -12.51,
            "y": 1.27
          }
        }
      ]
    },
    {
      "time": -0.66,
      "ball": {
        "pos": {
          "x": -11.65,
          "y": 1.649,
          "z": 2.189
        }
      },
      "players": [
        {
          "team": 1,
          "pos": {
            "x": 15.07,
            "y": -4.22
          }
        },
        {
          "team": 2,
          "pos": {
            "x": -12.51,
            "y": 1.28
          }
        }
      ]
    },
    {
      "time": -0.64,
      "ball": {
        "pos": {
          "x": -11.641,
          "y": 1.637,
          "z": 2.279
        }
      },
      "players": [
        {
          "team": 1,
          "pos": {
            "x": 15.1,
            "y": -4.26
          }
        },
        {
          "team": 2,
          "pos": {
            "x": -12.47,
            "y": 1.25
          }
        }
      ]
    },
    {
      "time": -0.62,
      "ball": {
        "pos": {
          "x": -11.631,
          "y": 1.624,
          "z": 2.365
        }
      },
      "players": [
        {
          "team": 1,
          "pos": {
            "x": 15.14,
            "y": -4.28
          }
        },
        {
          "team": 2,
          "pos": {
            "x": -12.48,
            "y": 1.24
          }
        }
      ]
    },
    {
      "time": -0.6,
      "ball": {
        "pos": {
          "x": -11.622,
          "y": 1.611,
          "z": 2.447
        }
      },
      "players": [
        {
          "team": 1,
          "pos": {
            "x": 15.15,
            "y": -4.26
          }
        },
        {
          "team": 2,
          "pos": {
            "x": -12.48,
            "y": 1.22
          }
        }
      ]
    },
    {
      "time": -0.58,
      "ball": {
        "pos": {
          "x": -11.613,
          "y": 1.599,
          "z": 2.525
        }
      },
      "players": [
        {
          "team": 1,
          "pos": {
            "x": 15.17,
            "y": -4.26
          }
        },
        {
          "team": 2,
          "pos": {
            "x": -12.49,
            "y": 1.27
          }
        }
      ]
    },
    {
      "time": -0.56,
      "ball": {
        "pos": {
          "x": -11.604,
          "y": 1.586,
          "z": 2.598
        }
      },
      "players": [
        {
          "team": 1,
          "pos": {
            "x": 15.15,
            "y": -4.25
          }
        },
        {
          "team": 2,
          "pos": {
            "x": -12.49,
            "y": 1.34
          }
        }
      ]
    },
    {
      "time": -0.54,
      "ball": {
        "pos": {
          "x": -11.595,
          "y": 1.573,
          "z": 2.668
        }
      },
      "players": [
        {
          "team": 1,
          "pos": {
            "x": 15.13,
            "y": -4.24
          }
        },
        {
          "team": 2,
          "pos": {
            "x": -12.5,
            "y": 1.38
          }
        }
      ]
    },
    {
      "time": -0.52,
      "ball": {
        "pos": {
          "x": -11.587,
          "y": 1.561,
          "z": 2.734
        }
      },
      "players": [
        {
          "team": 1,
          "pos": {
            "x": 15.1,
            "y": -4.22
          }
        },
        {
          "team": 2,
          "pos": {
            "x": -12.5,
            "y": 1.41
          }
        }
      ]
    },
    {
      "time": -0.5,
      "ball": {
        "pos": {
          "x": -11.578,
          "y": 1.548,
          "z": 2.796
        }
      },
      "players": [
        {
          "team": 1,
          "pos": {
            "x": 15.07,
            "y": -4.21
          }
        },
        {
          "team": 2,
          "pos": {
            "x": -12.5,
            "y": 1.37
          }
        }
      ]
    },
    {
      "time": -0.48,
      "ball": {
        "pos": {
          "x": -11.569,
          "y": 1.536,
          "z": 2.853
        }
      },
      "players": [
        {
          "team": 1,
          "pos": {
            "x": 15.03,
            "y": -4.19
          }
        },
        {
          "team": 2,
          "pos": {
            "x": -12.49,
            "y": 1.4
          }
        }
      ]
    },
    {
      "time": -0.46,
      "ball": {
        "pos": {
          "x": -11.56,
          "y": 1.523,
          "z": 2.907
        }
      },
      "players": [
        {
          "team": 1,
          "pos": {
            "x": 15.03,
            "y": -4.18
          }
        },
        {
          "team": 2,
          "pos": {
            "x": -12.49,
            "y": 1.4
          }
        }
      ]
    },
    {
      "time": -0.44,
      "ball": {
        "pos": {
          "x": -11.551,
          "y": 1.511,
          "z": 2.956
        }
      },
      "players": [
        {
          "team": 1,
          "pos": {
            "x": 15.0,
            "y": -4.17
          }
        },
        {
          "team": 2,
          "pos": {
            "x": -12.49,
            "y": 1.44
          }
        }
      ]
    },
    {
      "time": -0.42,
      "ball": {
        "pos": {
          "x": -11.542,
          "y": 1.498,
          "z": 3.002
        }
      },
      "players": [
        {
          "team": 1,
          "pos": {
            "x": 14.96,
            "y": -4.15
          }
        },
        {
          "team": 2,
          "pos": {
            "x": -12.49,
            "y": 1.45
          }
        }
      ]
    },
    {
      "time": -0.4,
      "ball": {
        "pos": {
          "x": -11.533,
          "y": 1.486,
          "z": 3.043
        }
      },
      "players": [
        {
          "team": 1,
          "pos": {
            "x": 14.93,
            "y": -4.12
          }
        },
        {
          "team": 2,
          "pos": {
            "x": -12.5,
            "y": 1.51
          }
        }
      ]
    },
    {
      "time": -0.38,
      "ball": {
        "pos": {
          "x": -11.524,
          "y": 1.474,
          "z": 3.081
        }
      },
      "players": [
        {
          "team": 1,
          "pos": {
            "x": 14.94,
            "y": -4.13
          }
        },
        {
          "team": 2,
          "pos": {
            "x": -12.5,
            "y": 1.54
          }
        }
      ]
    },
    {
      "time": -0.36,
      "ball": {
        "pos": {
          "x": -11.514,
          "y": 1.461,
          "z": 3.114
        }
      },
      "players": [
        {
          "team": 1,
          "pos": {
            "x": 14.92,
            "y": -4.1
          }
        },
        {
          "team": 2,
          "pos": {
            "x": -12.49,
            "y": 1.6
          }
        }
      ]
    },
    {
      "time": -0.34,
      "ball": {
        "pos": {
          "x": -11.505,
          "y": 1.449,
          "z": 3.144
        }
      },
      "players": [
        {
          "team": 1,
          "pos": {
            "x": 14.93,
            "y": -4.08
          }
        },
        {
          "team": 2,
          "pos": {
            "x": -12.5,
            "y": 1.61
          }
        }
      ]
    },
    {
      "time": -0.32,
      "ball": {
        "pos": {
          "x": -11.495,
          "y": 1.437,
          "z": 3.169
        }
      },
      "players": [
        {
          "team": 1,
          "pos": {
            "x": 14.88,
            "y": -4.07
          }
        },
        {
          "team": 2,
          "pos": {
            "x": -12.5,
            "y": 1.65
          }
        }
      ]
    },
    {
      "time": -0.3,
      "ball": {
        "pos": {
          "x": -11.485,
          "y": 1.425,
          "z": 3.191
        }
      },
      "players": [
        {
          "team": 1,
          "pos": {
            "x": 14.87,
            "y": -4.03
          }
        },
        {
          "team": 2,
          "pos": {
            "x": -12.49,
            "y": 1.66
          }
        }
      ]
    },
    {
      "time": -0.28,
      "ball": {
        "pos": {
          "x": -11.475,
          "y": 1.413,
          "z": 3.208
        }
      },
      "players": [
        {
          "team": 1,
          "pos": {
            "x": 14.87,
            "y": -4.03
          }
        },
        {
          "team": 2,
          "pos": {
            "x": -12.5,
            "y": 1.67
          }
        }
      ]
    },
    {
      "time": -0.26,
      "ball": {
        "pos": {
          "x": -11.464,
          "y": 1.402,
          "z": 3.222
        }
      },
      "players": [
        {
          "team": 1,
          "pos": {
            "x": 14.82,
            "y": -3.98
          }
        },
        {
          "team": 2,
          "pos": {
            "x": -12.5,
            "y": 1.61
          }
        }
      ]
    },
    {
      "time": -0.24,
      "ball": {
        "pos": {
          "x": -11.453,
          "y": 1.39,
          "z": 3.231
        }
      },
      "players": [
        {
          "team": 1,
          "pos": {
            "x": 14.89,
            "y": -3.96
          }
        },
        {
          "team": 2,
          "pos": {
            "x": -12.46,
            "y": 1.64
          }
        }
      ]
    },
    {
      "time": -0.22,
      "ball": {
        "pos": {
          "x": -11.442,
          "y": 1.379,
          "z": 3.236
        }
      },
      "players": [
        {
          "team": 1,
          "pos": {
            "x": 14.97,
            "y": -3.92
          }
        },
        {
          "team": 2,
          "pos": {
            "x": -12.44,
            "y": 1.62
          }
        }
      ]
    },
    {
      "time": -0.204,
      "ball": {
        "pos": {
          "x": -11.432,
          "y": 1.369,
          "z": 3.238
        }
      },
      "players": [
        {
          "team": 1,
          "pos": {
            "x": 15.02,
            "y": -3.94
          }
        },
        {
          "team": 2,
          "pos": {
            "x": -12.33,
            "y": 1.55
          }
        }
      ]
    },
    {
      "time": -0.2,
      "ball": {
        "pos": {
          "x": -11.43,
          "y": 1.367,
          "z": 3.237
        }
      },
      "players": [
        {
          "team": 1,
          "pos": {
            "x": 15.02,
            "y": -3.95
          }
        },
        {
          "team": 2,
          "pos": {
            "x": -12.36,
            "y": 1.57
          }
        }
      ]
    },
    {
      "time": -0.18,
      "ball": {
        "pos": {
          "x": -11.418,
          "y": 1.356,
          "z": 3.235
        }
      },
      "players": [
        {
          "team": 1,
          "pos": {
            "x": 14.99,
            "y": -3.92
          }
        },
        {
          "team": 2,
          "pos": {
            "x": -12.25,
            "y": 1.51
          }
        }
      ]
    },
    {
      "time": -0.16,
      "ball": {
        "pos": {
          "x": -11.406,
          "y": 1.345,
          "z": 3.228
        }
      },
      "players": [
        {
          "team": 1,
          "pos": {
            "x": 14.96,
            "y": -3.9
          }
        },
        {
          "team": 2,
          "pos": {
            "x": -12.15,
            "y": 1.44
          }
        }
      ]
    },
    {
      "time": -0.14,
      "ball": {
        "pos": {
          "x": -11.393,
          "y": 1.334,
          "z": 3.217
        }
      },
      "players": [
        {
          "team": 1,
          "pos": {
            "x": 14.95,
            "y": -3.86
          }
        },
        {
          "team": 2,
          "pos": {
            "x": -12.07,
            "y": 1.37
          }
        }
      ]
    },
    {
      "time": -0.12,
      "ball": {
        "pos": {
          "x": -11.38,
          "y": 1.324,
          "z": 3.202
        }
      },
      "players": [
        {
          "team": 1,
          "pos": {
            "x": 14.96,
            "y": -3.82
          }
        },
        {
          "team": 2,
          "pos": {
            "x": -11.99,
            "y": 1.33
          }
        }
      ]
    },
    {
      "time": -0.1,
      "ball": {
        "pos": {
          "x": -11.367,
          "y": 1.313,
          "z": 3.184
        }
      },
      "players": [
        {
          "team": 1,
          "pos": {
            "x": 14.92,
            "y": -3.82
          }
        },
        {
          "team": 2,
          "pos": {
            "x": -11.9,
            "y": 1.32
          }
        }
      ]
    },
    {
      "time": -0.08,
      "ball": {
        "pos": {
          "x": -11.353,
          "y": 1.303,
          "z": 3.161
        }
      },
      "players": [
        {
          "team": 1,
          "pos": {
            "x": 14.89,
            "y": -3.8
          }
        },
        {
          "team": 2,
          "pos": {
            "x": -11.84,
            "y": 1.36
          }
        }
      ]
    },
    {
      "time": -0.06,
      "ball": {
        "pos": {
          "x": -11.338,
          "y": 1.293,
          "z": 3.134
        }
      },
      "players": [
        {
          "team": 1,
          "pos": {
            "x": 14.85,
            "y": -3.83
          }
        },
        {
          "team": 2,
          "pos": {
            "x": -11.81,
            "y": 1.36
          }
        }
      ]
    },
    {
      "time": -0.04,
      "ball": {
        "pos": {
          "x": -11.323,
          "y": 1.283,
          "z": 3.103
        }
      },
      "players": [
        {
          "team": 1,
          "pos": {
            "x": 14.81,
            "y": -3.83
          }
        },
        {
          "team": 2,
          "pos": {
            "x": -11.76,
            "y": 1.35
          }
        }
      ]
    },
    {
      "time": -0.02,
      "ball": {
        "pos": {
          "x": -11.307,
          "y": 1.273,
          "z": 3.068
        }
      },
      "players": [
        {
          "team": 1,
          "pos": {
            "x": 14.8,
            "y": -3.82
          }
        },
        {
          "team": 2,
          "pos": {
            "x": -11.66,
            "y": 1.36
          }
        }
      ]
    },
    {
      "time": 0.0,
      "event": "hit",
      "ball": {
        "pos": {
          "x": -11.291,
          "y": 1.264,
          "z": 3.029
        }
      },
      "players": [
        {
          "team": 1,
          "pos": {
            "x": 14.79,
            "y": -3.81
          }
        },
        {
          "team": 2,
          "pos": {
            "x": -11.59,
            "y": 1.4
          }
        }
      ]
    },
    {
      "time": 0.02,
      "ball": {
        "pos": {
          "x": -10.132,
          "y": 1.195,
          "z": 2.869
        }
      },
      "players": [
        {
          "team": 1,
          "pos": {
            "x": 14.74,
            "y": -3.82
          }
        },
        {
          "team": 2,
          "pos": {
            "x": -11.53,
            "y": 1.4
          }
        }
      ]
    },
    {
      "time": 0.04,
      "ball": {
        "pos": {
          "x": -8.998,
          "y": 1.125,
          "z": 2.708
        }
      },
      "players": [
        {
          "team": 1,
          "pos": {
            "x": 14.73,
            "y": -3.82
          }
        },
        {
          "team": 2,
          "pos": {
            "x": -11.46,
            "y": 1.45
          }
        }
      ]
    },
    {
      "time": 0.06,
      "ball": {
        "pos": {
          "x": -7.889,
          "y": 1.054,
          "z": 2.546
        }
      },
      "players": [
        {
          "team": 1,
          "pos": {
            "x": 14.7,
            "y": -3.81
          }
        },
        {
          "team": 2,
          "pos": {
            "x": -11.4,
            "y": 1.48
          }
        }
      ]
    },
    {
      "time": 0.08,
      "ball": {
        "pos": {
          "x": -6.805,
          "y": 0.981,
          "z": 2.382
        }
      },
      "players": [
        {
          "team": 1,
          "pos": {
            "x": 14.62,
            "y": -3.8
          }
        },
        {
          "team": 2,
          "pos": {
            "x": -11.34,
            "y": 1.43
          }
        }
      ]
    },
    {
      "time": 0.1,
      "ball": {
        "pos": {
          "x": -5.743,
          "y": 0.906,
          "z": 2.217
        }
      },
      "players": [
        {
          "team": 1,
          "pos": {
            "x": 14.54,
            "y": -3.79
          }
        },
        {
          "team": 2,
          "pos": {
            "x": -11.24,
            "y": 1.42
          }
        }
      ]
    },
    {
      "time": 0.12,
      "ball": {
        "pos": {
          "x": -4.704,
          "y": 0.831,
          "z": 2.051
        }
      },
      "players": [
        {
          "team": 1,
          "pos": {
            "x": 14.51,
            "y": -3.79
          }
        },
        {
          "team": 2,
          "pos": {
            "x": -11.14,
            "y": 1.42
          }
        }
      ]
    },
    {
      "time": 0.14,
      "ball": {
        "pos": {
          "x": -3.687,
          "y": 0.755,
          "z": 1.884
        }
      },
      "players": [
        {
          "team": 1,
          "pos": {
            "x": 14.51,
            "y": -3.81
          }
        },
        {
          "team": 2,
          "pos": {
            "x": -11.0,
            "y": 1.39
          }
        }
      ]
    },
    {
      "time": 0.16,
      "ball": {
        "pos": {
          "x": -2.691,
          "y": 0.677,
          "z": 1.715
        }
      },
      "players": [
        {
          "team": 1,
          "pos": {
            "x": 14.47,
            "y": -3.86
          }
        },
        {
          "team": 2,
          "pos": {
            "x": -10.9,
            "y": 1.38
          }
        }
      ]
    },
    {
      "time": 0.18,
      "ball": {
        "pos": {
          "x": -1.716,
          "y": 0.599,
          "z": 1.546
        }
      },
      "players": [
        {
          "team": 1,
          "pos": {
            "x": 14.45,
            "y": -3.87
          }
        },
        {
          "team": 2,
          "pos": {
            "x": -10.89,
            "y": 1.43
          }
        }
      ]
    },
    {
      "time": 0.2,
      "ball": {
        "pos": {
          "x": -0.759,
          "y": 0.52,
          "z": 1.375
        }
      },
      "players": [
        {
          "team": 1,
          "pos": {
            "x": 14.49,
            "y": -3.87
          }
        },
        {
          "team": 2,
          "pos": {
            "x": -10.84,
            "y": 1.44
          }
        }
      ]
    },
    {
      "time": 0.216,
      "ball": {
        "pos": {
          "x": -0.0,
          "y": 0.455,
          "z": 1.236
        }
      },
      "players": [
        {
          "team": 1,
          "pos": {
            "x": 14.52,
            "y": -3.86
          }
        },
        {
          "team": 2,
          "pos": {
            "x": -10.85,
            "y": 1.47
          }
        }
      ]
    },
    {
      "time": 0.22,
      "ball": {
        "pos": {
          "x": 0.178,
          "y": 0.44,
          "z": 1.203
        }
      },
      "players": [
        {
          "team": 1,
          "pos": {
            "x": 14.53,
            "y": -3.86
          }
        },
        {
          "team": 2,
          "pos": {
            "x": -10.85,
            "y": 1.47
          }
        }
      ]
    },
    {
      "time": 0.24,
      "ball": {
        "pos": {
          "x": 1.097,
          "y": 0.359,
          "z": 1.03
        }
      },
      "players": [
        {
          "team": 1,
          "pos": {
            "x": 14.48,
            "y": -3.86
          }
        },
        {
          "team": 2,
          "pos": {
            "x": -10.83,
            "y": 1.48
          }
        }
      ]
    },
    {
      "time": 0.26,
      "ball": {
        "pos": {
          "x": 1.999,
          "y": 0.278,
          "z": 0.856
        }
      },
      "players": [
        {
          "team": 1,
          "pos": {
            "x": 14.4,
            "y": -3.88
          }
        },
        {
          "team": 2,
          "pos": {
            "x": -10.82,
            "y": 1.5
          }
        }
      ]
    },
    {
      "time": 0.28,
      "ball": {
        "pos": {
          "x": 2.885,
          "y": 0.197,
          "z": 0.681
        }
      },
      "players": [
        {
          "team": 1,
          "pos": {
            "x": 14.41,
            "y": -3.87
          }
        },
        {
          "team": 2,
          "pos": {
            "x": -10.83,
            "y": 1.5
          }
        }
      ]
    },
    {
      "time": 0.3,
      "ball": {
        "pos": {
          "x": 3.754,
          "y": 0.116,
          "z": 0.506
        }
      },
      "players": [
        {
          "team": 1,
          "pos": {
            "x": 14.44,
            "y": -3.88
          }
        },
        {
          "team": 2,
          "pos": {
            "x": -10.86,
            "y": 1.49
          }
        }
      ]
    },
    {
      "time": 0.32,
      "ball": {
        "pos": {
          "x": 4.609,
          "y": 0.034,
          "z": 0.329
        }
      },
      "players": [
        {
          "team": 1,
          "pos": {
            "x": 14.45,
            "y": -3.88
          }
        },
        {
          "team": 2,
          "pos": {
            "x": -10.91,
            "y": 1.47
          }
        }
      ]
    },
    {
      "time": 0.34,
      "ball": {
        "pos": {
          "x": 5.449,
          "y": -0.048,
          "z": 0.151
        }
      },
      "players": [
        {
          "team": 1,
          "pos": {
            "x": 14.46,
            "y": -3.88
          }
        },
        {
          "team": 2,
          "pos": {
            "x": -10.98,
            "y": 1.46
          }
        }
      ]
    },
    {
      "time": 0.352,
      "event": "bounce",
      "ball": {
        "pos": {
          "x": 5.929,
          "y": -0.096,
          "z": 0.048
        }
      },
      "players": [
        {
          "team": 1,
          "pos": {
            "x": 14.45,
            "y": -3.85
          }
        },
        {
          "team": 2,
          "pos": {
            "x": -11.02,
            "y": 1.45
          }
        }
      ]
    },
    {
      "time": 0.36,
      "ball": {
        "pos": {
          "x": 6.215,
          "y": -0.123,
          "z": 0.075
        }
      },
      "players": [
        {
          "team": 1,
          "pos": {
            "x": 14.45,
            "y": -3.85
          }
        },
        {
          "team": 2,
          "pos": {
            "x": -11.01,
            "y": 1.45
          }
        }
      ]
    },
    {
      "time": 0.38,
      "ball": {
        "pos": {
          "x": 6.829,
          "y": -0.184,
          "z": 0.223
        }
      },
      "players": [
        {
          "team": 1,
          "pos": {
            "x": 14.43,
            "y": -3.84
          }
        },
        {
          "team": 2,
          "pos": {
            "x": -11.08,
            "y": 1.43
          }
        }
      ]
    },
    {
      "time": 0.4,
      "ball": {
        "pos": {
          "x": 7.433,
          "y": -0.245,
          "z": 0.361
        }
      },
      "players": [
        {
          "team": 1,
          "pos": {
            "x": 14.45,
            "y": -3.82
          }
        },
        {
          "team": 2,
          "pos": {
            "x": -11.12,
            "y": 1.42
          }
        }
      ]
    },
    {
      "time": 0.42,
      "ball": {
        "pos": {
          "x": 8.029,
          "y": -0.307,
          "z": 0.489
        }
      },
      "players": [
        {
          "team": 1,
          "pos": {
            "x": 14.44,
            "y": -3.8
          }
        },
        {
          "team": 2,
          "pos": {
            "x": -11.14,
            "y": 1.41
          }
        }
      ]
    },
    {
      "time": 0.44,
      "ball": {
        "pos": {
          "x": 8.617,
          "y": -0.369,
          "z": 0.608
        }
      },
      "players": [
        {
          "team": 1,
          "pos": {
            "x": 14.45,
            "y": -3.82
          }
        },
        {
          "team": 2,
          "pos": {
            "x": -11.16,
            "y": 1.39
          }
        }
      ]
    },
    {
      "time": 0.46,
      "ball": {
        "pos": {
          "x": 9.197,
          "y": -0.431,
          "z": 0.717
        }
      },
      "players": [
        {
          "team": 1,
          "pos": {
            "x": 14.42,
            "y": -3.81
          }
        },
        {
          "team": 2,
          "pos": {
            "x": -11.18,
            "y": 1.36
          }
        }
      ]
    },
    {
      "time": 0.48,
      "ball": {
        "pos": {
          "x": 9.768,
          "y": -0.493,
          "z": 0.819
        }
      },
      "players": [
        {
          "team": 1,
          "pos": {
            "x": 14.44,
            "y": -3.79
          }
        },
        {
          "team": 2,
          "pos": {
            "x": -11.24,
            "y": 1.33
          }
        }
      ]
    },
    {
      "time": 0.5,
      "ball": {
        "pos": {
          "x": 10.333,
          "y": -0.556,
          "z": 0.912
        }
      },
      "players": [
        {
          "team": 1,
          "pos": {
            "x": 14.43,
            "y": -3.77
          }
        },
        {
          "team": 2,
          "pos": {
            "x": -11.28,
            "y": 1.31
          }
        }
      ]
    },
    {
      "time": 0.52,
      "ball": {
        "pos": {
          "x": 10.89,
          "y": -0.619,
          "z": 0.997
        }
      },
      "players": [
        {
          "team": 1,
          "pos": {
            "x": 14.43,
            "y": -3.77
          }
        },
        {
          "team": 2,
          "pos": {
            "x": -11.28,
            "y": 1.31
          }
        }
      ]
    },
    {
      "time": 0.54,
      "ball": {
        "pos": {
          "x": 11.44,
          "y": -0.683,
          "z": 1.075
        }
      },
      "players": [
        {
          "team": 1,
          "pos": {
            "x": 14.43,
            "y": -3.77
          }
        },
        {
          "team": 2,
          "pos": {
            "x": -11.28,
            "y": 1.31
          }
        }
      ]
    },
    {
      "time": 0.56,
      "ball": {
        "pos": {
          "x": 11.984,
          "y": -0.746,
          "z": 1.146
        }
      },
      "players": [
        {
          "team": 1,
          "pos": {
            "x": 14.43,
            "y": -3.77
          }
        },
        {
          "team": 2,
          "pos": {
            "x": -11.28,
            "y": 1.31
          }
        }
      ]
    },
    {
      "time": 0.58,
      "ball": {
        "pos": {
          "x": 12.521,
          "y": -0.811,
          "z": 1.21
        }
      },
      "players": [
        {
          "team": 1,
          "pos": {
            "x": 14.43,
            "y": -3.77
          }
        },
        {
          "team": 2,
          "pos": {
            "x": -11.28,
            "y": 1.31
          }
        }
      ]
    },
    {
      "time": 0.6,
      "ball": {
        "pos": {
          "x": 13.052,
          "y": -0.875,
          "z": 1.268
        }
      },
      "players": [
        {
          "team": 1,
          "pos": {
            "x": 14.43,
            "y": -3.77
          }
        },
        {
          "team": 2,
          "pos": {
            "x": -11.28,
            "y": 1.31
          }
        }
      ]
    },
    {
      "time": 0.62,
      "ball": {
        "pos": {
          "x": 13.577,
          "y": -0.94,
          "z": 1.32
        }
      },
      "players": [
        {
          "team": 1,
          "pos": {
            "x": 14.43,
            "y": -3.77
          }
        },
        {
          "team": 2,
          "pos": {
            "x": -11.28,
            "y": 1.31
          }
        }
      ]
    },
    {
      "time": 0.64,
      "ball": {
        "pos": {
          "x": 14.097,
          "y": -1.006,
          "z": 1.367
        }
      },
      "players": [
        {
          "team": 1,
          "pos": {
            "x": 14.43,
            "y": -3.77
          }
        },
        {
          "team": 2,
          "pos": {
            "x": -11.28,
            "y": 1.31
          }
        }
      ]
    },
    {
      "time": 0.66,
      "ball": {
        "pos": {
          "x": 14.611,
          "y": -1.071,
          "z": 1.408
        }
      },
      "players": [
        {
          "team": 1,
          "pos": {
            "x": 14.43,
            "y": -3.77
          }
        },
        {
          "team": 2,
          "pos": {
            "x": -11.28,
            "y": 1.31
          }
        }
      ]
    },
    {
      "time": 0.68,
      "ball": {
        "pos": {
          "x": 15.121,
          "y": -1.137,
          "z": 1.445
        }
      },
      "players": [
        {
          "team": 1,
          "pos": {
            "x": 14.43,
            "y": -3.77
          }
        },
        {
          "team": 2,
          "pos": {
            "x": -11.28,
            "y": 1.31
          }
        }
      ]
    },
    {
      "time": 0.7,
      "ball": {
        "pos": {
          "x": 15.625,
          "y": -1.204,
          "z": 1.477
        }
      },
      "players": [
        {
          "team": 1,
          "pos": {
            "x": 14.43,
            "y": -3.77
          }
        },
        {
          "team": 2,
          "pos": {
            "x": -11.28,
            "y": 1.31
          }
        }
      ]
    },
    {
      "time": 0.72,
      "ball": {
        "pos": {
          "x": 16.126,
          "y": -1.271,
          "z": 1.505
        }
      },
      "players": [
        {
          "team": 1,
          "pos": {
            "x": 14.43,
            "y": -3.77
          }
        },
        {
          "team": 2,
          "pos": {
            "x": -11.28,
            "y": 1.31
          }
        }
      ]
    },
    {
      "time": 0.74,
      "ball": {
        "pos": {
          "x": 16.622,
          "y": -1.338,
          "z": 1.53
        }
      },
      "players": [
        {
          "team": 1,
          "pos": {
            "x": 14.43,
            "y": -3.77
          }
        },
        {
          "team": 2,
          "pos": {
            "x": -11.28,
            "y": 1.31
          }
        }
      ]
    },
    {
      "time": 0.76,
      "ball": {
        "pos": {
          "x": 17.114,
          "y": -1.406,
          "z": 1.551
        }
      },
      "players": [
        {
          "team": 1,
          "pos": {
            "x": 14.43,
            "y": -3.77
          }
        },
        {
          "team": 2,
          "pos": {
            "x": -11.28,
            "y": 1.31
          }
        }
      ]
    },
    {
      "time": 0.78,
      "ball": {
        "pos": {
          "x": 17.603,
          "y": -1.474,
          "z": 1.569
        }
      },
      "players": [
        {
          "team": 1,
          "pos": {
            "x": 14.43,
            "y": -3.77
          }
        },
        {
          "team": 2,
          "pos": {
            "x": -11.28,
            "y": 1.31
          }
        }
      ]
    },
    {
      "time": 0.787,
      "ball": {
        "pos": {
          "x": 17.763,
          "y": -1.497,
          "z": 1.575
        }
      },
      "players": [
        {
          "team": 1,
          "pos": {
            "x": 14.43,
            "y": -3.77
          }
        },
        {
          "team": 2,
          "pos": {
            "x": -11.28,
            "y": 1.31
          }
        }
      ]
    },
    {
      "time": 0.8,
      "players": [
        {
          "team": 1,
          "pos": {
            "x": 14.43,
            "y": -3.77
          }
        },
        {
          "team": 2,
          "pos": {
            "x": -11.28,
            "y": 1.31
          }
        }
      ]
    },
    {
      "time": 0.82,
      "players": [
        {
          "team": 1,
          "pos": {
            "x": 14.43,
            "y": -3.77
          }
        },
        {
          "team": 2,
          "pos": {
            "x": -11.28,
            "y": 1.31
          }
        }
      ]
    },
    {
      "time": 0.84,
      "players": [
        {
          "team": 1,
          "pos": {
            "x": 14.43,
            "y": -3.77
          }
        },
        {
          "team": 2,
          "pos": {
            "x": -11.28,
            "y": 1.31
          }
        }
      ]
    },
    {
      "time": 0.86,
      "players": [
        {
          "team": 1,
          "pos": {
            "x": 14.43,
            "y": -3.77
          }
        },
        {
          "team": 2,
          "pos": {
            "x": -11.28,
            "y": 1.31
          }
        }
      ]
    },
    {
      "time": 0.88,
      "players": [
        {
          "team": 1,
          "pos": {
            "x": 14.43,
            "y": -3.77
          }
        },
        {
          "team": 2,
          "pos": {
            "x": -11.28,
            "y": 1.31
          }
        }
      ]
    },
    {
      "time": 0.9,
      "players": [
        {
          "team": 1,
          "pos": {
            "x": 14.43,
            "y": -3.77
          }
        },
        {
          "team": 2,
          "pos": {
            "x": -11.28,
            "y": 1.31
          }
        }
      ]
    },
    {
      "time": 0.92,
      "players": [
        {
          "team": 1,
          "pos": {
            "x": 14.43,
            "y": -3.77
          }
        },
        {
          "team": 2,
          "pos": {
            "x": -11.28,
            "y": 1.31
          }
        }
      ]
    },
    {
      "time": 0.94,
      "players": [
        {
          "team": 1,
          "pos": {
            "x": 14.43,
            "y": -3.77
          }
        },
        {
          "team": 2,
          "pos": {
            "x": -11.28,
            "y": 1.31
          }
        }
      ]
    },
    {
      "time": 0.96,
      "players": [
        {
          "team": 1,
          "pos": {
            "x": 14.43,
            "y": -3.77
          }
        },
        {
          "team": 2,
          "pos": {
            "x": -11.28,
            "y": 1.31
          }
        }
      ]
    },
    {
      "time": 0.98,
      "players": [
        {
          "team": 1,
          "pos": {
            "x": 14.43,
            "y": -3.77
          }
        },
        {
          "team": 2,
          "pos": {
            "x": -11.28,
            "y": 1.31
          }
        }
      ]
    },
    {
      "time": 1.0,
      "players": [
        {
          "team": 1,
          "pos": {
            "x": 14.43,
            "y": -3.77
          }
        },
        {
          "team": 2,
          "pos": {
            "x": -11.28,
            "y": 1.31
          }
        }
      ]
    },
    {
      "time": 1.02,
      "players": [
        {
          "team": 1,
          "pos": {
            "x": 14.43,
            "y": -3.77
          }
        },
        {
          "team": 2,
          "pos": {
            "x": -11.28,
            "y": 1.31
          }
        }
      ]
    },
    {
      "time": 1.04,
      "players": [
        {
          "team": 1,
          "pos": {
            "x": 14.43,
            "y": -3.77
          }
        },
        {
          "team": 2,
          "pos": {
            "x": -11.28,
            "y": 1.31
          }
        }
      ]
    },
    {
      "time": 1.06,
      "players": [
        {
          "team": 1,
          "pos": {
            "x": 14.43,
            "y": -3.77
          }
        },
        {
          "team": 2,
          "pos": {
            "x": -11.28,
            "y": 1.31
          }
        }
      ]
    },
    {
      "time": 1.08,
      "players": [
        {
          "team": 1,
          "pos": {
            "x": 14.43,
            "y": -3.77
          }
        },
        {
          "team": 2,
          "pos": {
            "x": -11.28,
            "y": 1.31
          }
        }
      ]
    },
    {
      "time": 1.1,
      "players": [
        {
          "team": 1,
          "pos": {
            "x": 14.43,
            "y": -3.77
          }
        },
        {
          "team": 2,
          "pos": {
            "x": -11.28,
            "y": 1.31
          }
        }
      ]
    },
    {
      "time": 1.12,
      "players": [
        {
          "team": 1,
          "pos": {
            "x": 14.43,
            "y": -3.77
          }
        },
        {
          "team": 2,
          "pos": {
            "x": -11.28,
            "y": 1.31
          }
        }
      ]
    },
    {
      "time": 1.14,
      "players": [
        {
          "team": 1,
          "pos": {
            "x": 14.43,
            "y": -3.77
          }
        },
        {
          "team": 2,
          "pos": {
            "x": -11.28,
            "y": 1.31
          }
        }
      ]
    },
    {
      "time": 1.16,
      "players": [
        {
          "team": 1,
          "pos": {
            "x": 14.43,
            "y": -3.77
          }
        },
        {
          "team": 2,
          "pos": {
            "x": -11.28,
            "y": 1.31
          }
        }
      ]
    },
    {
      "time": 1.18,
      "players": [
        {
          "team": 1,
          "pos": {
            "x": 14.43,
            "y": -3.77
          }
        },
        {
          "team": 2,
          "pos": {
            "x": -11.28,
            "y": 1.31
          }
        }
      ]
    },
    {
      "time": 1.2,
      "players": [
        {
          "team": 1,
          "pos": {
            "x": 14.43,
            "y": -3.77
          }
        },
        {
          "team": 2,
          "pos": {
            "x": -11.28,
            "y": 1.31
          }
        }
      ]
    },
    {
      "time": 1.22,
      "players": [
        {
          "team": 1,
          "pos": {
            "x": 14.43,
            "y": -3.77
          }
        },
        {
          "team": 2,
          "pos": {
            "x": -11.28,
            "y": 1.31
          }
        }
      ]
    },
    {
      "time": 1.24,
      "players": [
        {
          "team": 1,
          "pos": {
            "x": 14.43,
            "y": -3.77
          }
        },
        {
          "team": 2,
          "pos": {
            "x": -11.28,
            "y": 1.31
          }
        }
      ]
    },
    {
      "time": 1.26,
      "players": [
        {
          "team": 1,
          "pos": {
            "x": 14.43,
            "y": -3.77
          }
        },
        {
          "team": 2,
          "pos": {
            "x": -11.28,
            "y": 1.31
          }
        }
      ]
    },
    {
      "time": 1.28,
      "players": [
        {
          "team": 1,
          "pos": {
            "x": 14.43,
            "y": -3.77
          }
        },
        {
          "team": 2,
          "pos": {
            "x": -11.28,
            "y": 1.31
          }
        }
      ]
    },
    {
      "time": 1.3,
      "players": [
        {
          "team": 1,
          "pos": {
            "x": 14.43,
            "y": -3.77
          }
        },
        {
          "team": 2,
          "pos": {
            "x": -11.28,
            "y": 1.31
          }
        }
      ]
    },
    {
      "time": 1.32,
      "players": [
        {
          "team": 1,
          "pos": {
            "x": 14.43,
            "y": -3.77
          }
        },
        {
          "team": 2,
          "pos": {
            "x": -11.28,
            "y": 1.31
          }
        }
      ]
    },
    {
      "time": 1.34,
      "players": [
        {
          "team": 1,
          "pos": {
            "x": 14.43,
            "y": -3.77
          }
        },
        {
          "team": 2,
          "pos": {
            "x": -11.28,
            "y": 1.31
          }
        }
      ]
    },
    {
      "time": 1.36,
      "players": [
        {
          "team": 1,
          "pos": {
            "x": 14.43,
            "y": -3.77
          }
        },
        {
          "team": 2,
          "pos": {
            "x": -11.28,
            "y": 1.31
          }
        }
      ]
    },
    {
      "time": 1.38,
      "players": [
        {
          "team": 1,
          "pos": {
            "x": 14.43,
            "y": -3.77
          }
        },
        {
          "team": 2,
          "pos": {
            "x": -11.28,
            "y": 1.31
          }
        }
      ]
    },
    {
      "time": 1.4,
      "players": [
        {
          "team": 1,
          "pos": {
            "x": 14.43,
            "y": -3.77
          }
        },
        {
          "team": 2,
          "pos": {
            "x": -11.28,
            "y": 1.31
          }
        }
      ]
    },
    {
      "time": 1.42,
      "players": [
        {
          "team": 1,
          "pos": {
            "x": 14.43,
            "y": -3.77
          }
        },
        {
          "team": 2,
          "pos": {
            "x": -11.28,
            "y": 1.31
          }
        }
      ]
    },
    {
      "time": 1.44,
      "players": [
        {
          "team": 1,
          "pos": {
            "x": 14.43,
            "y": -3.77
          }
        },
        {
          "team": 2,
          "pos": {
            "x": -11.28,
            "y": 1.31
          }
        }
      ]
    },
    {
      "time": 1.46,
      "players": [
        {
          "team": 1,
          "pos": {
            "x": 14.43,
            "y": -3.77
          }
        },
        {
          "team": 2,
          "pos": {
            "x": -11.28,
            "y": 1.31
          }
        }
      ]
    },
    {
      "time": 1.48,
      "players": [
        {
          "team": 1,
          "pos": {
            "x": 14.43,
            "y": -3.77
          }
        },
        {
          "team": 2,
          "pos": {
            "x": -11.28,
            "y": 1.31
          }
        }
      ]
    },
    {
      "time": 1.5,
      "players": [
        {
          "team": 1,
          "pos": {
            "x": 14.43,
            "y": -3.77
          }
        },
        {
          "team": 2,
          "pos": {
            "x": -11.28,
            "y": 1.31
          }
        }
      ]
    },
    {
      "time": 1.52,
      "players": [
        {
          "team": 1,
          "pos": {
            "x": 14.43,
            "y": -3.77
          }
        },
        {
          "team": 2,
          "pos": {
            "x": -11.28,
            "y": 1.31
          }
        }
      ]
    },
    {
      "time": 1.54,
      "players": [
        {
          "team": 1,
          "pos": {
            "x": 14.43,
            "y": -3.77
          }
        },
        {
          "team": 2,
          "pos": {
            "x": -11.28,
            "y": 1.31
          }
        }
      ]
    },
    {
      "time": 1.56,
      "players": [
        {
          "team": 1,
          "pos": {
            "x": 14.43,
            "y": -3.77
          }
        },
        {
          "team": 2,
          "pos": {
            "x": -11.28,
            "y": 1.31
          }
        }
      ]
    },
    {
      "time": 1.58,
      "players": [
        {
          "team": 1,
          "pos": {
            "x": 14.43,
            "y": -3.77
          }
        },
        {
          "team": 2,
          "pos": {
            "x": -11.28,
            "y": 1.31
          }
        }
      ]
    },
    {
      "time": 1.6,
      "players": [
        {
          "team": 1,
          "pos": {
            "x": 14.43,
            "y": -3.77
          }
        },
        {
          "team": 2,
          "pos": {
            "x": -11.28,
            "y": 1.31
          }
        }
      ]
    },
    {
      "time": 1.62,
      "players": [
        {
          "team": 1,
          "pos": {
            "x": 14.43,
            "y": -3.77
          }
        },
        {
          "team": 2,
          "pos": {
            "x": -11.28,
            "y": 1.31
          }
        }
      ]
    },
    {
      "time": 1.64,
      "players": [
        {
          "team": 1,
          "pos": {
            "x": 14.43,
            "y": -3.77
          }
        },
        {
          "team": 2,
          "pos": {
            "x": -11.28,
            "y": 1.31
          }
        }
      ]
    },
    {
      "time": 1.66,
      "players": [
        {
          "team": 1,
          "pos": {
            "x": 14.43,
            "y": -3.77
          }
        },
        {
          "team": 2,
          "pos": {
            "x": -11.28,
            "y": 1.31
          }
        }
      ]
    },
    {
      "time": 1.68,
      "players": [
        {
          "team": 1,
          "pos": {
            "x": 14.43,
            "y": -3.77
          }
        },
        {
          "team": 2,
          "pos": {
            "x": -11.28,
            "y": 1.31
          }
        }
      ]
    },
    {
      "time": 1.7,
      "players": [
        {
          "team": 1,
          "pos": {
            "x": 14.43,
            "y": -3.77
          }
        },
        {
          "team": 2,
          "pos": {
            "x": -11.28,
            "y": 1.31
          }
        }
      ]
    },
    {
      "time": 1.72,
      "players": [
        {
          "team": 1,
          "pos": {
            "x": 14.43,
            "y": -3.77
          }
        },
        {
          "team": 2,
          "pos": {
            "x": -11.28,
            "y": 1.31
          }
        }
      ]
    },
    {
      "time": 1.74,
      "players": [
        {
          "team": 1,
          "pos": {
            "x": 14.43,
            "y": -3.77
          }
        },
        {
          "team": 2,
          "pos": {
            "x": -11.28,
            "y": 1.31
          }
        }
      ]
    },
    {
      "time": 1.76,
      "players": [
        {
          "team": 1,
          "pos": {
            "x": 14.43,
            "y": -3.77
          }
        },
        {
          "team": 2,
          "pos": {
            "x": -11.28,
            "y": 1.31
          }
        }
      ]
    },
    {
      "time": 1.78,
      "players": [
        {
          "team": 1,
          "pos": {
            "x": 14.43,
            "y": -3.77
          }
        },
        {
          "team": 2,
          "pos": {
            "x": -11.28,
            "y": 1.31
          }
        }
      ]
    },
    {
      "time": 1.8,
      "players": [
        {
          "team": 1,
          "pos": {
            "x": 14.43,
            "y": -3.77
          }
        },
        {
          "team": 2,
          "pos": {
            "x": -11.28,
            "y": 1.31
          }
        }
      ]
    },
    {
      "time": 1.82,
      "players": [
        {
          "team": 1,
          "pos": {
            "x": 14.43,
            "y": -3.77
          }
        },
        {
          "team": 2,
          "pos": {
            "x": -11.28,
            "y": 1.31
          }
        }
      ]
    },
    {
      "time": 1.84,
      "players": [
        {
          "team": 1,
          "pos": {
            "x": 14.43,
            "y": -3.77
          }
        },
        {
          "team": 2,
          "pos": {
            "x": -11.28,
            "y": 1.31
          }
        }
      ]
    },
    {
      "time": 1.86,
      "players": [
        {
          "team": 1,
          "pos": {
            "x": 14.43,
            "y": -3.77
          }
        },
        {
          "team": 2,
          "pos": {
            "x": -11.28,
            "y": 1.31
          }
        }
      ]
    },
    {
      "time": 1.88,
      "players": [
        {
          "team": 1,
          "pos": {
            "x": 14.43,
            "y": -3.77
          }
        },
        {
          "team": 2,
          "pos": {
            "x": -11.28,
            "y": 1.31
          }
        }
      ]
    },
    {
      "time": 1.9,
      "players": [
        {
          "team": 1,
          "pos": {
            "x": 14.43,
            "y": -3.77
          }
        },
        {
          "team": 2,
          "pos": {
            "x": -11.28,
            "y": 1.31
          }
        }
      ]
    },
    {
      "time": 1.92,
      "players": [
        {
          "team": 1,
          "pos": {
            "x": 14.43,
            "y": -3.77
          }
        },
        {
          "team": 2,
          "pos": {
            "x": -11.28,
            "y": 1.31
          }
        }
      ]
    },
    {
      "time": 1.94,
      "players": [
        {
          "team": 1,
          "pos": {
            "x": 14.43,
            "y": -3.77
          }
        },
        {
          "team": 2,
          "pos": {
            "x": -11.28,
            "y": 1.31
          }
        }
      ]
    },
    {
      "time": 1.96,
      "players": [
        {
          "team": 1,
          "pos": {
            "x": 14.43,
            "y": -3.77
          }
        },
        {
          "team": 2,
          "pos": {
            "x": -11.28,
            "y": 1.31
          }
        }
      ]
    },
    {
      "time": 1.98,
      "players": [
        {
          "team": 1,
          "pos": {
            "x": 14.43,
            "y": -3.77
          }
        },
        {
          "team": 2,
          "pos": {
            "x": -11.28,
            "y": 1.31
          }
        }
      ]
    },
    {
      "time": 2.0,
      "players": [
        {
          "team": 1,
          "pos": {
            "x": 14.43,
            "y": -3.77
          }
        },
        {
          "team": 2,
          "pos": {
            "x": -11.28,
            "y": 1.31
          }
        }
      ]
    },
    {
      "time": 2.02,
      "players": [
        {
          "team": 1,
          "pos": {
            "x": 14.43,
            "y": -3.77
          }
        },
        {
          "team": 2,
          "pos": {
            "x": -11.28,
            "y": 1.31
          }
        }
      ]
    },
    {
      "time": 2.04,
      "players": [
        {
          "team": 1,
          "pos": {
            "x": 14.43,
            "y": -3.77
          }
        },
        {
          "team": 2,
          "pos": {
            "x": -11.28,
            "y": 1.31
          }
        }
      ]
    },
    {
      "time": 2.06,
      "players": [
        {
          "team": 1,
          "pos": {
            "x": 14.43,
            "y": -3.77
          }
        },
        {
          "team": 2,
          "pos": {
            "x": -11.28,
            "y": 1.31
          }
        }
      ]
    },
    {
      "time": 2.08,
      "players": [
        {
          "team": 1,
          "pos": {
            "x": 14.43,
            "y": -3.77
          }
        },
        {
          "team": 2,
          "pos": {
            "x": -11.28,
            "y": 1.31
          }
        }
      ]
    },
    {
      "time": 2.1,
      "players": [
        {
          "team": 1,
          "pos": {
            "x": 14.43,
            "y": -3.77
          }
        },
        {
          "team": 2,
          "pos": {
            "x": -11.28,
            "y": 1.31
          }
        }
      ]
    },
    {
      "time": 2.12,
      "players": [
        {
          "team": 1,
          "pos": {
            "x": 14.43,
            "y": -3.77
          }
        },
        {
          "team": 2,
          "pos": {
            "x": -11.28,
            "y": 1.31
          }
        }
      ]
    },
    {
      "time": 2.14,
      "players": [
        {
          "team": 1,
          "pos": {
            "x": 14.43,
            "y": -3.77
          }
        },
        {
          "team": 2,
          "pos": {
            "x": -11.28,
            "y": 1.31
          }
        }
      ]
    },
    {
      "time": 2.16,
      "players": [
        {
          "team": 1,
          "pos": {
            "x": 14.43,
            "y": -3.77
          }
        },
        {
          "team": 2,
          "pos": {
            "x": -11.28,
            "y": 1.31
          }
        }
      ]
    },
    {
      "time": 2.18,
      "players": [
        {
          "team": 1,
          "pos": {
            "x": 14.43,
            "y": -3.77
          }
        },
        {
          "team": 2,
          "pos": {
            "x": -11.28,
            "y": 1.31
          }
        }
      ]
    },
    {
      "time": 2.2,
      "players": [
        {
          "team": 1,
          "pos": {
            "x": 14.43,
            "y": -3.77
          }
        },
        {
          "team": 2,
          "pos": {
            "x": -11.28,
            "y": 1.31
          }
        }
      ]
    },
    {
      "time": 2.22,
      "players": [
        {
          "team": 1,
          "pos": {
            "x": 14.43,
            "y": -3.77
          }
        },
        {
          "team": 2,
          "pos": {
            "x": -11.28,
            "y": 1.31
          }
        }
      ]
    },
    {
      "time": 2.24,
      "players": [
        {
          "team": 1,
          "pos": {
            "x": 14.43,
            "y": -3.77
          }
        },
        {
          "team": 2,
          "pos": {
            "x": -11.28,
            "y": 1.31
          }
        }
      ]
    },
    {
      "time": 2.26,
      "players": [
        {
          "team": 1,
          "pos": {
            "x": 14.43,
            "y": -3.77
          }
        },
        {
          "team": 2,
          "pos": {
            "x": -11.28,
            "y": 1.31
          }
        }
      ]
    },
    {
      "time": 2.28,
      "players": [
        {
          "team": 1,
          "pos": {
            "x": 14.43,
            "y": -3.77
          }
        },
        {
          "team": 2,
          "pos": {
            "x": -11.28,
            "y": 1.31
          }
        }
      ]
    },
    {
      "time": 2.3,
      "players": [
        {
          "team": 1,
          "pos": {
            "x": 14.43,
            "y": -3.77
          }
        },
        {
          "team": 2,
          "pos": {
            "x": -11.28,
            "y": 1.31
          }
        }
      ]
    },
    {
      "time": 2.32,
      "players": [
        {
          "team": 1,
          "pos": {
            "x": 14.43,
            "y": -3.77
          }
        },
        {
          "team": 2,
          "pos": {
            "x": -11.28,
            "y": 1.31
          }
        }
      ]
    },
    {
      "time": 2.34,
      "players": [
        {
          "team": 1,
          "pos": {
            "x": 14.43,
            "y": -3.77
          }
        },
        {
          "team": 2,
          "pos": {
            "x": -11.28,
            "y": 1.31
          }
        }
      ]
    },
    {
      "time": 2.36,
      "players": [
        {
          "team": 1,
          "pos": {
            "x": 14.43,
            "y": -3.77
          }
        },
        {
          "team": 2,
          "pos": {
            "x": -11.28,
            "y": 1.31
          }
        }
      ]
    },
    {
      "time": 2.38,
      "players": [
        {
          "team": 1,
          "pos": {
            "x": 14.43,
            "y": -3.77
          }
        },
        {
          "team": 2,
          "pos": {
            "x": -11.28,
            "y": 1.31
          }
        }
      ]
    },
    {
      "time": 2.4,
      "players": [
        {
          "team": 1,
          "pos": {
            "x": 14.43,
            "y": -3.77
          }
        },
        {
          "team": 2,
          "pos": {
            "x": -11.28,
            "y": 1.31
          }
        }
      ]
    },
    {
      "time": 2.42,
      "players": [
        {
          "team": 1,
          "pos": {
            "x": 14.43,
            "y": -3.77
          }
        },
        {
          "team": 2,
          "pos": {
            "x": -11.28,
            "y": 1.31
          }
        }
      ]
    },
    {
      "time": 2.44,
      "players": [
        {
          "team": 1,
          "pos": {
            "x": 14.43,
            "y": -3.77
          }
        },
        {
          "team": 2,
          "pos": {
            "x": -11.28,
            "y": 1.31
          }
        }
      ]
    },
    {
      "time": 2.46,
      "players": [
        {
          "team": 1,
          "pos": {
            "x": 14.43,
            "y": -3.77
          }
        },
        {
          "team": 2,
          "pos": {
            "x": -11.28,
            "y": 1.31
          }
        }
      ]
    },
    {
      "time": 2.48,
      "players": [
        {
          "team": 1,
          "pos": {
            "x": 14.43,
            "y": -3.77
          }
        },
        {
          "team": 2,
          "pos": {
            "x": -11.28,
            "y": 1.31
          }
        }
      ]
    },
    {
      "time": 2.5,
      "players": [
        {
          "team": 1,
          "pos": {
            "x": 14.43,
            "y": -3.77
          }
        },
        {
          "team": 2,
          "pos": {
            "x": -11.28,
            "y": 1.31
          }
        }
      ]
    },
    {
      "time": 2.52,
      "players": [
        {
          "team": 1,
          "pos": {
            "x": 14.43,
            "y": -3.77
          }
        },
        {
          "team": 2,
          "pos": {
            "x": -11.28,
            "y": 1.31
          }
        }
      ]
    },
    {
      "time": 2.54,
      "players": [
        {
          "team": 1,
          "pos": {
            "x": 14.43,
            "y": -3.77
          }
        },
        {
          "team": 2,
          "pos": {
            "x": -11.28,
            "y": 1.31
          }
        }
      ]
    },
    {
      "time": 2.56,
      "players": [
        {
          "team": 1,
          "pos": {
            "x": 14.43,
            "y": -3.77
          }
        },
        {
          "team": 2,
          "pos": {
            "x": -11.28,
            "y": 1.31
          }
        }
      ]
    },
    {
      "time": 2.58,
      "players": [
        {
          "team": 1,
          "pos": {
            "x": 14.43,
            "y": -3.77
          }
        },
        {
          "team": 2,
          "pos": {
            "x": -11.28,
            "y": 1.31
          }
        }
      ]
    },
    {
      "time": 2.6,
      "players": [
        {
          "team": 1,
          "pos": {
            "x": 14.43,
            "y": -3.77
          }
        },
        {
          "team": 2,
          "pos": {
            "x": -11.28,
            "y": 1.31
          }
        }
      ]
    },
    {
      "time": 2.62,
      "players": [
        {
          "team": 1,
          "pos": {
            "x": 14.43,
            "y": -3.77
          }
        },
        {
          "team": 2,
          "pos": {
            "x": -11.28,
            "y": 1.31
          }
        }
      ]
    },
    {
      "time": 2.64,
      "players": [
        {
          "team": 1,
          "pos": {
            "x": 14.43,
            "y": -3.77
          }
        },
        {
          "team": 2,
          "pos": {
            "x": -11.28,
            "y": 1.31
          }
        }
      ]
    },
    {
      "time": 2.66,
      "players": [
        {
          "team": 1,
          "pos": {
            "x": 14.43,
            "y": -3.77
          }
        },
        {
          "team": 2,
          "pos": {
            "x": -11.28,
            "y": 1.31
          }
        }
      ]
    },
    {
      "time": 2.68,
      "players": [
        {
          "team": 1,
          "pos": {
            "x": 14.43,
            "y": -3.77
          }
        },
        {
          "team": 2,
          "pos": {
            "x": -11.28,
            "y": 1.31
          }
        }
      ]
    },
    {
      "time": 2.7,
      "players": [
        {
          "team": 1,
          "pos": {
            "x": 14.43,
            "y": -3.77
          }
        },
        {
          "team": 2,
          "pos": {
            "x": -11.28,
            "y": 1.31
          }
        }
      ]
    },
    {
      "time": 2.72,
      "players": [
        {
          "team": 1,
          "pos": {
            "x": 14.43,
            "y": -3.77
          }
        },
        {
          "team": 2,
          "pos": {
            "x": -11.28,
            "y": 1.31
          }
        }
      ]
    },
    {
      "time": 2.74,
      "players": [
        {
          "team": 1,
          "pos": {
            "x": 14.43,
            "y": -3.77
          }
        },
        {
          "team": 2,
          "pos": {
            "x": -11.28,
            "y": 1.31
          }
        }
      ]
    },
    {
      "time": 2.76,
      "players": [
        {
          "team": 1,
          "pos": {
            "x": 14.43,
            "y": -3.77
          }
        },
        {
          "team": 2,
          "pos": {
            "x": -11.28,
            "y": 1.31
          }
        }
      ]
    },
    {
      "time": 2.78,
      "players": [
        {
          "team": 1,
          "pos": {
            "x": 14.43,
            "y": -3.77
          }
        },
        {
          "team": 2,
          "pos": {
            "x": -11.28,
            "y": 1.31
          }
        }
      ]
    },
    {
      "time": 2.8,
      "players": [
        {
          "team": 1,
          "pos": {
            "x": 14.43,
            "y": -3.77
          }
        },
        {
          "team": 2,
          "pos": {
            "x": -11.28,
            "y": 1.31
          }
        }
      ]
    },
    {
      "time": 2.82,
      "players": [
        {
          "team": 1,
          "pos": {
            "x": 14.43,
            "y": -3.77
          }
        },
        {
          "team": 2,
          "pos": {
            "x": -11.28,
            "y": 1.31
          }
        }
      ]
    },
    {
      "time": 2.84,
      "players": [
        {
          "team": 1,
          "pos": {
            "x": 14.43,
            "y": -3.77
          }
        },
        {
          "team": 2,
          "pos": {
            "x": -11.28,
            "y": 1.31
          }
        }
      ]
    },
    {
      "time": 2.86,
      "players": [
        {
          "team": 1,
          "pos": {
            "x": 14.43,
            "y": -3.77
          }
        },
        {
          "team": 2,
          "pos": {
            "x": -11.28,
            "y": 1.31
          }
        }
      ]
    },
    {
      "time": 2.88,
      "players": [
        {
          "team": 1,
          "pos": {
            "x": 14.43,
            "y": -3.77
          }
        },
        {
          "team": 2,
          "pos": {
            "x": -11.28,
            "y": 1.31
          }
        }
      ]
    },
    {
      "time": 2.9,
      "players": [
        {
          "team": 1,
          "pos": {
            "x": 14.43,
            "y": -3.77
          }
        },
        {
          "team": 2,
          "pos": {
            "x": -11.28,
            "y": 1.31
          }
        }
      ]
    },
    {
      "time": 2.92,
      "players": [
        {
          "team": 1,
          "pos": {
            "x": 14.43,
            "y": -3.77
          }
        },
        {
          "team": 2,
          "pos": {
            "x": -11.28,
            "y": 1.31
          }
        }
      ]
    },
    {
      "time": 2.94,
      "players": [
        {
          "team": 1,
          "pos": {
            "x": 14.43,
            "y": -3.77
          }
        },
        {
          "team": 2,
          "pos": {
            "x": -11.28,
            "y": 1.31
          }
        }
      ]
    },
    {
      "time": 2.96,
      "players": [
        {
          "team": 1,
          "pos": {
            "x": 14.43,
            "y": -3.77
          }
        },
        {
          "team": 2,
          "pos": {
            "x": -11.28,
            "y": 1.31
          }
        }
      ]
    },
    {
      "time": 2.98,
      "players": [
        {
          "team": 1,
          "pos": {
            "x": 14.43,
            "y": -3.77
          }
        },
        {
          "team": 2,
          "pos": {
            "x": -11.28,
            "y": 1.31
          }
        }
      ]
    },
    {
      "time": 3.0,
      "players": [
        {
          "team": 1,
          "pos": {
            "x": 14.43,
            "y": -3.77
          }
        },
        {
          "team": 2,
          "pos": {
            "x": -11.28,
            "y": 1.31
          }
        }
      ]
    },
    {
      "time": 3.02,
      "players": [
        {
          "team": 1,
          "pos": {
            "x": 14.43,
            "y": -3.77
          }
        },
        {
          "team": 2,
          "pos": {
            "x": -11.28,
            "y": 1.31
          }
        }
      ]
    },
    {
      "time": 3.04,
      "players": [
        {
          "team": 1,
          "pos": {
            "x": 14.43,
            "y": -3.77
          }
        },
        {
          "team": 2,
          "pos": {
            "x": -11.28,
            "y": 1.31
          }
        }
      ]
    }
  ]
}