{
  "id": "59d03590-3ae4-42be-a676-74cdb19eeb43",
  "sequences": {
    "set": 3,
    "game": 3,
    "point": 5,
    "serve": 1,
    "rally": 1
  },
  "match": {
    "season": 2025,
    "tournament_id": 9999,
    "draw_code": "MS001",
    "court_id": 1,
    "players": [
      {
        "forename": "Andy",
        "surname": "Bernard",
        "team": 1,
        "external_id": "AB12"
      },
      {
        "forename": "Cedric",
        "surname": "Diggory",
        "team": 2,
        "external_id": "CD34"
      }
    ]
  },
  "shots": [
    {
      "shot_no": 1,
      "team": 2,
      "stroke": "serve",
      "spin": {
        "type": "backspin",
        "rpm": -4329.452
      },
      "speed_ms": 56.278,
      "call": "out",
      "distance": 0.254,
      "time_utc": "2025-01-01T12:46:52.388Z",
      "time": 0.0,
      "duration": 0.723
    }
  ],
  "samples": [
    {
      "time": -2.1,
      "players": [
        {
          "team": 1,
          "pos": {
            "x": 12.16,
            "y": 1.01
          }
        },
        {
          "team": 2,
          "pos": {
            "x": -14.92,
            "y": -3.87
          }
        }
      ]
    },
    {
      "time": -2.08,
      "players": [
        {
          "team": 1,
          "pos": {
            "x": 12.12,
            "y": 1.04
          }
        },
        {
          "team": 2,
          "pos": {
            "x": -14.92,
            "y": -3.87
          }
        }
      ]
    },
    {
      "time": -2.06,
      "players": [
        {
          "team": 1,
          "pos": {
            "x": 12.1,
            "y": 1.05
          }
        },
        {
          "team": 2,
          "pos": {
            "x": -14.92,
            "y": -3.87
          }
        }
      ]
    },
    {
      "time": -2.04,
      "players": [
        {
          "team": 1,
          "pos": {
            "x": 12.11,
            "y": 1.03
          }
        },
        {
          "team": 2,
          "pos": {
            "x": -14.92,
            "y": -3.87
          }
        }
      ]
    },
    {
      "time": -2.02,
      "players": [
        {
          "team": 1,
          "pos": {
            "x": 12.05,
            "y": 1.04
          }
        },
        {
          "team": 2,
          "pos": {
            "x": -14.92,
            "y": -3.87
          }
        }
      ]
    },
    {
      "time": -2.0,
      "players": [
        {
          "team": 1,
          "pos": {
            "x": 12.01,
            "y": 1.06
          }
        },
        {
          "team": 2,
          "pos": {
            "x": -14.92,
            "y": -3.87
          }
        }
      ]
    },
    {
      "time": -1.98,
      "players": [
        {
          "team": 1,
          "pos": {
            "x": 11.99,
            "y": 1.08
          }
        },
        {
          "team": 2,
          "pos": {
            "x": -14.92,
            "y": -3.87
          }
        }
      ]
    },
    {
      "time": -1.96,
      "players": [
        {
          "team": 1,
          "pos": {
            "x": 11.99,
            "y": 1.06
          }
        },
        {
          "team": 2,
          "pos": {
            "x": -14.92,
            "y": -3.87
          }
        }
      ]
    },
    {
      "time": -1.94,
      "players": [
        {
          "team": 1,
          "pos": {
            "x": 11.97,
            "y": 1.07
          }
        },
        {
          "team": 2,
          "pos": {
            "x": -14.92,
            "y": -3.87
          }
        }
      ]
    },
    {
      "time": -1.92,
      "players": [
        {
          "team": 1,
          "pos": {
            "x": 11.96,
            "y": 1.04
          }
        },
        {
          "team": 2,
          "pos": {
            "x": -14.92,
            "y": -3.87
          }
        }
      ]
    },
    {
      "time": -1.9,
      "players": [
        {
          "team": 1,
          "pos": {
            "x": 11.9,
            "y": 1.03
          }
        },
        {
          "team": 2,
          "pos": {
            "x": -14.92,
            "y": -3.87
          }
        }
      ]
    },
    {
      "time": -1.88,
      "players": [
        {
          "team": 1,
          "pos": {
            "x": 11.87,
            "y": 1.03
          }
        },
        {
          "team": 2,
          "pos": {
            "x": -14.92,
            "y": -3.87
          }
        }
      ]
    },
    {
      "time": -1.86,
      "players": [
        {
          "team": 1,
          "pos": {
            "x": 11.83,
            "y": 1.02
          }
        },
        {
          "team": 2,
          "pos": {
            "x": -14.92,
            "y": -3.87
          }
        }
      ]
    },
    {
      "time": -1.84,
      "players": [
        {
          "team": 1,
          "pos": {
            "x": 11.79,
            "y": 1.02
          }
        },
        {
          "team": 2,
          "pos": {
            "x": -14.92,
            "y": -3.87
          }
        }
      ]
    },
    {
      "time": -1.82,
      "players": [
        {
          "team": 1,
          "pos": {
            "x": 11.77,
            "y": 1.01
          }
        },
        {
          "team": 2,
          "pos": {
            "x": -14.92,
            "y": -3.87
          }
        }
      ]
    },
    {
      "time": -1.8,
      "players": [
        {
          "team": 1,
          "pos": {
            "x": 11.75,
            "y": 1.01
          }
        },
        {
          "team": 2,
          "pos": {
            "x": -14.92,
            "y": -3.87
          }
        }
      ]
    },
    {
      "time": -1.78,
      "players": [
        {
          "team": 1,
          "pos": {
            "x": 11.73,
            "y": 1.01
          }
        },
        {
          "team": 2,
          "pos": {
            "x": -14.92,
            "y": -3.87
          }
        }
      ]
    },
    {
      "time": -1.76,
      "players": [
        {
          "team": 1,
          "pos": {
            "x": 11.71,
            "y": 0.99
          }
        },
        {
          "team": 2,
          "pos": {
            "x": -14.92,
            "y": -3.87
          }
        }
      ]
    },
    {
      "time": -1.74,
      "players": [
        {
          "team": 1,
          "pos": {
            "x": 11.7,
            "y": 1.0
          }
        },
        {
          "team": 2,
          "pos": {
            "x": -14.92,
            "y": -3.87
          }
        }
      ]
    },
    {
      "time": -1.72,
      "players": [
        {
          "team": 1,
          "pos": {
            "x": 11.69,
            "y": 1.0
          }
        },
        {
          "team": 2,
          "pos": {
            "x": -14.92,
            "y": -3.87
          }
        }
      ]
    },
    {
      "time": -1.7,
      "players": [
        {
          "team": 1,
          "pos": {
            "x": 11.68,
            "y": 1.01
          }
        },
        {
          "team": 2,
          "pos": {
            "x": -14.92,
            "y": -3.87
          }
        }
      ]
    },
    {
      "time": -1.68,
      "players": [
        {
          "team": 1,
          "pos": {
            "x": 11.67,
            "y": 1.01
          }
        },
        {
          "team": 2,
          "pos": {
            "x": -14.92,
            "y": -3.87
          }
        }
      ]
    },
    {
      "time": -1.66,
      "players": [
        {
          "team": 1,
          "pos": {
            "x": 11.67,
            "y": 1.02
          }
        },
        {
          "team": 2,
          "pos": {
            "x": -14.92,
            "y": -3.87
          }
        }
      ]
    },
    {
      "time": -1.64,
      "players": [
        {
          "team": 1,
          "pos": {
            "x": 11.67,
            "y": 1.03
          }
        },
        {
          "team": 2,
          "pos": {
            "x": -14.92,
            "y": -3.87
          }
        }
      ]
    },
    {
      "time": -1.62,
      "players": [
        {
          "team": 1,
          "pos": {
            "x": 11.7,
            "y": 1.02
          }
        },
        {
          "team": 2,
          "pos": {
            "x": -14.92,
            "y": -3.87
          }
        }
      ]
    },
    {
      "time": -1.6,
      "players": [
        {
          "team": 1,
          "pos": {
            "x": 11.73,
            "y": 1.02
          }
        },
        {
          "team": 2,
          "pos": {
            "x": -14.92,
            "y": -3.87
          }
        }
      ]
    },
    {
      "time": -1.58,
      "players": [
        {
          "team": 1,
          "pos": {
            "x": 11.73,
            "y": 1.04
          }
        },
        {
          "team": 2,
          "pos": {
            "x": -14.92,
            "y": -3.87
          }
        }
      ]
    },
    {
      "time": -1.56,
      "players": [
        {
          "team": 1,
          "pos": {
            "x": 11.73,
            "y": 1.05
          }
        },
        {
          "team": 2,
          "pos": {
            "x": -14.92,
            "y": -3.87
          }
        }
      ]
    },
    {
      "time": -1.54,
      "players": [
        {
          "team": 1,
          "pos": {
            "x": 11.74,
            "y": 1.07
          }
        },
        {
          "team": 2,
          "pos": {
            "x": -14.92,
            "y": -3.87
          }
        }
      ]
    },
    {
      "time": -1.52,
      "players": [
        {
          "team": 1,
          "pos": {
            "x": 11.74,
            "y": 1.08
          }
        },
        {
          "team": 2,
          "pos": {
            "x": -14.92,
            "y": -3.87
          }
        }
      ]
    },
    {
      "time": -1.5,
      "players": [
        {
          "team": 1,
          "pos": {
            "x": 11.75,
            "y": 1.09
          }
        },
        {
          "team": 2,
          "pos": {
            "x": -14.92,
            "y": -3.87
          }
        }
      ]
    },
    {
      "time": -1.48,
      "players": [
        {
          "team": 1,
          "pos": {
            "x": 11.76,
            "y": 1.1
          }
        },
        {
          "team": 2,
          "pos": {
            "x": -14.92,
            "y": -3.87
          }
        }
      ]
    },
    {
      "time": -1.46,
      "players": [
        {
          "team": 1,
          "pos": {
            "x": 11.77,
            "y": 1.13
          }
        },
        {
          "team": 2,
          "pos": {
            "x": -14.92,
            "y": -3.87
          }
        }
      ]
    },
    {
      "time": -1.44,
      "players": [
        {
          "team": 1,
          "pos": {
            "x": 11.78,
            "y": 1.14
          }
        },
        {
          "team": 2,
          "pos": {
            "x": -14.92,
            "y": -3.87
          }
        }
      ]
    },
    {
      "time": -1.42,
      "players": [
        {
          "team": 1,
          "pos": {
            "x": 11.78,
            "y": 1.16
          }
        },
        {
          "team": 2,
          "pos": {
            "x": -14.92,
            "y": -3.87
          }
        }
      ]
    },
    {
      "time": -1.4,
      "players": [
        {
          "team": 1,
          "pos": {
            "x": 11.82,
            "y": 1.22
          }
        },
        {
          "team": 2,
          "pos": {
            "x": -14.92,
            "y": -3.87
          }
        }
      ]
    },
    {
      "time": -1.38,
      "players": [
        {
          "team": 1,
          "pos": {
            "x": 11.83,
            "y": 1.25
          }
        },
        {
          "team": 2,
          "pos": {
            "x": -14.92,
            "y": -3.87
          }
        }
      ]
    },
    {
      "time": -1.36,
      "players": [
        {
          "team": 1,
          "pos": {
            "x": 11.86,
            "y": 1.3
          }
        },
        {
          "team": 2,
          "pos": {
            "x": -14.92,
            "y": -3.87
          }
        }
      ]
    },
    {
      "time": -1.34,
      "players": [
        {
          "team": 1,
          "pos": {
            "x": 11.88,
            "y": 1.34
          }
        },
        {
          "team": 2,
          "pos": {
            "x": -14.93,
            "y": -3.87
          }
        }
      ]
    },
    {
      "time": -1.32,
      "players": [
        {
          "team": 1,
          "pos": {
            "x": 11.89,
            "y": 1.37
          }
        },
        {
          "team": 2,
          "pos": {
            "x": -14.93,
            "y": -3.87
          }
        }
      ]
    },
    {
      "time": -1.3,
      "players": [
        {
          "team": 1,
          "pos": {
            "x": 11.91,
            "y": 1.4
          }
        },
        {
          "team": 2,
          "pos": {
            "x": -14.93,
            "y": -3.87
          }
        }
      ]
    },
    {
      "time": -1.28,
      "players": [
        {
          "team": 1,
          "pos": {
            "x": 11.94,
            "y": 1.44
          }
        },
        {
          "team": 2,
          "pos": {
            "x": -14.93,
            "y": -3.87
          }
        }
      ]
    },
    {
      "time": -1.26,
      "players": [
        {
          "team": 1,
          "pos": {
            "x": 11.97,
            "y": 1.47
          }
        },
        {
          "team": 2,
          "pos": {
            "x": -14.94,
            "y": -3.87
          }
        }
      ]
    },
    {
      "time": -1.24,
      "players": [
        {
          "team": 1,
          "pos": {
            "x": 11.99,
            "y": 1.51
          }
        },
        {
          "team": 2,
          "pos": {
            "x": -14.94,
            "y": -3.87
          }
        }
      ]
    },
    {
      "time": -1.22,
      "players": [
        {
          "team": 1,
          "pos": {
            "x": 11.99,
            "y": 1.54
          }
        },
        {
          "team": 2,
          "pos": {
            "x": -14.93,
            "y": -3.86
          }
        }
      ]
    },
    {
      "time": -1.2,
      "players": [
        {
          "team": 1,
          "pos": {
            "x": 12.0,
            "y": 1.54
          }
        },
        {
          "team": 2,
          "pos": {
            "x": -14.93,
            "y": -3.86
          }
        }
      ]
    },
    {
      "time": -1.18,
      "players": [
        {
          "team": 1,
          "pos": {
            "x": 12.0,
            "y": 1.57
          }
        },
        {
          "team": 2,
          "pos": {
            "x": -14.89,
            "y": -3.85
          }
        }
      ]
    },
    {
      "time": -1.16,
      "players": [
        {
          "team": 1,
          "pos": {
            "x": 12.0,
            "y": 1.57
          }
        },
        {
          "team": 2,
          "pos": {
            "x": -14.92,
            "y": -3.84
          }
        }
      ]
    },
    {
      "time": -1.14,
      "players": [
        {
          "team": 1,
          "pos": {
            "x": 12.0,
            "y": 1.58
          }
        },
        {
          "team": 2,
          "pos": {
            "x": -14.94,
            "y": -3.81
          }
        }
      ]
    },
    {
      "time": -1.12,
      "players": [
        {
          "team": 1,
          "pos": {
            "x": 12.01,
            "y": 1.59
          }
        },
        {
          "team": 2,
          "pos": {
            "x": -14.96,
            "y": -3.79
          }
        }
      ]
    },
    {
      "time": -1.1,
      "players": [
        {
          "team": 1,
          "pos": {
            "x": 12.01,
            "y": 1.61
          }
        },
        {
          "team": 2,
          "pos": {
            "x": -15.0,
            "y": -3.8
          }
        }
      ]
    },
    {
      "time": -1.08,
      "players": [
        {
          "team": 1,
          "pos": {
            "x": 12.0,
            "y": 1.62
          }
        },
        {
          "team": 2,
          "pos": {
            "x": -15.04,
            "y": -3.77
          }
        }
      ]
    },
    {
      "time": -1.06,
      "players": [
        {
          "team": 1,
          "pos": {
            "x": 11.98,
            "y": 1.61
          }
        },
        {
          "team": 2,
          "pos": {
            "x": -15.1,
            "y": -3.77
          }
        }
      ]
    },
    {
      "time": -1.04,
      "players": [
        {
          "team": 1,
          "pos": {
            "x": 12.0,
            "y": 1.62
          }
        },
        {
          "team": 2,
          "pos": {
            "x": -15.12,
            "y": -3.77
          }
        }
      ]
    },
    {
      "time": -1.02,
      "players": [
        {
          "team": 1,
          "pos": {
            "x": 12.01,
            "y": 1.61
          }
        },
        {
          "team": 2,
          "pos": {
            "x": -15.15,
            "y": -3.76
          }
        }
      ]
    },
    {
      "time": -1.0,
      "players": [
        {
          "team": 1,
          "pos": {
            "x": 12.02,
            "y": 1.62
          }
        },
        {
          "team": 2,
          "pos": {
            "x": -15.18,
            "y": -3.74
          }
        }
      ]
    },
    {
      "time": -0.98,
      "players": [
        {
          "team": 1,
          "pos": {
            "x": 12.08,
            "y": 1.56
          }
        },
        {
          "team": 2,
          "pos": {
            "x": -15.14,
            "y": -3.78
          }
        }
      ]
    },
    {
      "time": -0.96,
      "players": [
        {
          "team": 1,
          "pos": {
            "x": 12.14,
            "y": 1.52
          }
        },
        {
          "team": 2,
          "pos": {
            "x": -15.18,
            "y": -3.79
          }
        }
      ]
    },
    {
      "time": -0.94,
      "players": [
        {
          "team": 1,
          "pos": {
            "x": 12.19,
            "y": 1.5
          }
        },
        {
          "team": 2,
          "pos": {
            "x": -15.18,
            "y": -3.83
          }
        }
      ]
    },
    {
      "time": -0.92,
      "players": [
        {
          "team": 1,
          "pos": {
            "x": 12.26,
            "y": 1.42
          }
        },
        {
          "team": 2,
          "pos": {
            "x": -15.2,
            "y": -3.78
          }
        }
      ]
    },
    {
      "time": -0.9,
      "players": [
        {
          "team": 1,
          "pos": {
            "x": 12.31,
            "y": 1.37
          }
        },
        {
          "team": 2,
          "pos": {
            "x": -15.21,
            "y": -3.78
          }
        }
      ]
    },
    {
      "time": -0.88,
      "players": [
        {
          "team": 1,
          "pos": {
            "x": 12.34,
            "y": 1.36
          }
        },
        {
          "team": 2,
          "pos": {
            "x": -15.22,
            "y": -3.8
          }
        }
      ]
    },
    {
      "time": -0.86,
      "players": [
        {
          "team": 1,
          "pos": {
            "x": 12.37,
            "y": 1.34
          }
        },
        {
          "team": 2,
          "pos": {
            "x": -15.21,
            "y": -3.81
          }
        }
      ]
    },
    {
      "time": -0.84,
      "players": [
        {
          "team": 1,
          "pos": {
            "x": 12.38,
            "y": 1.32
          }
        },
        {
          "team": 2,
          "pos": {
            "x": -15.21,
            "y": -3.81
          }
        }
      ]
    },
    {
      "time": -0.82,
      "players": [
        {
          "team": 1,
          "pos": {
            "x": 12.4,
            "y": 1.25
          }
        },
        {
          "team": 2,
          "pos": {
            "x": -15.22,
            "y": -3.83
          }
        }
      ]
    },
    {
      "time": -0.8,
      "players": [
        {
          "team": 1,
          "pos": {
            "x": 12.43,
            "y": 1.19
          }
        },
        {
          "team": 2,
          "pos": {
            "x": -15.22,
            "y": -3.82
          }
        }
      ]
    },
    {
      "time": -0.78,
      "players": [
        {
          "team": 1,
          "pos": {
            "x": 12.44,
            "y": 1.14
          }
        },
        {
          "team": 2,
          "pos": {
            "x": -15.18,
            "y": -3.81
          }
        }
      ]
    },
    {
      "time": -0.76,
      "players": [
        {
          "team": 1,
          "pos": {
            "x": 12.41,
            "y": 1.13
          }
        },
        {
          "team": 2,
          "pos": {
            "x": -15.17,
            "y": -3.83
          }
        }
      ]
    },
    {
      "time": -0.74,
      "players": [
        {
          "team": 1,
          "pos": {
            "x": 12.41,
            "y": 1.1
          }
        },
        {
          "team": 2,
          "pos": {
            "x": -15.15,
            "y": -3.84
          }
        }
      ]
    },
    {
      "time": -0.72,
      "players": [
        {
          "team": 1,
          "pos": {
            "x": 12.37,
            "y": 1.12
          }
        },
        {
          "team": 2,
          "pos": {
            "x": -15.11,
            "y": -3.84
          }
        }
      ]
    },
    {
      "time": -0.7,
      "players": [
        {
          "team": 1,
          "pos": {
            "x": 12.36,
            "y": 1.12
          }
        },
        {
          "team": 2,
          "pos": {
            "x": -15.07,
            "y": -3.84
          }
        }
      ]
    },
    {
      "time": -0.68,
      "players": [
        {
          "team": 1,
          "pos": {
            "x": 12.31,
            "y": 1.14
          }
        },
        {
          "team": 2,
          "pos": {
            "x": -15.06,
            "y": -3.84
          }
        }
      ]
    },
    {
      "time": -0.66,
      "players": [
        {
          "team": 1,
          "pos": {
            "x": 12.26,
            "y": 1.19
          }
        },
        {
          "team": 2,
          "pos": {
            "x": -15.02,
            "y": -3.85
          }
        }
      ]
    },
    {
      "time": -0.64,
      "players": [
        {
          "team": 1,
          "pos": {
            "x": 12.26,
            "y": 1.25
          }
        },
        {
          "team": 2,
          "pos": {
            "x": -14.98,
            "y": -3.84
          }
        }
      ]
    },
    {
      "time": -0.621,
      "ball": {
        "pos": {
          "x": 11.666,
          "y": 0.55,
          "z": 2.217
        }
      },
      "players": [
        {
          "team": 1,
          "pos": {
            "x": 12.25,
            "y": 1.28
          }
        },
        {
          "team": 2,
          "pos": {
            "x": -15.06,
            "y": -3.85
          }
        }
      ]
    },
    {
      "time": -0.62,
      "ball": {
        "pos": {
          "x": 11.665,
          "y": 0.551,
          "z": 2.22
        }
      },
      "players": [
        {
          "team": 1,
          "pos": {
            "x": 12.24,
            "y": 1.26
          }
        },
        {
          "team": 2,
          "pos": {
            "x": -14.94,
            "y": -3.83
          }
        }
      ]
    },
    {
      "time": -0.6,
      "ball": {
        "pos": {
          "x": 11.655,
          "y": 0.56,
          "z": 2.308
        }
      },
      "players": [
        {
          "team": 1,
          "pos": {
            "x": 12.25,
            "y": 1.31
          }
        },
        {
          "team": 2,
          "pos": {
            "x": -14.93,
            "y": -3.81
          }
        }
      ]
    },
    {
      "time": -0.58,
      "ball": {
        "pos": {
          "x": 11.645,
          "y": 0.569,
          "z": 2.392
        }
      },
      "players": [
        {
          "team": 1,
          "pos": {
            "x": 12.27,
            "y": 1.23
          }
        },
        {
          "team": 2,
          "pos": {
            "x": -14.91,
            "y": -3.81
          }
        }
      ]
    },
    {
      "time": -0.56,
      "ball": {
        "pos": {
          "x": 11.634,
          "y": 0.579,
          "z": 2.471
        }
      },
      "players": [
        {
          "team": 1,
          "pos": {
            "x": 12.29,
            "y": 1.15
          }
        },
        {
          "team": 2,
          "pos": {
            "x": -14.9,
            "y": -3.8
          }
        }
      ]
    },
    {
      "time": -0.54,
      "ball": {
        "pos": {
          "x": 11.624,
          "y": 0.589,
          "z": 2.547
        }
      },
      "players": [
        {
          "team": 1,
          "pos": {
            "x": 12.32,
            "y": 1.07
          }
        },
        {
          "team": 2,
          "pos": {
            "x": -14.88,
            "y": -3.8
          }
        }
      ]
    },
    {
      "time": -0.52,
      "ball": {
        "pos": {
          "x": 11.613,
          "y": 0.599,
          "z": 2.618
        }
      },
      "players": [
        {
          "team": 1,
          "pos": {
            "x": 12.33,
            "y": 1.04
          }
        },
        {
          "team": 2,
          "pos": {
            "x": -14.87,
            "y": -3.81
          }
        }
      ]
    },
    {
      "time": -0.5,
      "ball": {
        "pos": {
          "x": 11.603,
          "y": 0.609,
          "z": 2.684
        }
      },
      "players": [
        {
          "team": 1,
          "pos": {
            "x": 12.32,
            "y": 1.08
          }
        },
        {
          "team": 2,
          "pos": {
            "x": -14.87,
            "y": -3.83
          }
        }
      ]
    },
    {
      "time": -0.48,
      "ball": {
        "pos": {
          "x": 11.593,
          "y": 0.619,
          "z": 2.747
        }
      },
      "players": [
        {
          "team": 1,
          "pos": {
            "x": 12.31,
            "y": 1.1
          }
        },
        {
          "team": 2,
          "pos": {
            "x": -14.84,
            "y": -3.85
          }
        }
      ]
    },
    {
      "time": -0.46,
      "ball": {
        "pos": {
          "x": 11.582,
          "y": 0.629,
          "z": 2.806
        }
      },
      "players": [
        {
          "team": 1,
          "pos": {
            "x": 12.32,
            "y": 1.09
          }
        },
        {
          "team": 2,
          "pos": {
            "x": -14.82,
            "y": -3.87
          }
        }
      ]
    },
    {
      "time": -0.44,
      "ball": {
        "pos": {
          "x": 11.572,
          "y": 0.639,
          "z": 2.86
        }
      },
      "players": [
        {
          "team": 1,
          "pos": {
            "x": 12.33,
            "y": 1.1
          }
        },
        {
          "team": 2,
          "pos": {
            "x": -14.81,
            "y": -3.9
          }
        }
      ]
    },
    {
      "time": -0.42,
      "ball": {
        "pos": {
          "x": 11.561,
          "y": 0.649,
          "z": 2.911
        }
      },
      "players": [
        {
          "team": 1,
          "pos": {
            "x": 12.32,
            "y": 1.1
          }
        },
        {
          "team": 2,
          "pos": {
            "x": -14.8,
            "y": -3.93
          }
        }
      ]
    },
    {
      "time": -0.4,
      "ball": {
        "pos": {
          "x": 11.551,
          "y": 0.66,
          "z": 2.957
        }
      },
      "players": [
        {
          "team": 1,
          "pos": {
            "x": 12.28,
            "y": 1.11
          }
        },
        {
          "team": 2,
          "pos": {
            "x": -14.8,
            "y": -3.97
          }
        }
      ]
    },
    {
      "time": -0.38,
      "ball": {
        "pos": {
          "x": 11.541,
          "y": 0.67,
          "z": 2.999
        }
      },
      "players": [
        {
          "team": 1,
          "pos": {
            "x": 12.29,
            "y": 1.07
          }
        },
        {
          "team": 2,
          "pos": {
            "x": -14.8,
            "y": -4.01
          }
        }
      ]
    },
    {
      "time": -0.36,
      "ball": {
        "pos": {
          "x": 11.531,
          "y": 0.68,
          "z": 3.038
        }
      },
      "players": [
        {
          "team": 1,
          "pos": {
            "x": 12.27,
            "y": 1.08
          }
        },
        {
          "team": 2,
          "pos": {
            "x": -14.79,
            "y": -4.05
          }
        }
      ]
    },
    {
      "time": -0.34,
      "ball": {
        "pos": {
          "x": 11.52,
          "y": 0.69,
          "z": 3.072
        }
      },
      "players": [
        {
          "team": 1,
          "pos": {
            "x": 12.28,
            "y": 1.09
          }
        },
        {
          "team": 2,
          "pos": {
            "x": -14.77,
            "y": -4.04
          }
        }
      ]
    },
    {
      "time": -0.32,
      "ball": {
        "pos": {
          "x": 11.51,
          "y": 0.7,
          "z": 3.102
        }
      },
      "players": [
        {
          "team": 1,
          "pos": {
            "x": 12.29,
            "y": 1.09
          }
        },
        {
          "team": 2,
          "pos": {
            "x": -14.74,
            "y": -3.99
          }
        }
      ]
    },
    {
      "time": -0.3,
      "ball": {
        "pos": {
          "x": 11.501,
          "y": 0.709,
          "z": 3.129
        }
      },
      "players": [
        {
          "team": 1,
          "pos": {
            "x": 12.31,
            "y": 1.09
          }
        },
        {
          "team": 2,
          "pos": {
            "x": -14.71,
            "y": -3.98
          }
        }
      ]
    },
    {
      "time": -0.28,
      "ball": {
        "pos": {
          "x": 11.491,
          "y": 0.719,
          "z": 3.151
        }
      },
      "players": [
        {
          "team": 1,
          "pos": {
            "x": 12.33,
            "y": 1.02
          }
        },
        {
          "team": 2,
          "pos": {
            "x": -14.69,
            "y": -3.97
          }
        }
      ]
    },
    {
      "time": -0.26,
      "ball": {
        "pos": {
          "x": 11.481,
          "y": 0.728,
          "z": 3.17
        }
      },
      "players": [
        {
          "team": 1,
          "pos": {
            "x": 12.33,
            "y": 1.01
          }
        },
        {
          "team": 2,
          "pos": {
            "x": -14.7,
            "y": -4.0
          }
        }
      ]
    },
    {
      "time": -0.24,
      "ball": {
        "pos": {
          "x": 11.472,
          "y": 0.737,
          "z": 3.185
        }
      },
      "players": [
        {
          "team": 1,
          "pos": {
            "x": 12.34,
            "y": 0.96
          }
        },
        {
          "team": 2,
          "pos": {
            "x": -14.67,
            "y": -4.0
          }
        }
      ]
    },
    {
      "time": -0.22,
      "ball": {
        "pos": {
          "x": 11.463,
          "y": 0.746,
          "z": 3.196
        }
      },
      "players": [
        {
          "team": 1,
          "pos": {
            "x": 12.27,
            "y": 0.97
          }
        },
        {
          "team": 2,
          "pos": {
            "x": -14.64,
            "y": -4.01
          }
        }
      ]
    },
    {
      "time": -0.2,
      "ball": {
        "pos": {
          "x": 11.454,
          "y": 0.754,
          "z": 3.203
        }
      },
      "players": [
        {
          "team": 1,
          "pos": {
            "x": 12.24,
            "y": 0.98
          }
        },
        {
          "team": 2,
          "pos": {
            "x": -14.64,
            "y": -4.04
          }
        }
      ]
    },
    {
      "time": -0.18,
      "ball": {
        "pos": {
          "x": 11.445,
          "y": 0.762,
          "z": 3.207
        }
      },
      "players": [
        {
          "team": 1,
          "pos": {
            "x": 12.16,
            "y": 0.97
          }
        },
        {
          "team": 2,
          "pos": {
            "x": -14.64,
            "y": -4.06
          }
        }
      ]
    },
    {
      "time": -0.171,
      "ball": {
        "pos": {
          "x": 11.441,
          "y": 0.766,
          "z": 3.207
        }
      },
      "players": [
        {
          "team": 1,
          "pos": {
            "x": 12.11,
            "y": 0.98
          }
        },
        {
          "team": 2,
          "pos": {
            "x": -14.64,
            "y": -4.01
          }
        }
      ]
    },
    {
      "time": -0.16,
      "ball": {
        "pos": {
          "x": 11.436,
          "y": 0.77,
          "z": 3.207
        }
      },
      "players": [
        {
          "team": 1,
          "pos": {
            "x": 12.1,
            "y": 0.98
          }
        },
        {
          "team": 2,
          "pos": {
            "x": -14.64,
            "y": -4.06
          }
        }
      ]
    },
    {
      "time": -0.14,
      "ball": {
        "pos": {
          "x": 11.428,
          "y": 0.778,
          "z": 3.203
        }
      },
      "players": [
        {
          "team": 1,
          "pos": {
            "x": 12.02,
            "y": 1.0
          }
        },
        {
          "team": 2,
          "pos": {
            "x": -14.62,
            "y": -4.02
          }
        }
      ]
    },
    {
      "time": -0.12,
      "ball": {
        "pos": {
          "x": 11.419,
          "y": 0.785,
          "z": 3.195
        }
      },
      "players": [
        {
          "team": 1,
          "pos": {
            "x": 11.94,
            "y": 0.99
          }
        },
        {
          "team": 2,
          "pos": {
            "x": -14.6,
            "y": -3.98
          }
        }
      ]
    },
    {
      "time": -0.1,
      "ball": {
        "pos": {
          "x": 11.411,
          "y": 0.791,
          "z": 3.184
        }
      },
      "players": [
        {
          "team": 1,
          "pos": {
            "x": 11.87,
            "y": 0.96
          }
        },
        {
          "team": 2,
          "pos": {
            "x": -14.57,
            "y": -3.92
          }
        }
      ]
    },
    {
      "time": -0.08,
      "ball": {
        "pos": {
          "x": 11.404,
          "y": 0.798,
          "z": 3.169
        }
      },
      "players": [
        {
          "team": 1,
          "pos": {
            "x": 11.84,
            "y": 0.95
          }
        },
        {
          "team": 2,
          "pos": {
            "x": -14.54,
            "y": -3.92
          }
        }
      ]
    },
    {
      "time": -0.06,
      "ball": {
        "pos": {
          "x": 11.396,
          "y": 0.803,
          "z": 3.151
        }
      },
      "players": [
        {
          "team": 1,
          "pos": {
            "x": 11.8,
            "y": 0.9
          }
        },
        {
          "team": 2,
          "pos": {
            "x": -14.51,
            "y": -3.86
          }
        }
      ]
    },
    {
      "time": -0.04,
      "ball": {
        "pos": {
          "x": 11.389,
          "y": 0.808,
          "z": 3.128
        }
      },
      "players": [
        {
          "team": 1,
          "pos": {
            "x": 11.73,
            "y": 0.85
          }
        },
        {
          "team": 2,
          "pos": {
            "x": -14.49,
            "y": -3.86
          }
        }
      ]
    },
    {
      "time": -0.02,
      "ball": {
        "pos": {
          "x": 11.382,
          "y": 0.813,
          "z": 3.103
        }
      },
      "players": [
        {
          "team": 1,
          "pos": {
            "x": 11.67,
            "y": 0.82
          }
        },
        {
          "team": 2,
          "pos": {
            "x": -14.46,
            "y": -3.81
          }
        }
      ]
    },
    {
      "time": 0.0,
      "event": "hit",
      "ball": {
        "pos": {
          "x": 11.376,
          "y": 0.817,
          "z": 3.074
        }
      },
      "players": [
        {
          "team": 1,
          "pos": {
            "x": 11.64,
            "y": 0.76
          }
        },
        {
          "team": 2,
          "pos": {
            "x": -14.5,
            "y": -3.82
          }
        }
      ]
    },
    {
      "time": 0.02,
      "ball": {
        "pos": {
          "x": 10.329,
          "y": 0.468,
          "z": 2.935
        }
      },
      "players": [
        {
          "team": 1,
          "pos": {
            "x": 11.58,
            "y": 0.69
          }
        },
        {
          "team": 2,
          "pos": {
            "x": -14.56,
            "y": -3.81
          }
        }
      ]
    },
    {
      "time": 0.04,
      "ball": {
        "pos": {
          "x": 9.308,
          "y": 0.13,
          "z": 2.795
        }
      },
      "players": [
        {
          "team": 1,
          "pos": {
            "x": 11.51,
            "y": 0.72
          }
        },
        {
          "team": 2,
          "pos": {
            "x": -14.62,
            "y": -3.79
          }
        }
      ]
    },
    {
      "time": 0.06,
      "ball": {
        "pos": {
          "x": 8.31,
          "y": -0.197,
          "z": 2.653
        }
      },
      "players": [
        {
          "team": 1,
          "pos": {
            "x": 11.45,
            "y": 0.75
          }
        },
        {
          "team": 2,
          "pos": {
            "x": -14.59,
            "y": -3.74
          }
        }
      ]
    },
    {
      "time": 0.08,
      "ball": {
        "pos": {
          "x": 7.337,
          "y": -0.515,
          "z": 2.509
        }
      },
      "players": [
        {
          "team": 1,
          "pos": {
            "x": 11.47,
            "y": 0.7
          }
        },
        {
          "team": 2,
          "pos": {
            "x": -14.58,
            "y": -3.7
          }
        }
      ]
    },
    {
      "time": 0.1,
      "ball": {
        "pos": {
          "x": 6.386,
          "y": -0.823,
          "z": 2.363
        }
      },
      "players": [
        {
          "team": 1,
          "pos": {
            "x": 11.41,
            "y": 0.69
          }
        },
        {
          "team": 2,
          "pos": {
            "x": -14.56,
            "y": -3.67
          }
        }
      ]
    },
    {
      "time": 0.12,
      "ball": {
        "pos": {
          "x": 5.457,
          "y": -1.121,
          "z": 2.216
        }
      },
      "players": [
        {
          "team": 1,
          "pos": {
            "x": 11.36,
            "y": 0.69
          }
        },
        {
          "team": 2,
          "pos": {
            "x": -14.63,
            "y": -3.66
          }
        }
      ]
    },
    {
      "time": 0.14,
      "ball": {
        "pos": {
          "x": 4.549,
          "y": -1.41,
          "z": 2.066
        }
      },
      "players": [
        {
          "team": 1,
          "pos": {
            "x": 11.32,
            "y": 0.72
          }
        },
        {
          "team": 2,
          "pos": {
            "x": -14.69,
            "y": -3.63
          }
        }
      ]
    },
    {
      "time": 0.16,
      "ball": {
        "pos": {
          "x": 3.662,
          "y": -1.691,
          "z": 1.915
        }
      },
      "players": [
        {
          "team": 1,
          "pos": {
            "x": 11.26,
            "y": 0.69
          }
        },
        {
          "team": 2,
          "pos": {
            "x": -14.68,
            "y": -3.62
          }
        }
      ]
    },
    {
      "time": 0.18,
      "ball": {
        "pos": {
          "x": 2.795,
          "y": -1.963,
          "z": 1.761
        }
      },
      "players": [
        {
          "team": 1,
          "pos": {
            "x": 11.24,
            "y": 0.66
          }
        },
        {
          "team": 2,
          "pos": {
            "x": -14.75,
            "y": -3.61
          }
        }
      ]
    },
    {
      "time": 0.2,
      "ball": {
        "pos": {
          "x": 1.946,
          "y": -2.227,
          "z": 1.606
        }
      },
      "players": [
        {
          "team": 1,
          "pos": {
            "x": 11.24,
            "y": 0.62
          }
        },
        {
          "team": 2,
          "pos": {
            "x": -14.71,
            "y": -3.59
          }
        }
      ]
    },
    {
      "time": 0.22,
      "ball": {
        "pos": {
          "x": 1.116,
          "y": -2.483,
          "z": 1.449
        }
      },
      "players": [
        {
          "team": 1,
          "pos": {
            "x": 11.19,
            "y": 0.59
          }
        },
        {
          "team": 2,
          "pos": {
            "x": -14.77,
            "y": -3.58
          }
        }
      ]
    },
    {
      "time": 0.24,
      "ball": {
        "pos": {
          "x": 0.302,
          "y": -2.731,
          "z": 1.289
        }
      },
      "players": [
        {
          "team": 1,
          "pos": {
            "x": 11.16,
            "y": 0.62
          }
        },
        {
          "team": 2,
          "pos": {
            "x": -14.8,
            "y": -3.59
          }
        }
      ]
    },
    {
      "time": 0.248,
      "ball": {
        "pos": {
          "x": 0.0,
          "y": -2.823,
          "z": 1.228
        }
      },
      "players": [
        {
          "team": 1,
          "pos": {
            "x": 11.13,
            "y": 0.62
          }
        },
        {
          "team": 2,
          "pos": {
            "x": -14.7,
            "y": -3.6
          }
        }
      ]
    },
    {
      "time": 0.26,
      "ball": {
        "pos": {
          "x": -0.494,
          "y": -2.972,
          "z": 1.127
        }
      },
      "players": [
        {
          "team": 1,
          "pos": {
            "x": 11.13,
            "y": 0.62
          }
        },
        {
          "team": 2,
          "pos": {
            "x": -14.81,
            "y": -3.63
          }
        }
      ]
    },
    {
      "time": 0.28,
      "ball": {
        "pos": {
          "x": -1.275,
          "y": -3.207,
          "z": 0.963
        }
      },
      "players": [
        {
          "team": 1,
          "pos": {
            "x": 11.12,
            "y": 0.62
          }
        },
        {
          "team": 2,
          "pos": {
            "x": -14.84,
            "y": -3.63
          }
        }
      ]
    },
    {
      "time": 0.3,
      "ball": {
        "pos": {
          "x": -2.041,
          "y": -3.434,
          "z": 0.797
        }
      },
      "players": [
        {
          "team": 1,
          "pos": {
            "x": 11.11,
            "y": 0.61
          }
        },
        {
          "team": 2,
          "pos": {
            "x": -14.87,
            "y": -3.65
          }
        }
      ]
    },
    {
      "time": 0.32,
      "ball": {
        "pos": {
          "x": -2.793,
          "y": -3.656,
          "z": 0.629
        }
      },
      "players": [
        {
          "team": 1,
          "pos": {
            "x": 11.11,
            "y": 0.61
          }
        },
        {
          "team": 2,
          "pos": {
            "x": -14.88,
            "y": -3.65
          }
        }
      ]
    },
    {
      "time": 0.34,
      "ball": {
        "pos": {
          "x": -3.531,
          "y": -3.871,
          "z": 0.458
        }
      },
      "players": [
        {
          "team": 1,
          "pos": {
            "x": 11.1,
            "y": 0.64
          }
        },
        {
          "team": 2,
          "pos": {
            "x": -14.9,
            "y": -3.66
          }
        }
      ]
    },
    {
      "time": 0.36,
      "ball": {
        "pos": {
          "x": -4.257,
          "y": -4.081,
          "z": 0.285
        }
      },
      "players": [
        {
          "team": 1,
          "pos": {
            "x": 11.09,
            "y": 0.63
          }
        },
        {
          "team": 2,
          "pos": {
            "x": -14.9,
            "y": -3.66
          }
        }
      ]
    },
    {
      "time": 0.38,
      "ball": {
        "pos": {
          "x": -4.97,
          "y": -4.286,
          "z": 0.109
        }
      },
      "players": [
        {
          "team": 1,
          "pos": {
            "x": 11.11,
            "y": 0.61
          }
        },
        {
          "team": 2,
          "pos": {
            "x": -14.88,
            "y": -3.68
          }
        }
      ]
    },
    {
      "time": 0.389,
      "event": "bounce",
      "ball": {
        "pos": {
          "x": -5.301,
          "y": -4.38,
          "z": 0.026
        }
      },
      "players": [
        {
          "team": 1,
          "pos": {
            "x": 11.13,
            "y": 0.59
          }
        },
        {
          "team": 2,
          "pos": {
            "x": -14.89,
            "y": -3.66
          }
        }
      ]
    },
    {
      "time": 0.4,
      "ball": {
        "pos": {
          "x": -5.605,
          "y": -4.467,
          "z": 0.061
        }
      },
      "players": [
        {
          "team": 1,
          "pos": {
            "x": 11.14,
            "y": 0.58
          }
        },
        {
          "team": 2,
          "pos": {
            "x": -14.86,
            "y": -3.7
          }
        }
      ]
    },
    {
      "time": 0.42,
      "ball": {
        "pos": {
          "x": -6.129,
          "y": -4.618,
          "z": 0.194
        }
      },
      "players": [
        {
          "team": 1,
          "pos": {
            "x": 11.15,
            "y": 0.56
          }
        },
        {
          "team": 2,
          "pos": {
            "x": -14.86,
            "y": -3.72
          }
        }
      ]
    },
    {
      "time": 0.44,
      "ball": {
        "pos": {
          "x": -6.644,
          "y": -4.765,
          "z": 0.318
        }
      },
      "players": [
        {
          "team": 1,
          "pos": {
            "x": 11.16,
            "y": 0.57
          }
        },
        {
          "team": 2,
          "pos": {
            "x": -14.87,
            "y": -3.74
          }
        }
      ]
    },
    {
      "time": 0.46,
      "ball": {
        "pos": {
          "x": -7.152,
          "y": -4.907,
          "z": 0.433
        }
      },
      "players": [
        {
          "team": 1,
          "pos": {
            "x": 11.15,
            "y": 0.56
          }
        },
        {
          "team": 2,
          "pos": {
            "x": -14.89,
            "y": -3.76
          }
        }
      ]
    },
    {
      "time": 0.48,
      "ball": {
        "pos": {
          "x": -7.652,
          "y": -5.045,
          "z": 0.538
        }
      },
      "players": [
        {
          "team": 1,
          "pos": {
            "x": 11.11,
            "y": 0.53
          }
        },
        {
          "team": 2,
          "pos": {
            "x": -14.89,
            "y": -3.79
          }
        }
      ]
    },
    {
      "time": 0.5,
      "ball": {
        "pos": {
          "x": -8.145,
          "y": -5.18,
          "z": 0.635
        }
      },
      "players": [
        {
          "team": 1,
          "pos": {
            "x": 11.09,
            "y": 0.49
          }
        },
        {
          "team": 2,
          "pos": {
            "x": -14.8,
            "y": -3.84
          }
        }
      ]
    },
    {
      "time": 0.52,
      "ball": {
        "pos": {
          "x": -8.632,
          "y": -5.311,
          "z": 0.724
        }
      },
      "players": [
        {
          "team": 1,
          "pos": {
            "x": 11.06,
            "y": 0.46
          }
        },
        {
          "team": 2,
          "pos": {
            "x": -14.71,
            "y": -3.9
          }
        }
      ]
    },
    {
      "time": 0.54,
      "ball": {
        "pos": {
          "x": -9.113,
          "y": -5.439,
          "z": 0.805
        }
      },
      "players": [
        {
          "team": 1,
          "pos": {
            "x": 11.04,
            "y": 0.44
          }
        },
        {
          "team": 2,
          "pos": {
            "x": -14.63,
            "y": -3.96
          }
        }
      ]
    },
    {
      "time": 0.56,
      "ball": {
        "pos": {
          "x": -9.59,
          "y": -5.565,
          "z": 0.878
        }
      },
      "players": [
        {
          "team": 1,
          "pos": {
            "x": 11.01,
            "y": 0.41
          }
        },
        {
          "team": 2,
          "pos": {
            "x": -14.6,
            "y": -4.04
          }
        }
      ]
    },
    {
      "time": 0.58,
      "ball": {
        "pos": {
          "x": -10.061,
          "y": -5.688,
          "z": 0.944
        }
      },
      "players": [
        {
          "team": 1,
          "pos": {
            "x": 11.0,
            "y": 0.4
          }
        },
        {
          "team": 2,
          "pos": {
            "x": -14.52,
            "y": -4.11
          }
        }
      ]
    },
    {
      "time": 0.6,
      "ball": {
        "pos": {
          "x": -10.529,
          "y": -5.81,
          "z": 1.003
        }
      },
      "players": [
        {
          "team": 1,
          "pos": {
            "x": 10.97,
            "y": 0.37
          }
        },
        {
          "team": 2,
          "pos": {
            "x": -14.52,
            "y": -4.11
          }
        }
      ]
    },
    {
      "time": 0.62,
      "ball": {
        "pos": {
          "x": -10.993,
          "y": -5.93,
          "z": 1.055
        }
      },
      "players": [
        {
          "team": 1,
          "pos": {
            "x": 10.94,
            "y": 0.4
          }
        },
        {
          "team": 2,
          "pos": {
            "x": -14.52,
            "y": -4.11
          }
        }
      ]
    },
    {
      "time": 0.64,
      "ball": {
        "pos": {
          "x": -11.455,
          "y": -6.048,
          "z": 1.102
        }
      },
      "players": [
        {
          "team": 1,
          "pos": {
            "x": 10.94,
            "y": 0.42
          }
        },
        {
          "team": 2,
          "pos": {
            "x": -14.52,
            "y": -4.11
          }
        }
      ]
    },
    {
      "time": 0.66,
      "ball": {
        "pos": {
          "x": -11.914,
          "y": -6.165,
          "z": 1.142
        }
      },
      "players": [
        {
          "team": 1,
          "pos": {
            "x": 10.94,
            "y": 0.42
          }
        },
        {
          "team": 2,
          "pos": {
            "x": -14.52,
            "y": -4.11
          }
        }
      ]
    },
    {
      "time": 0.68,
      "ball": {
        "pos": {
          "x": -12.371,
          "y": -6.282,
          "z": 1.176
        }
      },
      "players": [
        {
          "team": 1,
          "pos": {
            "x": 10.94,
            "y": 0.42
          }
        },
        {
          "team": 2,
          "pos": {
            "x": -14.52,
            "y": -4.11
          }
        }
      ]
    },
    {
      "time": 0.7,
      "ball": {
        "pos": {
          "x": -12.828,
          "y": -6.398,
          "z": 1.206
        }
      },
      "players": [
        {
          "team": 1,
          "pos": {
            "x": 10.94,
            "y": 0.42
          }
        },
        {
          "team": 2,
          "pos": {
            "x": -14.52,
            "y": -4.11
          }
        }
      ]
    },
    {
      "time": 0.72,
      "ball": {
        "pos": {
          "x": -13.284,
          "y": -6.515,
          "z": 1.23
        }
      },
      "players": [
        {
          "team": 1,
          "pos": {
            "x": 10.94,
            "y": 0.42
          }
        },
        {
          "team": 2,
          "pos": {
            "x": -14.52,
            "y": -4.11
          }
        }
      ]
    },
    {
      "time": 0.723,
      "ball": {
        "pos": {
          "x": -13.358,
          "y": -6.534,
          "z": 1.234
        }
      },
      "players": [
        {
          "team": 1,
          "pos": {
            "x": 10.94,
            "y": 0.42
          }
        },
        {
          "team": 2,
          "pos": {
            "x": -14.52,
            "y": -4.11
          }
        }
      ]
    },
    {
      "time": 0.74,
      "players": [
        {
          "team": 1,
          "pos": {
            "x": 10.94,
            "y": 0.42
          }
        },
        {
          "team": 2,
          "pos": {
            "x": -14.52,
            "y": -4.11
          }
        }
      ]
    },
    {
      "time": 0.76,
      "players": [
        {
          "team": 1,
          "pos": {
            "x": 10.94,
            "y": 0.42
          }
        },
        {
          "team": 2,
          "pos": {
            "x": -14.52,
            "y": -4.11
          }
        }
      ]
    },
    {
      "time": 0.78,
      "players": [
        {
          "team": 1,
          "pos": {
            "x": 10.94,
            "y": 0.42
          }
        },
        {
          "team": 2,
          "pos": {
            "x": -14.52,
            "y": -4.11
          }
        }
      ]
    },
    {
      "time": 0.8,
      "players": [
        {
          "team": 1,
          "pos": {
            "x": 10.94,
            "y": 0.42
          }
        },
        {
          "team": 2,
          "pos": {
            "x": -14.52,
            "y": -4.11
          }
        }
      ]
    },
    {
      "time": 0.82,
      "players": [
        {
          "team": 1,
          "pos": {
            "x": 10.94,
            "y": 0.42
          }
        },
        {
          "team": 2,
          "pos": {
            "x": -14.52,
            "y": -4.11
          }
        }
      ]
    },
    {
      "time": 0.84,
      "players": [
        {
          "team": 1,
          "pos": {
            "x": 10.94,
            "y": 0.42
          }
        },
        {
          "team": 2,
          "pos": {
            "x": -14.52,
            "y": -4.11
          }
        }
      ]
    },
    {
      "time": 0.86,
      "players": [
        {
          "team": 1,
          "pos": {
            "x": 10.94,
            "y": 0.42
          }
        },
        {
          "team": 2,
          "pos": {
            "x": -14.52,
            "y": -4.11
          }
        }
      ]
    },
    {
      "time": 0.88,
      "players": [
        {
          "team": 1,
          "pos": {
            "x": 10.94,
            "y": 0.42
          }
        },
        {
          "team": 2,
          "pos": {
            "x": -14.52,
            "y": -4.11
          }
        }
      ]
    },
    {
      "time": 0.9,
      "players": [
        {
          "team": 1,
          "pos": {
            "x": 10.94,
            "y": 0.42
          }
        },
        {
          "team": 2,
          "pos": {
            "x": -14.52,
            "y": -4.11
          }
        }
      ]
    },
    {
      "time": 0.92,
      "players": [
        {
          "team": 1,
          "pos": {
            "x": 10.94,
            "y": 0.42
          }
        },
        {
          "team": 2,
          "pos": {
            "x": -14.52,
            "y": -4.11
          }
        }
      ]
    },
    {
      "time": 0.94,
      "players": [
        {
          "team": 1,
          "pos": {
            "x": 10.94,
            "y": 0.42
          }
        },
        {
          "team": 2,
          "pos": {
            "x": -14.52,
            "y": -4.11
          }
        }
      ]
    },
    {
      "time": 0.96,
      "players": [
        {
          "team": 1,
          "pos": {
            "x": 10.94,
            "y": 0.42
          }
        },
        {
          "team": 2,
          "pos": {
            "x": -14.52,
            "y": -4.11
          }
        }
      ]
    },
    {
      "time": 0.98,
      "players": [
        {
          "team": 1,
          "pos": {
            "x": 10.94,
            "y": 0.42
          }
        },
        {
          "team": 2,
          "pos": {
            "x": -14.52,
            "y": -4.11
          }
        }
      ]
    },
    {
      "time": 1.0,
      "players": [
        {
          "team": 1,
          "pos": {
            "x": 10.94,
            "y": 0.42
          }
        },
        {
          "team": 2,
          "pos": {
            "x": -14.52,
            "y": -4.11
          }
        }
      ]
    },
    {
      "time": 1.02,
      "players": [
        {
          "team": 1,
          "pos": {
            "x": 10.94,
            "y": 0.42
          }
        },
        {
          "team": 2,
          "pos": {
            "x": -14.52,
            "y": -4.11
          }
        }
      ]
    },
    {
      "time": 1.04,
      "players": [
        {
          "team": 1,
          "pos": {
            "x": 10.94,
            "y": 0.42
          }
        },
        {
          "team": 2,
          "pos": {
            "x": -14.52,
            "y": -4.11
          }
        }
      ]
    },
    {
      "time": 1.06,
      "players": [
        {
          "team": 1,
          "pos": {
            "x": 10.94,
            "y": 0.42
          }
        },
        {
          "team": 2,
          "pos": {
            "x": -14.52,
            "y": -4.11
          }
        }
      ]
    },
    {
      "time": 1.08,
      "players": [
        {
          "team": 1,
          "pos": {
            "x": 10.94,
            "y": 0.42
          }
        },
        {
          "team": 2,
          "pos": {
            "x": -14.52,
            "y": -4.11
          }
        }
      ]
    },
    {
      "time": 1.1,
      "players": [
        {
          "team": 1,
          "pos": {
            "x": 10.94,
            "y": 0.42
          }
        },
        {
          "team": 2,
          "pos": {
            "x": -14.52,
            "y": -4.11
          }
        }
      ]
    },
    {
      "time": 1.12,
      "players": [
        {
          "team": 1,
          "pos": {
            "x": 10.94,
            "y": 0.42
          }
        },
        {
          "team": 2,
          "pos": {
            "x": -14.52,
            "y": -4.11
          }
        }
      ]
    },
    {
      "time": 1.14,
      "players": [
        {
          "team": 1,
          "pos": {
            "x": 10.94,
            "y": 0.42
          }
        },
        {
          "team": 2,
          "pos": {
            "x": -14.52,
            "y": -4.11
          }
        }
      ]
    },
    {
      "time": 1.16,
      "players": [
        {
          "team": 1,
          "pos": {
            "x": 10.94,
            "y": 0.42
          }
        },
        {
          "team": 2,
          "pos": {
            "x": -14.52,
            "y": -4.11
          }
        }
      ]
    },
    {
      "time": 1.18,
      "players": [
        {
          "team": 1,
          "pos": {
            "x": 10.94,
            "y": 0.42
          }
        },
        {
          "team": 2,
          "pos": {
            "x": -14.52,
            "y": -4.11
          }
        }
      ]
    },
    {
      "time": 1.2,
      "players": [
        {
          "team": 1,
          "pos": {
            "x": 10.94,
            "y": 0.42
          }
        },
        {
          "team": 2,
          "pos": {
            "x": -14.52,
            "y": -4.11
          }
        }
      ]
    },
    {
      "time": 1.22,
      "players": [
        {
          "team": 1,
          "pos": {
            "x": 10.94,
            "y": 0.42
          }
        },
        {
          "team": 2,
          "pos": {
            "x": -14.52,
            "y": -4.11
          }
        }
      ]
    },
    {
      "time": 1.24,
      "players": [
        {
          "team": 1,
          "pos": {
            "x": 10.94,
            "y": 0.42
          }
        },
        {
          "team": 2,
          "pos": {
            "x": -14.52,
            "y": -4.11
          }
        }
      ]
    },
    {
      "time": 1.26,
      "players": [
        {
          "team": 1,
          "pos": {
            "x": 10.94,
            "y": 0.42
          }
        },
        {
          "team": 2,
          "pos": {
            "x": -14.52,
            "y": -4.11
          }
        }
      ]
    },
    {
      "time": 1.28,
      "players": [
        {
          "team": 1,
          "pos": {
            "x": 10.94,
            "y": 0.42
          }
        },
        {
          "team": 2,
          "pos": {
            "x": -14.52,
            "y": -4.11
          }
        }
      ]
    },
    {
      "time": 1.3,
      "players": [
        {
          "team": 1,
          "pos": {
            "x": 10.94,
            "y": 0.42
          }
        },
        {
          "team": 2,
          "pos": {
            "x": -14.52,
            "y": -4.11
          }
        }
      ]
    },
    {
      "time": 1.32,
      "players": [
        {
          "team": 1,
          "pos": {
            "x": 10.94,
            "y": 0.42
          }
        },
        {
          "team": 2,
          "pos": {
            "x": -14.52,
            "y": -4.11
          }
        }
      ]
    },
    {
      "time": 1.34,
      "players": [
        {
          "team": 1,
          "pos": {
            "x": 10.94,
            "y": 0.42
          }
        },
        {
          "team": 2,
          "pos": {
            "x": -14.52,
            "y": -4.11
          }
        }
      ]
    },
    {
      "time": 1.36,
      "players": [
        {
          "team": 1,
          "pos": {
            "x": 10.94,
            "y": 0.42
          }
        },
        {
          "team": 2,
          "pos": {
            "x": -14.52,
            "y": -4.11
          }
        }
      ]
    },
    {
      "time": 1.38,
      "players": [
        {
          "team": 1,
          "pos": {
            "x": 10.94,
            "y": 0.42
          }
        },
        {
          "team": 2,
          "pos": {
            "x": -14.52,
            "y": -4.11
          }
        }
      ]
    },
    {
      "time": 1.4,
      "players": [
        {
          "team": 1,
          "pos": {
            "x": 10.94,
            "y": 0.42
          }
        },
        {
          "team": 2,
          "pos": {
            "x": -14.52,
            "y": -4.11
          }
        }
      ]
    },
    {
      "time": 1.42,
      "players": [
        {
          "team": 1,
          "pos": {
            "x": 10.94,
            "y": 0.42
          }
        },
        {
          "team": 2,
          "pos": {
            "x": -14.52,
            "y": -4.11
          }
        }
      ]
    },
    {
      "time": 1.44,
      "players": [
        {
          "team": 1,
          "pos": {
            "x": 10.94,
            "y": 0.42
          }
        },
        {
          "team": 2,
          "pos": {
            "x": -14.52,
            "y": -4.11
          }
        }
      ]
    },
    {
      "time": 1.46,
      "players": [
        {
          "team": 1,
          "pos": {
            "x": 10.94,
            "y": 0.42
          }
        },
        {
          "team": 2,
          "pos": {
            "x": -14.52,
            "y": -4.11
          }
        }
      ]
    },
    {
      "time": 1.48,
      "players": [
        {
          "team": 1,
          "pos": {
            "x": 10.94,
            "y": 0.42
          }
        },
        {
          "team": 2,
          "pos": {
            "x": -14.52,
            "y": -4.11
          }
        }
      ]
    },
    {
      "time": 1.5,
      "players": [
        {
          "team": 1,
          "pos": {
            "x": 10.94,
            "y": 0.42
          }
        },
        {
          "team": 2,
          "pos": {
            "x": -14.52,
            "y": -4.11
          }
        }
      ]
    },
    {
      "time": 1.52,
      "players": [
        {
          "team": 1,
          "pos": {
            "x": 10.94,
            "y": 0.42
          }
        },
        {
          "team": 2,
          "pos": {
            "x": -14.52,
            "y": -4.11
          }
        }
      ]
    },
    {
      "time": 1.54,
      "players": [
        {
          "team": 1,
          "pos": {
            "x": 10.94,
            "y": 0.42
          }
        },
        {
          "team": 2,
          "pos": {
            "x": -14.52,
            "y": -4.11
          }
        }
      ]
    },
    {
      "time": 1.56,
      "players": [
        {
          "team": 1,
          "pos": {
            "x": 10.94,
            "y": 0.42
          }
        },
        {
          "team": 2,
          "pos": {
            "x": -14.52,
            "y": -4.11
          }
        }
      ]
    },
    {
      "time": 1.58,
      "players": [
        {
          "team": 1,
          "pos": {
            "x": 10.94,
            "y": 0.42
          }
        },
        {
          "team": 2,
          "pos": {
            "x": -14.52,
            "y": -4.11
          }
        }
      ]
    },
    {
      "time": 1.6,
      "players": [
        {
          "team": 1,
          "pos": {
            "x": 10.94,
            "y": 0.42
          }
        },
        {
          "team": 2,
          "pos": {
            "x": -14.52,
            "y": -4.11
          }
        }
      ]
    },
    {
      "time": 1.62,
      "players": [
        {
          "team": 1,
          "pos": {
            "x": 10.94,
            "y": 0.42
          }
        },
        {
          "team": 2,
          "pos": {
            "x": -14.52,
            "y": -4.11
          }
        }
      ]
    },
    {
      "time": 1.64,
      "players": [
        {
          "team": 1,
          "pos": {
            "x": 10.94,
            "y": 0.42
          }
        },
        {
          "team": 2,
          "pos": {
            "x": -14.52,
            "y": -4.11
          }
        }
      ]
    },
    {
      "time": 1.66,
      "players": [
        {
          "team": 1,
          "pos": {
            "x": 10.94,
            "y": 0.42
          }
        },
        {
          "team": 2,
          "pos": {
            "x": -14.52,
            "y": -4.11
          }
        }
      ]
    },
    {
      "time": 1.68,
      "players": [
        {
          "team": 1,
          "pos": {
            "x": 10.94,
            "y": 0.42
          }
        },
        {
          "team": 2,
          "pos": {
            "x": -14.52,
            "y": -4.11
          }
        }
      ]
    },
    {
      "time": 1.7,
      "players": [
        {
          "team": 1,
          "pos": {
            "x": 10.94,
            "y": 0.42
          }
        },
        {
          "team": 2,
          "pos": {
            "x": -14.52,
            "y": -4.11
          }
        }
      ]
    },
    {
      "time": 1.72,
      "players": [
        {
          "team": 1,
          "pos": {
            "x": 10.94,
            "y": 0.42
          }
        },
        {
          "team": 2,
          "pos": {
            "x": -14.52,
            "y": -4.11
          }
        }
      ]
    },
    {
      "time": 1.74,
      "players": [
        {
          "team": 1,
          "pos": {
            "x": 10.94,
            "y": 0.42
          }
        },
        {
          "team": 2,
          "pos": {
            "x": -14.52,
            "y": -4.11
          }
        }
      ]
    },
    {
      "time": 1.76,
      "players": [
        {
          "team": 1,
          "pos": {
            "x": 10.94,
            "y": 0.42
          }
        },
        {
          "team": 2,
          "pos": {
            "x": -14.52,
            "y": -4.11
          }
        }
      ]
    },
    {
      "time": 1.78,
      "players": [
        {
          "team": 1,
          "pos": {
            "x": 10.94,
            "y": 0.42
          }
        },
        {
          "team": 2,
          "pos": {
            "x": -14.52,
            "y": -4.11
          }
        }
      ]
    },
    {
      "time": 1.8,
      "players": [
        {
          "team": 1,
          "pos": {
            "x": 10.94,
            "y": 0.42
          }
        },
        {
          "team": 2,
          "pos": {
            "x": -14.52,
            "y": -4.11
          }
        }
      ]
    },
    {
      "time": 1.82,
      "players": [
        {
          "team": 1,
          "pos": {
            "x": 10.94,
            "y": 0.42
          }
        },
        {
          "team": 2,
          "pos": {
            "x": -14.52,
            "y": -4.11
          }
        }
      ]
    },
    {
      "time": 1.84,
      "players": [
        {
          "team": 1,
          "pos": {
            "x": 10.94,
            "y": 0.42
          }
        },
        {
          "team": 2,
          "pos": {
            "x": -14.52,
            "y": -4.11
          }
        }
      ]
    },
    {
      "time": 1.86,
      "players": [
        {
          "team": 1,
          "pos": {
            "x": 10.94,
            "y": 0.42
          }
        },
        {
          "team": 2,
          "pos": {
            "x": -14.52,
            "y": -4.11
          }
        }
      ]
    },
    {
      "time": 1.88,
      "players": [
        {
          "team": 1,
          "pos": {
            "x": 10.94,
            "y": 0.42
          }
        },
        {
          "team": 2,
          "pos": {
            "x": -14.52,
            "y": -4.11
          }
        }
      ]
    },
    {
      "time": 1.9,
      "players": [
        {
          "team": 1,
          "pos": {
            "x": 10.94,
            "y": 0.42
          }
        },
        {
          "team": 2,
          "pos": {
            "x": -14.52,
            "y": -4.11
          }
        }
      ]
    },
    {
      "time": 1.92,
      "players": [
        {
          "team": 1,
          "pos": {
            "x": 10.94,
            "y": 0.42
          }
        },
        {
          "team": 2,
          "pos": {
            "x": -14.52,
            "y": -4.11
          }
        }
      ]
    },
    {
      "time": 1.94,
      "players": [
        {
          "team": 1,
          "pos": {
            "x": 10.94,
            "y": 0.42
          }
        },
        {
          "team": 2,
          "pos": {
            "x": -14.52,
            "y": -4.11
          }
        }
      ]
    },
    {
      "time": 1.96,
      "players": [
        {
          "team": 1,
          "pos": {
            "x": 10.94,
            "y": 0.42
          }
        },
        {
          "team": 2,
          "pos": {
            "x": -14.52,
            "y": -4.11
          }
        }
      ]
    },
    {
      "time": 1.98,
      "players": [
        {
          "team": 1,
          "pos": {
            "x": 10.94,
            "y": 0.42
          }
        },
        {
          "team": 2,
          "pos": {
            "x": -14.52,
            "y": -4.11
          }
        }
      ]
    },
    {
      "time": 2.0,
      "players": [
        {
          "team": 1,
          "pos": {
            "x": 10.94,
            "y": 0.42
          }
        },
        {
          "team": 2,
          "pos": {
            "x": -14.52,
            "y": -4.11
          }
        }
      ]
    },
    {
      "time": 2.02,
      "players": [
        {
          "team": 1,
          "pos": {
            "x": 10.94,
            "y": 0.42
          }
        },
        {
          "team": 2,
          "pos": {
            "x": -14.52,
            "y": -4.11
          }
        }
      ]
    },
    {
      "time": 2.04,
      "players": [
        {
          "team": 1,
          "pos": {
            "x": 10.94,
            "y": 0.42
          }
        },
        {
          "team": 2,
          "pos": {
            "x": -14.52,
            "y": -4.11
          }
        }
      ]
    },
    {
      "time": 2.06,
      "players": [
        {
          "team": 1,
          "pos": {
            "x": 10.94,
            "y": 0.42
          }
        },
        {
          "team": 2,
          "pos": {
            "x": -14.52,
            "y": -4.11
          }
        }
      ]
    },
    {
      "time": 2.08,
      "players": [
        {
          "team": 1,
          "pos": {
            "x": 10.94,
            "y": 0.42
          }
        },
        {
          "team": 2,
          "pos": {
            "x": -14.52,
            "y": -4.11
          }
        }
      ]
    },
    {
      "time": 2.1,
      "players": [
        {
          "team": 1,
          "pos": {
            "x": 10.94,
            "y": 0.42
          }
        },
        {
          "team": 2,
          "pos": {
            "x": -14.52,
            "y": -4.11
          }
        }
      ]
    },
    {
      "time": 2.12,
      "players": [
        {
          "team": 1,
          "pos": {
            "x": 10.94,
            "y": 0.42
          }
        },
        {
          "team": 2,
          "pos": {
            "x": -14.52,
            "y": -4.11
          }
        }
      ]
    },
    {
      "time": 2.14,
      "players": [
        {
          "team": 1,
          "pos": {
            "x": 10.94,
            "y": 0.42
          }
        },
        {
          "team": 2,
          "pos": {
            "x": -14.52,
            "y": -4.11
          }
        }
      ]
    },
    {
      "time": 2.16,
      "players": [
        {
          "team": 1,
          "pos": {
            "x": 10.94,
            "y": 0.42
          }
        },
        {
          "team": 2,
          "pos": {
            "x": -14.52,
            "y": -4.11
          }
        }
      ]
    },
    {
      "time": 2.18,
      "players": [
        {
          "team": 1,
          "pos": {
            "x": 10.94,
            "y": 0.42
          }
        },
        {
          "team": 2,
          "pos": {
            "x": -14.52,
            "y": -4.11
          }
        }
      ]
    },
    {
      "time": 2.2,
      "players": [
        {
          "team": 1,
          "pos": {
            "x": 10.94,
            "y": 0.42
          }
        },
        {
          "team": 2,
          "pos": {
            "x": -14.52,
            "y": -4.11
          }
        }
      ]
    },
    {
      "time": 2.22,
      "players": [
        {
          "team": 1,
          "pos": {
            "x": 10.94,
            "y": 0.42
          }
        },
        {
          "team": 2,
          "pos": {
            "x": -14.52,
            "y": -4.11
          }
        }
      ]
    },
    {
      "time": 2.24,
      "players": [
        {
          "team": 1,
          "pos": {
            "x": 10.94,
            "y": 0.42
          }
        },
        {
          "team": 2,
          "pos": {
            "x": -14.52,
            "y": -4.11
          }
        }
      ]
    },
    {
      "time": 2.26,
      "players": [
        {
          "team": 1,
          "pos": {
            "x": 10.94,
            "y": 0.42
          }
        },
        {
          "team": 2,
          "pos": {
            "x": -14.52,
            "y": -4.11
          }
        }
      ]
    },
    {
      "time": 2.28,
      "players": [
        {
          "team": 1,
          "pos": {
            "x": 10.94,
            "y": 0.42
          }
        },
        {
          "team": 2,
          "pos": {
            "x": -14.52,
            "y": -4.11
          }
        }
      ]
    },
    {
      "time": 2.3,
      "players": [
        {
          "team": 1,
          "pos": {
            "x": 10.94,
            "y": 0.42
          }
        },
        {
          "team": 2,
          "pos": {
            "x": -14.52,
            "y": -4.11
          }
        }
      ]
    },
    {
      "time": 2.32,
      "players": [
        {
          "team": 1,
          "pos": {
            "x": 10.94,
            "y": 0.42
          }
        },
        {
          "team": 2,
          "pos": {
            "x": -14.52,
            "y": -4.11
          }
        }
      ]
    },
    {
      "time": 2.34,
      "players": [
        {
          "team": 1,
          "pos": {
            "x": 10.94,
            "y": 0.42
          }
        },
        {
          "team": 2,
          "pos": {
            "x": -14.52,
            "y": -4.11
          }
        }
      ]
    },
    {
      "time": 2.36,
      "players": [
        {
          "team": 1,
          "pos": {
            "x": 10.94,
            "y": 0.42
          }
        },
        {
          "team": 2,
          "pos": {
            "x": -14.52,
            "y": -4.11
          }
        }
      ]
    },
    {
      "time": 2.38,
      "players": [
        {
          "team": 1,
          "pos": {
            "x": 10.94,
            "y": 0.42
          }
        },
        {
          "team": 2,
          "pos": {
            "x": -14.52,
            "y": -4.11
          }
        }
      ]
    },
    {
      "time": 2.4,
      "players": [
        {
          "team": 1,
          "pos": {
            "x": 10.94,
            "y": 0.42
          }
        },
        {
          "team": 2,
          "pos": {
            "x": -14.52,
            "y": -4.11
          }
        }
      ]
    },
    {
      "time": 2.42,
      "players": [
        {
          "team": 1,
          "pos": {
            "x": 10.94,
            "y": 0.42
          }
        },
        {
          "team": 2,
          "pos": {
            "x": -14.52,
            "y": -4.11
          }
        }
      ]
    },
    {
      "time": 2.44,
      "players": [
        {
          "team": 1,
          "pos": {
            "x": 10.94,
            "y": 0.42
          }
        },
        {
          "team": 2,
          "pos": {
            "x": -14.52,
            "y": -4.11
          }
        }
      ]
    },
    {
      "time": 2.46,
      "players": [
        {
          "team": 1,
          "pos": {
            "x": 10.94,
            "y": 0.42
          }
        },
        {
          "team": 2,
          "pos": {
            "x": -14.52,
            "y": -4.11
          }
        }
      ]
    },
    {
      "time": 2.48,
      "players": [
        {
          "team": 1,
          "pos": {
            "x": 10.94,
            "y": 0.42
          }
        },
        {
          "team": 2,
          "pos": {
            "x": -14.52,
            "y": -4.11
          }
        }
      ]
    },
    {
      "time": 2.5,
      "players": [
        {
          "team": 1,
          "pos": {
            "x": 10.94,
            "y": 0.42
          }
        },
        {
          "team": 2,
          "pos": {
            "x": -14.52,
            "y": -4.11
          }
        }
      ]
    },
    {
      "time": 2.52,
      "players": [
        {
          "team": 1,
          "pos": {
            "x": 10.94,
            "y": 0.42
          }
        },
        {
          "team": 2,
          "pos": {
            "x": -14.52,
            "y": -4.11
          }
        }
      ]
    },
    {
      "time": 2.54,
      "players": [
        {
          "team": 1,
          "pos": {
            "x": 10.94,
            "y": 0.42
          }
        },
        {
          "team": 2,
          "pos": {
            "x": -14.52,
            "y": -4.11
          }
        }
      ]
    },
    {
      "time": 2.56,
      "players": [
        {
          "team": 1,
          "pos": {
            "x": 10.94,
            "y": 0.42
          }
        },
        {
          "team": 2,
          "pos": {
            "x": -14.52,
            "y": -4.11
          }
        }
      ]
    },
    {
      "time": 2.58,
      "players": [
        {
          "team": 1,
          "pos": {
            "x": 10.94,
            "y": 0.42
          }
        },
        {
          "team": 2,
          "pos": {
            "x": -14.52,
            "y": -4.11
          }
        }
      ]
    },
    {
      "time": 2.6,
      "players": [
        {
          "team": 1,
          "pos": {
            "x": 10.94,
            "y": 0.42
          }
        },
        {
          "team": 2,
          "pos": {
            "x": -14.52,
            "y": -4.11
          }
        }
      ]
    },
    {
      "time": 2.62,
      "players": [
        {
          "team": 1,
          "pos": {
            "x": 10.94,
            "y": 0.42
          }
        },
        {
          "team": 2,
          "pos": {
            "x": -14.52,
            "y": -4.11
          }
        }
      ]
    },
    {
      "time": 2.64,
      "players": [
        {
          "team": 1,
          "pos": {
            "x": 10.94,
            "y": 0.42
          }
        },
        {
          "team": 2,
          "pos": {
            "x": -14.52,
            "y": -4.11
          }
        }
      ]
    },
    {
      "time": 2.66,
      "players": [
        {
          "team": 1,
          "pos": {
            "x": 10.94,
            "y": 0.42
          }
        },
        {
          "team": 2,
          "pos": {
            "x": -14.52,
            "y": -4.11
          }
        }
      ]
    },
    {
      "time": 2.68,
      "players": [
        {
          "team": 1,
          "pos": {
            "x": 10.94,
            "y": 0.42
          }
        },
        {
          "team": 2,
          "pos": {
            "x": -14.52,
            "y": -4.11
          }
        }
      ]
    },
    {
      "time": 2.7,
      "players": [
        {
          "team": 1,
          "pos": {
            "x": 10.94,
            "y": 0.42
          }
        },
        {
          "team": 2,
          "pos": {
            "x": -14.52,
            "y": -4.11
          }
        }
      ]
    },
    {
      "time": 2.72,
      "players": [
        {
          "team": 1,
          "pos": {
            "x": 10.94,
            "y": 0.42
          }
        },
        {
          "team": 2,
          "pos": {
            "x": -14.52,
            "y": -4.11
          }
        }
      ]
    },
    {
      "time": 2.74,
      "players": [
        {
          "team": 1,
          "pos": {
            "x": 10.94,
            "y": 0.42
          }
        },
        {
          "team": 2,
          "pos": {
            "x": -14.52,
            "y": -4.11
          }
        }
      ]
    },
    {
      "time": 2.76,
      "players": [
        {
          "team": 1,
          "pos": {
            "x": 10.94,
            "y": 0.42
          }
        },
        {
          "team": 2,
          "pos": {
            "x": -14.52,
            "y": -4.11
          }
        }
      ]
    },
    {
      "time": 2.78,
      "players": [
        {
          "team": 1,
          "pos": {
            "x": 10.94,
            "y": 0.42
          }
        },
        {
          "team": 2,
          "pos": {
            "x": -14.52,
            "y": -4.11
          }
        }
      ]
    },
    {
      "time": 2.8,
      "players": [
        {
          "team": 1,
          "pos": {
            "x": 10.94,
            "y": 0.42
          }
        },
        {
          "team": 2,
          "pos": {
            "x": -14.52,
            "y": -4.11
          }
        }
      ]
    },
    {
      "time": 2.82,
      "players": [
        {
          "team": 1,
          "pos": {
            "x": 10.94,
            "y": 0.42
          }
        },
        {
          "team": 2,
          "pos": {
            "x": -14.52,
            "y": -4.11
          }
        }
      ]
    },
    {
      "time": 2.84,
      "players": [
        {
          "team": 1,
          "pos": {
            "x": 10.94,
            "y": 0.42
          }
        },
        {
          "team": 2,
          "pos": {
            "x": -14.52,
            "y": -4.11
          }
        }
      ]
    },
    {
      "time": 2.86,
      "players": [
        {
          "team": 1,
          "pos": {
            "x": 10.94,
            "y": 0.42
          }
        },
        {
          "team": 2,
          "pos": {
            "x": -14.52,
            "y": -4.11
          }
        }
      ]
    },
    {
      "time": 2.88,
      "players": [
        {
          "team": 1,
          "pos": {
            "x": 10.94,
            "y": 0.42
          }
        },
        {
          "team": 2,
          "pos": {
            "x": -14.52,
            "y": -4.11
          }
        }
      ]
    },
    {
      "time": 2.9,
      "players": [
        {
          "team": 1,
          "pos": {
            "x": 10.94,
            "y": 0.42
          }
        },
        {
          "team": 2,
          "pos": {
            "x": -14.52,
            "y": -4.11
          }
        }
      ]
    },
    {
      "time": 2.92,
      "players": [
        {
          "team": 1,
          "pos": {
            "x": 10.94,
            "y": 0.42
          }
        },
        {
          "team": 2,
          "pos": {
            "x": -14.52,
            "y": -4.11
          }
        }
      ]
    },
    {
      "time": 2.94,
      "players": [
        {
          "team": 1,
          "pos": {
            "x": 10.94,
            "y": 0.42
          }
        },
        {
          "team": 2,
          "pos": {
            "x": -14.52,
            "y": -4.11
          }
        }
      ]
    },
    {
      "time": 2.96,
      "players": [
        {
          "team": 1,
          "pos": {
            "x": 10.94,
            "y": 0.42
          }
        },
        {
          "team": 2,
          "pos": {
            "x": -14.52,
            "y": -4.11
          }
        }
      ]
    },
    {
      "time": 2.98,
      "players": [
        {
          "team": 1,
          "pos": {
            "x": 10.94,
            "y": 0.42
          }
        },
        {
          "team": 2,
          "pos": {
            "x": -14.52,
            "y": -4.11
          }
        }
      ]
    },
    {
      "time": 3.0,
      "players": [
        {
          "team": 1,
          "pos": {
            "x": 10.94,
            "y": 0.42
          }
        },
        {
          "team": 2,
          "pos": {
            "x": -14.52,
            "y": -4.11
          }
        }
      ]
    },
    {
      "time": 3.02,
      "players": [
        {
          "team": 1,
          "pos": {
            "x": 10.94,
            "y": 0.42
          }
        },
        {
          "team": 2,
          "pos": {
            "x": -14.52,
            "y": -4.11
          }
        }
      ]
    },
    {
      "time": 3.04,
      "players": [
        {
          "team": 1,
          "pos": {
            "x": 10.94,
            "y": 0.42
          }
        },
        {
          "team": 2,
          "pos": {
            "x": -14.52,
            "y": -4.11
          }
        }
      ]
    },
    {
      "time": 3.06,
      "players": [
        {
          "team": 1,
          "pos": {
            "x": 10.94,
            "y": 0.42
          }
        },
        {
          "team": 2,
          "pos": {
            "x": -14.52,
            "y": -4.11
          }
        }
      ]
    },
    {
      "time": 3.08,
      "players": [
        {
          "team": 1,
          "pos": {
            "x": 10.94,
            "y": 0.42
          }
        },
        {
          "team": 2,
          "pos": {
            "x": -14.52,
            "y": -4.11
          }
        }
      ]
    },
    {
      "time": 3.1,
      "players": [
        {
          "team": 1,
          "pos": {
            "x": 10.94,
            "y": 0.42
          }
        },
        {
          "team": 2,
          "pos": {
            "x": -14.52,
            "y": -4.11
          }
        }
      ]
    },
    {
      "time": 3.12,
      "players": [
        {
          "team": 1,
          "pos": {
            "x": 10.94,
            "y": 0.42
          }
        },
        {
          "team": 2,
          "pos": {
            "x": -14.52,
            "y": -4.11
          }
        }
      ]
    },
    {
      "time": 3.14,
      "players": [
        {
          "team": 1,
          "pos": {
            "x": 10.94,
            "y": 0.42
          }
        },
        {
          "team": 2,
          "pos": {
            "x": -14.52,
            "y": -4.11
          }
        }
      ]
    },
    {
      "time": 3.16,
      "players": [
        {
          "team": 1,
          "pos": {
            "x": 10.94,
            "y": 0.42
          }
        },
        {
          "team": 2,
          "pos": {
            "x": -14.52,
            "y": -4.11
          }
        }
      ]
    },
    {
      "time": 3.18,
      "players": [
        {
          "team": 1,
          "pos": {
            "x": 10.94,
            "y": 0.42
          }
        },
        {
          "team": 2,
          "pos": {
            "x": -14.52,
            "y": -4.11
          }
        }
      ]
    },
    {
      "time": 3.2,
      "players": [
        {
          "team": 1,
          "pos": {
            "x": 10.94,
            "y": 0.42
          }
        },
        {
          "team": 2,
          "pos": {
            "x": -14.52,
            "y": -4.11
          }
        }
      ]
    },
    {
      "time": 3.22,
      "players": [
        {
          "team": 1,
          "pos": {
            "x": 10.94,
            "y": 0.42
          }
        },
        {
          "team": 2,
          "pos": {
            "x": -14.52,
            "y": -4.11
          }
        }
      ]
    },
    {
      "time": 3.24,
      "players": [
        {
          "team": 1,
          "pos": {
            "x": 10.94,
            "y": 0.42
          }
        },
        {
          "team": 2,
          "pos": {
            "x": -14.52,
            "y": -4.11
          }
        }
      ]
    },
    {
      "time": 3.26,
      "players": [
        {
          "team": 1,
          "pos": {
            "x": 10.94,
            "y": 0.42
          }
        },
        {
          "team": 2,
          "pos": {
            "x": -14.52,
            "y": -4.11
          }
        }
      ]
    },
    {
      "time": 3.28,
      "players": [
        {
          "team": 1,
          "pos": {
            "x": 10.94,
            "y": 0.42
          }
        },
        {
          "team": 2,
          "pos": {
            "x": -14.52,
            "y": -4.11
          }
        }
      ]
    },
    {
      "time": 3.3,
      "players": [
        {
          "team": 1,
          "pos": {
            "x": 10.94,
            "y": 0.42
          }
        },
        {
          "team": 2,
          "pos": {
            "x": -14.52,
            "y": -4.11
          }
        }
      ]
    },
    {
      "time": 3.32,
      "players": [
        {
          "team": 1,
          "pos": {
            "x": 10.94,
            "y": 0.42
          }
        },
        {
          "team": 2,
          "pos": {
            "x": -14.52,
            "y": -4.11
          }
        }
      ]
    },
    {
      "time": 3.34,
      "players": [
        {
          "team": 1,
          "pos": {
            "x": 10.94,
            "y": 0.42
          }
        },
        {
          "team": 2,
          "pos": {
            "x": -14.52,
            "y": -4.11
          }
        }
      ]
    },
    {
      "time": 3.36,
      "players": [
        {
          "team": 1,
          "pos": {
            "x": 10.94,
            "y": 0.42
          }
        },
        {
          "team": 2,
          "pos": {
            "x": -14.52,
            "y": -4.11
          }
        }
      ]
    },
    {
      "time": 3.38,
      "players": [
        {
          "team": 1,
          "pos": {
            "x": 10.94,
            "y": 0.42
          }
        },
        {
          "team": 2,
          "pos": {
            "x": -14.52,
            "y": -4.11
          }
        }
      ]
    },
    {
      "time": 3.4,
      "players": [
        {
          "team": 1,
          "pos": {
            "x": 10.94,
            "y": 0.42
          }
        },
        {
          "team": 2,
          "pos": {
            "x": -14.52,
            "y": -4.11
          }
        }
      ]
    },
    {
      "time": 3.42,
      "players": [
        {
          "team": 1,
          "pos": {
            "x": 10.94,
            "y": 0.42
          }
        },
        {
          "team": 2,
          "pos": {
            "x": -14.52,
            "y": -4.11
          }
        }
      ]
    },
    {
      "time": 3.44,
      "players": [
        {
          "team": 1,
          "pos": {
            "x": 10.94,
            "y": 0.42
          }
        },
        {
          "team": 2,
          "pos": {
            "x": -14.52,
            "y": -4.11
          }
        }
      ]
    },
    {
      "time": 3.46,
      "players": [
        {
          "team": 1,
          "pos": {
            "x": 10.94,
            "y": 0.42
          }
        },
        {
          "team": 2,
          "pos": {
            "x": -14.52,
            "y": -4.11
          }
        }
      ]
    },
    {
      "time": 3.48,
      "players": [
        {
          "team": 1,
          "pos": {
            "x": 10.94,
            "y": 0.42
          }
        },
        {
          "team": 2,
          "pos": {
            "x": -14.52,
            "y": -4.11
          }
        }
      ]
    },
    {
      "time": 3.5,
      "players": [
        {
          "team": 1,
          "pos": {
            "x": 10.94,
            "y": 0.42
          }
        },
        {
          "team": 2,
          "pos": {
            "x": -14.52,
            "y": -4.11
          }
        }
      ]
    },
    {
      "time": 3.52,
      "players": [
        {
          "team": 1,
          "pos": {
            "x": 10.94,
            "y": 0.42
          }
        },
        {
          "team": 2,
          "pos": {
            "x": -14.52,
            "y": -4.11
          }
        }
      ]
    }
  ]
}