{
  "id": "0d49053e-86f7-40b4-ab9d-ae0905f3c497",
  "sequences": {
    "set": 3,
    "game": 5,
    "point": 2,
    "serve": 2,
    "rally": 2
  },
  "match": {
    "season": 2025,
    "tournament_id": 9999,
    "draw_code": "MS001",
    "court_id": 1,
    "players": [
      {
        "forename": "Andy",
        "surname": "Bernard",
        "team": 1,
        "external_id": "AB12"
      },
      {
        "forename": "Cedric",
        "surname": "Diggory",
        "team": 2,
        "external_id": "CD34"
      }
    ]
  },
  "shots": [
    {
      "shot_no": 1,
      "team": 2,
      "stroke": "serve",
      "spin": {
        "type": "backspin",
        "rpm": -1750.426
      },
      "speed_ms": 51.299,
      "call": "out",
      "distance": 0.973,
      "time_utc": "2025-01-01T12:54:22.516Z",
      "time": 0.0,
      "duration": 0.725
    }
  ],
  "samples": [
    {
      "time": -2.22,
      "players": [
        {
          "team": 1,
          "pos": {
            "x": 15.12,
            "y": -4.66
          }
        },
        {
          "team": 2,
          "pos": {
            "x": -12.18,
            "y": 0.98
          }
        }
      ]
    },
    {
      "time": -2.2,
      "players": [
        {
          "team": 1,
          "pos": {
            "x": 15.12,
            "y": -4.66
          }
        },
        {
          "team": 2,
          "pos": {
            "x": -12.16,
            "y": 1.01
          }
        }
      ]
    },
    {
      "time": -2.18,
      "players": [
        {
          "team": 1,
          "pos": {
            "x": 15.12,
            "y": -4.66
          }
        },
        {
          "team": 2,
          "pos": {
            "x": -12.19,
            "y": 1.04
          }
        }
      ]
    },
    {
      "time": -2.16,
      "players": [
        {
          "team": 1,
          "pos": {
            "x": 15.12,
            "y": -4.66
          }
        },
        {
          "team": 2,
          "pos": {
            "x": -12.22,
            "y": 1.08
          }
        }
      ]
    },
    {
      "time": -2.14,
      "players": [
        {
          "team": 1,
          "pos": {
            "x": 15.12,
            "y": -4.66
          }
        },
        {
          "team": 2,
          "pos": {
            "x": -12.23,
            "y": 1.09
          }
        }
      ]
    },
    {
      "time": -2.12,
      "players": [
        {
          "team": 1,
          "pos": {
            "x": 15.12,
            "y": -4.66
          }
        },
        {
          "team": 2,
          "pos": {
            "x": -12.21,
            "y": 1.09
          }
        }
      ]
    },
    {
      "time": -2.1,
      "players": [
        {
          "team": 1,
          "pos": {
            "x": 15.12,
            "y": -4.66
          }
        },
        {
          "team": 2,
          "pos": {
            "x": -12.19,
            "y": 1.09
          }
        }
      ]
    },
    {
      "time": -2.08,
      "players": [
        {
          "team": 1,
          "pos": {
            "x": 15.12,
            "y": -4.66
          }
        },
        {
          "team": 2,
          "pos": {
            "x": -12.16,
            "y": 1.09
          }
        }
      ]
    },
    {
      "time": -2.06,
      "players": [
        {
          "team": 1,
          "pos": {
            "x": 15.12,
            "y": -4.66
          }
        },
        {
          "team": 2,
          "pos": {
            "x": -12.15,
            "y": 1.11
          }
        }
      ]
    },
    {
      "time": -2.04,
      "players": [
        {
          "team": 1,
          "pos": {
            "x": 15.12,
            "y": -4.66
          }
        },
        {
          "team": 2,
          "pos": {
            "x": -12.14,
            "y": 1.13
          }
        }
      ]
    },
    {
      "time": -2.02,
      "players": [
        {
          "team": 1,
          "pos": {
            "x": 15.12,
            "y": -4.66
          }
        },
        {
          "team": 2,
          "pos": {
            "x": -12.14,
            "y": 1.16
          }
        }
      ]
    },
    {
      "time": -2.0,
      "players": [
        {
          "team": 1,
          "pos": {
            "x": 15.12,
            "y": -4.66
          }
        },
        {
          "team": 2,
          "pos": {
            "x": -12.12,
            "y": 1.18
          }
        }
      ]
    },
    {
      "time": -1.98,
      "players": [
        {
          "team": 1,
          "pos": {
            "x": 15.12,
            "y": -4.66
          }
        },
        {
          "team": 2,
          "pos": {
            "x": -12.08,
            "y": 1.18
          }
        }
      ]
    },
    {
      "time": -1.96,
      "players": [
        {
          "team": 1,
          "pos": {
            "x": 15.12,
            "y": -4.66
          }
        },
        {
          "team": 2,
          "pos": {
            "x": -12.09,
            "y": 1.2
          }
        }
      ]
    },
    {
      "time": -1.94,
      "players": [
        {
          "team": 1,
          "pos": {
            "x": 15.12,
            "y": -4.66
          }
        },
        {
          "team": 2,
          "pos": {
            "x": -12.07,
            "y": 1.22
          }
        }
      ]
    },
    {
      "time": -1.92,
      "players": [
        {
          "team": 1,
          "pos": {
            "x": 15.12,
            "y": -4.66
          }
        },
        {
          "team": 2,
          "pos": {
            "x": -12.03,
            "y": 1.22
          }
        }
      ]
    },
    {
      "time": -1.9,
      "players": [
        {
          "team": 1,
          "pos": {
            "x": 15.12,
            "y": -4.66
          }
        },
        {
          "team": 2,
          "pos": {
            "x": -12.0,
            "y": 1.22
          }
        }
      ]
    },
    {
      "time": -1.88,
      "players": [
        {
          "team": 1,
          "pos": {
            "x": 15.12,
            "y": -4.66
          }
        },
        {
          "team": 2,
          "pos": {
            "x": -11.98,
            "y": 1.21
          }
        }
      ]
    },
    {
      "time": -1.86,
      "players": [
        {
          "team": 1,
          "pos": {
            "x": 15.12,
            "y": -4.66
          }
        },
        {
          "team": 2,
          "pos": {
            "x": -11.96,
            "y": 1.2
          }
        }
      ]
    },
    {
      "time": -1.84,
      "players": [
        {
          "team": 1,
          "pos": {
            "x": 15.12,
            "y": -4.66
          }
        },
        {
          "team": 2,
          "pos": {
            "x": -11.93,
            "y": 1.18
          }
        }
      ]
    },
    {
      "time": -1.82,
      "players": [
        {
          "team": 1,
          "pos": {
            "x": 15.12,
            "y": -4.66
          }
        },
        {
          "team": 2,
          "pos": {
            "x": -11.9,
            "y": 1.18
          }
        }
      ]
    },
    {
      "time": -1.8,
      "players": [
        {
          "team": 1,
          "pos": {
            "x": 15.12,
            "y": -4.66
          }
        },
        {
          "team": 2,
          "pos": {
            "x": -11.88,
            "y": 1.18
          }
        }
      ]
    },
    {
      "time": -1.78,
      "players": [
        {
          "team": 1,
          "pos": {
            "x": 15.12,
            "y": -4.66
          }
        },
        {
          "team": 2,
          "pos": {
            "x": -11.87,
            "y": 1.17
          }
        }
      ]
    },
    {
      "time": -1.76,
      "players": [
        {
          "team": 1,
          "pos": {
            "x": 15.12,
            "y": -4.66
          }
        },
        {
          "team": 2,
          "pos": {
            "x": -11.84,
            "y": 1.16
          }
        }
      ]
    },
    {
      "time": -1.74,
      "players": [
        {
          "team": 1,
          "pos": {
            "x": 15.12,
            "y": -4.66
          }
        },
        {
          "team": 2,
          "pos": {
            "x": -11.83,
            "y": 1.16
          }
        }
      ]
    },
    {
      "time": -1.72,
      "players": [
        {
          "team": 1,
          "pos": {
            "x": 15.12,
            "y": -4.66
          }
        },
        {
          "team": 2,
          "pos": {
            "x": -11.82,
            "y": 1.14
          }
        }
      ]
    },
    {
      "time": -1.7,
      "players": [
        {
          "team": 1,
          "pos": {
            "x": 15.12,
            "y": -4.66
          }
        },
        {
          "team": 2,
          "pos": {
            "x": -11.81,
            "y": 1.12
          }
        }
      ]
    },
    {
      "time": -1.68,
      "players": [
        {
          "team": 1,
          "pos": {
            "x": 15.12,
            "y": -4.66
          }
        },
        {
          "team": 2,
          "pos": {
            "x": -11.81,
            "y": 1.11
          }
        }
      ]
    },
    {
      "time": -1.66,
      "players": [
        {
          "team": 1,
          "pos": {
            "x": 15.12,
            "y": -4.66
          }
        },
        {
          "team": 2,
          "pos": {
            "x": -11.8,
            "y": 1.1
          }
        }
      ]
    },
    {
      "time": -1.64,
      "players": [
        {
          "team": 1,
          "pos": {
            "x": 15.12,
            "y": -4.66
          }
        },
        {
          "team": 2,
          "pos": {
            "x": -11.8,
            "y": 1.08
          }
        }
      ]
    },
    {
      "time": -1.62,
      "players": [
        {
          "team": 1,
          "pos": {
            "x": 15.12,
            "y": -4.66
          }
        },
        {
          "team": 2,
          "pos": {
            "x": -11.8,
            "y": 1.06
          }
        }
      ]
    },
    {
      "time": -1.6,
      "players": [
        {
          "team": 1,
          "pos": {
            "x": 15.12,
            "y": -4.66
          }
        },
        {
          "team": 2,
          "pos": {
            "x": -11.81,
            "y": 1.03
          }
        }
      ]
    },
    {
      "time": -1.58,
      "players": [
        {
          "team": 1,
          "pos": {
            "x": 15.12,
            "y": -4.66
          }
        },
        {
          "team": 2,
          "pos": {
            "x": -11.82,
            "y": 1.0
          }
        }
      ]
    },
    {
      "time": -1.56,
      "players": [
        {
          "team": 1,
          "pos": {
            "x": 15.12,
            "y": -4.66
          }
        },
        {
          "team": 2,
          "pos": {
            "x": -11.82,
            "y": 1.0
          }
        }
      ]
    },
    {
      "time": -1.54,
      "players": [
        {
          "team": 1,
          "pos": {
            "x": 15.12,
            "y": -4.66
          }
        },
        {
          "team": 2,
          "pos": {
            "x": -11.81,
            "y": 0.97
          }
        }
      ]
    },
    {
      "time": -1.52,
      "players": [
        {
          "team": 1,
          "pos": {
            "x": 15.12,
            "y": -4.66
          }
        },
        {
          "team": 2,
          "pos": {
            "x": -11.82,
            "y": 0.94
          }
        }
      ]
    },
    {
      "time": -1.5,
      "players": [
        {
          "team": 1,
          "pos": {
            "x": 15.12,
            "y": -4.66
          }
        },
        {
          "team": 2,
          "pos": {
            "x": -11.84,
            "y": 0.9
          }
        }
      ]
    },
    {
      "time": -1.48,
      "players": [
        {
          "team": 1,
          "pos": {
            "x": 15.12,
            "y": -4.66
          }
        },
        {
          "team": 2,
          "pos": {
            "x": -11.85,
            "y": 0.89
          }
        }
      ]
    },
    {
      "time": -1.46,
      "players": [
        {
          "team": 1,
          "pos": {
            "x": 15.12,
            "y": -4.66
          }
        },
        {
          "team": 2,
          "pos": {
            "x": -11.85,
            "y": 0.87
          }
        }
      ]
    },
    {
      "time": -1.44,
      "players": [
        {
          "team": 1,
          "pos": {
            "x": 15.12,
            "y": -4.66
          }
        },
        {
          "team": 2,
          "pos": {
            "x": -11.86,
            "y": 0.83
          }
        }
      ]
    },
    {
      "time": -1.42,
      "players": [
        {
          "team": 1,
          "pos": {
            "x": 15.12,
            "y": -4.66
          }
        },
        {
          "team": 2,
          "pos": {
            "x": -11.91,
            "y": 0.78
          }
        }
      ]
    },
    {
      "time": -1.4,
      "players": [
        {
          "team": 1,
          "pos": {
            "x": 15.12,
            "y": -4.66
          }
        },
        {
          "team": 2,
          "pos": {
            "x": -11.95,
            "y": 0.74
          }
        }
      ]
    },
    {
      "time": -1.38,
      "players": [
        {
          "team": 1,
          "pos": {
            "x": 15.12,
            "y": -4.66
          }
        },
        {
          "team": 2,
          "pos": {
            "x": -11.98,
            "y": 0.7
          }
        }
      ]
    },
    {
      "time": -1.36,
      "players": [
        {
          "team": 1,
          "pos": {
            "x": 15.12,
            "y": -4.66
          }
        },
        {
          "team": 2,
          "pos": {
            "x": -12.01,
            "y": 0.67
          }
        }
      ]
    },
    {
      "time": -1.34,
      "players": [
        {
          "team": 1,
          "pos": {
            "x": 15.12,
            "y": -4.66
          }
        },
        {
          "team": 2,
          "pos": {
            "x": -12.04,
            "y": 0.63
          }
        }
      ]
    },
    {
      "time": -1.32,
      "players": [
        {
          "team": 1,
          "pos": {
            "x": 15.12,
            "y": -4.66
          }
        },
        {
          "team": 2,
          "pos": {
            "x": -12.06,
            "y": 0.6
          }
        }
      ]
    },
    {
      "time": -1.3,
      "players": [
        {
          "team": 1,
          "pos": {
            "x": 15.12,
            "y": -4.66
          }
        },
        {
          "team": 2,
          "pos": {
            "x": -12.14,
            "y": 0.57
          }
        }
      ]
    },
    {
      "time": -1.28,
      "players": [
        {
          "team": 1,
          "pos": {
            "x": 15.12,
            "y": -4.66
          }
        },
        {
          "team": 2,
          "pos": {
            "x": -12.15,
            "y": 0.55
          }
        }
      ]
    },
    {
      "time": -1.26,
      "players": [
        {
          "team": 1,
          "pos": {
            "x": 15.12,
            "y": -4.66
          }
        },
        {
          "team": 2,
          "pos": {
            "x": -12.15,
            "y": 0.53
          }
        }
      ]
    },
    {
      "time": -1.24,
      "players": [
        {
          "team": 1,
          "pos": {
            "x": 15.12,
            "y": -4.66
          }
        },
        {
          "team": 2,
          "pos": {
            "x": -12.18,
            "y": 0.5
          }
        }
      ]
    },
    {
      "time": -1.22,
      "players": [
        {
          "team": 1,
          "pos": {
            "x": 15.12,
            "y": -4.66
          }
        },
        {
          "team": 2,
          "pos": {
            "x": -12.2,
            "y": 0.48
          }
        }
      ]
    },
    {
      "time": -1.2,
      "players": [
        {
          "team": 1,
          "pos": {
            "x": 15.12,
            "y": -4.66
          }
        },
        {
          "team": 2,
          "pos": {
            "x": -12.21,
            "y": 0.46
          }
        }
      ]
    },
    {
      "time": -1.18,
      "players": [
        {
          "team": 1,
          "pos": {
            "x": 15.12,
            "y": -4.66
          }
        },
        {
          "team": 2,
          "pos": {
            "x": -12.21,
            "y": 0.46
          }
        }
      ]
    },
    {
      "time": -1.16,
      "players": [
        {
          "team": 1,
          "pos": {
            "x": 15.11,
            "y": -4.65
          }
        },
        {
          "team": 2,
          "pos": {
            "x": -12.19,
            "y": 0.45
          }
        }
      ]
    },
    {
      "time": -1.14,
      "players": [
        {
          "team": 1,
          "pos": {
            "x": 15.11,
            "y": -4.65
          }
        },
        {
          "team": 2,
          "pos": {
            "x": -12.17,
            "y": 0.46
          }
        }
      ]
    },
    {
      "time": -1.12,
      "players": [
        {
          "team": 1,
          "pos": {
            "x": 15.08,
            "y": -4.63
          }
        },
        {
          "team": 2,
          "pos": {
            "x": -12.18,
            "y": 0.47
          }
        }
      ]
    },
    {
      "time": -1.1,
      "players": [
        {
          "team": 1,
          "pos": {
            "x": 15.06,
            "y": -4.59
          }
        },
        {
          "team": 2,
          "pos": {
            "x": -12.21,
            "y": 0.47
          }
        }
      ]
    },
    {
      "time": -1.08,
      "players": [
        {
          "team": 1,
          "pos": {
            "x": 15.03,
            "y": -4.57
          }
        },
        {
          "team": 2,
          "pos": {
            "x": -12.22,
            "y": 0.51
          }
        }
      ]
    },
    {
      "time": -1.06,
      "players": [
        {
          "team": 1,
          "pos": {
            "x": 15.01,
            "y": -4.52
          }
        },
        {
          "team": 2,
          "pos": {
            "x": -12.24,
            "y": 0.56
          }
        }
      ]
    },
    {
      "time": -1.04,
      "players": [
        {
          "team": 1,
          "pos": {
            "x": 14.98,
            "y": -4.47
          }
        },
        {
          "team": 2,
          "pos": {
            "x": -12.25,
            "y": 0.57
          }
        }
      ]
    },
    {
      "time": -1.02,
      "players": [
        {
          "team": 1,
          "pos": {
            "x": 14.94,
            "y": -4.42
          }
        },
        {
          "team": 2,
          "pos": {
            "x": -12.26,
            "y": 0.65
          }
        }
      ]
    },
    {
      "time": -1.0,
      "players": [
        {
          "team": 1,
          "pos": {
            "x": 14.9,
            "y": -4.37
          }
        },
        {
          "team": 2,
          "pos": {
            "x": -12.28,
            "y": 0.68
          }
        }
      ]
    },
    {
      "time": -0.98,
      "players": [
        {
          "team": 1,
          "pos": {
            "x": 14.87,
            "y": -4.33
          }
        },
        {
          "team": 2,
          "pos": {
            "x": -12.29,
            "y": 0.71
          }
        }
      ]
    },
    {
      "time": -0.96,
      "players": [
        {
          "team": 1,
          "pos": {
            "x": 14.84,
            "y": -4.3
          }
        },
        {
          "team": 2,
          "pos": {
            "x": -12.33,
            "y": 0.79
          }
        }
      ]
    },
    {
      "time": -0.94,
      "players": [
        {
          "team": 1,
          "pos": {
            "x": 14.84,
            "y": -4.28
          }
        },
        {
          "team": 2,
          "pos": {
            "x": -12.35,
            "y": 0.82
          }
        }
      ]
    },
    {
      "time": -0.92,
      "players": [
        {
          "team": 1,
          "pos": {
            "x": 14.81,
            "y": -4.23
          }
        },
        {
          "team": 2,
          "pos": {
            "x": -12.37,
            "y": 0.82
          }
        }
      ]
    },
    {
      "time": -0.911,
      "ball": {
        "pos": {
          "x": -11.927,
          "y": 1.502,
          "z": 0.84
        }
      },
      "players": [
        {
          "team": 1,
          "pos": {
            "x": 15.05,
            "y": -4.59
          }
        },
        {
          "team": 2,
          "pos": {
            "x": -12.37,
            "y": 0.81
          }
        }
      ]
    },
    {
      "time": -0.9,
      "ball": {
        "pos": {
          "x": -11.91,
          "y": 1.502,
          "z": 0.909
        }
      },
      "players": [
        {
          "team": 1,
          "pos": {
            "x": 14.79,
            "y": -4.2
          }
        },
        {
          "team": 2,
          "pos": {
            "x": -12.38,
            "y": 0.81
          }
        }
      ]
    },
    {
      "time": -0.88,
      "ball": {
        "pos": {
          "x": -11.878,
          "y": 1.502,
          "z": 1.035
        }
      },
      "players": [
        {
          "team": 1,
          "pos": {
            "x": 14.79,
            "y": -4.18
          }
        },
        {
          "team": 2,
          "pos": {
            "x": -12.42,
            "y": 0.86
          }
        }
      ]
    },
    {
      "time": -0.86,
      "ball": {
        "pos": {
          "x": -11.849,
          "y": 1.5,
          "z": 1.157
        }
      },
      "players": [
        {
          "team": 1,
          "pos": {
            "x": 14.78,
            "y": -4.17
          }
        },
        {
          "team": 2,
          "pos": {
            "x": -12.44,
            "y": 0.87
          }
        }
      ]
    },
    {
      "time": -0.84,
      "ball": {
        "pos": {
          "x": -11.821,
          "y": 1.498,
          "z": 1.277
        }
      },
      "players": [
        {
          "team": 1,
          "pos": {
            "x": 14.76,
            "y": -4.17
          }
        },
        {
          "team": 2,
          "pos": {
            "x": -12.44,
            "y": 0.9
          }
        }
      ]
    },
    {
      "time": -0.82,
      "ball": {
        "pos": {
          "x": -11.795,
          "y": 1.495,
          "z": 1.393
        }
      },
      "players": [
        {
          "team": 1,
          "pos": {
            "x": 14.75,
            "y": -4.15
          }
        },
        {
          "team": 2,
          "pos": {
            "x": -12.45,
            "y": 0.95
          }
        }
      ]
    },
    {
      "time": -0.8,
      "ball": {
        "pos": {
          "x": -11.771,
          "y": 1.491,
          "z": 1.505
        }
      },
      "players": [
        {
          "team": 1,
          "pos": {
            "x": 14.76,
            "y": -4.14
          }
        },
        {
          "team": 2,
          "pos": {
            "x": -12.43,
            "y": 0.96
          }
        }
      ]
    },
    {
      "time": -0.78,
      "ball": {
        "pos": {
          "x": -11.749,
          "y": 1.486,
          "z": 1.614
        }
      },
      "players": [
        {
          "team": 1,
          "pos": {
            "x": 14.76,
            "y": -4.13
          }
        },
        {
          "team": 2,
          "pos": {
            "x": -12.42,
            "y": 0.99
          }
        }
      ]
    },
    {
      "time": -0.76,
      "ball": {
        "pos": {
          "x": -11.728,
          "y": 1.48,
          "z": 1.72
        }
      },
      "players": [
        {
          "team": 1,
          "pos": {
            "x": 14.81,
            "y": -4.14
          }
        },
        {
          "team": 2,
          "pos": {
            "x": -12.44,
            "y": 1.05
          }
        }
      ]
    },
    {
      "time": -0.74,
      "ball": {
        "pos": {
          "x": -11.709,
          "y": 1.474,
          "z": 1.822
        }
      },
      "players": [
        {
          "team": 1,
          "pos": {
            "x": 14.83,
            "y": -4.15
          }
        },
        {
          "team": 2,
          "pos": {
            "x": -12.45,
            "y": 1.11
          }
        }
      ]
    },
    {
      "time": -0.72,
      "ball": {
        "pos": {
          "x": -11.691,
          "y": 1.467,
          "z": 1.921
        }
      },
      "players": [
        {
          "team": 1,
          "pos": {
            "x": 14.84,
            "y": -4.14
          }
        },
        {
          "team": 2,
          "pos": {
            "x": -12.45,
            "y": 1.17
          }
        }
      ]
    },
    {
      "time": -0.7,
      "ball": {
        "pos": {
          "x": -11.675,
          "y": 1.459,
          "z": 2.016
        }
      },
      "players": [
        {
          "team": 1,
          "pos": {
            "x": 14.83,
            "y": -4.14
          }
        },
        {
          "team": 2,
          "pos": {
            "x": -12.45,
            "y": 1.23
          }
        }
      ]
    },
    {
      "time": -0.68,
      "ball": {
        "pos": {
          "x": -11.66,
          "y": 1.451,
          "z": 2.108
        }
      },
      "players": [
        {
          "team": 1,
          "pos": {
            "x": 14.84,
            "y": -4.15
          }
        },
        {
          "team": 2,
          "pos": {
            "x": -12.47,
            "y": 1.29
          }
        }
      ]
    },
    {
      "time": -0.66,
      "ball": {
        "pos": {
          "x": -11.646,
          "y": 1.442,
          "z": 2.196
        }
      },
      "players": [
        {
          "team": 1,
          "pos": {
            "x": 14.83,
            "y": -4.16
          }
        },
        {
          "team": 2,
          "pos": {
            "x": -12.5,
            "y": 1.3
          }
        }
      ]
    },
    {
      "time": -0.64,
      "ball": {
        "pos": {
          "x": -11.634,
          "y": 1.432,
          "z": 2.281
        }
      },
      "players": [
        {
          "team": 1,
          "pos": {
            "x": 14.85,
            "y": -4.18
          }
        },
        {
          "team": 2,
          "pos": {
            "x": -12.51,
            "y": 1.33
          }
        }
      ]
    },
    {
      "time": -0.62,
      "ball": {
        "pos": {
          "x": -11.622,
          "y": 1.422,
          "z": 2.362
        }
      },
      "players": [
        {
          "team": 1,
          "pos": {
            "x": 14.88,
            "y": -4.21
          }
        },
        {
          "team": 2,
          "pos": {
            "x": -12.52,
            "y": 1.36
          }
        }
      ]
    },
    {
      "time": -0.6,
      "ball": {
        "pos": {
          "x": -11.612,
          "y": 1.411,
          "z": 2.44
        }
      },
      "players": [
        {
          "team": 1,
          "pos": {
            "x": 14.85,
            "y": -4.18
          }
        },
        {
          "team": 2,
          "pos": {
            "x": -12.53,
            "y": 1.36
          }
        }
      ]
    },
    {
      "time": -0.58,
      "ball": {
        "pos": {
          "x": -11.603,
          "y": 1.4,
          "z": 2.514
        }
      },
      "players": [
        {
          "team": 1,
          "pos": {
            "x": 14.81,
            "y": -4.15
          }
        },
        {
          "team": 2,
          "pos": {
            "x": -12.55,
            "y": 1.36
          }
        }
      ]
    },
    {
      "time": -0.56,
      "ball": {
        "pos": {
          "x": -11.595,
          "y": 1.388,
          "z": 2.584
        }
      },
      "players": [
        {
          "team": 1,
          "pos": {
            "x": 14.78,
            "y": -4.11
          }
        },
        {
          "team": 2,
          "pos": {
            "x": -12.56,
            "y": 1.36
          }
        }
      ]
    },
    {
      "time": -0.54,
      "ball": {
        "pos": {
          "x": -11.587,
          "y": 1.376,
          "z": 2.651
        }
      },
      "players": [
        {
          "team": 1,
          "pos": {
            "x": 14.74,
            "y": -4.07
          }
        },
        {
          "team": 2,
          "pos": {
            "x": -12.57,
            "y": 1.36
          }
        }
      ]
    },
    {
      "time": -0.52,
      "ball": {
        "pos": {
          "x": -11.581,
          "y": 1.364,
          "z": 2.714
        }
      },
      "players": [
        {
          "team": 1,
          "pos": {
            "x": 14.71,
            "y": -4.02
          }
        },
        {
          "team": 2,
          "pos": {
            "x": -12.53,
            "y": 1.34
          }
        }
      ]
    },
    {
      "time": -0.5,
      "ball": {
        "pos": {
          "x": -11.575,
          "y": 1.351,
          "z": 2.773
        }
      },
      "players": [
        {
          "team": 1,
          "pos": {
            "x": 14.69,
            "y": -3.96
          }
        },
        {
          "team": 2,
          "pos": {
            "x": -12.47,
            "y": 1.35
          }
        }
      ]
    },
    {
      "time": -0.48,
      "ball": {
        "pos": {
          "x": -11.57,
          "y": 1.338,
          "z": 2.829
        }
      },
      "players": [
        {
          "team": 1,
          "pos": {
            "x": 14.65,
            "y": -3.91
          }
        },
        {
          "team": 2,
          "pos": {
            "x": -12.45,
            "y": 1.3
          }
        }
      ]
    },
    {
      "time": -0.46,
      "ball": {
        "pos": {
          "x": -11.565,
          "y": 1.324,
          "z": 2.881
        }
      },
      "players": [
        {
          "team": 1,
          "pos": {
            "x": 14.66,
            "y": -3.86
          }
        },
        {
          "team": 2,
          "pos": {
            "x": -12.43,
            "y": 1.3
          }
        }
      ]
    },
    {
      "time": -0.44,
      "ball": {
        "pos": {
          "x": -11.561,
          "y": 1.31,
          "z": 2.929
        }
      },
      "players": [
        {
          "team": 1,
          "pos": {
            "x": 14.66,
            "y": -3.81
          }
        },
        {
          "team": 2,
          "pos": {
            "x": -12.42,
            "y": 1.31
          }
        }
      ]
    },
    {
      "time": -0.42,
      "ball": {
        "pos": {
          "x": -11.558,
          "y": 1.296,
          "z": 2.973
        }
      },
      "players": [
        {
          "team": 1,
          "pos": {
            "x": 14.67,
            "y": -3.79
          }
        },
        {
          "team": 2,
          "pos": {
            "x": -12.4,
            "y": 1.32
          }
        }
      ]
    },
    {
      "time": -0.4,
      "ball": {
        "pos": {
          "x": -11.555,
          "y": 1.282,
          "z": 3.014
        }
      },
      "players": [
        {
          "team": 1,
          "pos": {
            "x": 14.68,
            "y": -3.81
          }
        },
        {
          "team": 2,
          "pos": {
            "x": -12.39,
            "y": 1.36
          }
        }
      ]
    },
    {
      "time": -0.38,
      "ball": {
        "pos": {
          "x": -11.552,
          "y": 1.267,
          "z": 3.051
        }
      },
      "players": [
        {
          "team": 1,
          "pos": {
            "x": 14.68,
            "y": -3.86
          }
        },
        {
          "team": 2,
          "pos": {
            "x": -12.39,
            "y": 1.4
          }
        }
      ]
    },
    {
      "time": -0.36,
      "ball": {
        "pos": {
          "x": -11.55,
          "y": 1.252,
          "z": 3.084
        }
      },
      "players": [
        {
          "team": 1,
          "pos": {
            "x": 14.66,
            "y": -3.87
          }
        },
        {
          "team": 2,
          "pos": {
            "x": -12.38,
            "y": 1.43
          }
        }
      ]
    },
    {
      "time": -0.34,
      "ball": {
        "pos": {
          "x": -11.548,
          "y": 1.237,
          "z": 3.113
        }
      },
      "players": [
        {
          "team": 1,
          "pos": {
            "x": 14.65,
            "y": -3.82
          }
        },
        {
          "team": 2,
          "pos": {
            "x": -12.34,
            "y": 1.43
          }
        }
      ]
    },
    {
      "time": -0.32,
      "ball": {
        "pos": {
          "x": -11.546,
          "y": 1.222,
          "z": 3.138
        }
      },
      "players": [
        {
          "team": 1,
          "pos": {
            "x": 14.65,
            "y": -3.88
          }
        },
        {
          "team": 2,
          "pos": {
            "x": -12.28,
            "y": 1.37
          }
        }
      ]
    },
    {
      "time": -0.3,
      "ball": {
        "pos": {
          "x": -11.544,
          "y": 1.207,
          "z": 3.16
        }
      },
      "players": [
        {
          "team": 1,
          "pos": {
            "x": 14.64,
            "y": -3.94
          }
        },
        {
          "team": 2,
          "pos": {
            "x": -12.27,
            "y": 1.32
          }
        }
      ]
    },
    {
      "time": -0.28,
      "ball": {
        "pos": {
          "x": -11.542,
          "y": 1.192,
          "z": 3.177
        }
      },
      "players": [
        {
          "team": 1,
          "pos": {
            "x": 14.64,
            "y": -3.96
          }
        },
        {
          "team": 2,
          "pos": {
            "x": -12.24,
            "y": 1.25
          }
        }
      ]
    },
    {
      "time": -0.26,
      "ball": {
        "pos": {
          "x": -11.54,
          "y": 1.177,
          "z": 3.191
        }
      },
      "players": [
        {
          "team": 1,
          "pos": {
            "x": 14.6,
            "y": -3.94
          }
        },
        {
          "team": 2,
          "pos": {
            "x": -12.2,
            "y": 1.29
          }
        }
      ]
    },
    {
      "time": -0.24,
      "ball": {
        "pos": {
          "x": -11.538,
          "y": 1.162,
          "z": 3.2
        }
      },
      "players": [
        {
          "team": 1,
          "pos": {
            "x": 14.53,
            "y": -3.92
          }
        },
        {
          "team": 2,
          "pos": {
            "x": -12.14,
            "y": 1.22
          }
        }
      ]
    },
    {
      "time": -0.22,
      "ball": {
        "pos": {
          "x": -11.536,
          "y": 1.147,
          "z": 3.206
        }
      },
      "players": [
        {
          "team": 1,
          "pos": {
            "x": 14.47,
            "y": -3.9
          }
        },
        {
          "team": 2,
          "pos": {
            "x": -12.08,
            "y": 1.15
          }
        }
      ]
    },
    {
      "time": -0.201,
      "ball": {
        "pos": {
          "x": -11.533,
          "y": 1.132,
          "z": 3.208
        }
      },
      "players": [
        {
          "team": 1,
          "pos": {
            "x": 14.68,
            "y": -3.84
          }
        },
        {
          "team": 2,
          "pos": {
            "x": -12.08,
            "y": 1.07
          }
        }
      ]
    },
    {
      "time": -0.2,
      "ball": {
        "pos": {
          "x": -11.533,
          "y": 1.131,
          "z": 3.208
        }
      },
      "players": [
        {
          "team": 1,
          "pos": {
            "x": 14.41,
            "y": -3.9
          }
        },
        {
          "team": 2,
          "pos": {
            "x": -12.07,
            "y": 1.08
          }
        }
      ]
    },
    {
      "time": -0.18,
      "ball": {
        "pos": {
          "x": -11.53,
          "y": 1.116,
          "z": 3.206
        }
      },
      "players": [
        {
          "team": 1,
          "pos": {
            "x": 14.35,
            "y": -3.89
          }
        },
        {
          "team": 2,
          "pos": {
            "x": -12.03,
            "y": 1.01
          }
        }
      ]
    },
    {
      "time": -0.16,
      "ball": {
        "pos": {
          "x": -11.527,
          "y": 1.102,
          "z": 3.2
        }
      },
      "players": [
        {
          "team": 1,
          "pos": {
            "x": 14.27,
            "y": -3.87
          }
        },
        {
          "team": 2,
          "pos": {
            "x": -12.01,
            "y": 1.02
          }
        }
      ]
    },
    {
      "time": -0.14,
      "ball": {
        "pos": {
          "x": -11.524,
          "y": 1.087,
          "z": 3.19
        }
      },
      "players": [
        {
          "team": 1,
          "pos": {
            "x": 14.18,
            "y": -3.83
          }
        },
        {
          "team": 2,
          "pos": {
            "x": -11.95,
            "y": 1.04
          }
        }
      ]
    },
    {
      "time": -0.12,
      "ball": {
        "pos": {
          "x": -11.52,
          "y": 1.072,
          "z": 3.175
        }
      },
      "players": [
        {
          "team": 1,
          "pos": {
            "x": 14.1,
            "y": -3.82
          }
        },
        {
          "team": 2,
          "pos": {
            "x": -11.88,
            "y": 1.0
          }
        }
      ]
    },
    {
      "time": -0.1,
      "ball": {
        "pos": {
          "x": -11.515,
          "y": 1.058,
          "z": 3.157
        }
      },
      "players": [
        {
          "team": 1,
          "pos": {
            "x": 14.01,
            "y": -3.78
          }
        },
        {
          "team": 2,
          "pos": {
            "x": -11.82,
            "y": 1.0
          }
        }
      ]
    },
    {
      "time": -0.08,
      "ball": {
        "pos": {
          "x": -11.51,
          "y": 1.044,
          "z": 3.135
        }
      },
      "players": [
        {
          "team": 1,
          "pos": {
            "x": 13.93,
            "y": -3.76
          }
        },
        {
          "team": 2,
          "pos": {
            "x": -11.77,
            "y": 0.99
          }
        }
      ]
    },
    {
      "time": -0.06,
      "ball": {
        "pos": {
          "x": -11.504,
          "y": 1.03,
          "z": 3.108
        }
      },
      "players": [
        {
          "team": 1,
          "pos": {
            "x": 13.84,
            "y": -3.73
          }
        },
        {
          "team": 2,
          "pos": {
            "x": -11.74,
            "y": 1.04
          }
        }
      ]
    },
    {
      "time": -0.04,
      "ball": {
        "pos": {
          "x": -11.497,
          "y": 1.016,
          "z": 3.077
        }
      },
      "players": [
        {
          "team": 1,
          "pos": {
            "x": 13.81,
            "y": -3.72
          }
        },
        {
          "team": 2,
          "pos": {
            "x": -11.71,
            "y": 1.1
          }
        }
      ]
    },
    {
      "time": -0.02,
      "ball": {
        "pos": {
          "x": -11.489,
          "y": 1.003,
          "z": 3.043
        }
      },
      "players": [
        {
          "team": 1,
          "pos": {
            "x": 13.84,
            "y": -3.73
          }
        },
        {
          "team": 2,
          "pos": {
            "x": -11.66,
            "y": 1.14
          }
        }
      ]
    },
    {
      "time": 0.0,
      "event": "hit",
      "ball": {
        "pos": {
          "x": -11.481,
          "y": 0.99,
          "z": 3.004
        }
      },
      "players": [
        {
          "team": 1,
          "pos": {
            "x": 13.88,
            "y": -3.72
          }
        },
        {
          "team": 2,
          "pos": {
            "x": -11.61,
            "y": 1.18
          }
        }
      ]
    },
    {
      "time": 0.02,
      "ball": {
        "pos": {
          "x": -10.488,
          "y": 0.796,
          "z": 2.915
        }
      },
      "players": [
        {
          "team": 1,
          "pos": {
            "x": 13.92,
            "y": -3.71
          }
        },
        {
          "team": 2,
          "pos": {
            "x": -11.58,
            "y": 1.23
          }
        }
      ]
    },
    {
      "time": 0.04,
      "ball": {
        "pos": {
          "x": -9.516,
          "y": 0.602,
          "z": 2.823
        }
      },
      "players": [
        {
          "team": 1,
          "pos": {
            "x": 13.86,
            "y": -3.7
          }
        },
        {
          "team": 2,
          "pos": {
            "x": -11.54,
            "y": 1.28
          }
        }
      ]
    },
    {
      "time": 0.06,
      "ball": {
        "pos": {
          "x": -8.565,
          "y": 0.407,
          "z": 2.727
        }
      },
      "players": [
        {
          "team": 1,
          "pos": {
            "x": 13.9,
            "y": -3.7
          }
        },
        {
          "team": 2,
          "pos": {
            "x": -11.49,
            "y": 1.32
          }
        }
      ]
    },
    {
      "time": 0.08,
      "ball": {
        "pos": {
          "x": -7.635,
          "y": 0.212,
          "z": 2.627
        }
      },
      "players": [
        {
          "team": 1,
          "pos": {
            "x": 13.85,
            "y": -3.7
          }
        },
        {
          "team": 2,
          "pos": {
            "x": -11.45,
            "y": 1.36
          }
        }
      ]
    },
    {
      "time": 0.1,
      "ball": {
        "pos": {
          "x": -6.724,
          "y": 0.016,
          "z": 2.525
        }
      },
      "players": [
        {
          "team": 1,
          "pos": {
            "x": 13.8,
            "y": -3.7
          }
        },
        {
          "team": 2,
          "pos": {
            "x": -11.39,
            "y": 1.33
          }
        }
      ]
    },
    {
      "time": 0.12,
      "ball": {
        "pos": {
          "x": -5.833,
          "y": -0.18,
          "z": 2.419
        }
      },
      "players": [
        {
          "team": 1,
          "pos": {
            "x": 13.84,
            "y": -3.71
          }
        },
        {
          "team": 2,
          "pos": {
            "x": -11.34,
            "y": 1.32
          }
        }
      ]
    },
    {
      "time": 0.14,
      "ball": {
        "pos": {
          "x": -4.96,
          "y": -0.377,
          "z": 2.31
        }
      },
      "players": [
        {
          "team": 1,
          "pos": {
            "x": 13.85,
            "y": -3.71
          }
        },
        {
          "team": 2,
          "pos": {
            "x": -11.27,
            "y": 1.31
          }
        }
      ]
    },
    {
      "time": 0.16,
      "ball": {
        "pos": {
          "x": -4.106,
          "y": -0.574,
          "z": 2.197
        }
      },
      "players": [
        {
          "team": 1,
          "pos": {
            "x": 13.85,
            "y": -3.72
          }
        },
        {
          "team": 2,
          "pos": {
            "x": -11.25,
            "y": 1.3
          }
        }
      ]
    },
    {
      "time": 0.18,
      "ball": {
        "pos": {
          "x": -3.269,
          "y": -0.771,
          "z": 2.082
        }
      },
      "players": [
        {
          "team": 1,
          "pos": {
            "x": 13.85,
            "y": -3.74
          }
        },
        {
          "team": 2,
          "pos": {
            "x": -11.25,
            "y": 1.32
          }
        }
      ]
    },
    {
      "time": 0.2,
      "ball": {
        "pos": {
          "x": -2.45,
          "y": -0.969,
          "z": 1.963
        }
      },
      "players": [
        {
          "team": 1,
          "pos": {
            "x": 13.86,
            "y": -3.77
          }
        },
        {
          "team": 2,
          "pos": {
            "x": -11.24,
            "y": 1.34
          }
        }
      ]
    },
    {
      "time": 0.22,
      "ball": {
        "pos": {
          "x": -1.647,
          "y": -1.167,
          "z": 1.841
        }
      },
      "players": [
        {
          "team": 1,
          "pos": {
            "x": 13.86,
            "y": -3.81
          }
        },
        {
          "team": 2,
          "pos": {
            "x": -11.21,
            "y": 1.35
          }
        }
      ]
    },
    {
      "time": 0.24,
      "ball": {
        "pos": {
          "x": -0.861,
          "y": -1.366,
          "z": 1.717
        }
      },
      "players": [
        {
          "team": 1,
          "pos": {
            "x": 13.83,
            "y": -3.82
          }
        },
        {
          "team": 2,
          "pos": {
            "x": -11.19,
            "y": 1.36
          }
        }
      ]
    },
    {
      "time": 0.26,
      "ball": {
        "pos": {
          "x": -0.09,
          "y": -1.566,
          "z": 1.589
        }
      },
      "players": [
        {
          "team": 1,
          "pos": {
            "x": 13.82,
            "y": -3.86
          }
        },
        {
          "team": 2,
          "pos": {
            "x": -11.16,
            "y": 1.32
          }
        }
      ]
    },
    {
      "time": 0.262,
      "ball": {
        "pos": {
          "x": -0.0,
          "y": -1.589,
          "z": 1.574
        }
      },
      "players": [
        {
          "team": 1,
          "pos": {
            "x": 13.87,
            "y": -3.7
          }
        },
        {
          "team": 2,
          "pos": {
            "x": -11.15,
            "y": 1.31
          }
        }
      ]
    },
    {
      "time": 0.28,
      "ball": {
        "pos": {
          "x": 0.665,
          "y": -1.765,
          "z": 1.458
        }
      },
      "players": [
        {
          "team": 1,
          "pos": {
            "x": 13.81,
            "y": -3.89
          }
        },
        {
          "team": 2,
          "pos": {
            "x": -11.15,
            "y": 1.29
          }
        }
      ]
    },
    {
      "time": 0.3,
      "ball": {
        "pos": {
          "x": 1.406,
          "y": -1.966,
          "z": 1.325
        }
      },
      "players": [
        {
          "team": 1,
          "pos": {
            "x": 13.79,
            "y": -3.91
          }
        },
        {
          "team": 2,
          "pos": {
            "x": -11.15,
            "y": 1.25
          }
        }
      ]
    },
    {
      "time": 0.32,
      "ball": {
        "pos": {
          "x": 2.132,
          "y": -2.167,
          "z": 1.189
        }
      },
      "players": [
        {
          "team": 1,
          "pos": {
            "x": 13.79,
            "y": -3.91
          }
        },
        {
          "team": 2,
          "pos": {
            "x": -11.17,
            "y": 1.24
          }
        }
      ]
    },
    {
      "time": 0.34,
      "ball": {
        "pos": {
          "x": 2.845,
          "y": -2.368,
          "z": 1.049
        }
      },
      "players": [
        {
          "team": 1,
          "pos": {
            "x": 13.79,
            "y": -3.91
          }
        },
        {
          "team": 2,
          "pos": {
            "x": -11.2,
            "y": 1.23
          }
        }
      ]
    },
    {
      "time": 0.36,
      "ball": {
        "pos": {
          "x": 3.545,
          "y": -2.57,
          "z": 0.908
        }
      },
      "players": [
        {
          "team": 1,
          "pos": {
            "x": 13.79,
            "y": -3.91
          }
        },
        {
          "team": 2,
          "pos": {
            "x": -11.21,
            "y": 1.21
          }
        }
      ]
    },
    {
      "time": 0.38,
      "ball": {
        "pos": {
          "x": 4.232,
          "y": -2.773,
          "z": 0.763
        }
      },
      "players": [
        {
          "team": 1,
          "pos": {
            "x": 13.79,
            "y": -3.91
          }
        },
        {
          "team": 2,
          "pos": {
            "x": -11.24,
            "y": 1.19
          }
        }
      ]
    },
    {
      "time": 0.4,
      "ball": {
        "pos": {
          "x": 4.906,
          "y": -2.976,
          "z": 0.616
        }
      },
      "players": [
        {
          "team": 1,
          "pos": {
            "x": 13.79,
            "y": -3.91
          }
        },
        {
          "team": 2,
          "pos": {
            "x": -11.26,
            "y": 1.16
          }
        }
      ]
    },
    {
      "time": 0.42,
      "ball": {
        "pos": {
          "x": 5.569,
          "y": -3.18,
          "z": 0.466
        }
      },
      "players": [
        {
          "team": 1,
          "pos": {
            "x": 13.79,
            "y": -3.91
          }
        },
        {
          "team": 2,
          "pos": {
            "x": -11.26,
            "y": 1.14
          }
        }
      ]
    },
    {
      "time": 0.44,
      "ball": {
        "pos": {
          "x": 6.221,
          "y": -3.384,
          "z": 0.314
        }
      },
      "players": [
        {
          "team": 1,
          "pos": {
            "x": 13.79,
            "y": -3.91
          }
        },
        {
          "team": 2,
          "pos": {
            "x": -11.31,
            "y": 1.11
          }
        }
      ]
    },
    {
      "time": 0.46,
      "ball": {
        "pos": {
          "x": 6.863,
          "y": -3.589,
          "z": 0.159
        }
      },
      "players": [
        {
          "team": 1,
          "pos": {
            "x": 13.79,
            "y": -3.91
          }
        },
        {
          "team": 2,
          "pos": {
            "x": -11.32,
            "y": 1.1
          }
        }
      ]
    },
    {
      "time": 0.476,
      "event": "bounce",
      "ball": {
        "pos": {
          "x": 7.372,
          "y": -3.755,
          "z": 0.033
        }
      },
      "players": [
        {
          "team": 1,
          "pos": {
            "x": 13.8,
            "y": -3.89
          }
        },
        {
          "team": 2,
          "pos": {
            "x": -11.34,
            "y": 1.09
          }
        }
      ]
    },
    {
      "time": 0.48,
      "ball": {
        "pos": {
          "x": 7.478,
          "y": -3.788,
          "z": 0.022
        }
      },
      "players": [
        {
          "team": 1,
          "pos": {
            "x": 13.79,
            "y": -3.91
          }
        },
        {
          "team": 2,
          "pos": {
            "x": -11.34,
            "y": 1.08
          }
        }
      ]
    },
    {
      "time": 0.5,
      "ball": {
        "pos": {
          "x": 7.957,
          "y": -3.929,
          "z": 0.154
        }
      },
      "players": [
        {
          "team": 1,
          "pos": {
            "x": 13.79,
            "y": -3.91
          }
        },
        {
          "team": 2,
          "pos": {
            "x": -11.34,
            "y": 1.04
          }
        }
      ]
    },
    {
      "time": 0.52,
      "ball": {
        "pos": {
          "x": 8.426,
          "y": -4.069,
          "z": 0.274
        }
      },
      "players": [
        {
          "team": 1,
          "pos": {
            "x": 13.79,
            "y": -3.91
          }
        },
        {
          "team": 2,
          "pos": {
            "x": -11.34,
            "y": 1.04
          }
        }
      ]
    },
    {
      "time": 0.54,
      "ball": {
        "pos": {
          "x": 8.888,
          "y": -4.21,
          "z": 0.387
        }
      },
      "players": [
        {
          "team": 1,
          "pos": {
            "x": 13.79,
            "y": -3.91
          }
        },
        {
          "team": 2,
          "pos": {
            "x": -11.34,
            "y": 1.04
          }
        }
      ]
    },
    {
      "time": 0.56,
      "ball": {
        "pos": {
          "x": 9.344,
          "y": -4.35,
          "z": 0.493
        }
      },
      "players": [
        {
          "team": 1,
          "pos": {
            "x": 13.79,
            "y": -3.91
          }
        },
        {
          "team": 2,
          "pos": {
            "x": -11.34,
            "y": 1.04
          }
        }
      ]
    },
    {
      "time": 0.58,
      "ball": {
        "pos": {
          "x": 9.792,
          "y": -4.49,
          "z": 0.592
        }
      },
      "players": [
        {
          "team": 1,
          "pos": {
            "x": 13.79,
            "y": -3.91
          }
        },
        {
          "team": 2,
          "pos": {
            "x": -11.34,
            "y": 1.04
          }
        }
      ]
    },
    {
      "time": 0.6,
      "ball": {
        "pos": {
          "x": 10.234,
          "y": -4.631,
          "z": 0.684
        }
      },
      "players": [
        {
          "team": 1,
          "pos": {
            "x": 13.79,
            "y": -3.91
          }
        },
        {
          "team": 2,
          "pos": {
            "x": -11.34,
            "y": 1.04
          }
        }
      ]
    },
    {
      "time": 0.62,
      "ball": {
        "pos": {
          "x": 10.67,
          "y": -4.771,
          "z": 0.769
        }
      },
      "players": [
        {
          "team": 1,
          "pos": {
            "x": 13.79,
            "y": -3.91
          }
        },
        {
          "team": 2,
          "pos": {
            "x": -11.34,
            "y": 1.04
          }
        }
      ]
    },
    {
      "time": 0.64,
      "ball": {
        "pos": {
          "x": 11.099,
          "y": -4.911,
          "z": 0.847
        }
      },
      "players": [
        {
          "team": 1,
          "pos": {
            "x": 13.79,
            "y": -3.91
          }
        },
        {
          "team": 2,
          "pos": {
            "x": -11.34,
            "y": 1.04
          }
        }
      ]
    },
    {
      "time": 0.66,
      "ball": {
        "pos": {
          "x": 11.522,
          "y": -5.05,
          "z": 0.918
        }
      },
      "players": [
        {
          "team": 1,
          "pos": {
            "x": 13.79,
            "y": -3.91
          }
        },
        {
          "team": 2,
          "pos": {
            "x": -11.34,
            "y": 1.04
          }
        }
      ]
    },
    {
      "time": 0.68,
      "ball": {
        "pos": {
          "x": 11.938,
          "y": -5.19,
          "z": 0.983
        }
      },
      "players": [
        {
          "team": 1,
          "pos": {
            "x": 13.79,
            "y": -3.91
          }
        },
        {
          "team": 2,
          "pos": {
            "x": -11.34,
            "y": 1.04
          }
        }
      ]
    },
    {
      "time": 0.7,
      "ball": {
        "pos": {
          "x": 12.348,
          "y": -5.329,
          "z": 1.04
        }
      },
      "players": [
        {
          "team": 1,
          "pos": {
            "x": 13.79,
            "y": -3.91
          }
        },
        {
          "team": 2,
          "pos": {
            "x": -11.34,
            "y": 1.04
          }
        }
      ]
    },
    {
      "time": 0.72,
      "ball": {
        "pos": {
          "x": 12.752,
          "y": -5.468,
          "z": 1.09
        }
      },
      "players": [
        {
          "team": 1,
          "pos": {
            "x": 13.79,
            "y": -3.91
          }
        },
        {
          "team": 2,
          "pos": {
            "x": -11.34,
            "y": 1.04
          }
        }
      ]
    },
    {
      "time": 0.725,
      "ball": {
        "pos": {
          "x": 12.86,
          "y": -5.505,
          "z": 1.103
        }
      },
      "players": [
        {
          "team": 1,
          "pos": {
            "x": 13.79,
            "y": -3.91
          }
        },
        {
          "team": 2,
          "pos": {
            "x": -11.34,
            "y": 1.04
          }
        }
      ]
    },
    {
      "time": 0.74,
      "players": [
        {
          "team": 1,
          "pos": {
            "x": 13.79,
            "y": -3.91
          }
        },
        {
          "team": 2,
          "pos": {
            "x": -11.34,
            "y": 1.04
          }
        }
      ]
    },
    {
      "time": 0.76,
      "players": [
        {
          "team": 1,
          "pos": {
            "x": 13.79,
            "y": -3.91
          }
        },
        {
          "team": 2,
          "pos": {
            "x": -11.34,
            "y": 1.04
          }
        }
      ]
    },
    {
      "time": 0.78,
      "players": [
        {
          "team": 1,
          "pos": {
            "x": 13.79,
            "y": -3.91
          }
        },
        {
          "team": 2,
          "pos": {
            "x": -11.34,
            "y": 1.04
          }
        }
      ]
    },
    {
      "time": 0.8,
      "players": [
        {
          "team": 1,
          "pos": {
            "x": 13.79,
            "y": -3.91
          }
        },
        {
          "team": 2,
          "pos": {
            "x": -11.34,
            "y": 1.04
          }
        }
      ]
    },
    {
      "time": 0.82,
      "players": [
        {
          "team": 1,
          "pos": {
            "x": 13.79,
            "y": -3.91
          }
        },
        {
          "team": 2,
          "pos": {
            "x": -11.34,
            "y": 1.04
          }
        }
      ]
    },
    {
      "time": 0.84,
      "players": [
        {
          "team": 1,
          "pos": {
            "x": 13.79,
            "y": -3.91
          }
        },
        {
          "team": 2,
          "pos": {
            "x": -11.34,
            "y": 1.04
          }
        }
      ]
    },
    {
      "time": 0.86,
      "players": [
        {
          "team": 1,
          "pos": {
            "x": 13.79,
            "y": -3.91
          }
        },
        {
          "team": 2,
          "pos": {
            "x": -11.34,
            "y": 1.04
          }
        }
      ]
    },
    {
      "time": 0.88,
      "players": [
        {
          "team": 1,
          "pos": {
            "x": 13.79,
            "y": -3.91
          }
        },
        {
          "team": 2,
          "pos": {
            "x": -11.34,
            "y": 1.04
          }
        }
      ]
    },
    {
      "time": 0.9,
      "players": [
        {
          "team": 1,
          "pos": {
            "x": 13.79,
            "y": -3.91
          }
        },
        {
          "team": 2,
          "pos": {
            "x": -11.34,
            "y": 1.04
          }
        }
      ]
    },
    {
      "time": 0.92,
      "players": [
        {
          "team": 1,
          "pos": {
            "x": 13.79,
            "y": -3.91
          }
        },
        {
          "team": 2,
          "pos": {
            "x": -11.34,
            "y": 1.04
          }
        }
      ]
    },
    {
      "time": 0.94,
      "players": [
        {
          "team": 1,
          "pos": {
            "x": 13.79,
            "y": -3.91
          }
        },
        {
          "team": 2,
          "pos": {
            "x": -11.34,
            "y": 1.04
          }
        }
      ]
    },
    {
      "time": 0.96,
      "players": [
        {
          "team": 1,
          "pos": {
            "x": 13.79,
            "y": -3.91
          }
        },
        {
          "team": 2,
          "pos": {
            "x": -11.34,
            "y": 1.04
          }
        }
      ]
    },
    {
      "time": 0.98,
      "players": [
        {
          "team": 1,
          "pos": {
            "x": 13.79,
            "y": -3.91
          }
        },
        {
          "team": 2,
          "pos": {
            "x": -11.34,
            "y": 1.04
          }
        }
      ]
    },
    {
      "time": 1.0,
      "players": [
        {
          "team": 1,
          "pos": {
            "x": 13.79,
            "y": -3.91
          }
        },
        {
          "team": 2,
          "pos": {
            "x": -11.34,
            "y": 1.04
          }
        }
      ]
    },
    {
      "time": 1.02,
      "players": [
        {
          "team": 1,
          "pos": {
            "x": 13.79,
            "y": -3.91
          }
        },
        {
          "team": 2,
          "pos": {
            "x": -11.34,
            "y": 1.04
          }
        }
      ]
    },
    {
      "time": 1.04,
      "players": [
        {
          "team": 1,
          "pos": {
            "x": 13.79,
            "y": -3.91
          }
        },
        {
          "team": 2,
          "pos": {
            "x": -11.34,
            "y": 1.04
          }
        }
      ]
    },
    {
      "time": 1.06,
      "players": [
        {
          "team": 1,
          "pos": {
            "x": 13.79,
            "y": -3.91
          }
        },
        {
          "team": 2,
          "pos": {
            "x": -11.34,
            "y": 1.04
          }
        }
      ]
    },
    {
      "time": 1.08,
      "players": [
        {
          "team": 1,
          "pos": {
            "x": 13.79,
            "y": -3.91
          }
        },
        {
          "team": 2,
          "pos": {
            "x": -11.34,
            "y": 1.04
          }
        }
      ]
    },
    {
      "time": 1.1,
      "players": [
        {
          "team": 1,
          "pos": {
            "x": 13.79,
            "y": -3.91
          }
        },
        {
          "team": 2,
          "pos": {
            "x": -11.34,
            "y": 1.04
          }
        }
      ]
    },
    {
      "time": 1.12,
      "players": [
        {
          "team": 1,
          "pos": {
            "x": 13.79,
            "y": -3.91
          }
        },
        {
          "team": 2,
          "pos": {
            "x": -11.34,
            "y": 1.04
          }
        }
      ]
    },
    {
      "time": 1.14,
      "players": [
        {
          "team": 1,
          "pos": {
            "x": 13.79,
            "y": -3.91
          }
        },
        {
          "team": 2,
          "pos": {
            "x": -11.34,
            "y": 1.04
          }
        }
      ]
    },
    {
      "time": 1.16,
      "players": [
        {
          "team": 1,
          "pos": {
            "x": 13.79,
            "y": -3.91
          }
        },
        {
          "team": 2,
          "pos": {
            "x": -11.34,
            "y": 1.04
          }
        }
      ]
    },
    {
      "time": 1.18,
      "players": [
        {
          "team": 1,
          "pos": {
            "x": 13.79,
            "y": -3.91
          }
        },
        {
          "team": 2,
          "pos": {
            "x": -11.34,
            "y": 1.04
          }
        }
      ]
    },
    {
      "time": 1.2,
      "players": [
        {
          "team": 1,
          "pos": {
            "x": 13.79,
            "y": -3.91
          }
        },
        {
          "team": 2,
          "pos": {
            "x": -11.34,
            "y": 1.04
          }
        }
      ]
    },
    {
      "time": 1.22,
      "players": [
        {
          "team": 1,
          "pos": {
            "x": 13.79,
            "y": -3.91
          }
        },
        {
          "team": 2,
          "pos": {
            "x": -11.34,
            "y": 1.04
          }
        }
      ]
    },
    {
      "time": 1.24,
      "players": [
        {
          "team": 1,
          "pos": {
            "x": 13.79,
            "y": -3.91
          }
        },
        {
          "team": 2,
          "pos": {
            "x": -11.34,
            "y": 1.04
          }
        }
      ]
    },
    {
      "time": 1.26,
      "players": [
        {
          "team": 1,
          "pos": {
            "x": 13.79,
            "y": -3.91
          }
        },
        {
          "team": 2,
          "pos": {
            "x": -11.34,
            "y": 1.04
          }
        }
      ]
    },
    {
      "time": 1.28,
      "players": [
        {
          "team": 1,
          "pos": {
            "x": 13.79,
            "y": -3.91
          }
        },
        {
          "team": 2,
          "pos": {
            "x": -11.34,
            "y": 1.04
          }
        }
      ]
    },
    {
      "time": 1.3,
      "players": [
        {
          "team": 1,
          "pos": {
            "x": 13.79,
            "y": -3.91
          }
        },
        {
          "team": 2,
          "pos": {
            "x": -11.34,
            "y": 1.04
          }
        }
      ]
    },
    {
      "time": 1.32,
      "players": [
        {
          "team": 1,
          "pos": {
            "x": 13.79,
            "y": -3.91
          }
        },
        {
          "team": 2,
          "pos": {
            "x": -11.34,
            "y": 1.04
          }
        }
      ]
    },
    {
      "time": 1.34,
      "players": [
        {
          "team": 1,
          "pos": {
            "x": 13.79,
            "y": -3.91
          }
        },
        {
          "team": 2,
          "pos": {
            "x": -11.34,
            "y": 1.04
          }
        }
      ]
    },
    {
      "time": 1.36,
      "players": [
        {
          "team": 1,
          "pos": {
            "x": 13.79,
            "y": -3.91
          }
        },
        {
          "team": 2,
          "pos": {
            "x": -11.34,
            "y": 1.04
          }
        }
      ]
    },
    {
      "time": 1.38,
      "players": [
        {
          "team": 1,
          "pos": {
            "x": 13.79,
            "y": -3.91
          }
        },
        {
          "team": 2,
          "pos": {
            "x": -11.34,
            "y": 1.04
          }
        }
      ]
    },
    {
      "time": 1.4,
      "players": [
        {
          "team": 1,
          "pos": {
            "x": 13.79,
            "y": -3.91
          }
        },
        {
          "team": 2,
          "pos": {
            "x": -11.34,
            "y": 1.04
          }
        }
      ]
    },
    {
      "time": 1.42,
      "players": [
        {
          "team": 1,
          "pos": {
            "x": 13.79,
            "y": -3.91
          }
        },
        {
          "team": 2,
          "pos": {
            "x": -11.34,
            "y": 1.04
          }
        }
      ]
    },
    {
      "time": 1.44,
      "players": [
        {
          "team": 1,
          "pos": {
            "x": 13.79,
            "y": -3.91
          }
        },
        {
          "team": 2,
          "pos": {
            "x": -11.34,
            "y": 1.04
          }
        }
      ]
    },
    {
      "time": 1.46,
      "players": [
        {
          "team": 1,
          "pos": {
            "x": 13.79,
            "y": -3.91
          }
        },
        {
          "team": 2,
          "pos": {
            "x": -11.34,
            "y": 1.04
          }
        }
      ]
    },
    {
      "time": 1.48,
      "players": [
        {
          "team": 1,
          "pos": {
            "x": 13.79,
            "y": -3.91
          }
        },
        {
          "team": 2,
          "pos": {
            "x": -11.34,
            "y": 1.04
          }
        }
      ]
    },
    {
      "time": 1.5,
      "players": [
        {
          "team": 1,
          "pos": {
            "x": 13.79,
            "y": -3.91
          }
        },
        {
          "team": 2,
          "pos": {
            "x": -11.34,
            "y": 1.04
          }
        }
      ]
    },
    {
      "time": 1.52,
      "players": [
        {
          "team": 1,
          "pos": {
            "x": 13.79,
            "y": -3.91
          }
        },
        {
          "team": 2,
          "pos": {
            "x": -11.34,
            "y": 1.04
          }
        }
      ]
    },
    {
      "time": 1.54,
      "players": [
        {
          "team": 1,
          "pos": {
            "x": 13.79,
            "y": -3.91
          }
        },
        {
          "team": 2,
          "pos": {
            "x": -11.34,
            "y": 1.04
          }
        }
      ]
    },
    {
      "time": 1.56,
      "players": [
        {
          "team": 1,
          "pos": {
            "x": 13.79,
            "y": -3.91
          }
        },
        {
          "team": 2,
          "pos": {
            "x": -11.34,
            "y": 1.04
          }
        }
      ]
    }
  ]
}