{
  "id": "21dbda45-3d16-4de0-9444-95e00e769ae5",
  "sequences": {
    "set": 3,
    "game": 6,
    "point": 1,
    "serve": 1,
    "rally": 1
  },
  "match": {
    "season": 2025,
    "tournament_id": 9999,
    "draw_code": "MS001",
    "court_id": 1,
    "players": [
      {
        "forename": "Andy",
        "surname": "Bernard",
        "team": 1,
        "external_id": "AB12"
      },
      {
        "forename": "Cedric",
        "surname": "Diggory",
        "team": 2,
        "external_id": "CD34"
      }
    ]
  },
  "shots": [
    {
      "shot_no": 1,
      "team": 1,
      "stroke": "serve",
      "spin": {
        "type": "backspin",
        "rpm": -2130.531
      },
      "speed_ms": 53.14,
      "call": "out",
      "distance": 0.819,
      "time_utc": "2025-01-01T12:58:43.070Z",
      "time": 0.0,
      "duration": 0.684
    },
    {
      "shot_no": 2,
      "team": 2,
      "stroke": "backhand",
      "spin": {
        "type": "nospin",
        "rpm": 0.0
      },
      "speed_ms": 31.654,
      "call": "in",
      "distance": -0.526,
      "time_utc": "2025-01-01T12:58:43.754Z",
      "time": 0.684,
      "duration": 0.579
    }
  ],
  "samples": [
    {
      "time": -1.52,
      "players": [
        {
          "team": 1,
          "pos": {
            "x": 14.93,
            "y": 4.02
          }
        },
        {
          "team": 2,
          "pos": {
            "x": -11.86,
            "y": -1.0
          }
        }
      ]
    },
    {
      "time": -1.5,
      "players": [
        {
          "team": 1,
          "pos": {
            "x": 14.92,
            "y": 4.02
          }
        },
        {
          "team": 2,
          "pos": {
            "x": -11.84,
            "y": -0.98
          }
        }
      ]
    },
    {
      "time": -1.48,
      "players": [
        {
          "team": 1,
          "pos": {
            "x": 14.88,
            "y": 4.02
          }
        },
        {
          "team": 2,
          "pos": {
            "x": -11.83,
            "y": -0.97
          }
        }
      ]
    },
    {
      "time": -1.46,
      "players": [
        {
          "team": 1,
          "pos": {
            "x": 14.83,
            "y": 4.02
          }
        },
        {
          "team": 2,
          "pos": {
            "x": -11.85,
            "y": -0.96
          }
        }
      ]
    },
    {
      "time": -1.44,
      "players": [
        {
          "team": 1,
          "pos": {
            "x": 14.8,
            "y": 4.01
          }
        },
        {
          "team": 2,
          "pos": {
            "x": -11.85,
            "y": -0.94
          }
        }
      ]
    },
    {
      "time": -1.42,
      "players": [
        {
          "team": 1,
          "pos": {
            "x": 14.74,
            "y": 4.01
          }
        },
        {
          "team": 2,
          "pos": {
            "x": -11.88,
            "y": -0.93
          }
        }
      ]
    },
    {
      "time": -1.4,
      "players": [
        {
          "team": 1,
          "pos": {
            "x": 14.72,
            "y": 4.0
          }
        },
        {
          "team": 2,
          "pos": {
            "x": -11.89,
            "y": -0.92
          }
        }
      ]
    },
    {
      "time": -1.38,
      "players": [
        {
          "team": 1,
          "pos": {
            "x": 14.7,
            "y": 4.0
          }
        },
        {
          "team": 2,
          "pos": {
            "x": -11.89,
            "y": -0.93
          }
        }
      ]
    },
    {
      "time": -1.36,
      "players": [
        {
          "team": 1,
          "pos": {
            "x": 14.69,
            "y": 3.99
          }
        },
        {
          "team": 2,
          "pos": {
            "x": -11.87,
            "y": -0.91
          }
        }
      ]
    },
    {
      "time": -1.34,
      "players": [
        {
          "team": 1,
          "pos": {
            "x": 14.68,
            "y": 3.99
          }
        },
        {
          "team": 2,
          "pos": {
            "x": -11.88,
            "y": -0.91
          }
        }
      ]
    },
    {
      "time": -1.32,
      "players": [
        {
          "team": 1,
          "pos": {
            "x": 14.69,
            "y": 3.99
          }
        },
        {
          "team": 2,
          "pos": {
            "x": -11.88,
            "y": -0.92
          }
        }
      ]
    },
    {
      "time": -1.3,
      "players": [
        {
          "team": 1,
          "pos": {
            "x": 14.69,
            "y": 3.99
          }
        },
        {
          "team": 2,
          "pos": {
            "x": -11.87,
            "y": -0.95
          }
        }
      ]
    },
    {
      "time": -1.28,
      "players": [
        {
          "team": 1,
          "pos": {
            "x": 14.71,
            "y": 3.99
          }
        },
        {
          "team": 2,
          "pos": {
            "x": -11.89,
            "y": -0.93
          }
        }
      ]
    },
    {
      "time": -1.26,
      "players": [
        {
          "team": 1,
          "pos": {
            "x": 14.72,
            "y": 3.98
          }
        },
        {
          "team": 2,
          "pos": {
            "x": -11.9,
            "y": -0.97
          }
        }
      ]
    },
    {
      "time": -1.24,
      "players": [
        {
          "team": 1,
          "pos": {
            "x": 14.72,
            "y": 3.98
          }
        },
        {
          "team": 2,
          "pos": {
            "x": -11.91,
            "y": -0.95
          }
        }
      ]
    },
    {
      "time": -1.229,
      "ball": {
        "pos": {
          "x": -11.979,
          "y": -1.143,
          "z": 0.56
        }
      },
      "players": [
        {
          "team": 1,
          "pos": {
            "x": 14.69,
            "y": 3.98
          }
        },
        {
          "team": 2,
          "pos": {
            "x": -11.93,
            "y": -0.91
          }
        }
      ]
    },
    {
      "time": -1.22,
      "ball": {
        "pos": {
          "x": -11.967,
          "y": -1.163,
          "z": 0.6
        }
      },
      "players": [
        {
          "team": 1,
          "pos": {
            "x": 14.71,
            "y": 3.97
          }
        },
        {
          "team": 2,
          "pos": {
            "x": -11.93,
            "y": -0.91
          }
        }
      ]
    },
    {
      "time": -1.2,
      "ball": {
        "pos": {
          "x": -11.942,
          "y": -1.207,
          "z": 0.692
        }
      },
      "players": [
        {
          "team": 1,
          "pos": {
            "x": 14.7,
            "y": 3.97
          }
        },
        {
          "team": 2,
          "pos": {
            "x": -11.95,
            "y": -0.86
          }
        }
      ]
    },
    {
      "time": -1.18,
      "ball": {
        "pos": {
          "x": -11.917,
          "y": -1.248,
          "z": 0.783
        }
      },
      "players": [
        {
          "team": 1,
          "pos": {
            "x": 14.69,
            "y": 3.98
          }
        },
        {
          "team": 2,
          "pos": {
            "x": -11.98,
            "y": -0.86
          }
        }
      ]
    },
    {
      "time": -1.16,
      "ball": {
        "pos": {
          "x": -11.893,
          "y": -1.285,
          "z": 0.875
        }
      },
      "players": [
        {
          "team": 1,
          "pos": {
            "x": 14.67,
            "y": 3.99
          }
        },
        {
          "team": 2,
          "pos": {
            "x": -12.01,
            "y": -0.91
          }
        }
      ]
    },
    {
      "time": -1.14,
      "ball": {
        "pos": {
          "x": -11.87,
          "y": -1.32,
          "z": 0.966
        }
      },
      "players": [
        {
          "team": 1,
          "pos": {
            "x": 14.65,
            "y": 4.01
          }
        },
        {
          "team": 2,
          "pos": {
            "x": -12.02,
            "y": -0.95
          }
        }
      ]
    },
    {
      "time": -1.12,
      "ball": {
        "pos": {
          "x": -11.848,
          "y": -1.351,
          "z": 1.057
        }
      },
      "players": [
        {
          "team": 1,
          "pos": {
            "x": 14.64,
            "y": 4.0
          }
        },
        {
          "team": 2,
          "pos": {
            "x": -12.05,
            "y": -1.0
          }
        }
      ]
    },
    {
      "time": -1.1,
      "ball": {
        "pos": {
          "x": -11.828,
          "y": -1.38,
          "z": 1.147
        }
      },
      "players": [
        {
          "team": 1,
          "pos": {
            "x": 14.6,
            "y": 4.01
          }
        },
        {
          "team": 2,
          "pos": {
            "x": -12.08,
            "y": -1.04
          }
        }
      ]
    },
    {
      "time": -1.08,
      "ball": {
        "pos": {
          "x": -11.808,
          "y": -1.406,
          "z": 1.237
        }
      },
      "players": [
        {
          "team": 1,
          "pos": {
            "x": 14.54,
            "y": 4.04
          }
        },
        {
          "team": 2,
          "pos": {
            "x": -12.12,
            "y": -1.1
          }
        }
      ]
    },
    {
      "time": -1.06,
      "ball": {
        "pos": {
          "x": -11.789,
          "y": -1.43,
          "z": 1.326
        }
      },
      "players": [
        {
          "team": 1,
          "pos": {
            "x": 14.52,
            "y": 4.02
          }
        },
        {
          "team": 2,
          "pos": {
            "x": -12.14,
            "y": -1.1
          }
        }
      ]
    },
    {
      "time": -1.04,
      "ball": {
        "pos": {
          "x": -11.771,
          "y": -1.45,
          "z": 1.415
        }
      },
      "players": [
        {
          "team": 1,
          "pos": {
            "x": 14.5,
            "y": 4.01
          }
        },
        {
          "team": 2,
          "pos": {
            "x": -12.14,
            "y": -1.12
          }
        }
      ]
    },
    {
      "time": -1.02,
      "ball": {
        "pos": {
          "x": -11.754,
          "y": -1.469,
          "z": 1.502
        }
      },
      "players": [
        {
          "team": 1,
          "pos": {
            "x": 14.51,
            "y": 4.01
          }
        },
        {
          "team": 2,
          "pos": {
            "x": -12.09,
            "y": -1.11
          }
        }
      ]
    },
    {
      "time": -1.0,
      "ball": {
        "pos": {
          "x": -11.738,
          "y": -1.484,
          "z": 1.589
        }
      },
      "players": [
        {
          "team": 1,
          "pos": {
            "x": 14.41,
            "y": 3.99
          }
        },
        {
          "team": 2,
          "pos": {
            "x": -12.08,
            "y": -1.11
          }
        }
      ]
    },
    {
      "time": -0.98,
      "ball": {
        "pos": {
          "x": -11.723,
          "y": -1.498,
          "z": 1.675
        }
      },
      "players": [
        {
          "team": 1,
          "pos": {
            "x": 14.45,
            "y": 3.98
          }
        },
        {
          "team": 2,
          "pos": {
            "x": -12.08,
            "y": -1.1
          }
        }
      ]
    },
    {
      "time": -0.96,
      "ball": {
        "pos": {
          "x": -11.708,
          "y": -1.509,
          "z": 1.76
        }
      },
      "players": [
        {
          "team": 1,
          "pos": {
            "x": 14.45,
            "y": 3.99
          }
        },
        {
          "team": 2,
          "pos": {
            "x": -12.03,
            "y": -1.12
          }
        }
      ]
    },
    {
      "time": -0.94,
      "ball": {
        "pos": {
          "x": -11.695,
          "y": -1.517,
          "z": 1.843
        }
      },
      "players": [
        {
          "team": 1,
          "pos": {
            "x": 14.46,
            "y": 3.96
          }
        },
        {
          "team": 2,
          "pos": {
            "x": -11.97,
            "y": -1.15
          }
        }
      ]
    },
    {
      "time": -0.92,
      "ball": {
        "pos": {
          "x": -11.682,
          "y": -1.524,
          "z": 1.925
        }
      },
      "players": [
        {
          "team": 1,
          "pos": {
            "x": 14.45,
            "y": 3.95
          }
        },
        {
          "team": 2,
          "pos": {
            "x": -11.95,
            "y": -1.08
          }
        }
      ]
    },
    {
      "time": -0.9,
      "ball": {
        "pos": {
          "x": -11.67,
          "y": -1.528,
          "z": 2.006
        }
      },
      "players": [
        {
          "team": 1,
          "pos": {
            "x": 14.45,
            "y": 3.95
          }
        },
        {
          "team": 2,
          "pos": {
            "x": -11.96,
            "y": -1.06
          }
        }
      ]
    },
    {
      "time": -0.88,
      "ball": {
        "pos": {
          "x": -11.658,
          "y": -1.531,
          "z": 2.086
        }
      },
      "players": [
        {
          "team": 1,
          "pos": {
            "x": 14.46,
            "y": 3.94
          }
        },
        {
          "team": 2,
          "pos": {
            "x": -12.01,
            "y": -1.11
          }
        }
      ]
    },
    {
      "time": -0.86,
      "ball": {
        "pos": {
          "x": -11.648,
          "y": -1.531,
          "z": 2.164
        }
      },
      "players": [
        {
          "team": 1,
          "pos": {
            "x": 14.45,
            "y": 3.92
          }
        },
        {
          "team": 2,
          "pos": {
            "x": -12.07,
            "y": -1.16
          }
        }
      ]
    },
    {
      "time": -0.84,
      "ball": {
        "pos": {
          "x": -11.638,
          "y": -1.53,
          "z": 2.24
        }
      },
      "players": [
        {
          "team": 1,
          "pos": {
            "x": 14.46,
            "y": 3.91
          }
        },
        {
          "team": 2,
          "pos": {
            "x": -12.11,
            "y": -1.21
          }
        }
      ]
    },
    {
      "time": -0.82,
      "ball": {
        "pos": {
          "x": -11.629,
          "y": -1.527,
          "z": 2.315
        }
      },
      "players": [
        {
          "team": 1,
          "pos": {
            "x": 14.48,
            "y": 3.91
          }
        },
        {
          "team": 2,
          "pos": {
            "x": -12.13,
            "y": -1.25
          }
        }
      ]
    },
    {
      "time": -0.8,
      "ball": {
        "pos": {
          "x": -11.62,
          "y": -1.522,
          "z": 2.387
        }
      },
      "players": [
        {
          "team": 1,
          "pos": {
            "x": 14.51,
            "y": 3.91
          }
        },
        {
          "team": 2,
          "pos": {
            "x": -12.15,
            "y": -1.29
          }
        }
      ]
    },
    {
      "time": -0.78,
      "ball": {
        "pos": {
          "x": -11.612,
          "y": -1.515,
          "z": 2.458
        }
      },
      "players": [
        {
          "team": 1,
          "pos": {
            "x": 14.52,
            "y": 3.92
          }
        },
        {
          "team": 2,
          "pos": {
            "x": -12.17,
            "y": -1.33
          }
        }
      ]
    },
    {
      "time": -0.76,
      "ball": {
        "pos": {
          "x": -11.605,
          "y": -1.507,
          "z": 2.527
        }
      },
      "players": [
        {
          "team": 1,
          "pos": {
            "x": 14.49,
            "y": 3.92
          }
        },
        {
          "team": 2,
          "pos": {
            "x": -12.19,
            "y": -1.36
          }
        }
      ]
    },
    {
      "time": -0.74,
      "ball": {
        "pos": {
          "x": -11.598,
          "y": -1.497,
          "z": 2.594
        }
      },
      "players": [
        {
          "team": 1,
          "pos": {
            "x": 14.49,
            "y": 3.91
          }
        },
        {
          "team": 2,
          "pos": {
            "x": -12.19,
            "y": -1.39
          }
        }
      ]
    },
    {
      "time": -0.72,
      "ball": {
        "pos": {
          "x": -11.591,
          "y": -1.486,
          "z": 2.659
        }
      },
      "players": [
        {
          "team": 1,
          "pos": {
            "x": 14.52,
            "y": 3.91
          }
        },
        {
          "team": 2,
          "pos": {
            "x": -12.22,
            "y": -1.43
          }
        }
      ]
    },
    {
      "time": -0.7,
      "ball": {
        "pos": {
          "x": -11.586,
          "y": -1.473,
          "z": 2.721
        }
      },
      "players": [
        {
          "team": 1,
          "pos": {
            "x": 14.51,
            "y": 3.9
          }
        },
        {
          "team": 2,
          "pos": {
            "x": -12.3,
            "y": -1.41
          }
        }
      ]
    },
    {
      "time": -0.68,
      "ball": {
        "pos": {
          "x": -11.58,
          "y": -1.459,
          "z": 2.782
        }
      },
      "players": [
        {
          "team": 1,
          "pos": {
            "x": 14.53,
            "y": 3.92
          }
        },
        {
          "team": 2,
          "pos": {
            "x": -12.32,
            "y": -1.43
          }
        }
      ]
    },
    {
      "time": -0.66,
      "ball": {
        "pos": {
          "x": -11.576,
          "y": -1.444,
          "z": 2.839
        }
      },
      "players": [
        {
          "team": 1,
          "pos": {
            "x": 14.52,
            "y": 3.91
          }
        },
        {
          "team": 2,
          "pos": {
            "x": -12.35,
            "y": -1.46
          }
        }
      ]
    },
    {
      "time": -0.64,
      "ball": {
        "pos": {
          "x": -11.571,
          "y": -1.427,
          "z": 2.895
        }
      },
      "players": [
        {
          "team": 1,
          "pos": {
            "x": 14.53,
            "y": 3.91
          }
        },
        {
          "team": 2,
          "pos": {
            "x": -12.38,
            "y": -1.46
          }
        }
      ]
    },
    {
      "time": -0.62,
      "ball": {
        "pos": {
          "x": -11.567,
          "y": -1.41,
          "z": 2.947
        }
      },
      "players": [
        {
          "team": 1,
          "pos": {
            "x": 14.61,
            "y": 3.92
          }
        },
        {
          "team": 2,
          "pos": {
            "x": -12.42,
            "y": -1.48
          }
        }
      ]
    },
    {
      "time": -0.6,
      "ball": {
        "pos": {
          "x": -11.564,
          "y": -1.391,
          "z": 2.997
        }
      },
      "players": [
        {
          "team": 1,
          "pos": {
            "x": 14.62,
            "y": 3.93
          }
        },
        {
          "team": 2,
          "pos": {
            "x": -12.45,
            "y": -1.48
          }
        }
      ]
    },
    {
      "time": -0.58,
      "ball": {
        "pos": {
          "x": -11.561,
          "y": -1.371,
          "z": 3.044
        }
      },
      "players": [
        {
          "team": 1,
          "pos": {
            "x": 14.63,
            "y": 3.97
          }
        },
        {
          "team": 2,
          "pos": {
            "x": -12.47,
            "y": -1.49
          }
        }
      ]
    },
    {
      "time": -0.56,
      "ball": {
        "pos": {
          "x": -11.558,
          "y": -1.351,
          "z": 3.089
        }
      },
      "players": [
        {
          "team": 1,
          "pos": {
            "x": 14.63,
            "y": 4.01
          }
        },
        {
          "team": 2,
          "pos": {
            "x": -12.48,
            "y": -1.5
          }
        }
      ]
    },
    {
      "time": -0.54,
      "ball": {
        "pos": {
          "x": -11.555,
          "y": -1.33,
          "z": 3.13
        }
      },
      "players": [
        {
          "team": 1,
          "pos": {
            "x": 14.61,
            "y": 3.99
          }
        },
        {
          "team": 2,
          "pos": {
            "x": -12.48,
            "y": -1.51
          }
        }
      ]
    },
    {
      "time": -0.52,
      "ball": {
        "pos": {
          "x": -11.553,
          "y": -1.308,
          "z": 3.168
        }
      },
      "players": [
        {
          "team": 1,
          "pos": {
            "x": 14.6,
            "y": 3.99
          }
        },
        {
          "team": 2,
          "pos": {
            "x": -12.49,
            "y": -1.52
          }
        }
      ]
    },
    {
      "time": -0.5,
      "ball": {
        "pos": {
          "x": -11.552,
          "y": -1.285,
          "z": 3.204
        }
      },
      "players": [
        {
          "team": 1,
          "pos": {
            "x": 14.6,
            "y": 3.98
          }
        },
        {
          "team": 2,
          "pos": {
            "x": -12.5,
            "y": -1.52
          }
        }
      ]
    },
    {
      "time": -0.48,
      "ball": {
        "pos": {
          "x": -11.55,
          "y": -1.262,
          "z": 3.235
        }
      },
      "players": [
        {
          "team": 1,
          "pos": {
            "x": 14.6,
            "y": 4.0
          }
        },
        {
          "team": 2,
          "pos": {
            "x": -12.51,
            "y": -1.53
          }
        }
      ]
    },
    {
      "time": -0.46,
      "ball": {
        "pos": {
          "x": -11.549,
          "y": -1.238,
          "z": 3.264
        }
      },
      "players": [
        {
          "team": 1,
          "pos": {
            "x": 14.58,
            "y": 4.0
          }
        },
        {
          "team": 2,
          "pos": {
            "x": -12.52,
            "y": -1.53
          }
        }
      ]
    },
    {
      "time": -0.44,
      "ball": {
        "pos": {
          "x": -11.548,
          "y": -1.214,
          "z": 3.289
        }
      },
      "players": [
        {
          "team": 1,
          "pos": {
            "x": 14.57,
            "y": 3.99
          }
        },
        {
          "team": 2,
          "pos": {
            "x": -12.53,
            "y": -1.51
          }
        }
      ]
    },
    {
      "time": -0.42,
      "ball": {
        "pos": {
          "x": -11.547,
          "y": -1.189,
          "z": 3.311
        }
      },
      "players": [
        {
          "team": 1,
          "pos": {
            "x": 14.54,
            "y": 4.02
          }
        },
        {
          "team": 2,
          "pos": {
            "x": -12.54,
            "y": -1.5
          }
        }
      ]
    },
    {
      "time": -0.4,
      "ball": {
        "pos": {
          "x": -11.546,
          "y": -1.164,
          "z": 3.329
        }
      },
      "players": [
        {
          "team": 1,
          "pos": {
            "x": 14.52,
            "y": 4.06
          }
        },
        {
          "team": 2,
          "pos": {
            "x": -12.56,
            "y": -1.47
          }
        }
      ]
    },
    {
      "time": -0.38,
      "ball": {
        "pos": {
          "x": -11.545,
          "y": -1.139,
          "z": 3.344
        }
      },
      "players": [
        {
          "team": 1,
          "pos": {
            "x": 14.51,
            "y": 4.06
          }
        },
        {
          "team": 2,
          "pos": {
            "x": -12.56,
            "y": -1.46
          }
        }
      ]
    },
    {
      "time": -0.36,
      "ball": {
        "pos": {
          "x": -11.545,
          "y": -1.114,
          "z": 3.355
        }
      },
      "players": [
        {
          "team": 1,
          "pos": {
            "x": 14.45,
            "y": 4.11
          }
        },
        {
          "team": 2,
          "pos": {
            "x": -12.56,
            "y": -1.47
          }
        }
      ]
    },
    {
      "time": -0.34,
      "ball": {
        "pos": {
          "x": -11.545,
          "y": -1.088,
          "z": 3.361
        }
      },
      "players": [
        {
          "team": 1,
          "pos": {
            "x": 14.45,
            "y": 4.11
          }
        },
        {
          "team": 2,
          "pos": {
            "x": -12.55,
            "y": -1.49
          }
        }
      ]
    },
    {
      "time": -0.32,
      "ball": {
        "pos": {
          "x": -11.544,
          "y": -1.063,
          "z": 3.364
        }
      },
      "players": [
        {
          "team": 1,
          "pos": {
            "x": 14.42,
            "y": 4.14
          }
        },
        {
          "team": 2,
          "pos": {
            "x": -12.54,
            "y": -1.41
          }
        }
      ]
    },
    {
      "time": -0.315,
      "ball": {
        "pos": {
          "x": -11.544,
          "y": -1.056,
          "z": 3.365
        }
      },
      "players": [
        {
          "team": 1,
          "pos": {
            "x": 14.39,
            "y": 4.12
          }
        },
        {
          "team": 2,
          "pos": {
            "x": -12.54,
            "y": -1.36
          }
        }
      ]
    },
    {
      "time": -0.3,
      "ball": {
        "pos": {
          "x": -11.544,
          "y": -1.037,
          "z": 3.363
        }
      },
      "players": [
        {
          "team": 1,
          "pos": {
            "x": 14.37,
            "y": 4.16
          }
        },
        {
          "team": 2,
          "pos": {
            "x": -12.53,
            "y": -1.34
          }
        }
      ]
    },
    {
      "time": -0.28,
      "ball": {
        "pos": {
          "x": -11.544,
          "y": -1.012,
          "z": 3.358
        }
      },
      "players": [
        {
          "team": 1,
          "pos": {
            "x": 14.38,
            "y": 4.15
          }
        },
        {
          "team": 2,
          "pos": {
            "x": -12.51,
            "y": -1.32
          }
        }
      ]
    },
    {
      "time": -0.26,
      "ball": {
        "pos": {
          "x": -11.544,
          "y": -0.987,
          "z": 3.349
        }
      },
      "players": [
        {
          "team": 1,
          "pos": {
            "x": 14.39,
            "y": 4.12
          }
        },
        {
          "team": 2,
          "pos": {
            "x": -12.5,
            "y": -1.24
          }
        }
      ]
    },
    {
      "time": -0.24,
      "ball": {
        "pos": {
          "x": -11.544,
          "y": -0.962,
          "z": 3.335
        }
      },
      "players": [
        {
          "team": 1,
          "pos": {
            "x": 14.4,
            "y": 4.1
          }
        },
        {
          "team": 2,
          "pos": {
            "x": -12.48,
            "y": -1.23
          }
        }
      ]
    },
    {
      "time": -0.22,
      "ball": {
        "pos": {
          "x": -11.543,
          "y": -0.937,
          "z": 3.317
        }
      },
      "players": [
        {
          "team": 1,
          "pos": {
            "x": 14.41,
            "y": 4.08
          }
        },
        {
          "team": 2,
          "pos": {
            "x": -12.46,
            "y": -1.16
          }
        }
      ]
    },
    {
      "time": -0.2,
      "ball": {
        "pos": {
          "x": -11.543,
          "y": -0.913,
          "z": 3.295
        }
      },
      "players": [
        {
          "team": 1,
          "pos": {
            "x": 14.38,
            "y": 4.04
          }
        },
        {
          "team": 2,
          "pos": {
            "x": -12.46,
            "y": -1.1
          }
        }
      ]
    },
    {
      "time": -0.18,
      "ball": {
        "pos": {
          "x": -11.543,
          "y": -0.889,
          "z": 3.268
        }
      },
      "players": [
        {
          "team": 1,
          "pos": {
            "x": 14.38,
            "y": 4.01
          }
        },
        {
          "team": 2,
          "pos": {
            "x": -12.45,
            "y": -1.05
          }
        }
      ]
    },
    {
      "time": -0.16,
      "ball": {
        "pos": {
          "x": -11.542,
          "y": -0.866,
          "z": 3.236
        }
      },
      "players": [
        {
          "team": 1,
          "pos": {
            "x": 14.34,
            "y": 3.99
          }
        },
        {
          "team": 2,
          "pos": {
            "x": -12.4,
            "y": -1.05
          }
        }
      ]
    },
    {
      "time": -0.14,
      "ball": {
        "pos": {
          "x": -11.542,
          "y": -0.844,
          "z": 3.199
        }
      },
      "players": [
        {
          "team": 1,
          "pos": {
            "x": 14.29,
            "y": 3.96
          }
        },
        {
          "team": 2,
          "pos": {
            "x": -12.35,
            "y": -1.0
          }
        }
      ]
    },
    {
      "time": -0.12,
      "ball": {
        "pos": {
          "x": -11.541,
          "y": -0.822,
          "z": 3.158
        }
      },
      "players": [
        {
          "team": 1,
          "pos": {
            "x": 14.28,
            "y": 3.94
          }
        },
        {
          "team": 2,
          "pos": {
            "x": -12.24,
            "y": -0.93
          }
        }
      ]
    },
    {
      "time": -0.1,
      "ball": {
        "pos": {
          "x": -11.54,
          "y": -0.801,
          "z": 3.112
        }
      },
      "players": [
        {
          "team": 1,
          "pos": {
            "x": 14.25,
            "y": 3.93
          }
        },
        {
          "team": 2,
          "pos": {
            "x": -12.12,
            "y": -0.88
          }
        }
      ]
    },
    {
      "time": -0.08,
      "ball": {
        "pos": {
          "x": -11.539,
          "y": -0.78,
          "z": 3.061
        }
      },
      "players": [
        {
          "team": 1,
          "pos": {
            "x": 14.2,
            "y": 3.89
          }
        },
        {
          "team": 2,
          "pos": {
            "x": -12.03,
            "y": -0.83
          }
        }
      ]
    },
    {
      "time": -0.06,
      "ball": {
        "pos": {
          "x": -11.538,
          "y": -0.761,
          "z": 3.004
        }
      },
      "players": [
        {
          "team": 1,
          "pos": {
            "x": 14.16,
            "y": 3.89
          }
        },
        {
          "team": 2,
          "pos": {
            "x": -11.9,
            "y": -0.81
          }
        }
      ]
    },
    {
      "time": -0.04,
      "ball": {
        "pos": {
          "x": -11.536,
          "y": -0.743,
          "z": 2.943
        }
      },
      "players": [
        {
          "team": 1,
          "pos": {
            "x": 14.1,
            "y": 3.88
          }
        },
        {
          "team": 2,
          "pos": {
            "x": -11.77,
            "y": -0.79
          }
        }
      ]
    },
    {
      "time": -0.02,
      "ball": {
        "pos": {
          "x": -11.534,
          "y": -0.725,
          "z": 2.876
        }
      },
      "players": [
        {
          "team": 1,
          "pos": {
            "x": 14.03,
            "y": 3.83
          }
        },
        {
          "team": 2,
          "pos": {
            "x": -11.64,
            "y": -0.79
          }
        }
      ]
    },
    {
      "time": 0.0,
      "event": "hit",
      "ball": {
        "pos": {
          "x": -11.532,
          "y": -0.709,
          "z": 2.804
        }
      },
      "players": [
        {
          "team": 1,
          "pos": {
            "x": 13.97,
            "y": 3.85
          }
        },
        {
          "team": 2,
          "pos": {
            "x": -11.5,
            "y": -0.78
          }
        }
      ]
    },
    {
      "time": 0.02,
      "ball": {
        "pos": {
          "x": -10.497,
          "y": -0.545,
          "z": 2.713
        }
      },
      "players": [
        {
          "team": 1,
          "pos": {
            "x": 13.89,
            "y": 3.88
          }
        },
        {
          "team": 2,
          "pos": {
            "x": -11.38,
            "y": -0.81
          }
        }
      ]
    },
    {
      "time": 0.04,
      "ball": {
        "pos": {
          "x": -9.485,
          "y": -0.38,
          "z": 2.62
        }
      },
      "players": [
        {
          "team": 1,
          "pos": {
            "x": 13.81,
            "y": 3.89
          }
        },
        {
          "team": 2,
          "pos": {
            "x": -11.33,
            "y": -0.88
          }
        }
      ]
    },
    {
      "time": 0.06,
      "ball": {
        "pos": {
          "x": -8.494,
          "y": -0.214,
          "z": 2.523
        }
      },
      "players": [
        {
          "team": 1,
          "pos": {
            "x": 13.74,
            "y": 3.89
          }
        },
        {
          "team": 2,
          "pos": {
            "x": -11.23,
            "y": -0.9
          }
        }
      ]
    },
    {
      "time": 0.08,
      "ball": {
        "pos": {
          "x": -7.524,
          "y": -0.048,
          "z": 2.422
        }
      },
      "players": [
        {
          "team": 1,
          "pos": {
            "x": 13.7,
            "y": 3.9
          }
        },
        {
          "team": 2,
          "pos": {
            "x": -11.17,
            "y": -0.92
          }
        }
      ]
    },
    {
      "time": 0.1,
      "ball": {
        "pos": {
          "x": -6.575,
          "y": 0.117,
          "z": 2.319
        }
      },
      "players": [
        {
          "team": 1,
          "pos": {
            "x": 13.68,
            "y": 3.9
          }
        },
        {
          "team": 2,
          "pos": {
            "x": -11.14,
            "y": -0.94
          }
        }
      ]
    },
    {
      "time": 0.12,
      "ball": {
        "pos": {
          "x": -5.645,
          "y": 0.284,
          "z": 2.212
        }
      },
      "players": [
        {
          "team": 1,
          "pos": {
            "x": 13.67,
            "y": 3.88
          }
        },
        {
          "team": 2,
          "pos": {
            "x": -11.12,
            "y": -0.96
          }
        }
      ]
    },
    {
      "time": 0.14,
      "ball": {
        "pos": {
          "x": -4.735,
          "y": 0.45,
          "z": 2.102
        }
      },
      "players": [
        {
          "team": 1,
          "pos": {
            "x": 13.64,
            "y": 3.86
          }
        },
        {
          "team": 2,
          "pos": {
            "x": -11.13,
            "y": -0.99
          }
        }
      ]
    },
    {
      "time": 0.16,
      "ball": {
        "pos": {
          "x": -3.843,
          "y": 0.616,
          "z": 1.989
        }
      },
      "players": [
        {
          "team": 1,
          "pos": {
            "x": 13.59,
            "y": 3.83
          }
        },
        {
          "team": 2,
          "pos": {
            "x": -11.12,
            "y": -1.01
          }
        }
      ]
    },
    {
      "time": 0.18,
      "ball": {
        "pos": {
          "x": -2.969,
          "y": 0.782,
          "z": 1.872
        }
      },
      "players": [
        {
          "team": 1,
          "pos": {
            "x": 13.59,
            "y": 3.83
          }
        },
        {
          "team": 2,
          "pos": {
            "x": -11.11,
            "y": -1.01
          }
        }
      ]
    },
    {
      "time": 0.2,
      "ball": {
        "pos": {
          "x": -2.111,
          "y": 0.949,
          "z": 1.752
        }
      },
      "players": [
        {
          "team": 1,
          "pos": {
            "x": 13.6,
            "y": 3.83
          }
        },
        {
          "team": 2,
          "pos": {
            "x": -11.11,
            "y": -1.04
          }
        }
      ]
    },
    {
      "time": 0.22,
      "ball": {
        "pos": {
          "x": -1.271,
          "y": 1.115,
          "z": 1.63
        }
      },
      "players": [
        {
          "team": 1,
          "pos": {
            "x": 13.62,
            "y": 3.81
          }
        },
        {
          "team": 2,
          "pos": {
            "x": -11.12,
            "y": -1.07
          }
        }
      ]
    },
    {
      "time": 0.24,
      "ball": {
        "pos": {
          "x": -0.446,
          "y": 1.281,
          "z": 1.504
        }
      },
      "players": [
        {
          "team": 1,
          "pos": {
            "x": 13.65,
            "y": 3.8
          }
        },
        {
          "team": 2,
          "pos": {
            "x": -11.13,
            "y": -1.09
          }
        }
      ]
    },
    {
      "time": 0.251,
      "ball": {
        "pos": {
          "x": 0.0,
          "y": 1.372,
          "z": 1.433
        }
      },
      "players": [
        {
          "team": 1,
          "pos": {
            "x": 13.57,
            "y": 3.73
          }
        },
        {
          "team": 2,
          "pos": {
            "x": -11.11,
            "y": -1.08
          }
        }
      ]
    },
    {
      "time": 0.26,
      "ball": {
        "pos": {
          "x": 0.364,
          "y": 1.446,
          "z": 1.374
        }
      },
      "players": [
        {
          "team": 1,
          "pos": {
            "x": 13.66,
            "y": 3.79
          }
        },
        {
          "team": 2,
          "pos": {
            "x": -11.12,
            "y": -1.08
          }
        }
      ]
    },
    {
      "time": 0.28,
      "ball": {
        "pos": {
          "x": 1.159,
          "y": 1.612,
          "z": 1.242
        }
      },
      "players": [
        {
          "team": 1,
          "pos": {
            "x": 13.66,
            "y": 3.77
          }
        },
        {
          "team": 2,
          "pos": {
            "x": -11.14,
            "y": -1.1
          }
        }
      ]
    },
    {
      "time": 0.3,
      "ball": {
        "pos": {
          "x": 1.941,
          "y": 1.777,
          "z": 1.106
        }
      },
      "players": [
        {
          "team": 1,
          "pos": {
            "x": 13.59,
            "y": 3.73
          }
        },
        {
          "team": 2,
          "pos": {
            "x": -11.21,
            "y": -1.04
          }
        }
      ]
    },
    {
      "time": 0.32,
      "ball": {
        "pos": {
          "x": 2.709,
          "y": 1.941,
          "z": 0.968
        }
      },
      "players": [
        {
          "team": 1,
          "pos": {
            "x": 13.55,
            "y": 3.73
          }
        },
        {
          "team": 2,
          "pos": {
            "x": -11.29,
            "y": -1.02
          }
        }
      ]
    },
    {
      "time": 0.34,
      "ball": {
        "pos": {
          "x": 3.465,
          "y": 2.105,
          "z": 0.826
        }
      },
      "players": [
        {
          "team": 1,
          "pos": {
            "x": 13.57,
            "y": 3.72
          }
        },
        {
          "team": 2,
          "pos": {
            "x": -11.29,
            "y": -1.02
          }
        }
      ]
    },
    {
      "time": 0.36,
      "ball": {
        "pos": {
          "x": 4.209,
          "y": 2.268,
          "z": 0.681
        }
      },
      "players": [
        {
          "team": 1,
          "pos": {
            "x": 13.6,
            "y": 3.71
          }
        },
        {
          "team": 2,
          "pos": {
            "x": -11.31,
            "y": -1.03
          }
        }
      ]
    },
    {
      "time": 0.38,
      "ball": {
        "pos": {
          "x": 4.942,
          "y": 2.431,
          "z": 0.533
        }
      },
      "players": [
        {
          "team": 1,
          "pos": {
            "x": 13.6,
            "y": 3.7
          }
        },
        {
          "team": 2,
          "pos": {
            "x": -11.32,
            "y": -1.02
          }
        }
      ]
    },
    {
      "time": 0.4,
      "ball": {
        "pos": {
          "x": 5.664,
          "y": 2.593,
          "z": 0.382
        }
      },
      "players": [
        {
          "team": 1,
          "pos": {
            "x": 13.61,
            "y": 3.71
          }
        },
        {
          "team": 2,
          "pos": {
            "x": -11.35,
            "y": -1.01
          }
        }
      ]
    },
    {
      "time": 0.42,
      "ball": {
        "pos": {
          "x": 6.376,
          "y": 2.754,
          "z": 0.227
        }
      },
      "players": [
        {
          "team": 1,
          "pos": {
            "x": 13.65,
            "y": 3.71
          }
        },
        {
          "team": 2,
          "pos": {
            "x": -11.37,
            "y": -1.01
          }
        }
      ]
    },
    {
      "time": 0.44,
      "ball": {
        "pos": {
          "x": 7.079,
          "y": 2.915,
          "z": 0.07
        }
      },
      "players": [
        {
          "team": 1,
          "pos": {
            "x": 13.68,
            "y": 3.7
          }
        },
        {
          "team": 2,
          "pos": {
            "x": -11.4,
            "y": -1.0
          }
        }
      ]
    },
    {
      "time": 0.444,
      "event": "bounce",
      "ball": {
        "pos": {
          "x": 7.219,
          "y": 2.947,
          "z": 0.038
        }
      },
      "players": [
        {
          "team": 1,
          "pos": {
            "x": 13.77,
            "y": 3.69
          }
        },
        {
          "team": 2,
          "pos": {
            "x": -11.43,
            "y": -0.96
          }
        }
      ]
    },
    {
      "time": 0.46,
      "ball": {
        "pos": {
          "x": 7.663,
          "y": 3.049,
          "z": 0.105
        }
      },
      "players": [
        {
          "team": 1,
          "pos": {
            "x": 13.71,
            "y": 3.7
          }
        },
        {
          "team": 2,
          "pos": {
            "x": -11.43,
            "y": -0.95
          }
        }
      ]
    },
    {
      "time": 0.48,
      "ball": {
        "pos": {
          "x": 8.187,
          "y": 3.172,
          "z": 0.225
        }
      },
      "players": [
        {
          "team": 1,
          "pos": {
            "x": 13.74,
            "y": 3.7
          }
        },
        {
          "team": 2,
          "pos": {
            "x": -11.47,
            "y": -0.9
          }
        }
      ]
    },
    {
      "time": 0.5,
      "ball": {
        "pos": {
          "x": 8.704,
          "y": 3.295,
          "z": 0.336
        }
      },
      "players": [
        {
          "team": 1,
          "pos": {
            "x": 13.78,
            "y": 3.68
          }
        },
        {
          "team": 2,
          "pos": {
            "x": -11.47,
            "y": -0.86
          }
        }
      ]
    },
    {
      "time": 0.52,
      "ball": {
        "pos": {
          "x": 9.215,
          "y": 3.419,
          "z": 0.439
        }
      },
      "players": [
        {
          "team": 1,
          "pos": {
            "x": 13.74,
            "y": 3.69
          }
        },
        {
          "team": 2,
          "pos": {
            "x": -11.47,
            "y": -0.81
          }
        }
      ]
    },
    {
      "time": 0.54,
      "ball": {
        "pos": {
          "x": 9.72,
          "y": 3.542,
          "z": 0.534
        }
      },
      "players": [
        {
          "team": 1,
          "pos": {
            "x": 13.75,
            "y": 3.67
          }
        },
        {
          "team": 2,
          "pos": {
            "x": -11.49,
            "y": -0.76
          }
        }
      ]
    },
    {
      "time": 0.56,
      "ball": {
        "pos": {
          "x": 10.219,
          "y": 3.667,
          "z": 0.621
        }
      },
      "players": [
        {
          "team": 1,
          "pos": {
            "x": 13.76,
            "y": 3.68
          }
        },
        {
          "team": 2,
          "pos": {
            "x": -11.48,
            "y": -0.71
          }
        }
      ]
    },
    {
      "time": 0.58,
      "ball": {
        "pos": {
          "x": 10.711,
          "y": 3.791,
          "z": 0.7
        }
      },
      "players": [
        {
          "team": 1,
          "pos": {
            "x": 13.78,
            "y": 3.68
          }
        },
        {
          "team": 2,
          "pos": {
            "x": -11.44,
            "y": -0.69
          }
        }
      ]
    },
    {
      "time": 0.6,
      "ball": {
        "pos": {
          "x": 11.198,
          "y": 3.917,
          "z": 0.772
        }
      },
      "players": [
        {
          "team": 1,
          "pos": {
            "x": 13.75,
            "y": 3.68
          }
        },
        {
          "team": 2,
          "pos": {
            "x": -11.44,
            "y": -0.63
          }
        }
      ]
    },
    {
      "time": 0.62,
      "ball": {
        "pos": {
          "x": 11.679,
          "y": 4.042,
          "z": 0.836
        }
      },
      "players": [
        {
          "team": 1,
          "pos": {
            "x": 13.73,
            "y": 3.68
          }
        },
        {
          "team": 2,
          "pos": {
            "x": -11.43,
            "y": -0.56
          }
        }
      ]
    },
    {
      "time": 0.64,
      "ball": {
        "pos": {
          "x": 12.154,
          "y": 4.167,
          "z": 0.894
        }
      },
      "players": [
        {
          "team": 1,
          "pos": {
            "x": 13.64,
            "y": 3.67
          }
        },
        {
          "team": 2,
          "pos": {
            "x": -11.43,
            "y": -0.55
          }
        }
      ]
    },
    {
      "time": 0.66,
      "ball": {
        "pos": {
          "x": 12.623,
          "y": 4.293,
          "z": 0.944
        }
      },
      "players": [
        {
          "team": 1,
          "pos": {
            "x": 13.55,
            "y": 3.67
          }
        },
        {
          "team": 2,
          "pos": {
            "x": -11.44,
            "y": -0.53
          }
        }
      ]
    },
    {
      "time": 0.68,
      "ball": {
        "pos": {
          "x": 13.087,
          "y": 4.42,
          "z": 0.987
        }
      },
      "players": [
        {
          "team": 1,
          "pos": {
            "x": 13.52,
            "y": 3.69
          }
        },
        {
          "team": 2,
          "pos": {
            "x": -11.44,
            "y": -0.51
          }
        }
      ]
    },
    {
      "time": 0.684,
      "event": "hit",
      "ball": {
        "pos": {
          "x": 13.183,
          "y": 4.446,
          "z": 0.995
        }
      },
      "players": [
        {
          "team": 1,
          "pos": {
            "x": 13.43,
            "y": 3.75
          }
        },
        {
          "team": 2,
          "pos": {
            "x": -11.44,
            "y": -0.5
          }
        }
      ]
    },
    {
      "time": 0.7,
      "ball": {
        "pos": {
          "x": 12.686,
          "y": 4.404,
          "z": 1.002
        }
      },
      "players": [
        {
          "team": 1,
          "pos": {
            "x": 13.54,
            "y": 3.69
          }
        },
        {
          "team": 2,
          "pos": {
            "x": -11.44,
            "y": -0.49
          }
        }
      ]
    },
    {
      "time": 0.72,
      "ball": {
        "pos": {
          "x": 12.067,
          "y": 4.353,
          "z": 1.008
        }
      },
      "players": [
        {
          "team": 1,
          "pos": {
            "x": 13.49,
            "y": 3.72
          }
        },
        {
          "team": 2,
          "pos": {
            "x": -11.45,
            "y": -0.45
          }
        }
      ]
    },
    {
      "time": 0.737,
      "ball": {
        "pos": {
          "x": 11.559,
          "y": 4.312,
          "z": 1.009
        }
      },
      "players": [
        {
          "team": 1,
          "pos": {
            "x": 13.21,
            "y": 3.8
          }
        },
        {
          "team": 2,
          "pos": {
            "x": -11.46,
            "y": -0.38
          }
        }
      ]
    },
    {
      "time": 0.74,
      "ball": {
        "pos": {
          "x": 11.455,
          "y": 4.304,
          "z": 1.009
        }
      },
      "players": [
        {
          "team": 1,
          "pos": {
            "x": 13.42,
            "y": 3.76
          }
        },
        {
          "team": 2,
          "pos": {
            "x": -11.45,
            "y": -0.4
          }
        }
      ]
    },
    {
      "time": 0.76,
      "ball": {
        "pos": {
          "x": 10.852,
          "y": 4.257,
          "z": 1.006
        }
      },
      "players": [
        {
          "team": 1,
          "pos": {
            "x": 13.34,
            "y": 3.78
          }
        },
        {
          "team": 2,
          "pos": {
            "x": -11.44,
            "y": -0.36
          }
        }
      ]
    },
    {
      "time": 0.78,
      "ball": {
        "pos": {
          "x": 10.257,
          "y": 4.212,
          "z": 1.0
        }
      },
      "players": [
        {
          "team": 1,
          "pos": {
            "x": 13.25,
            "y": 3.8
          }
        },
        {
          "team": 2,
          "pos": {
            "x": -11.37,
            "y": -0.36
          }
        }
      ]
    },
    {
      "time": 0.8,
      "ball": {
        "pos": {
          "x": 9.67,
          "y": 4.169,
          "z": 0.989
        }
      },
      "players": [
        {
          "team": 1,
          "pos": {
            "x": 13.18,
            "y": 3.79
          }
        },
        {
          "team": 2,
          "pos": {
            "x": -11.33,
            "y": -0.42
          }
        }
      ]
    },
    {
      "time": 0.82,
      "ball": {
        "pos": {
          "x": 9.09,
          "y": 4.127,
          "z": 0.974
        }
      },
      "players": [
        {
          "team": 1,
          "pos": {
            "x": 13.12,
            "y": 3.79
          }
        },
        {
          "team": 2,
          "pos": {
            "x": -11.32,
            "y": -0.38
          }
        }
      ]
    },
    {
      "time": 0.84,
      "ball": {
        "pos": {
          "x": 8.518,
          "y": 4.087,
          "z": 0.956
        }
      },
      "players": [
        {
          "team": 1,
          "pos": {
            "x": 13.06,
            "y": 3.84
          }
        },
        {
          "team": 2,
          "pos": {
            "x": -11.3,
            "y": -0.44
          }
        }
      ]
    },
    {
      "time": 0.86,
      "ball": {
        "pos": {
          "x": 7.954,
          "y": 4.049,
          "z": 0.934
        }
      },
      "players": [
        {
          "team": 1,
          "pos": {
            "x": 13.09,
            "y": 3.79
          }
        },
        {
          "team": 2,
          "pos": {
            "x": -11.3,
            "y": -0.43
          }
        }
      ]
    },
    {
      "time": 0.88,
      "ball": {
        "pos": {
          "x": 7.396,
          "y": 4.013,
          "z": 0.908
        }
      },
      "players": [
        {
          "team": 1,
          "pos": {
            "x": 13.13,
            "y": 3.75
          }
        },
        {
          "team": 2,
          "pos": {
            "x": -11.29,
            "y": -0.38
          }
        }
      ]
    },
    {
      "time": 0.9,
      "ball": {
        "pos": {
          "x": 6.846,
          "y": 3.978,
          "z": 0.878
        }
      },
      "players": [
        {
          "team": 1,
          "pos": {
            "x": 13.1,
            "y": 3.74
          }
        },
        {
          "team": 2,
          "pos": {
            "x": -11.26,
            "y": -0.32
          }
        }
      ]
    },
    {
      "time": 0.92,
      "ball": {
        "pos": {
          "x": 6.302,
          "y": 3.944,
          "z": 0.844
        }
      },
      "players": [
        {
          "team": 1,
          "pos": {
            "x": 13.06,
            "y": 3.72
          }
        },
        {
          "team": 2,
          "pos": {
            "x": -11.25,
            "y": -0.26
          }
        }
      ]
    },
    {
      "time": 0.94,
      "ball": {
        "pos": {
          "x": 5.765,
          "y": 3.912,
          "z": 0.806
        }
      },
      "players": [
        {
          "team": 1,
          "pos": {
            "x": 13.03,
            "y": 3.78
          }
        },
        {
          "team": 2,
          "pos": {
            "x": -11.23,
            "y": -0.22
          }
        }
      ]
    },
    {
      "time": 0.96,
      "ball": {
        "pos": {
          "x": 5.234,
          "y": 3.881,
          "z": 0.765
        }
      },
      "players": [
        {
          "team": 1,
          "pos": {
            "x": 12.99,
            "y": 3.77
          }
        },
        {
          "team": 2,
          "pos": {
            "x": -11.21,
            "y": -0.17
          }
        }
      ]
    },
    {
      "time": 0.98,
      "ball": {
        "pos": {
          "x": 4.71,
          "y": 3.852,
          "z": 0.72
        }
      },
      "players": [
        {
          "team": 1,
          "pos": {
            "x": 12.94,
            "y": 3.73
          }
        },
        {
          "team": 2,
          "pos": {
            "x": -11.19,
            "y": -0.22
          }
        }
      ]
    },
    {
      "time": 1.0,
      "ball": {
        "pos": {
          "x": 4.192,
          "y": 3.823,
          "z": 0.671
        }
      },
      "players": [
        {
          "team": 1,
          "pos": {
            "x": 12.89,
            "y": 3.75
          }
        },
        {
          "team": 2,
          "pos": {
            "x": -11.18,
            "y": -0.29
          }
        }
      ]
    },
    {
      "time": 1.02,
      "ball": {
        "pos": {
          "x": 3.679,
          "y": 3.796,
          "z": 0.618
        }
      },
      "players": [
        {
          "team": 1,
          "pos": {
            "x": 12.83,
            "y": 3.77
          }
        },
        {
          "team": 2,
          "pos": {
            "x": -11.13,
            "y": -0.3
          }
        }
      ]
    },
    {
      "time": 1.04,
      "ball": {
        "pos": {
          "x": 3.173,
          "y": 3.771,
          "z": 0.562
        }
      },
      "players": [
        {
          "team": 1,
          "pos": {
            "x": 12.78,
            "y": 3.79
          }
        },
        {
          "team": 2,
          "pos": {
            "x": -11.07,
            "y": -0.26
          }
        }
      ]
    },
    {
      "time": 1.06,
      "ball": {
        "pos": {
          "x": 2.672,
          "y": 3.746,
          "z": 0.502
        }
      },
      "players": [
        {
          "team": 1,
          "pos": {
            "x": 12.72,
            "y": 3.79
          }
        },
        {
          "team": 2,
          "pos": {
            "x": -10.99,
            "y": -0.3
          }
        }
      ]
    },
    {
      "time": 1.08,
      "ball": {
        "pos": {
          "x": 2.177,
          "y": 3.722,
          "z": 0.438
        }
      },
      "players": [
        {
          "team": 1,
          "pos": {
            "x": 12.7,
            "y": 3.78
          }
        },
        {
          "team": 2,
          "pos": {
            "x": -10.94,
            "y": -0.26
          }
        }
      ]
    },
    {
      "time": 1.1,
      "ball": {
        "pos": {
          "x": 1.687,
          "y": 3.699,
          "z": 0.371
        }
      },
      "players": [
        {
          "team": 1,
          "pos": {
            "x": 12.65,
            "y": 3.83
          }
        },
        {
          "team": 2,
          "pos": {
            "x": -10.89,
            "y": -0.25
          }
        }
      ]
    },
    {
      "time": 1.12,
      "ball": {
        "pos": {
          "x": 1.202,
          "y": 3.677,
          "z": 0.301
        }
      },
      "players": [
        {
          "team": 1,
          "pos": {
            "x": 12.61,
            "y": 3.86
          }
        },
        {
          "team": 2,
          "pos": {
            "x": -10.86,
            "y": -0.23
          }
        }
      ]
    },
    {
      "time": 1.14,
      "ball": {
        "pos": {
          "x": 0.722,
          "y": 3.656,
          "z": 0.226
        }
      },
      "players": [
        {
          "team": 1,
          "pos": {
            "x": 12.57,
            "y": 3.91
          }
        },
        {
          "team": 2,
          "pos": {
            "x": -10.83,
            "y": -0.19
          }
        }
      ]
    },
    {
      "time": 1.16,
      "ball": {
        "pos": {
          "x": 0.247,
          "y": 3.636,
          "z": 0.148
        }
      },
      "players": [
        {
          "team": 1,
          "pos": {
            "x": 12.54,
            "y": 3.95
          }
        },
        {
          "team": 2,
          "pos": {
            "x": -10.81,
            "y": -0.15
          }
        }
      ]
    },
    {
      "time": 1.17,
      "ball": {
        "pos": {
          "x": 0.0,
          "y": 3.626,
          "z": 0.106
        }
      },
      "players": [
        {
          "team": 1,
          "pos": {
            "x": 12.46,
            "y": 3.89
          }
        },
        {
          "team": 2,
          "pos": {
            "x": -10.83,
            "y": -0.1
          }
        }
      ]
    },
    {
      "time": 1.18,
      "ball": {
        "pos": {
          "x": -0.223,
          "y": 3.617,
          "z": 0.067
        }
      },
      "players": [
        {
          "team": 1,
          "pos": {
            "x": 12.51,
            "y": 3.98
          }
        },
        {
          "team": 2,
          "pos": {
            "x": -10.83,
            "y": -0.11
          }
        }
      ]
    },
    {
      "time": 1.189,
      "event": "bounce",
      "ball": {
        "pos": {
          "x": -0.424,
          "y": 3.609,
          "z": 0.031
        }
      },
      "players": [
        {
          "team": 1,
          "pos": {
            "x": 12.43,
            "y": 3.88
          }
        },
        {
          "team": 2,
          "pos": {
            "x": -10.86,
            "y": -0.07
          }
        }
      ]
    },
    {
      "time": 1.2,
      "ball": {
        "pos": {
          "x": -0.534,
          "y": 3.606,
          "z": 0.041
        }
      },
      "players": [
        {
          "team": 1,
          "pos": {
            "x": 12.46,
            "y": 3.95
          }
        },
        {
          "team": 2,
          "pos": {
            "x": -10.86,
            "y": -0.07
          }
        }
      ]
    },
    {
      "time": 1.22,
      "ball": {
        "pos": {
          "x": -0.403,
          "y": 3.615,
          "z": 0.089
        }
      },
      "players": [
        {
          "team": 1,
          "pos": {
            "x": 12.46,
            "y": 3.9
          }
        },
        {
          "team": 2,
          "pos": {
            "x": -10.86,
            "y": -0.07
          }
        }
      ]
    },
    {
      "time": 1.24,
      "ball": {
        "pos": {
          "x": -0.209,
          "y": 3.627,
          "z": 0.142
        }
      },
      "players": [
        {
          "team": 1,
          "pos": {
            "x": 12.43,
            "y": 3.88
          }
        },
        {
          "team": 2,
          "pos": {
            "x": -10.86,
            "y": -0.07
          }
        }
      ]
    },
    {
      "time": 1.26,
      "ball": {
        "pos": {
          "x": -0.095,
          "y": 3.635,
          "z": 0.175
        }
      },
      "players": [
        {
          "team": 1,
          "pos": {
            "x": 12.41,
            "y": 3.91
          }
        },
        {
          "team": 2,
          "pos": {
            "x": -10.86,
            "y": -0.07
          }
        }
      ]
    },
    {
      "time": 1.263,
      "ball": {
        "pos": {
          "x": -0.093,
          "y": 3.636,
          "z": 0.177
        }
      },
      "players": [
        {
          "team": 2,
          "pos": {
            "x": -10.86,
            "y": -0.07
          }
        }
      ]
    },
    {
      "time": 1.28,
      "players": [
        {
          "team": 1,
          "pos": {
            "x": 12.41,
            "y": 3.91
          }
        },
        {
          "team": 2,
          "pos": {
            "x": -10.86,
            "y": -0.07
          }
        }
      ]
    },
    {
      "time": 1.3,
      "players": [
        {
          "team": 1,
          "pos": {
            "x": 12.41,
            "y": 3.91
          }
        },
        {
          "team": 2,
          "pos": {
            "x": -10.86,
            "y": -0.07
          }
        }
      ]
    },
    {
      "time": 1.32,
      "players": [
        {
          "team": 1,
          "pos": {
            "x": 12.41,
            "y": 3.91
          }
        },
        {
          "team": 2,
          "pos": {
            "x": -10.86,
            "y": -0.07
          }
        }
      ]
    },
    {
      "time": 1.34,
      "players": [
        {
          "team": 1,
          "pos": {
            "x": 12.41,
            "y": 3.91
          }
        },
        {
          "team": 2,
          "pos": {
            "x": -10.86,
            "y": -0.07
          }
        }
      ]
    },
    {
      "time": 1.36,
      "players": [
        {
          "team": 1,
          "pos": {
            "x": 12.41,
            "y": 3.91
          }
        },
        {
          "team": 2,
          "pos": {
            "x": -10.86,
            "y": -0.07
          }
        }
      ]
    },
    {
      "time": 1.38,
      "players": [
        {
          "team": 1,
          "pos": {
            "x": 12.41,
            "y": 3.91
          }
        },
        {
          "team": 2,
          "pos": {
            "x": -10.86,
            "y": -0.07
          }
        }
      ]
    },
    {
      "time": 1.4,
      "players": [
        {
          "team": 1,
          "pos": {
            "x": 12.41,
            "y": 3.91
          }
        },
        {
          "team": 2,
          "pos": {
            "x": -10.86,
            "y": -0.07
          }
        }
      ]
    },
    {
      "time": 1.42,
      "players": [
        {
          "team": 1,
          "pos": {
            "x": 12.41,
            "y": 3.91
          }
        },
        {
          "team": 2,
          "pos": {
            "x": -10.86,
            "y": -0.07
          }
        }
      ]
    },
    {
      "time": 1.44,
      "players": [
        {
          "team": 1,
          "pos": {
            "x": 12.41,
            "y": 3.91
          }
        },
        {
          "team": 2,
          "pos": {
            "x": -10.86,
            "y": -0.07
          }
        }
      ]
    },
    {
      "time": 1.46,
      "players": [
        {
          "team": 1,
          "pos": {
            "x": 12.41,
            "y": 3.91
          }
        },
        {
          "team": 2,
          "pos": {
            "x": -10.86,
            "y": -0.07
          }
        }
      ]
    },
    {
      "time": 1.48,
      "players": [
        {
          "team": 1,
          "pos": {
            "x": 12.41,
            "y": 3.91
          }
        },
        {
          "team": 2,
          "pos": {
            "x": -10.86,
            "y": -0.07
          }
        }
      ]
    },
    {
      "time": 1.5,
      "players": [
        {
          "team": 1,
          "pos": {
            "x": 12.41,
            "y": 3.91
          }
        },
        {
          "team": 2,
          "pos": {
            "x": -10.86,
            "y": -0.07
          }
        }
      ]
    },
    {
      "time": 1.52,
      "players": [
        {
          "team": 1,
          "pos": {
            "x": 12.41,
            "y": 3.91
          }
        },
        {
          "team": 2,
          "pos": {
            "x": -10.86,
            "y": -0.07
          }
        }
      ]
    },
    {
      "time": 1.54,
      "players": [
        {
          "team": 1,
          "pos": {
            "x": 12.41,
            "y": 3.91
          }
        },
        {
          "team": 2,
          "pos": {
            "x": -10.86,
            "y": -0.07
          }
        }
      ]
    },
    {
      "time": 1.56,
      "players": [
        {
          "team": 1,
          "pos": {
            "x": 12.41,
            "y": 3.91
          }
        },
        {
          "team": 2,
          "pos": {
            "x": -10.86,
            "y": -0.07
          }
        }
      ]
    },
    {
      "time": 1.58,
      "players": [
        {
          "team": 1,
          "pos": {
            "x": 12.41,
            "y": 3.91
          }
        },
        {
          "team": 2,
          "pos": {
            "x": -10.86,
            "y": -0.07
          }
        }
      ]
    },
    {
      "time": 1.6,
      "players": [
        {
          "team": 1,
          "pos": {
            "x": 12.41,
            "y": 3.91
          }
        },
        {
          "team": 2,
          "pos": {
            "x": -10.86,
            "y": -0.07
          }
        }
      ]
    },
    {
      "time": 1.62,
      "players": [
        {
          "team": 1,
          "pos": {
            "x": 12.41,
            "y": 3.91
          }
        },
        {
          "team": 2,
          "pos": {
            "x": -10.86,
            "y": -0.07
          }
        }
      ]
    },
    {
      "time": 1.64,
      "players": [
        {
          "team": 1,
          "pos": {
            "x": 12.41,
            "y": 3.91
          }
        },
        {
          "team": 2,
          "pos": {
            "x": -10.86,
            "y": -0.07
          }
        }
      ]
    },
    {
      "time": 1.66,
      "players": [
        {
          "team": 1,
          "pos": {
            "x": 12.41,
            "y": 3.91
          }
        },
        {
          "team": 2,
          "pos": {
            "x": -10.86,
            "y": -0.07
          }
        }
      ]
    },
    {
      "time": 1.68,
      "players": [
        {
          "team": 1,
          "pos": {
            "x": 12.41,
            "y": 3.91
          }
        },
        {
          "team": 2,
          "pos": {
            "x": -10.86,
            "y": -0.07
          }
        }
      ]
    },
    {
      "time": 1.7,
      "players": [
        {
          "team": 1,
          "pos": {
            "x": 12.41,
            "y": 3.91
          }
        },
        {
          "team": 2,
          "pos": {
            "x": -10.86,
            "y": -0.07
          }
        }
      ]
    },
    {
      "time": 1.72,
      "players": [
        {
          "team": 1,
          "pos": {
            "x": 12.41,
            "y": 3.91
          }
        },
        {
          "team": 2,
          "pos": {
            "x": -10.86,
            "y": -0.07
          }
        }
      ]
    },
    {
      "time": 1.74,
      "players": [
        {
          "team": 1,
          "pos": {
            "x": 12.41,
            "y": 3.91
          }
        },
        {
          "team": 2,
          "pos": {
            "x": -10.86,
            "y": -0.07
          }
        }
      ]
    },
    {
      "time": 1.76,
      "players": [
        {
          "team": 1,
          "pos": {
            "x": 12.41,
            "y": 3.91
          }
        },
        {
          "team": 2,
          "pos": {
            "x": -10.86,
            "y": -0.07
          }
        }
      ]
    },
    {
      "time": 1.78,
      "players": [
        {
          "team": 1,
          "pos": {
            "x": 12.41,
            "y": 3.91
          }
        },
        {
          "team": 2,
          "pos": {
            "x": -10.86,
            "y": -0.07
          }
        }
      ]
    },
    {
      "time": 1.8,
      "players": [
        {
          "team": 1,
          "pos": {
            "x": 12.41,
            "y": 3.91
          }
        },
        {
          "team": 2,
          "pos": {
            "x": -10.86,
            "y": -0.07
          }
        }
      ]
    },
    {
      "time": 1.82,
      "players": [
        {
          "team": 1,
          "pos": {
            "x": 12.41,
            "y": 3.91
          }
        },
        {
          "team": 2,
          "pos": {
            "x": -10.86,
            "y": -0.07
          }
        }
      ]
    },
    {
      "time": 1.84,
      "players": [
        {
          "team": 1,
          "pos": {
            "x": 12.41,
            "y": 3.91
          }
        },
        {
          "team": 2,
          "pos": {
            "x": -10.86,
            "y": -0.07
          }
        }
      ]
    },
    {
      "time": 1.86,
      "players": [
        {
          "team": 1,
          "pos": {
            "x": 12.41,
            "y": 3.91
          }
        },
        {
          "team": 2,
          "pos": {
            "x": -10.86,
            "y": -0.07
          }
        }
      ]
    },
    {
      "time": 1.88,
      "players": [
        {
          "team": 1,
          "pos": {
            "x": 12.41,
            "y": 3.91
          }
        },
        {
          "team": 2,
          "pos": {
            "x": -10.86,
            "y": -0.07
          }
        }
      ]
    },
    {
      "time": 1.9,
      "players": [
        {
          "team": 1,
          "pos": {
            "x": 12.41,
            "y": 3.91
          }
        },
        {
          "team": 2,
          "pos": {
            "x": -10.86,
            "y": -0.07
          }
        }
      ]
    },
    {
      "time": 1.92,
      "players": [
        {
          "team": 1,
          "pos": {
            "x": 12.41,
            "y": 3.91
          }
        },
        {
          "team": 2,
          "pos": {
            "x": -10.86,
            "y": -0.07
          }
        }
      ]
    },
    {
      "time": 1.94,
      "players": [
        {
          "team": 1,
          "pos": {
            "x": 12.41,
            "y": 3.91
          }
        },
        {
          "team": 2,
          "pos": {
            "x": -10.86,
            "y": -0.07
          }
        }
      ]
    },
    {
      "time": 1.96,
      "players": [
        {
          "team": 1,
          "pos": {
            "x": 12.41,
            "y": 3.91
          }
        },
        {
          "team": 2,
          "pos": {
            "x": -10.86,
            "y": -0.07
          }
        }
      ]
    },
    {
      "time": 1.98,
      "players": [
        {
          "team": 1,
          "pos": {
            "x": 12.41,
            "y": 3.91
          }
        },
        {
          "team": 2,
          "pos": {
            "x": -10.86,
            "y": -0.07
          }
        }
      ]
    },
    {
      "time": 2.0,
      "players": [
        {
          "team": 1,
          "pos": {
            "x": 12.41,
            "y": 3.91
          }
        },
        {
          "team": 2,
          "pos": {
            "x": -10.86,
            "y": -0.07
          }
        }
      ]
    },
    {
      "time": 2.02,
      "players": [
        {
          "team": 1,
          "pos": {
            "x": 12.41,
            "y": 3.91
          }
        },
        {
          "team": 2,
          "pos": {
            "x": -10.86,
            "y": -0.07
          }
        }
      ]
    },
    {
      "time": 2.04,
      "players": [
        {
          "team": 1,
          "pos": {
            "x": 12.41,
            "y": 3.91
          }
        },
        {
          "team": 2,
          "pos": {
            "x": -10.86,
            "y": -0.07
          }
        }
      ]
    },
    {
      "time": 2.06,
      "players": [
        {
          "team": 1,
          "pos": {
            "x": 12.41,
            "y": 3.91
          }
        },
        {
          "team": 2,
          "pos": {
            "x": -10.86,
            "y": -0.07
          }
        }
      ]
    },
    {
      "time": 2.08,
      "players": [
        {
          "team": 1,
          "pos": {
            "x": 12.41,
            "y": 3.91
          }
        },
        {
          "team": 2,
          "pos": {
            "x": -10.86,
            "y": -0.07
          }
        }
      ]
    },
    {
      "time": 2.1,
      "players": [
        {
          "team": 1,
          "pos": {
            "x": 12.41,
            "y": 3.91
          }
        },
        {
          "team": 2,
          "pos": {
            "x": -10.86,
            "y": -0.07
          }
        }
      ]
    },
    {
      "time": 2.12,
      "players": [
        {
          "team": 1,
          "pos": {
            "x": 12.41,
            "y": 3.91
          }
        },
        {
          "team": 2,
          "pos": {
            "x": -10.86,
            "y": -0.07
          }
        }
      ]
    },
    {
      "time": 2.14,
      "players": [
        {
          "team": 1,
          "pos": {
            "x": 12.41,
            "y": 3.91
          }
        },
        {
          "team": 2,
          "pos": {
            "x": -10.86,
            "y": -0.07
          }
        }
      ]
    },
    {
      "time": 2.16,
      "players": [
        {
          "team": 1,
          "pos": {
            "x": 12.41,
            "y": 3.91
          }
        },
        {
          "team": 2,
          "pos": {
            "x": -10.86,
            "y": -0.07
          }
        }
      ]
    },
    {
      "time": 2.18,
      "players": [
        {
          "team": 1,
          "pos": {
            "x": 12.41,
            "y": 3.91
          }
        },
        {
          "team": 2,
          "pos": {
            "x": -10.86,
            "y": -0.07
          }
        }
      ]
    },
    {
      "time": 2.2,
      "players": [
        {
          "team": 1,
          "pos": {
            "x": 12.41,
            "y": 3.91
          }
        },
        {
          "team": 2,
          "pos": {
            "x": -10.86,
            "y": -0.07
          }
        }
      ]
    },
    {
      "time": 2.22,
      "players": [
        {
          "team": 1,
          "pos": {
            "x": 12.41,
            "y": 3.91
          }
        },
        {
          "team": 2,
          "pos": {
            "x": -10.86,
            "y": -0.07
          }
        }
      ]
    },
    {
      "time": 2.24,
      "players": [
        {
          "team": 1,
          "pos": {
            "x": 12.41,
            "y": 3.91
          }
        },
        {
          "team": 2,
          "pos": {
            "x": -10.86,
            "y": -0.07
          }
        }
      ]
    },
    {
      "time": 2.26,
      "players": [
        {
          "team": 1,
          "pos": {
            "x": 12.41,
            "y": 3.91
          }
        },
        {
          "team": 2,
          "pos": {
            "x": -10.86,
            "y": -0.07
          }
        }
      ]
    },
    {
      "time": 2.28,
      "players": [
        {
          "team": 1,
          "pos": {
            "x": 12.41,
            "y": 3.91
          }
        },
        {
          "team": 2,
          "pos": {
            "x": -10.86,
            "y": -0.07
          }
        }
      ]
    },
    {
      "time": 2.3,
      "players": [
        {
          "team": 1,
          "pos": {
            "x": 12.41,
            "y": 3.91
          }
        },
        {
          "team": 2,
          "pos": {
            "x": -10.86,
            "y": -0.07
          }
        }
      ]
    },
    {
      "time": 2.32,
      "players": [
        {
          "team": 1,
          "pos": {
            "x": 12.41,
            "y": 3.91
          }
        },
        {
          "team": 2,
          "pos": {
            "x": -10.86,
            "y": -0.07
          }
        }
      ]
    },
    {
      "time": 2.34,
      "players": [
        {
          "team": 1,
          "pos": {
            "x": 12.41,
            "y": 3.91
          }
        },
        {
          "team": 2,
          "pos": {
            "x": -10.86,
            "y": -0.07
          }
        }
      ]
    }
  ]
}