{
  "id": "90f8a769-1764-4b03-a81e-b2b7b132ce77",
  "sequences": {
    "set": 3,
    "game": 7,
    "point": 1,
    "serve": 2,
    "rally": 2
  },
  "match": {
    "season": 2025,
    "tournament_id": 9999,
    "draw_code": "MS001",
    "court_id": 1,
    "players": [
      {
        "forename": "Andy",
        "surname": "Bernard",
        "team": 1,
        "external_id": "AB12"
      },
      {
        "forename": "Cedric",
        "surname": "Diggory",
        "team": 2,
        "external_id": "CD34"
      }
    ]
  },
  "shots": [
    {
      "shot_no": 1,
      "team": 2,
      "stroke": "serve",
      "spin": {
        "type": "backspin",
        "rpm": -4970.751
      },
      "speed_ms": 52.248,
      "call": "in",
      "distance": -0.205,
      "time_utc": "2025-01-01T13:02:01.046Z",
      "time": 0.0,
      "duration": 1.025
    },
    {
      "shot_no": 2,
      "team": 1,
      "stroke": "unknown",
      "spin": {
        "type": "backspin",
        "rpm": -2076.632
      },
      "speed_ms": 9.015,
      "call": "out",
      "distance": null,
      "time_utc": "2025-01-01T13:02:02.071Z",
      "time": 1.025,
      "duration": 0.516
    },
    {
      "shot_no": 3,
      "team": 1,
      "stroke": "unknown",
      "spin": {
        "type": "backspin",
        "rpm": -2459.403
      },
      "speed_ms": 8.197,
      "call": "out",
      "distance": null,
      "time_utc": "2025-01-01T13:02:02.587Z",
      "time": 1.541,
      "duration": 0.141
    }
  ],
  "samples": [
    {
      "time": -1.76,
      "players": [
        {
          "team": 1,
          "pos": {
            "x": 11.69,
            "y": 1.11
          }
        },
        {
          "team": 2,
          "pos": {
            "x": -14.92,
            "y": -4.04
          }
        }
      ]
    },
    {
      "time": -1.74,
      "players": [
        {
          "team": 1,
          "pos": {
            "x": 11.68,
            "y": 1.13
          }
        },
        {
          "team": 2,
          "pos": {
            "x": -14.92,
            "y": -4.04
          }
        }
      ]
    },
    {
      "time": -1.72,
      "players": [
        {
          "team": 1,
          "pos": {
            "x": 11.67,
            "y": 1.15
          }
        },
        {
          "team": 2,
          "pos": {
            "x": -14.92,
            "y": -4.04
          }
        }
      ]
    },
    {
      "time": -1.7,
      "players": [
        {
          "team": 1,
          "pos": {
            "x": 11.67,
            "y": 1.16
          }
        },
        {
          "team": 2,
          "pos": {
            "x": -14.92,
            "y": -4.04
          }
        }
      ]
    },
    {
      "time": -1.68,
      "players": [
        {
          "team": 1,
          "pos": {
            "x": 11.67,
            "y": 1.17
          }
        },
        {
          "team": 2,
          "pos": {
            "x": -14.92,
            "y": -4.04
          }
        }
      ]
    },
    {
      "time": -1.66,
      "players": [
        {
          "team": 1,
          "pos": {
            "x": 11.67,
            "y": 1.19
          }
        },
        {
          "team": 2,
          "pos": {
            "x": -14.92,
            "y": -4.04
          }
        }
      ]
    },
    {
      "time": -1.64,
      "players": [
        {
          "team": 1,
          "pos": {
            "x": 11.66,
            "y": 1.19
          }
        },
        {
          "team": 2,
          "pos": {
            "x": -14.92,
            "y": -4.04
          }
        }
      ]
    },
    {
      "time": -1.62,
      "players": [
        {
          "team": 1,
          "pos": {
            "x": 11.7,
            "y": 1.17
          }
        },
        {
          "team": 2,
          "pos": {
            "x": -14.92,
            "y": -4.04
          }
        }
      ]
    },
    {
      "time": -1.6,
      "players": [
        {
          "team": 1,
          "pos": {
            "x": 11.71,
            "y": 1.17
          }
        },
        {
          "team": 2,
          "pos": {
            "x": -14.92,
            "y": -4.04
          }
        }
      ]
    },
    {
      "time": -1.58,
      "players": [
        {
          "team": 1,
          "pos": {
            "x": 11.7,
            "y": 1.19
          }
        },
        {
          "team": 2,
          "pos": {
            "x": -14.92,
            "y": -4.04
          }
        }
      ]
    },
    {
      "time": -1.56,
      "players": [
        {
          "team": 1,
          "pos": {
            "x": 11.71,
            "y": 1.18
          }
        },
        {
          "team": 2,
          "pos": {
            "x": -14.92,
            "y": -4.04
          }
        }
      ]
    },
    {
      "time": -1.54,
      "players": [
        {
          "team": 1,
          "pos": {
            "x": 11.72,
            "y": 1.22
          }
        },
        {
          "team": 2,
          "pos": {
            "x": -14.92,
            "y": -4.04
          }
        }
      ]
    },
    {
      "time": -1.52,
      "players": [
        {
          "team": 1,
          "pos": {
            "x": 11.74,
            "y": 1.25
          }
        },
        {
          "team": 2,
          "pos": {
            "x": -14.92,
            "y": -4.04
          }
        }
      ]
    },
    {
      "time": -1.5,
      "players": [
        {
          "team": 1,
          "pos": {
            "x": 11.75,
            "y": 1.27
          }
        },
        {
          "team": 2,
          "pos": {
            "x": -14.92,
            "y": -4.04
          }
        }
      ]
    },
    {
      "time": -1.48,
      "players": [
        {
          "team": 1,
          "pos": {
            "x": 11.75,
            "y": 1.29
          }
        },
        {
          "team": 2,
          "pos": {
            "x": -14.92,
            "y": -4.04
          }
        }
      ]
    },
    {
      "time": -1.46,
      "players": [
        {
          "team": 1,
          "pos": {
            "x": 11.77,
            "y": 1.35
          }
        },
        {
          "team": 2,
          "pos": {
            "x": -14.92,
            "y": -4.04
          }
        }
      ]
    },
    {
      "time": -1.44,
      "players": [
        {
          "team": 1,
          "pos": {
            "x": 11.79,
            "y": 1.4
          }
        },
        {
          "team": 2,
          "pos": {
            "x": -14.92,
            "y": -4.04
          }
        }
      ]
    },
    {
      "time": -1.42,
      "players": [
        {
          "team": 1,
          "pos": {
            "x": 11.81,
            "y": 1.45
          }
        },
        {
          "team": 2,
          "pos": {
            "x": -14.92,
            "y": -4.04
          }
        }
      ]
    },
    {
      "time": -1.4,
      "players": [
        {
          "team": 1,
          "pos": {
            "x": 11.83,
            "y": 1.49
          }
        },
        {
          "team": 2,
          "pos": {
            "x": -14.92,
            "y": -4.04
          }
        }
      ]
    },
    {
      "time": -1.38,
      "players": [
        {
          "team": 1,
          "pos": {
            "x": 11.84,
            "y": 1.53
          }
        },
        {
          "team": 2,
          "pos": {
            "x": -14.92,
            "y": -4.04
          }
        }
      ]
    },
    {
      "time": -1.36,
      "players": [
        {
          "team": 1,
          "pos": {
            "x": 11.87,
            "y": 1.58
          }
        },
        {
          "team": 2,
          "pos": {
            "x": -14.92,
            "y": -4.04
          }
        }
      ]
    },
    {
      "time": -1.34,
      "players": [
        {
          "team": 1,
          "pos": {
            "x": 11.89,
            "y": 1.6
          }
        },
        {
          "team": 2,
          "pos": {
            "x": -14.92,
            "y": -4.04
          }
        }
      ]
    },
    {
      "time": -1.32,
      "players": [
        {
          "team": 1,
          "pos": {
            "x": 11.9,
            "y": 1.62
          }
        },
        {
          "team": 2,
          "pos": {
            "x": -14.92,
            "y": -4.04
          }
        }
      ]
    },
    {
      "time": -1.3,
      "players": [
        {
          "team": 1,
          "pos": {
            "x": 11.91,
            "y": 1.63
          }
        },
        {
          "team": 2,
          "pos": {
            "x": -14.92,
            "y": -4.04
          }
        }
      ]
    },
    {
      "time": -1.28,
      "players": [
        {
          "team": 1,
          "pos": {
            "x": 11.93,
            "y": 1.65
          }
        },
        {
          "team": 2,
          "pos": {
            "x": -14.92,
            "y": -4.04
          }
        }
      ]
    },
    {
      "time": -1.26,
      "players": [
        {
          "team": 1,
          "pos": {
            "x": 11.93,
            "y": 1.68
          }
        },
        {
          "team": 2,
          "pos": {
            "x": -14.92,
            "y": -4.04
          }
        }
      ]
    },
    {
      "time": -1.24,
      "players": [
        {
          "team": 1,
          "pos": {
            "x": 11.92,
            "y": 1.68
          }
        },
        {
          "team": 2,
          "pos": {
            "x": -14.92,
            "y": -4.04
          }
        }
      ]
    },
    {
      "time": -1.22,
      "players": [
        {
          "team": 1,
          "pos": {
            "x": 11.92,
            "y": 1.69
          }
        },
        {
          "team": 2,
          "pos": {
            "x": -14.91,
            "y": -4.03
          }
        }
      ]
    },
    {
      "time": -1.2,
      "players": [
        {
          "team": 1,
          "pos": {
            "x": 11.93,
            "y": 1.7
          }
        },
        {
          "team": 2,
          "pos": {
            "x": -14.91,
            "y": -4.03
          }
        }
      ]
    },
    {
      "time": -1.18,
      "players": [
        {
          "team": 1,
          "pos": {
            "x": 11.94,
            "y": 1.72
          }
        },
        {
          "team": 2,
          "pos": {
            "x": -14.9,
            "y": -4.02
          }
        }
      ]
    },
    {
      "time": -1.16,
      "players": [
        {
          "team": 1,
          "pos": {
            "x": 11.93,
            "y": 1.72
          }
        },
        {
          "team": 2,
          "pos": {
            "x": -14.88,
            "y": -4.01
          }
        }
      ]
    },
    {
      "time": -1.14,
      "players": [
        {
          "team": 1,
          "pos": {
            "x": 11.97,
            "y": 1.76
          }
        },
        {
          "team": 2,
          "pos": {
            "x": -14.86,
            "y": -4.0
          }
        }
      ]
    },
    {
      "time": -1.12,
      "players": [
        {
          "team": 1,
          "pos": {
            "x": 11.98,
            "y": 1.78
          }
        },
        {
          "team": 2,
          "pos": {
            "x": -14.86,
            "y": -3.99
          }
        }
      ]
    },
    {
      "time": -1.1,
      "players": [
        {
          "team": 1,
          "pos": {
            "x": 11.97,
            "y": 1.79
          }
        },
        {
          "team": 2,
          "pos": {
            "x": -14.86,
            "y": -3.96
          }
        }
      ]
    },
    {
      "time": -1.08,
      "players": [
        {
          "team": 1,
          "pos": {
            "x": 12.0,
            "y": 1.78
          }
        },
        {
          "team": 2,
          "pos": {
            "x": -14.86,
            "y": -3.96
          }
        }
      ]
    },
    {
      "time": -1.06,
      "players": [
        {
          "team": 1,
          "pos": {
            "x": 12.04,
            "y": 1.72
          }
        },
        {
          "team": 2,
          "pos": {
            "x": -14.83,
            "y": -3.96
          }
        }
      ]
    },
    {
      "time": -1.04,
      "players": [
        {
          "team": 1,
          "pos": {
            "x": 12.07,
            "y": 1.71
          }
        },
        {
          "team": 2,
          "pos": {
            "x": -14.82,
            "y": -3.92
          }
        }
      ]
    },
    {
      "time": -1.02,
      "players": [
        {
          "team": 1,
          "pos": {
            "x": 12.06,
            "y": 1.72
          }
        },
        {
          "team": 2,
          "pos": {
            "x": -14.82,
            "y": -3.9
          }
        }
      ]
    },
    {
      "time": -1.0,
      "players": [
        {
          "team": 1,
          "pos": {
            "x": 12.11,
            "y": 1.67
          }
        },
        {
          "team": 2,
          "pos": {
            "x": -14.79,
            "y": -3.9
          }
        }
      ]
    },
    {
      "time": -0.98,
      "players": [
        {
          "team": 1,
          "pos": {
            "x": 12.13,
            "y": 1.64
          }
        },
        {
          "team": 2,
          "pos": {
            "x": -14.79,
            "y": -3.88
          }
        }
      ]
    },
    {
      "time": -0.96,
      "players": [
        {
          "team": 1,
          "pos": {
            "x": 12.21,
            "y": 1.59
          }
        },
        {
          "team": 2,
          "pos": {
            "x": -14.78,
            "y": -3.86
          }
        }
      ]
    },
    {
      "time": -0.94,
      "players": [
        {
          "team": 1,
          "pos": {
            "x": 12.27,
            "y": 1.57
          }
        },
        {
          "team": 2,
          "pos": {
            "x": -14.75,
            "y": -3.87
          }
        }
      ]
    },
    {
      "time": -0.92,
      "players": [
        {
          "team": 1,
          "pos": {
            "x": 12.3,
            "y": 1.54
          }
        },
        {
          "team": 2,
          "pos": {
            "x": -14.75,
            "y": -3.88
          }
        }
      ]
    },
    {
      "time": -0.9,
      "players": [
        {
          "team": 1,
          "pos": {
            "x": 12.35,
            "y": 1.52
          }
        },
        {
          "team": 2,
          "pos": {
            "x": -14.74,
            "y": -3.88
          }
        }
      ]
    },
    {
      "time": -0.892,
      "ball": {
        "pos": {
          "x": 11.999,
          "y": 0.723,
          "z": 0.886
        }
      },
      "players": [
        {
          "team": 1,
          "pos": {
            "x": 12.39,
            "y": 1.47
          }
        },
        {
          "team": 2,
          "pos": {
            "x": -14.82,
            "y": -3.92
          }
        }
      ]
    },
    {
      "time": -0.88,
      "ball": {
        "pos": {
          "x": 11.98,
          "y": 0.716,
          "z": 0.964
        }
      },
      "players": [
        {
          "team": 1,
          "pos": {
            "x": 12.4,
            "y": 1.46
          }
        },
        {
          "team": 2,
          "pos": {
            "x": -14.75,
            "y": -3.92
          }
        }
      ]
    },
    {
      "time": -0.86,
      "ball": {
        "pos": {
          "x": 11.949,
          "y": 0.705,
          "z": 1.089
        }
      },
      "players": [
        {
          "team": 1,
          "pos": {
            "x": 12.44,
            "y": 1.4
          }
        },
        {
          "team": 2,
          "pos": {
            "x": -14.75,
            "y": -3.93
          }
        }
      ]
    },
    {
      "time": -0.84,
      "ball": {
        "pos": {
          "x": 11.92,
          "y": 0.696,
          "z": 1.211
        }
      },
      "players": [
        {
          "team": 1,
          "pos": {
            "x": 12.46,
            "y": 1.34
          }
        },
        {
          "team": 2,
          "pos": {
            "x": -14.74,
            "y": -3.92
          }
        }
      ]
    },
    {
      "time": -0.82,
      "ball": {
        "pos": {
          "x": 11.893,
          "y": 0.688,
          "z": 1.329
        }
      },
      "players": [
        {
          "team": 1,
          "pos": {
            "x": 12.48,
            "y": 1.29
          }
        },
        {
          "team": 2,
          "pos": {
            "x": -14.74,
            "y": -3.92
          }
        }
      ]
    },
    {
      "time": -0.8,
      "ball": {
        "pos": {
          "x": 11.867,
          "y": 0.681,
          "z": 1.444
        }
      },
      "players": [
        {
          "team": 1,
          "pos": {
            "x": 12.47,
            "y": 1.26
          }
        },
        {
          "team": 2,
          "pos": {
            "x": -14.71,
            "y": -3.92
          }
        }
      ]
    },
    {
      "time": -0.78,
      "ball": {
        "pos": {
          "x": 11.843,
          "y": 0.674,
          "z": 1.555
        }
      },
      "players": [
        {
          "team": 1,
          "pos": {
            "x": 12.47,
            "y": 1.2
          }
        },
        {
          "team": 2,
          "pos": {
            "x": -14.68,
            "y": -3.91
          }
        }
      ]
    },
    {
      "time": -0.76,
      "ball": {
        "pos": {
          "x": 11.82,
          "y": 0.669,
          "z": 1.663
        }
      },
      "players": [
        {
          "team": 1,
          "pos": {
            "x": 12.43,
            "y": 1.18
          }
        },
        {
          "team": 2,
          "pos": {
            "x": -14.65,
            "y": -3.9
          }
        }
      ]
    },
    {
      "time": -0.74,
      "ball": {
        "pos": {
          "x": 11.798,
          "y": 0.665,
          "z": 1.767
        }
      },
      "players": [
        {
          "team": 1,
          "pos": {
            "x": 12.38,
            "y": 1.17
          }
        },
        {
          "team": 2,
          "pos": {
            "x": -14.62,
            "y": -3.88
          }
        }
      ]
    },
    {
      "time": -0.72,
      "ball": {
        "pos": {
          "x": 11.778,
          "y": 0.661,
          "z": 1.868
        }
      },
      "players": [
        {
          "team": 1,
          "pos": {
            "x": 12.32,
            "y": 1.21
          }
        },
        {
          "team": 2,
          "pos": {
            "x": -14.61,
            "y": -3.88
          }
        }
      ]
    },
    {
      "time": -0.7,
      "ball": {
        "pos": {
          "x": 11.759,
          "y": 0.659,
          "z": 1.966
        }
      },
      "players": [
        {
          "team": 1,
          "pos": {
            "x": 12.28,
            "y": 1.23
          }
        },
        {
          "team": 2,
          "pos": {
            "x": -14.58,
            "y": -3.89
          }
        }
      ]
    },
    {
      "time": -0.68,
      "ball": {
        "pos": {
          "x": 11.741,
          "y": 0.657,
          "z": 2.059
        }
      },
      "players": [
        {
          "team": 1,
          "pos": {
            "x": 12.25,
            "y": 1.27
          }
        },
        {
          "team": 2,
          "pos": {
            "x": -14.55,
            "y": -3.89
          }
        }
      ]
    },
    {
      "time": -0.66,
      "ball": {
        "pos": {
          "x": 11.724,
          "y": 0.656,
          "z": 2.15
        }
      },
      "players": [
        {
          "team": 1,
          "pos": {
            "x": 12.19,
            "y": 1.3
          }
        },
        {
          "team": 2,
          "pos": {
            "x": -14.54,
            "y": -3.9
          }
        }
      ]
    },
    {
      "time": -0.64,
      "ball": {
        "pos": {
          "x": 11.708,
          "y": 0.656,
          "z": 2.236
        }
      },
      "players": [
        {
          "team": 1,
          "pos": {
            "x": 12.21,
            "y": 1.32
          }
        },
        {
          "team": 2,
          "pos": {
            "x": -14.53,
            "y": -3.91
          }
        }
      ]
    },
    {
      "time": -0.62,
      "ball": {
        "pos": {
          "x": 11.693,
          "y": 0.656,
          "z": 2.32
        }
      },
      "players": [
        {
          "team": 1,
          "pos": {
            "x": 12.23,
            "y": 1.32
          }
        },
        {
          "team": 2,
          "pos": {
            "x": -14.52,
            "y": -3.92
          }
        }
      ]
    },
    {
      "time": -0.6,
      "ball": {
        "pos": {
          "x": 11.68,
          "y": 0.657,
          "z": 2.399
        }
      },
      "players": [
        {
          "team": 1,
          "pos": {
            "x": 12.23,
            "y": 1.35
          }
        },
        {
          "team": 2,
          "pos": {
            "x": -14.52,
            "y": -3.95
          }
        }
      ]
    },
    {
      "time": -0.58,
      "ball": {
        "pos": {
          "x": 11.667,
          "y": 0.659,
          "z": 2.475
        }
      },
      "players": [
        {
          "team": 1,
          "pos": {
            "x": 12.26,
            "y": 1.35
          }
        },
        {
          "team": 2,
          "pos": {
            "x": -14.54,
            "y": -3.98
          }
        }
      ]
    },
    {
      "time": -0.56,
      "ball": {
        "pos": {
          "x": 11.655,
          "y": 0.661,
          "z": 2.547
        }
      },
      "players": [
        {
          "team": 1,
          "pos": {
            "x": 12.3,
            "y": 1.33
          }
        },
        {
          "team": 2,
          "pos": {
            "x": -14.6,
            "y": -4.02
          }
        }
      ]
    },
    {
      "time": -0.54,
      "ball": {
        "pos": {
          "x": 11.644,
          "y": 0.665,
          "z": 2.616
        }
      },
      "players": [
        {
          "team": 1,
          "pos": {
            "x": 12.33,
            "y": 1.29
          }
        },
        {
          "team": 2,
          "pos": {
            "x": -14.65,
            "y": -4.06
          }
        }
      ]
    },
    {
      "time": -0.52,
      "ball": {
        "pos": {
          "x": 11.633,
          "y": 0.668,
          "z": 2.681
        }
      },
      "players": [
        {
          "team": 1,
          "pos": {
            "x": 12.36,
            "y": 1.27
          }
        },
        {
          "team": 2,
          "pos": {
            "x": -14.65,
            "y": -4.1
          }
        }
      ]
    },
    {
      "time": -0.5,
      "ball": {
        "pos": {
          "x": 11.624,
          "y": 0.672,
          "z": 2.743
        }
      },
      "players": [
        {
          "team": 1,
          "pos": {
            "x": 12.38,
            "y": 1.21
          }
        },
        {
          "team": 2,
          "pos": {
            "x": -14.64,
            "y": -4.14
          }
        }
      ]
    },
    {
      "time": -0.48,
      "ball": {
        "pos": {
          "x": 11.614,
          "y": 0.677,
          "z": 2.8
        }
      },
      "players": [
        {
          "team": 1,
          "pos": {
            "x": 12.36,
            "y": 1.17
          }
        },
        {
          "team": 2,
          "pos": {
            "x": -14.64,
            "y": -4.18
          }
        }
      ]
    },
    {
      "time": -0.46,
      "ball": {
        "pos": {
          "x": 11.606,
          "y": 0.682,
          "z": 2.854
        }
      },
      "players": [
        {
          "team": 1,
          "pos": {
            "x": 12.37,
            "y": 1.14
          }
        },
        {
          "team": 2,
          "pos": {
            "x": -14.6,
            "y": -4.2
          }
        }
      ]
    },
    {
      "time": -0.44,
      "ball": {
        "pos": {
          "x": 11.598,
          "y": 0.687,
          "z": 2.905
        }
      },
      "players": [
        {
          "team": 1,
          "pos": {
            "x": 12.38,
            "y": 1.13
          }
        },
        {
          "team": 2,
          "pos": {
            "x": -14.6,
            "y": -4.23
          }
        }
      ]
    },
    {
      "time": -0.42,
      "ball": {
        "pos": {
          "x": 11.59,
          "y": 0.693,
          "z": 2.951
        }
      },
      "players": [
        {
          "team": 1,
          "pos": {
            "x": 12.37,
            "y": 1.09
          }
        },
        {
          "team": 2,
          "pos": {
            "x": -14.61,
            "y": -4.2
          }
        }
      ]
    },
    {
      "time": -0.4,
      "ball": {
        "pos": {
          "x": 11.583,
          "y": 0.7,
          "z": 2.994
        }
      },
      "players": [
        {
          "team": 1,
          "pos": {
            "x": 12.35,
            "y": 1.09
          }
        },
        {
          "team": 2,
          "pos": {
            "x": -14.6,
            "y": -4.23
          }
        }
      ]
    },
    {
      "time": -0.38,
      "ball": {
        "pos": {
          "x": 11.577,
          "y": 0.706,
          "z": 3.033
        }
      },
      "players": [
        {
          "team": 1,
          "pos": {
            "x": 12.32,
            "y": 1.09
          }
        },
        {
          "team": 2,
          "pos": {
            "x": -14.56,
            "y": -4.17
          }
        }
      ]
    },
    {
      "time": -0.36,
      "ball": {
        "pos": {
          "x": 11.57,
          "y": 0.713,
          "z": 3.068
        }
      },
      "players": [
        {
          "team": 1,
          "pos": {
            "x": 12.33,
            "y": 1.05
          }
        },
        {
          "team": 2,
          "pos": {
            "x": -14.52,
            "y": -4.13
          }
        }
      ]
    },
    {
      "time": -0.34,
      "ball": {
        "pos": {
          "x": 11.564,
          "y": 0.72,
          "z": 3.1
        }
      },
      "players": [
        {
          "team": 1,
          "pos": {
            "x": 12.32,
            "y": 1.03
          }
        },
        {
          "team": 2,
          "pos": {
            "x": -14.52,
            "y": -4.08
          }
        }
      ]
    },
    {
      "time": -0.32,
      "ball": {
        "pos": {
          "x": 11.558,
          "y": 0.727,
          "z": 3.128
        }
      },
      "players": [
        {
          "team": 1,
          "pos": {
            "x": 12.33,
            "y": 1.02
          }
        },
        {
          "team": 2,
          "pos": {
            "x": -14.49,
            "y": -4.09
          }
        }
      ]
    },
    {
      "time": -0.3,
      "ball": {
        "pos": {
          "x": 11.552,
          "y": 0.735,
          "z": 3.152
        }
      },
      "players": [
        {
          "team": 1,
          "pos": {
            "x": 12.33,
            "y": 1.01
          }
        },
        {
          "team": 2,
          "pos": {
            "x": -14.48,
            "y": -4.11
          }
        }
      ]
    },
    {
      "time": -0.28,
      "ball": {
        "pos": {
          "x": 11.546,
          "y": 0.742,
          "z": 3.172
        }
      },
      "players": [
        {
          "team": 1,
          "pos": {
            "x": 12.3,
            "y": 0.97
          }
        },
        {
          "team": 2,
          "pos": {
            "x": -14.45,
            "y": -4.13
          }
        }
      ]
    },
    {
      "time": -0.26,
      "ball": {
        "pos": {
          "x": 11.541,
          "y": 0.75,
          "z": 3.188
        }
      },
      "players": [
        {
          "team": 1,
          "pos": {
            "x": 12.28,
            "y": 0.97
          }
        },
        {
          "team": 2,
          "pos": {
            "x": -14.41,
            "y": -4.13
          }
        }
      ]
    },
    {
      "time": -0.24,
      "ball": {
        "pos": {
          "x": 11.535,
          "y": 0.758,
          "z": 3.2
        }
      },
      "players": [
        {
          "team": 1,
          "pos": {
            "x": 12.27,
            "y": 0.99
          }
        },
        {
          "team": 2,
          "pos": {
            "x": -14.36,
            "y": -4.13
          }
        }
      ]
    },
    {
      "time": -0.22,
      "ball": {
        "pos": {
          "x": 11.529,
          "y": 0.765,
          "z": 3.209
        }
      },
      "players": [
        {
          "team": 1,
          "pos": {
            "x": 12.21,
            "y": 1.01
          }
        },
        {
          "team": 2,
          "pos": {
            "x": -14.31,
            "y": -4.09
          }
        }
      ]
    },
    {
      "time": -0.2,
      "ball": {
        "pos": {
          "x": 11.523,
          "y": 0.773,
          "z": 3.213
        }
      },
      "players": [
        {
          "team": 1,
          "pos": {
            "x": 12.12,
            "y": 1.05
          }
        },
        {
          "team": 2,
          "pos": {
            "x": -14.26,
            "y": -4.02
          }
        }
      ]
    },
    {
      "time": -0.186,
      "ball": {
        "pos": {
          "x": 11.519,
          "y": 0.779,
          "z": 3.214
        }
      },
      "players": [
        {
          "team": 1,
          "pos": {
            "x": 12.04,
            "y": 1.06
          }
        },
        {
          "team": 2,
          "pos": {
            "x": -14.51,
            "y": -4.08
          }
        }
      ]
    },
    {
      "time": -0.18,
      "ball": {
        "pos": {
          "x": 11.517,
          "y": 0.781,
          "z": 3.214
        }
      },
      "players": [
        {
          "team": 1,
          "pos": {
            "x": 12.05,
            "y": 1.06
          }
        },
        {
          "team": 2,
          "pos": {
            "x": -14.21,
            "y": -3.96
          }
        }
      ]
    },
    {
      "time": -0.16,
      "ball": {
        "pos": {
          "x": 11.511,
          "y": 0.789,
          "z": 3.211
        }
      },
      "players": [
        {
          "team": 1,
          "pos": {
            "x": 11.99,
            "y": 1.04
          }
        },
        {
          "team": 2,
          "pos": {
            "x": -14.15,
            "y": -3.89
          }
        }
      ]
    },
    {
      "time": -0.14,
      "ball": {
        "pos": {
          "x": 11.504,
          "y": 0.796,
          "z": 3.204
        }
      },
      "players": [
        {
          "team": 1,
          "pos": {
            "x": 11.96,
            "y": 1.09
          }
        },
        {
          "team": 2,
          "pos": {
            "x": -14.08,
            "y": -3.91
          }
        }
      ]
    },
    {
      "time": -0.12,
      "ball": {
        "pos": {
          "x": 11.497,
          "y": 0.804,
          "z": 3.193
        }
      },
      "players": [
        {
          "team": 1,
          "pos": {
            "x": 11.89,
            "y": 1.09
          }
        },
        {
          "team": 2,
          "pos": {
            "x": -14.02,
            "y": -3.88
          }
        }
      ]
    },
    {
      "time": -0.1,
      "ball": {
        "pos": {
          "x": 11.49,
          "y": 0.811,
          "z": 3.178
        }
      },
      "players": [
        {
          "team": 1,
          "pos": {
            "x": 11.83,
            "y": 1.09
          }
        },
        {
          "team": 2,
          "pos": {
            "x": -13.97,
            "y": -3.82
          }
        }
      ]
    },
    {
      "time": -0.08,
      "ball": {
        "pos": {
          "x": 11.482,
          "y": 0.818,
          "z": 3.158
        }
      },
      "players": [
        {
          "team": 1,
          "pos": {
            "x": 11.77,
            "y": 1.06
          }
        },
        {
          "team": 2,
          "pos": {
            "x": -13.92,
            "y": -3.75
          }
        }
      ]
    },
    {
      "time": -0.06,
      "ball": {
        "pos": {
          "x": 11.474,
          "y": 0.825,
          "z": 3.135
        }
      },
      "players": [
        {
          "team": 1,
          "pos": {
            "x": 11.76,
            "y": 1.01
          }
        },
        {
          "team": 2,
          "pos": {
            "x": -13.87,
            "y": -3.71
          }
        }
      ]
    },
    {
      "time": -0.04,
      "ball": {
        "pos": {
          "x": 11.465,
          "y": 0.832,
          "z": 3.108
        }
      },
      "players": [
        {
          "team": 1,
          "pos": {
            "x": 11.69,
            "y": 0.98
          }
        },
        {
          "team": 2,
          "pos": {
            "x": -13.9,
            "y": -3.69
          }
        }
      ]
    },
    {
      "time": -0.02,
      "ball": {
        "pos": {
          "x": 11.455,
          "y": 0.838,
          "z": 3.077
        }
      },
      "players": [
        {
          "team": 1,
          "pos": {
            "x": 11.66,
            "y": 0.9
          }
        },
        {
          "team": 2,
          "pos": {
            "x": -13.91,
            "y": -3.7
          }
        }
      ]
    },
    {
      "time": 0.0,
      "event": "hit",
      "ball": {
        "pos": {
          "x": 11.445,
          "y": 0.844,
          "z": 3.042
        }
      },
      "players": [
        {
          "team": 1,
          "pos": {
            "x": 11.61,
            "y": 0.84
          }
        },
        {
          "team": 2,
          "pos": {
            "x": -13.87,
            "y": -3.68
          }
        }
      ]
    },
    {
      "time": 0.02,
      "ball": {
        "pos": {
          "x": 10.425,
          "y": 0.738,
          "z": 2.911
        }
      },
      "players": [
        {
          "team": 1,
          "pos": {
            "x": 11.55,
            "y": 0.78
          }
        },
        {
          "team": 2,
          "pos": {
            "x": -13.86,
            "y": -3.67
          }
        }
      ]
    },
    {
      "time": 0.04,
      "ball": {
        "pos": {
          "x": 9.426,
          "y": 0.639,
          "z": 2.779
        }
      },
      "players": [
        {
          "team": 1,
          "pos": {
            "x": 11.5,
            "y": 0.73
          }
        },
        {
          "team": 2,
          "pos": {
            "x": -13.81,
            "y": -3.64
          }
        }
      ]
    },
    {
      "time": 0.06,
      "ball": {
        "pos": {
          "x": 8.448,
          "y": 0.547,
          "z": 2.645
        }
      },
      "players": [
        {
          "team": 1,
          "pos": {
            "x": 11.42,
            "y": 0.7
          }
        },
        {
          "team": 2,
          "pos": {
            "x": -13.85,
            "y": -3.64
          }
        }
      ]
    },
    {
      "time": 0.08,
      "ball": {
        "pos": {
          "x": 7.489,
          "y": 0.462,
          "z": 2.51
        }
      },
      "players": [
        {
          "team": 1,
          "pos": {
            "x": 11.31,
            "y": 0.71
          }
        },
        {
          "team": 2,
          "pos": {
            "x": -13.89,
            "y": -3.64
          }
        }
      ]
    },
    {
      "time": 0.1,
      "ball": {
        "pos": {
          "x": 6.551,
          "y": 0.383,
          "z": 2.374
        }
      },
      "players": [
        {
          "team": 1,
          "pos": {
            "x": 11.27,
            "y": 0.73
          }
        },
        {
          "team": 2,
          "pos": {
            "x": -13.94,
            "y": -3.65
          }
        }
      ]
    },
    {
      "time": 0.12,
      "ball": {
        "pos": {
          "x": 5.632,
          "y": 0.311,
          "z": 2.235
        }
      },
      "players": [
        {
          "team": 1,
          "pos": {
            "x": 11.24,
            "y": 0.74
          }
        },
        {
          "team": 2,
          "pos": {
            "x": -13.97,
            "y": -3.64
          }
        }
      ]
    },
    {
      "time": 0.14,
      "ball": {
        "pos": {
          "x": 4.731,
          "y": 0.245,
          "z": 2.094
        }
      },
      "players": [
        {
          "team": 1,
          "pos": {
            "x": 11.22,
            "y": 0.77
          }
        },
        {
          "team": 2,
          "pos": {
            "x": -14.0,
            "y": -3.63
          }
        }
      ]
    },
    {
      "time": 0.16,
      "ball": {
        "pos": {
          "x": 3.848,
          "y": 0.184,
          "z": 1.952
        }
      },
      "players": [
        {
          "team": 1,
          "pos": {
            "x": 11.21,
            "y": 0.72
          }
        },
        {
          "team": 2,
          "pos": {
            "x": -14.03,
            "y": -3.61
          }
        }
      ]
    },
    {
      "time": 0.18,
      "ball": {
        "pos": {
          "x": 2.983,
          "y": 0.13,
          "z": 1.807
        }
      },
      "players": [
        {
          "team": 1,
          "pos": {
            "x": 11.18,
            "y": 0.73
          }
        },
        {
          "team": 2,
          "pos": {
            "x": -14.02,
            "y": -3.61
          }
        }
      ]
    },
    {
      "time": 0.2,
      "ball": {
        "pos": {
          "x": 2.135,
          "y": 0.081,
          "z": 1.661
        }
      },
      "players": [
        {
          "team": 1,
          "pos": {
            "x": 11.2,
            "y": 0.69
          }
        },
        {
          "team": 2,
          "pos": {
            "x": -14.03,
            "y": -3.6
          }
        }
      ]
    },
    {
      "time": 0.22,
      "ball": {
        "pos": {
          "x": 1.304,
          "y": 0.037,
          "z": 1.511
        }
      },
      "players": [
        {
          "team": 1,
          "pos": {
            "x": 11.18,
            "y": 0.72
          }
        },
        {
          "team": 2,
          "pos": {
            "x": -14.03,
            "y": -3.58
          }
        }
      ]
    },
    {
      "time": 0.24,
      "ball": {
        "pos": {
          "x": 0.488,
          "y": -0.002,
          "z": 1.36
        }
      },
      "players": [
        {
          "team": 1,
          "pos": {
            "x": 11.18,
            "y": 0.73
          }
        },
        {
          "team": 2,
          "pos": {
            "x": -14.03,
            "y": -3.57
          }
        }
      ]
    },
    {
      "time": 0.252,
      "ball": {
        "pos": {
          "x": 0.0,
          "y": -0.023,
          "z": 1.266
        }
      },
      "players": [
        {
          "team": 1,
          "pos": {
            "x": 11.19,
            "y": 0.78
          }
        },
        {
          "team": 2,
          "pos": {
            "x": -13.94,
            "y": -3.65
          }
        }
      ]
    },
    {
      "time": 0.26,
      "ball": {
        "pos": {
          "x": -0.312,
          "y": -0.036,
          "z": 1.206
        }
      },
      "players": [
        {
          "team": 1,
          "pos": {
            "x": 11.19,
            "y": 0.78
          }
        },
        {
          "team": 2,
          "pos": {
            "x": -14.03,
            "y": -3.56
          }
        }
      ]
    },
    {
      "time": 0.28,
      "ball": {
        "pos": {
          "x": -1.097,
          "y": -0.065,
          "z": 1.049
        }
      },
      "players": [
        {
          "team": 1,
          "pos": {
            "x": 11.22,
            "y": 0.81
          }
        },
        {
          "team": 2,
          "pos": {
            "x": -14.03,
            "y": -3.55
          }
        }
      ]
    },
    {
      "time": 0.3,
      "ball": {
        "pos": {
          "x": -1.868,
          "y": -0.09,
          "z": 0.889
        }
      },
      "players": [
        {
          "team": 1,
          "pos": {
            "x": 11.28,
            "y": 0.85
          }
        },
        {
          "team": 2,
          "pos": {
            "x": -14.03,
            "y": -3.53
          }
        }
      ]
    },
    {
      "time": 0.32,
      "ball": {
        "pos": {
          "x": -2.624,
          "y": -0.11,
          "z": 0.726
        }
      },
      "players": [
        {
          "team": 1,
          "pos": {
            "x": 11.3,
            "y": 0.86
          }
        },
        {
          "team": 2,
          "pos": {
            "x": -14.04,
            "y": -3.51
          }
        }
      ]
    },
    {
      "time": 0.34,
      "ball": {
        "pos": {
          "x": -3.368,
          "y": -0.127,
          "z": 0.56
        }
      },
      "players": [
        {
          "team": 1,
          "pos": {
            "x": 11.33,
            "y": 0.9
          }
        },
        {
          "team": 2,
          "pos": {
            "x": -14.02,
            "y": -3.48
          }
        }
      ]
    },
    {
      "time": 0.36,
      "ball": {
        "pos": {
          "x": -4.098,
          "y": -0.139,
          "z": 0.392
        }
      },
      "players": [
        {
          "team": 1,
          "pos": {
            "x": 11.38,
            "y": 0.92
          }
        },
        {
          "team": 2,
          "pos": {
            "x": -14.01,
            "y": -3.44
          }
        }
      ]
    },
    {
      "time": 0.38,
      "ball": {
        "pos": {
          "x": -4.816,
          "y": -0.148,
          "z": 0.219
        }
      },
      "players": [
        {
          "team": 1,
          "pos": {
            "x": 11.41,
            "y": 0.9
          }
        },
        {
          "team": 2,
          "pos": {
            "x": -13.99,
            "y": -3.39
          }
        }
      ]
    },
    {
      "time": 0.4,
      "event": "bounce",
      "ball": {
        "pos": {
          "x": -5.521,
          "y": -0.154,
          "z": 0.043
        }
      },
      "players": [
        {
          "team": 1,
          "pos": {
            "x": 11.46,
            "y": 0.89
          }
        },
        {
          "team": 2,
          "pos": {
            "x": -13.99,
            "y": -3.34
          }
        }
      ]
    },
    {
      "time": 0.42,
      "ball": {
        "pos": {
          "x": -6.066,
          "y": -0.179,
          "z": 0.145
        }
      },
      "players": [
        {
          "team": 1,
          "pos": {
            "x": 11.48,
            "y": 0.89
          }
        },
        {
          "team": 2,
          "pos": {
            "x": -13.96,
            "y": -3.28
          }
        }
      ]
    },
    {
      "time": 0.44,
      "ball": {
        "pos": {
          "x": -6.584,
          "y": -0.203,
          "z": 0.271
        }
      },
      "players": [
        {
          "team": 1,
          "pos": {
            "x": 11.51,
            "y": 0.89
          }
        },
        {
          "team": 2,
          "pos": {
            "x": -13.94,
            "y": -3.21
          }
        }
      ]
    },
    {
      "time": 0.46,
      "ball": {
        "pos": {
          "x": -7.094,
          "y": -0.226,
          "z": 0.388
        }
      },
      "players": [
        {
          "team": 1,
          "pos": {
            "x": 11.53,
            "y": 0.9
          }
        },
        {
          "team": 2,
          "pos": {
            "x": -13.91,
            "y": -3.12
          }
        }
      ]
    },
    {
      "time": 0.48,
      "ball": {
        "pos": {
          "x": -7.597,
          "y": -0.246,
          "z": 0.497
        }
      },
      "players": [
        {
          "team": 1,
          "pos": {
            "x": 11.54,
            "y": 0.92
          }
        },
        {
          "team": 2,
          "pos": {
            "x": -13.89,
            "y": -3.04
          }
        }
      ]
    },
    {
      "time": 0.5,
      "ball": {
        "pos": {
          "x": -8.094,
          "y": -0.263,
          "z": 0.598
        }
      },
      "players": [
        {
          "team": 1,
          "pos": {
            "x": 11.53,
            "y": 0.9
          }
        },
        {
          "team": 2,
          "pos": {
            "x": -13.88,
            "y": -2.98
          }
        }
      ]
    },
    {
      "time": 0.52,
      "ball": {
        "pos": {
          "x": -8.583,
          "y": -0.278,
          "z": 0.692
        }
      },
      "players": [
        {
          "team": 1,
          "pos": {
            "x": 11.53,
            "y": 0.87
          }
        },
        {
          "team": 2,
          "pos": {
            "x": -13.88,
            "y": -2.92
          }
        }
      ]
    },
    {
      "time": 0.54,
      "ball": {
        "pos": {
          "x": -9.067,
          "y": -0.291,
          "z": 0.778
        }
      },
      "players": [
        {
          "team": 1,
          "pos": {
            "x": 11.51,
            "y": 0.86
          }
        },
        {
          "team": 2,
          "pos": {
            "x": -13.87,
            "y": -2.85
          }
        }
      ]
    },
    {
      "time": 0.56,
      "ball": {
        "pos": {
          "x": -9.544,
          "y": -0.302,
          "z": 0.856
        }
      },
      "players": [
        {
          "team": 1,
          "pos": {
            "x": 11.49,
            "y": 0.81
          }
        },
        {
          "team": 2,
          "pos": {
            "x": -13.87,
            "y": -2.79
          }
        }
      ]
    },
    {
      "time": 0.58,
      "ball": {
        "pos": {
          "x": -10.015,
          "y": -0.311,
          "z": 0.926
        }
      },
      "players": [
        {
          "team": 1,
          "pos": {
            "x": 11.46,
            "y": 0.77
          }
        },
        {
          "team": 2,
          "pos": {
            "x": -13.85,
            "y": -2.72
          }
        }
      ]
    },
    {
      "time": 0.6,
      "ball": {
        "pos": {
          "x": -10.48,
          "y": -0.318,
          "z": 0.99
        }
      },
      "players": [
        {
          "team": 1,
          "pos": {
            "x": 11.46,
            "y": 0.73
          }
        },
        {
          "team": 2,
          "pos": {
            "x": -13.84,
            "y": -2.65
          }
        }
      ]
    },
    {
      "time": 0.62,
      "ball": {
        "pos": {
          "x": -10.939,
          "y": -0.323,
          "z": 1.047
        }
      },
      "players": [
        {
          "team": 1,
          "pos": {
            "x": 11.41,
            "y": 0.68
          }
        },
        {
          "team": 2,
          "pos": {
            "x": -13.82,
            "y": -2.59
          }
        }
      ]
    },
    {
      "time": 0.64,
      "ball": {
        "pos": {
          "x": -11.393,
          "y": -0.326,
          "z": 1.096
        }
      },
      "players": [
        {
          "team": 1,
          "pos": {
            "x": 11.37,
            "y": 0.69
          }
        },
        {
          "team": 2,
          "pos": {
            "x": -13.81,
            "y": -2.52
          }
        }
      ]
    },
    {
      "time": 0.66,
      "ball": {
        "pos": {
          "x": -11.841,
          "y": -0.327,
          "z": 1.139
        }
      },
      "players": [
        {
          "team": 1,
          "pos": {
            "x": 11.28,
            "y": 0.67
          }
        },
        {
          "team": 2,
          "pos": {
            "x": -13.8,
            "y": -2.46
          }
        }
      ]
    },
    {
      "time": 0.68,
      "ball": {
        "pos": {
          "x": -12.285,
          "y": -0.327,
          "z": 1.175
        }
      },
      "players": [
        {
          "team": 1,
          "pos": {
            "x": 11.25,
            "y": 0.64
          }
        },
        {
          "team": 2,
          "pos": {
            "x": -13.81,
            "y": -2.39
          }
        }
      ]
    },
    {
      "time": 0.7,
      "ball": {
        "pos": {
          "x": -12.723,
          "y": -0.325,
          "z": 1.205
        }
      },
      "players": [
        {
          "team": 1,
          "pos": {
            "x": 11.22,
            "y": 0.67
          }
        },
        {
          "team": 2,
          "pos": {
            "x": -13.81,
            "y": -2.33
          }
        }
      ]
    },
    {
      "time": 0.72,
      "ball": {
        "pos": {
          "x": -13.157,
          "y": -0.322,
          "z": 1.229
        }
      },
      "players": [
        {
          "team": 1,
          "pos": {
            "x": 11.18,
            "y": 0.72
          }
        },
        {
          "team": 2,
          "pos": {
            "x": -13.81,
            "y": -2.26
          }
        }
      ]
    },
    {
      "time": 0.74,
      "ball": {
        "pos": {
          "x": -13.585,
          "y": -0.317,
          "z": 1.247
        }
      },
      "players": [
        {
          "team": 1,
          "pos": {
            "x": 11.13,
            "y": 0.77
          }
        },
        {
          "team": 2,
          "pos": {
            "x": -13.8,
            "y": -2.2
          }
        }
      ]
    },
    {
      "time": 0.76,
      "ball": {
        "pos": {
          "x": -14.01,
          "y": -0.311,
          "z": 1.258
        }
      },
      "players": [
        {
          "team": 1,
          "pos": {
            "x": 11.09,
            "y": 0.81
          }
        },
        {
          "team": 2,
          "pos": {
            "x": -13.81,
            "y": -2.14
          }
        }
      ]
    },
    {
      "time": 0.78,
      "ball": {
        "pos": {
          "x": -14.43,
          "y": -0.303,
          "z": 1.264
        }
      },
      "players": [
        {
          "team": 1,
          "pos": {
            "x": 11.03,
            "y": 0.83
          }
        },
        {
          "team": 2,
          "pos": {
            "x": -13.83,
            "y": -2.07
          }
        }
      ]
    },
    {
      "time": 0.791,
      "ball": {
        "pos": {
          "x": -14.667,
          "y": -0.299,
          "z": 1.265
        }
      },
      "players": [
        {
          "team": 1,
          "pos": {
            "x": 10.97,
            "y": 0.87
          }
        },
        {
          "team": 2,
          "pos": {
            "x": -13.8,
            "y": -2.52
          }
        }
      ]
    },
    {
      "time": 0.8,
      "ball": {
        "pos": {
          "x": -14.847,
          "y": -0.295,
          "z": 1.265
        }
      },
      "players": [
        {
          "team": 1,
          "pos": {
            "x": 10.97,
            "y": 0.87
          }
        },
        {
          "team": 2,
          "pos": {
            "x": -13.86,
            "y": -2.01
          }
        }
      ]
    },
    {
      "time": 0.82,
      "ball": {
        "pos": {
          "x": -15.259,
          "y": -0.285,
          "z": 1.26
        }
      },
      "players": [
        {
          "team": 1,
          "pos": {
            "x": 10.92,
            "y": 0.91
          }
        },
        {
          "team": 2,
          "pos": {
            "x": -13.88,
            "y": -1.94
          }
        }
      ]
    },
    {
      "time": 0.84,
      "ball": {
        "pos": {
          "x": -15.668,
          "y": -0.274,
          "z": 1.249
        }
      },
      "players": [
        {
          "team": 1,
          "pos": {
            "x": 10.88,
            "y": 0.93
          }
        },
        {
          "team": 2,
          "pos": {
            "x": -13.88,
            "y": -1.94
          }
        }
      ]
    },
    {
      "time": 0.86,
      "ball": {
        "pos": {
          "x": -16.073,
          "y": -0.262,
          "z": 1.234
        }
      },
      "players": [
        {
          "team": 1,
          "pos": {
            "x": 10.86,
            "y": 0.92
          }
        },
        {
          "team": 2,
          "pos": {
            "x": -13.88,
            "y": -1.94
          }
        }
      ]
    },
    {
      "time": 0.88,
      "ball": {
        "pos": {
          "x": -16.475,
          "y": -0.25,
          "z": 1.214
        }
      },
      "players": [
        {
          "team": 1,
          "pos": {
            "x": 10.84,
            "y": 0.88
          }
        },
        {
          "team": 2,
          "pos": {
            "x": -13.88,
            "y": -1.94
          }
        }
      ]
    },
    {
      "time": 0.9,
      "ball": {
        "pos": {
          "x": -16.874,
          "y": -0.236,
          "z": 1.188
        }
      },
      "players": [
        {
          "team": 1,
          "pos": {
            "x": 10.81,
            "y": 0.86
          }
        },
        {
          "team": 2,
          "pos": {
            "x": -13.88,
            "y": -1.94
          }
        }
      ]
    },
    {
      "time": 0.92,
      "ball": {
        "pos": {
          "x": -17.27,
          "y": -0.222,
          "z": 1.159
        }
      },
      "players": [
        {
          "team": 1,
          "pos": {
            "x": 10.8,
            "y": 0.79
          }
        },
        {
          "team": 2,
          "pos": {
            "x": -13.88,
            "y": -1.94
          }
        }
      ]
    },
    {
      "time": 0.94,
      "ball": {
        "pos": {
          "x": -17.663,
          "y": -0.207,
          "z": 1.124
        }
      },
      "players": [
        {
          "team": 1,
          "pos": {
            "x": 10.77,
            "y": 0.78
          }
        },
        {
          "team": 2,
          "pos": {
            "x": -13.88,
            "y": -1.94
          }
        }
      ]
    },
    {
      "time": 0.96,
      "ball": {
        "pos": {
          "x": -18.053,
          "y": -0.191,
          "z": 1.086
        }
      },
      "players": [
        {
          "team": 1,
          "pos": {
            "x": 10.76,
            "y": 0.75
          }
        },
        {
          "team": 2,
          "pos": {
            "x": -13.88,
            "y": -1.94
          }
        }
      ]
    },
    {
      "time": 0.98,
      "ball": {
        "pos": {
          "x": -18.442,
          "y": -0.175,
          "z": 1.043
        }
      },
      "players": [
        {
          "team": 1,
          "pos": {
            "x": 10.73,
            "y": 0.75
          }
        },
        {
          "team": 2,
          "pos": {
            "x": -13.88,
            "y": -1.94
          }
        }
      ]
    },
    {
      "time": 1.0,
      "ball": {
        "pos": {
          "x": -18.828,
          "y": -0.158,
          "z": 0.997
        }
      },
      "players": [
        {
          "team": 1,
          "pos": {
            "x": 10.73,
            "y": 0.75
          }
        },
        {
          "team": 2,
          "pos": {
            "x": -13.88,
            "y": -1.94
          }
        }
      ]
    },
    {
      "time": 1.02,
      "ball": {
        "pos": {
          "x": -19.212,
          "y": -0.142,
          "z": 0.946
        }
      },
      "players": [
        {
          "team": 1,
          "pos": {
            "x": 10.73,
            "y": 0.75
          }
        },
        {
          "team": 2,
          "pos": {
            "x": -13.88,
            "y": -1.94
          }
        }
      ]
    },
    {
      "time": 1.025,
      "event": "hit",
      "ball": {
        "pos": {
          "x": -19.312,
          "y": -0.137,
          "z": 0.932
        }
      },
      "players": [
        {
          "team": 1,
          "pos": {
            "x": 10.73,
            "y": 0.75
          }
        },
        {
          "team": 2,
          "pos": {
            "x": -13.88,
            "y": -1.94
          }
        }
      ]
    },
    {
      "time": 1.04,
      "ball": {
        "pos": {
          "x": -19.183,
          "y": -0.157,
          "z": 0.961
        }
      },
      "players": [
        {
          "team": 1,
          "pos": {
            "x": 10.73,
            "y": 0.75
          }
        },
        {
          "team": 2,
          "pos": {
            "x": -13.88,
            "y": -1.94
          }
        }
      ]
    },
    {
      "time": 1.06,
      "ball": {
        "pos": {
          "x": -19.009,
          "y": -0.184,
          "z": 0.996
        }
      },
      "players": [
        {
          "team": 1,
          "pos": {
            "x": 10.73,
            "y": 0.75
          }
        },
        {
          "team": 2,
          "pos": {
            "x": -13.88,
            "y": -1.94
          }
        }
      ]
    },
    {
      "time": 1.08,
      "ball": {
        "pos": {
          "x": -18.835,
          "y": -0.21,
          "z": 1.029
        }
      },
      "players": [
        {
          "team": 1,
          "pos": {
            "x": 10.73,
            "y": 0.75
          }
        },
        {
          "team": 2,
          "pos": {
            "x": -13.88,
            "y": -1.94
          }
        }
      ]
    },
    {
      "time": 1.1,
      "ball": {
        "pos": {
          "x": -18.66,
          "y": -0.236,
          "z": 1.058
        }
      },
      "players": [
        {
          "team": 1,
          "pos": {
            "x": 10.73,
            "y": 0.75
          }
        },
        {
          "team": 2,
          "pos": {
            "x": -13.88,
            "y": -1.94
          }
        }
      ]
    },
    {
      "time": 1.12,
      "ball": {
        "pos": {
          "x": -18.486,
          "y": -0.262,
          "z": 1.083
        }
      },
      "players": [
        {
          "team": 1,
          "pos": {
            "x": 10.73,
            "y": 0.75
          }
        },
        {
          "team": 2,
          "pos": {
            "x": -13.88,
            "y": -1.94
          }
        }
      ]
    },
    {
      "time": 1.14,
      "ball": {
        "pos": {
          "x": -18.311,
          "y": -0.287,
          "z": 1.105
        }
      },
      "players": [
        {
          "team": 1,
          "pos": {
            "x": 10.73,
            "y": 0.75
          }
        },
        {
          "team": 2,
          "pos": {
            "x": -13.88,
            "y": -1.94
          }
        }
      ]
    },
    {
      "time": 1.16,
      "ball": {
        "pos": {
          "x": -18.136,
          "y": -0.311,
          "z": 1.124
        }
      },
      "players": [
        {
          "team": 1,
          "pos": {
            "x": 10.73,
            "y": 0.75
          }
        },
        {
          "team": 2,
          "pos": {
            "x": -13.88,
            "y": -1.94
          }
        }
      ]
    },
    {
      "time": 1.18,
      "ball": {
        "pos": {
          "x": -17.962,
          "y": -0.336,
          "z": 1.14
        }
      },
      "players": [
        {
          "team": 1,
          "pos": {
            "x": 10.73,
            "y": 0.75
          }
        },
        {
          "team": 2,
          "pos": {
            "x": -13.88,
            "y": -1.94
          }
        }
      ]
    },
    {
      "time": 1.2,
      "ball": {
        "pos": {
          "x": -17.788,
          "y": -0.36,
          "z": 1.151
        }
      },
      "players": [
        {
          "team": 1,
          "pos": {
            "x": 10.73,
            "y": 0.75
          }
        },
        {
          "team": 2,
          "pos": {
            "x": -13.88,
            "y": -1.94
          }
        }
      ]
    },
    {
      "time": 1.22,
      "ball": {
        "pos": {
          "x": -17.614,
          "y": -0.384,
          "z": 1.16
        }
      },
      "players": [
        {
          "team": 1,
          "pos": {
            "x": 10.73,
            "y": 0.75
          }
        },
        {
          "team": 2,
          "pos": {
            "x": -13.88,
            "y": -1.94
          }
        }
      ]
    },
    {
      "time": 1.24,
      "ball": {
        "pos": {
          "x": -17.44,
          "y": -0.408,
          "z": 1.165
        }
      },
      "players": [
        {
          "team": 1,
          "pos": {
            "x": 10.73,
            "y": 0.75
          }
        },
        {
          "team": 2,
          "pos": {
            "x": -13.88,
            "y": -1.94
          }
        }
      ]
    },
    {
      "time": 1.259,
      "ball": {
        "pos": {
          "x": -17.278,
          "y": -0.43,
          "z": 1.166
        }
      },
      "players": [
        {
          "team": 1,
          "pos": {
            "x": 10.73,
            "y": 0.75
          }
        },
        {
          "team": 2,
          "pos": {
            "x": -13.88,
            "y": -1.94
          }
        }
      ]
    },
    {
      "time": 1.26,
      "ball": {
        "pos": {
          "x": -17.266,
          "y": -0.431,
          "z": 1.166
        }
      },
      "players": [
        {
          "team": 1,
          "pos": {
            "x": 10.73,
            "y": 0.75
          }
        },
        {
          "team": 2,
          "pos": {
            "x": -13.88,
            "y": -1.94
          }
        }
      ]
    },
    {
      "time": 1.28,
      "ball": {
        "pos": {
          "x": -17.093,
          "y": -0.455,
          "z": 1.164
        }
      },
      "players": [
        {
          "team": 1,
          "pos": {
            "x": 10.73,
            "y": 0.75
          }
        },
        {
          "team": 2,
          "pos": {
            "x": -13.88,
            "y": -1.94
          }
        }
      ]
    },
    {
      "time": 1.3,
      "ball": {
        "pos": {
          "x": -16.921,
          "y": -0.479,
          "z": 1.159
        }
      },
      "players": [
        {
          "team": 1,
          "pos": {
            "x": 10.73,
            "y": 0.75
          }
        },
        {
          "team": 2,
          "pos": {
            "x": -13.88,
            "y": -1.94
          }
        }
      ]
    },
    {
      "time": 1.32,
      "ball": {
        "pos": {
          "x": -16.749,
          "y": -0.503,
          "z": 1.15
        }
      },
      "players": [
        {
          "team": 1,
          "pos": {
            "x": 10.73,
            "y": 0.75
          }
        },
        {
          "team": 2,
          "pos": {
            "x": -13.88,
            "y": -1.94
          }
        }
      ]
    },
    {
      "time": 1.34,
      "ball": {
        "pos": {
          "x": -16.578,
          "y": -0.527,
          "z": 1.137
        }
      },
      "players": [
        {
          "team": 1,
          "pos": {
            "x": 10.73,
            "y": 0.75
          }
        },
        {
          "team": 2,
          "pos": {
            "x": -13.88,
            "y": -1.94
          }
        }
      ]
    },
    {
      "time": 1.36,
      "ball": {
        "pos": {
          "x": -16.407,
          "y": -0.551,
          "z": 1.121
        }
      },
      "players": [
        {
          "team": 1,
          "pos": {
            "x": 10.73,
            "y": 0.75
          }
        },
        {
          "team": 2,
          "pos": {
            "x": -13.88,
            "y": -1.94
          }
        }
      ]
    },
    {
      "time": 1.38,
      "ball": {
        "pos": {
          "x": -16.237,
          "y": -0.575,
          "z": 1.101
        }
      },
      "players": [
        {
          "team": 1,
          "pos": {
            "x": 10.73,
            "y": 0.75
          }
        },
        {
          "team": 2,
          "pos": {
            "x": -13.88,
            "y": -1.94
          }
        }
      ]
    },
    {
      "time": 1.4,
      "ball": {
        "pos": {
          "x": -16.068,
          "y": -0.6,
          "z": 1.078
        }
      },
      "players": [
        {
          "team": 1,
          "pos": {
            "x": 10.73,
            "y": 0.75
          }
        },
        {
          "team": 2,
          "pos": {
            "x": -13.88,
            "y": -1.94
          }
        }
      ]
    },
    {
      "time": 1.42,
      "ball": {
        "pos": {
          "x": -15.9,
          "y": -0.625,
          "z": 1.051
        }
      },
      "players": [
        {
          "team": 1,
          "pos": {
            "x": 10.73,
            "y": 0.75
          }
        },
        {
          "team": 2,
          "pos": {
            "x": -13.88,
            "y": -1.94
          }
        }
      ]
    },
    {
      "time": 1.44,
      "ball": {
        "pos": {
          "x": -15.733,
          "y": -0.651,
          "z": 1.021
        }
      },
      "players": [
        {
          "team": 1,
          "pos": {
            "x": 10.73,
            "y": 0.75
          }
        },
        {
          "team": 2,
          "pos": {
            "x": -13.88,
            "y": -1.94
          }
        }
      ]
    },
    {
      "time": 1.46,
      "ball": {
        "pos": {
          "x": -15.567,
          "y": -0.677,
          "z": 0.986
        }
      },
      "players": [
        {
          "team": 1,
          "pos": {
            "x": 10.73,
            "y": 0.75
          }
        },
        {
          "team": 2,
          "pos": {
            "x": -13.88,
            "y": -1.94
          }
        }
      ]
    },
    {
      "time": 1.48,
      "ball": {
        "pos": {
          "x": -15.402,
          "y": -0.703,
          "z": 0.948
        }
      },
      "players": [
        {
          "team": 1,
          "pos": {
            "x": 10.73,
            "y": 0.75
          }
        },
        {
          "team": 2,
          "pos": {
            "x": -13.88,
            "y": -1.94
          }
        }
      ]
    },
    {
      "time": 1.5,
      "ball": {
        "pos": {
          "x": -15.238,
          "y": -0.73,
          "z": 0.907
        }
      },
      "players": [
        {
          "team": 1,
          "pos": {
            "x": 10.73,
            "y": 0.75
          }
        },
        {
          "team": 2,
          "pos": {
            "x": -13.88,
            "y": -1.94
          }
        }
      ]
    },
    {
      "time": 1.52,
      "ball": {
        "pos": {
          "x": -15.075,
          "y": -0.758,
          "z": 0.862
        }
      },
      "players": [
        {
          "team": 1,
          "pos": {
            "x": 10.73,
            "y": 0.75
          }
        },
        {
          "team": 2,
          "pos": {
            "x": -13.88,
            "y": -1.94
          }
        }
      ]
    },
    {
      "time": 1.54,
      "ball": {
        "pos": {
          "x": -14.914,
          "y": -0.786,
          "z": 0.813
        }
      },
      "players": [
        {
          "team": 1,
          "pos": {
            "x": 10.73,
            "y": 0.75
          }
        },
        {
          "team": 2,
          "pos": {
            "x": -13.88,
            "y": -1.94
          }
        }
      ]
    },
    {
      "time": 1.541,
      "event": "hit",
      "ball": {
        "pos": {
          "x": -14.908,
          "y": -0.787,
          "z": 0.811
        }
      },
      "players": [
        {
          "team": 1,
          "pos": {
            "x": 10.73,
            "y": 0.75
          }
        },
        {
          "team": 2,
          "pos": {
            "x": -13.88,
            "y": -1.94
          }
        }
      ]
    },
    {
      "time": 1.56,
      "ball": {
        "pos": {
          "x": -14.9,
          "y": -0.664,
          "z": 0.713
        }
      },
      "players": [
        {
          "team": 1,
          "pos": {
            "x": 10.73,
            "y": 0.75
          }
        },
        {
          "team": 2,
          "pos": {
            "x": -13.88,
            "y": -1.94
          }
        }
      ]
    },
    {
      "time": 1.58,
      "ball": {
        "pos": {
          "x": -14.893,
          "y": -0.538,
          "z": 0.609
        }
      },
      "players": [
        {
          "team": 1,
          "pos": {
            "x": 10.73,
            "y": 0.75
          }
        },
        {
          "team": 2,
          "pos": {
            "x": -13.88,
            "y": -1.94
          }
        }
      ]
    },
    {
      "time": 1.6,
      "ball": {
        "pos": {
          "x": -14.887,
          "y": -0.414,
          "z": 0.501
        }
      },
      "players": [
        {
          "team": 1,
          "pos": {
            "x": 10.73,
            "y": 0.75
          }
        },
        {
          "team": 2,
          "pos": {
            "x": -13.88,
            "y": -1.94
          }
        }
      ]
    },
    {
      "time": 1.62,
      "ball": {
        "pos": {
          "x": -14.881,
          "y": -0.292,
          "z": 0.39
        }
      },
      "players": [
        {
          "team": 1,
          "pos": {
            "x": 10.73,
            "y": 0.75
          }
        },
        {
          "team": 2,
          "pos": {
            "x": -13.88,
            "y": -1.94
          }
        }
      ]
    },
    {
      "time": 1.64,
      "ball": {
        "pos": {
          "x": -14.875,
          "y": -0.171,
          "z": 0.275
        }
      },
      "players": [
        {
          "team": 1,
          "pos": {
            "x": 10.73,
            "y": 0.75
          }
        },
        {
          "team": 2,
          "pos": {
            "x": -13.88,
            "y": -1.94
          }
        }
      ]
    },
    {
      "time": 1.66,
      "ball": {
        "pos": {
          "x": -14.868,
          "y": -0.051,
          "z": 0.157
        }
      },
      "players": [
        {
          "team": 1,
          "pos": {
            "x": 10.73,
            "y": 0.75
          }
        },
        {
          "team": 2,
          "pos": {
            "x": -13.88,
            "y": -1.94
          }
        }
      ]
    },
    {
      "time": 1.677,
      "event": "bounce",
      "ball": {
        "pos": {
          "x": -14.861,
          "y": 0.049,
          "z": 0.055
        }
      },
      "players": [
        {
          "team": 1,
          "pos": {
            "x": 10.73,
            "y": 0.75
          }
        },
        {
          "team": 2,
          "pos": {
            "x": -13.88,
            "y": -1.94
          }
        }
      ]
    },
    {
      "time": 1.68,
      "ball": {
        "pos": {
          "x": -14.86,
          "y": 0.068,
          "z": 0.04
        }
      },
      "players": [
        {
          "team": 1,
          "pos": {
            "x": 10.73,
            "y": 0.75
          }
        },
        {
          "team": 2,
          "pos": {
            "x": -13.88,
            "y": -1.94
          }
        }
      ]
    },
    {
      "time": 1.682,
      "ball": {
        "pos": {
          "x": -14.859,
          "y": 0.079,
          "z": 0.055
        }
      },
      "players": [
        {
          "team": 1,
          "pos": {
            "x": 10.73,
            "y": 0.75
          }
        },
        {
          "team": 2,
          "pos": {
            "x": -13.88,
            "y": -1.94
          }
        }
      ]
    },
    {
      "time": 1.7,
      "players": [
        {
          "team": 1,
          "pos": {
            "x": 10.73,
            "y": 0.75
          }
        },
        {
          "team": 2,
          "pos": {
            "x": -13.88,
            "y": -1.94
          }
        }
      ]
    },
    {
      "time": 1.72,
      "players": [
        {
          "team": 1,
          "pos": {
            "x": 10.73,
            "y": 0.75
          }
        },
        {
          "team": 2,
          "pos": {
            "x": -13.88,
            "y": -1.94
          }
        }
      ]
    },
    {
      "time": 1.74,
      "players": [
        {
          "team": 1,
          "pos": {
            "x": 10.73,
            "y": 0.75
          }
        },
        {
          "team": 2,
          "pos": {
            "x": -13.88,
            "y": -1.94
          }
        }
      ]
    },
    {
      "time": 1.76,
      "players": [
        {
          "team": 1,
          "pos": {
            "x": 10.73,
            "y": 0.75
          }
        },
        {
          "team": 2,
          "pos": {
            "x": -13.88,
            "y": -1.94
          }
        }
      ]
    },
    {
      "time": 1.78,
      "players": [
        {
          "team": 1,
          "pos": {
            "x": 10.73,
            "y": 0.75
          }
        },
        {
          "team": 2,
          "pos": {
            "x": -13.88,
            "y": -1.94
          }
        }
      ]
    },
    {
      "time": 1.8,
      "players": [
        {
          "team": 1,
          "pos": {
            "x": 10.73,
            "y": 0.75
          }
        },
        {
          "team": 2,
          "pos": {
            "x": -13.88,
            "y": -1.94
          }
        }
      ]
    },
    {
      "time": 1.82,
      "players": [
        {
          "team": 1,
          "pos": {
            "x": 10.73,
            "y": 0.75
          }
        },
        {
          "team": 2,
          "pos": {
            "x": -13.88,
            "y": -1.94
          }
        }
      ]
    }
  ]
}