{
  "id": "f2b6710f-f0d8-4f24-9ce3-b40d46318b90",
  "sequences": {
    "set": 3,
    "game": 7,
    "point": 1,
    "serve": 1,
    "rally": 1
  },
  "match": {
    "season": 2025,
    "tournament_id": 9999,
    "draw_code": "MS001",
    "court_id": 1,
    "players": [
      {
        "forename": "Andy",
        "surname": "Bernard",
        "team": 1,
        "external_id": "AB12"
      },
      {
        "forename": "Cedric",
        "surname": "Diggory",
        "team": 2,
        "external_id": "CD34"
      }
    ]
  },
  "shots": [
    {
      "shot_no": 1,
      "team": 2,
      "stroke": "serve",
      "spin": {
        "type": "unknown",
        "rpm": 0.0
      },
      "speed_ms": 58.011,
      "call": "out",
      "distance": 1.149,
      "time_utc": "2025-01-01T13:01:49.211Z",
      "time": 0.0,
      "duration": 0.664
    },
    {
      "shot_no": 2,
      "team": 1,
      "stroke": "backhand",
      "spin": {
        "type": "unknown",
        "rpm": 0.0
      },
      "speed_ms": 20.017,
      "call": "out",
      "distance": null,
      "time_utc": "2025-01-01T13:01:49.875Z",
      "time": 0.664,
      "duration": 0.52
    }
  ],
  "samples": [
    {
      "time": -1.68,
      "players": [
        {
          "team": 1,
          "pos": {
            "x": 11.77,
            "y": 1.04
          }
        },
        {
          "team": 2,
          "pos": {
            "x": -14.79,
            "y": -3.94
          }
        }
      ]
    },
    {
      "time": -1.66,
      "players": [
        {
          "team": 1,
          "pos": {
            "x": 11.78,
            "y": 1.04
          }
        },
        {
          "team": 2,
          "pos": {
            "x": -14.8,
            "y": -3.94
          }
        }
      ]
    },
    {
      "time": -1.64,
      "players": [
        {
          "team": 1,
          "pos": {
            "x": 11.79,
            "y": 1.04
          }
        },
        {
          "team": 2,
          "pos": {
            "x": -14.84,
            "y": -3.94
          }
        }
      ]
    },
    {
      "time": -1.62,
      "players": [
        {
          "team": 1,
          "pos": {
            "x": 11.8,
            "y": 1.05
          }
        },
        {
          "team": 2,
          "pos": {
            "x": -14.84,
            "y": -3.92
          }
        }
      ]
    },
    {
      "time": -1.6,
      "players": [
        {
          "team": 1,
          "pos": {
            "x": 11.81,
            "y": 1.07
          }
        },
        {
          "team": 2,
          "pos": {
            "x": -14.87,
            "y": -3.92
          }
        }
      ]
    },
    {
      "time": -1.58,
      "players": [
        {
          "team": 1,
          "pos": {
            "x": 11.83,
            "y": 1.11
          }
        },
        {
          "team": 2,
          "pos": {
            "x": -14.89,
            "y": -3.91
          }
        }
      ]
    },
    {
      "time": -1.56,
      "players": [
        {
          "team": 1,
          "pos": {
            "x": 11.84,
            "y": 1.12
          }
        },
        {
          "team": 2,
          "pos": {
            "x": -14.92,
            "y": -3.92
          }
        }
      ]
    },
    {
      "time": -1.54,
      "players": [
        {
          "team": 1,
          "pos": {
            "x": 11.85,
            "y": 1.16
          }
        },
        {
          "team": 2,
          "pos": {
            "x": -14.94,
            "y": -3.91
          }
        }
      ]
    },
    {
      "time": -1.52,
      "players": [
        {
          "team": 1,
          "pos": {
            "x": 11.86,
            "y": 1.2
          }
        },
        {
          "team": 2,
          "pos": {
            "x": -14.93,
            "y": -3.89
          }
        }
      ]
    },
    {
      "time": -1.5,
      "players": [
        {
          "team": 1,
          "pos": {
            "x": 11.9,
            "y": 1.25
          }
        },
        {
          "team": 2,
          "pos": {
            "x": -14.94,
            "y": -3.89
          }
        }
      ]
    },
    {
      "time": -1.48,
      "players": [
        {
          "team": 1,
          "pos": {
            "x": 11.93,
            "y": 1.25
          }
        },
        {
          "team": 2,
          "pos": {
            "x": -14.92,
            "y": -3.9
          }
        }
      ]
    },
    {
      "time": -1.46,
      "players": [
        {
          "team": 1,
          "pos": {
            "x": 11.95,
            "y": 1.28
          }
        },
        {
          "team": 2,
          "pos": {
            "x": -14.91,
            "y": -3.91
          }
        }
      ]
    },
    {
      "time": -1.44,
      "players": [
        {
          "team": 1,
          "pos": {
            "x": 11.96,
            "y": 1.29
          }
        },
        {
          "team": 2,
          "pos": {
            "x": -14.9,
            "y": -3.92
          }
        }
      ]
    },
    {
      "time": -1.42,
      "players": [
        {
          "team": 1,
          "pos": {
            "x": 12.01,
            "y": 1.35
          }
        },
        {
          "team": 2,
          "pos": {
            "x": -14.89,
            "y": -3.92
          }
        }
      ]
    },
    {
      "time": -1.4,
      "players": [
        {
          "team": 1,
          "pos": {
            "x": 12.03,
            "y": 1.37
          }
        },
        {
          "team": 2,
          "pos": {
            "x": -14.88,
            "y": -3.93
          }
        }
      ]
    },
    {
      "time": -1.38,
      "players": [
        {
          "team": 1,
          "pos": {
            "x": 12.05,
            "y": 1.4
          }
        },
        {
          "team": 2,
          "pos": {
            "x": -14.87,
            "y": -3.94
          }
        }
      ]
    },
    {
      "time": -1.36,
      "players": [
        {
          "team": 1,
          "pos": {
            "x": 12.07,
            "y": 1.43
          }
        },
        {
          "team": 2,
          "pos": {
            "x": -14.86,
            "y": -3.95
          }
        }
      ]
    },
    {
      "time": -1.34,
      "players": [
        {
          "team": 1,
          "pos": {
            "x": 12.09,
            "y": 1.44
          }
        },
        {
          "team": 2,
          "pos": {
            "x": -14.85,
            "y": -3.96
          }
        }
      ]
    },
    {
      "time": -1.32,
      "players": [
        {
          "team": 1,
          "pos": {
            "x": 12.09,
            "y": 1.46
          }
        },
        {
          "team": 2,
          "pos": {
            "x": -14.84,
            "y": -3.97
          }
        }
      ]
    },
    {
      "time": -1.3,
      "players": [
        {
          "team": 1,
          "pos": {
            "x": 12.09,
            "y": 1.47
          }
        },
        {
          "team": 2,
          "pos": {
            "x": -14.82,
            "y": -3.97
          }
        }
      ]
    },
    {
      "time": -1.28,
      "players": [
        {
          "team": 1,
          "pos": {
            "x": 12.09,
            "y": 1.45
          }
        },
        {
          "team": 2,
          "pos": {
            "x": -14.81,
            "y": -3.98
          }
        }
      ]
    },
    {
      "time": -1.26,
      "players": [
        {
          "team": 1,
          "pos": {
            "x": 12.1,
            "y": 1.47
          }
        },
        {
          "team": 2,
          "pos": {
            "x": -14.8,
            "y": -3.99
          }
        }
      ]
    },
    {
      "time": -1.24,
      "players": [
        {
          "team": 1,
          "pos": {
            "x": 12.12,
            "y": 1.51
          }
        },
        {
          "team": 2,
          "pos": {
            "x": -14.79,
            "y": -4.0
          }
        }
      ]
    },
    {
      "time": -1.22,
      "players": [
        {
          "team": 1,
          "pos": {
            "x": 12.12,
            "y": 1.55
          }
        },
        {
          "team": 2,
          "pos": {
            "x": -14.78,
            "y": -4.01
          }
        }
      ]
    },
    {
      "time": -1.2,
      "players": [
        {
          "team": 1,
          "pos": {
            "x": 12.13,
            "y": 1.57
          }
        },
        {
          "team": 2,
          "pos": {
            "x": -14.77,
            "y": -4.02
          }
        }
      ]
    },
    {
      "time": -1.18,
      "players": [
        {
          "team": 1,
          "pos": {
            "x": 12.14,
            "y": 1.58
          }
        },
        {
          "team": 2,
          "pos": {
            "x": -14.76,
            "y": -4.02
          }
        }
      ]
    },
    {
      "time": -1.16,
      "players": [
        {
          "team": 1,
          "pos": {
            "x": 12.14,
            "y": 1.6
          }
        },
        {
          "team": 2,
          "pos": {
            "x": -14.75,
            "y": -4.03
          }
        }
      ]
    },
    {
      "time": -1.14,
      "players": [
        {
          "team": 1,
          "pos": {
            "x": 12.12,
            "y": 1.56
          }
        },
        {
          "team": 2,
          "pos": {
            "x": -14.73,
            "y": -4.04
          }
        }
      ]
    },
    {
      "time": -1.12,
      "players": [
        {
          "team": 1,
          "pos": {
            "x": 12.12,
            "y": 1.57
          }
        },
        {
          "team": 2,
          "pos": {
            "x": -14.72,
            "y": -4.05
          }
        }
      ]
    },
    {
      "time": -1.1,
      "players": [
        {
          "team": 1,
          "pos": {
            "x": 12.11,
            "y": 1.59
          }
        },
        {
          "team": 2,
          "pos": {
            "x": -14.71,
            "y": -4.06
          }
        }
      ]
    },
    {
      "time": -1.08,
      "players": [
        {
          "team": 1,
          "pos": {
            "x": 12.14,
            "y": 1.54
          }
        },
        {
          "team": 2,
          "pos": {
            "x": -14.7,
            "y": -4.07
          }
        }
      ]
    },
    {
      "time": -1.06,
      "players": [
        {
          "team": 1,
          "pos": {
            "x": 12.14,
            "y": 1.54
          }
        },
        {
          "team": 2,
          "pos": {
            "x": -14.69,
            "y": -4.07
          }
        }
      ]
    },
    {
      "time": -1.04,
      "players": [
        {
          "team": 1,
          "pos": {
            "x": 12.11,
            "y": 1.56
          }
        },
        {
          "team": 2,
          "pos": {
            "x": -14.68,
            "y": -4.08
          }
        }
      ]
    },
    {
      "time": -1.02,
      "players": [
        {
          "team": 1,
          "pos": {
            "x": 12.16,
            "y": 1.48
          }
        },
        {
          "team": 2,
          "pos": {
            "x": -14.67,
            "y": -4.09
          }
        }
      ]
    },
    {
      "time": -1.0,
      "players": [
        {
          "team": 1,
          "pos": {
            "x": 12.17,
            "y": 1.44
          }
        },
        {
          "team": 2,
          "pos": {
            "x": -14.66,
            "y": -4.1
          }
        }
      ]
    },
    {
      "time": -0.98,
      "players": [
        {
          "team": 1,
          "pos": {
            "x": 12.22,
            "y": 1.39
          }
        },
        {
          "team": 2,
          "pos": {
            "x": -14.64,
            "y": -4.11
          }
        }
      ]
    },
    {
      "time": -0.96,
      "players": [
        {
          "team": 1,
          "pos": {
            "x": 12.29,
            "y": 1.33
          }
        },
        {
          "team": 2,
          "pos": {
            "x": -14.63,
            "y": -4.12
          }
        }
      ]
    },
    {
      "time": -0.94,
      "players": [
        {
          "team": 1,
          "pos": {
            "x": 12.34,
            "y": 1.28
          }
        },
        {
          "team": 2,
          "pos": {
            "x": -14.62,
            "y": -4.12
          }
        }
      ]
    },
    {
      "time": -0.92,
      "players": [
        {
          "team": 1,
          "pos": {
            "x": 12.39,
            "y": 1.22
          }
        },
        {
          "team": 2,
          "pos": {
            "x": -14.61,
            "y": -4.13
          }
        }
      ]
    },
    {
      "time": -0.9,
      "players": [
        {
          "team": 1,
          "pos": {
            "x": 12.45,
            "y": 1.16
          }
        },
        {
          "team": 2,
          "pos": {
            "x": -14.6,
            "y": -4.14
          }
        }
      ]
    },
    {
      "time": -0.88,
      "players": [
        {
          "team": 1,
          "pos": {
            "x": 12.49,
            "y": 1.1
          }
        },
        {
          "team": 2,
          "pos": {
            "x": -14.59,
            "y": -4.15
          }
        }
      ]
    },
    {
      "time": -0.874,
      "ball": {
        "pos": {
          "x": 11.875,
          "y": 0.531,
          "z": 1.061
        }
      },
      "players": [
        {
          "team": 1,
          "pos": {
            "x": 12.5,
            "y": 1.08
          }
        },
        {
          "team": 2,
          "pos": {
            "x": -14.58,
            "y": -4.15
          }
        }
      ]
    },
    {
      "time": -0.86,
      "ball": {
        "pos": {
          "x": 11.858,
          "y": 0.531,
          "z": 1.147
        }
      },
      "players": [
        {
          "team": 1,
          "pos": {
            "x": 12.51,
            "y": 1.05
          }
        },
        {
          "team": 2,
          "pos": {
            "x": -14.58,
            "y": -4.16
          }
        }
      ]
    },
    {
      "time": -0.84,
      "ball": {
        "pos": {
          "x": 11.834,
          "y": 0.532,
          "z": 1.272
        }
      },
      "players": [
        {
          "team": 1,
          "pos": {
            "x": 12.52,
            "y": 1.0
          }
        },
        {
          "team": 2,
          "pos": {
            "x": -14.57,
            "y": -4.17
          }
        }
      ]
    },
    {
      "time": -0.82,
      "ball": {
        "pos": {
          "x": 11.81,
          "y": 0.533,
          "z": 1.392
        }
      },
      "players": [
        {
          "team": 1,
          "pos": {
            "x": 12.5,
            "y": 0.95
          }
        },
        {
          "team": 2,
          "pos": {
            "x": -14.56,
            "y": -4.17
          }
        }
      ]
    },
    {
      "time": -0.8,
      "ball": {
        "pos": {
          "x": 11.787,
          "y": 0.534,
          "z": 1.508
        }
      },
      "players": [
        {
          "team": 1,
          "pos": {
            "x": 12.47,
            "y": 0.91
          }
        },
        {
          "team": 2,
          "pos": {
            "x": -14.54,
            "y": -4.18
          }
        }
      ]
    },
    {
      "time": -0.78,
      "ball": {
        "pos": {
          "x": 11.765,
          "y": 0.535,
          "z": 1.62
        }
      },
      "players": [
        {
          "team": 1,
          "pos": {
            "x": 12.4,
            "y": 0.92
          }
        },
        {
          "team": 2,
          "pos": {
            "x": -14.53,
            "y": -4.19
          }
        }
      ]
    },
    {
      "time": -0.76,
      "ball": {
        "pos": {
          "x": 11.743,
          "y": 0.537,
          "z": 1.728
        }
      },
      "players": [
        {
          "team": 1,
          "pos": {
            "x": 12.35,
            "y": 0.93
          }
        },
        {
          "team": 2,
          "pos": {
            "x": -14.52,
            "y": -4.2
          }
        }
      ]
    },
    {
      "time": -0.74,
      "ball": {
        "pos": {
          "x": 11.721,
          "y": 0.538,
          "z": 1.833
        }
      },
      "players": [
        {
          "team": 1,
          "pos": {
            "x": 12.29,
            "y": 0.95
          }
        },
        {
          "team": 2,
          "pos": {
            "x": -14.51,
            "y": -4.21
          }
        }
      ]
    },
    {
      "time": -0.72,
      "ball": {
        "pos": {
          "x": 11.701,
          "y": 0.54,
          "z": 1.933
        }
      },
      "players": [
        {
          "team": 1,
          "pos": {
            "x": 12.29,
            "y": 0.95
          }
        },
        {
          "team": 2,
          "pos": {
            "x": -14.5,
            "y": -4.21
          }
        }
      ]
    },
    {
      "time": -0.7,
      "ball": {
        "pos": {
          "x": 11.68,
          "y": 0.542,
          "z": 2.03
        }
      },
      "players": [
        {
          "team": 1,
          "pos": {
            "x": 12.29,
            "y": 0.96
          }
        },
        {
          "team": 2,
          "pos": {
            "x": -14.49,
            "y": -4.22
          }
        }
      ]
    },
    {
      "time": -0.68,
      "ball": {
        "pos": {
          "x": 11.661,
          "y": 0.544,
          "z": 2.122
        }
      },
      "players": [
        {
          "team": 1,
          "pos": {
            "x": 12.29,
            "y": 1.02
          }
        },
        {
          "team": 2,
          "pos": {
            "x": -14.48,
            "y": -4.23
          }
        }
      ]
    },
    {
      "time": -0.66,
      "ball": {
        "pos": {
          "x": 11.641,
          "y": 0.546,
          "z": 2.211
        }
      },
      "players": [
        {
          "team": 1,
          "pos": {
            "x": 12.32,
            "y": 1.0
          }
        },
        {
          "team": 2,
          "pos": {
            "x": -14.48,
            "y": -4.23
          }
        }
      ]
    },
    {
      "time": -0.64,
      "ball": {
        "pos": {
          "x": 11.623,
          "y": 0.549,
          "z": 2.296
        }
      },
      "players": [
        {
          "team": 1,
          "pos": {
            "x": 12.3,
            "y": 1.02
          }
        },
        {
          "team": 2,
          "pos": {
            "x": -14.48,
            "y": -4.22
          }
        }
      ]
    },
    {
      "time": -0.62,
      "ball": {
        "pos": {
          "x": 11.604,
          "y": 0.551,
          "z": 2.376
        }
      },
      "players": [
        {
          "team": 1,
          "pos": {
            "x": 12.31,
            "y": 0.95
          }
        },
        {
          "team": 2,
          "pos": {
            "x": -14.5,
            "y": -4.2
          }
        }
      ]
    },
    {
      "time": -0.6,
      "ball": {
        "pos": {
          "x": 11.587,
          "y": 0.554,
          "z": 2.453
        }
      },
      "players": [
        {
          "team": 1,
          "pos": {
            "x": 12.32,
            "y": 0.88
          }
        },
        {
          "team": 2,
          "pos": {
            "x": -14.51,
            "y": -4.17
          }
        }
      ]
    },
    {
      "time": -0.58,
      "ball": {
        "pos": {
          "x": 11.569,
          "y": 0.557,
          "z": 2.526
        }
      },
      "players": [
        {
          "team": 1,
          "pos": {
            "x": 12.36,
            "y": 0.9
          }
        },
        {
          "team": 2,
          "pos": {
            "x": -14.54,
            "y": -4.14
          }
        }
      ]
    },
    {
      "time": -0.56,
      "ball": {
        "pos": {
          "x": 11.552,
          "y": 0.56,
          "z": 2.596
        }
      },
      "players": [
        {
          "team": 1,
          "pos": {
            "x": 12.38,
            "y": 0.85
          }
        },
        {
          "team": 2,
          "pos": {
            "x": -14.57,
            "y": -4.11
          }
        }
      ]
    },
    {
      "time": -0.54,
      "ball": {
        "pos": {
          "x": 11.536,
          "y": 0.563,
          "z": 2.661
        }
      },
      "players": [
        {
          "team": 1,
          "pos": {
            "x": 12.36,
            "y": 0.89
          }
        },
        {
          "team": 2,
          "pos": {
            "x": -14.58,
            "y": -4.08
          }
        }
      ]
    },
    {
      "time": -0.52,
      "ball": {
        "pos": {
          "x": 11.52,
          "y": 0.566,
          "z": 2.722
        }
      },
      "players": [
        {
          "team": 1,
          "pos": {
            "x": 12.34,
            "y": 0.84
          }
        },
        {
          "team": 2,
          "pos": {
            "x": -14.62,
            "y": -4.05
          }
        }
      ]
    },
    {
      "time": -0.5,
      "ball": {
        "pos": {
          "x": 11.504,
          "y": 0.57,
          "z": 2.78
        }
      },
      "players": [
        {
          "team": 1,
          "pos": {
            "x": 12.34,
            "y": 0.79
          }
        },
        {
          "team": 2,
          "pos": {
            "x": -14.66,
            "y": -4.01
          }
        }
      ]
    },
    {
      "time": -0.48,
      "ball": {
        "pos": {
          "x": 11.489,
          "y": 0.573,
          "z": 2.833
        }
      },
      "players": [
        {
          "team": 1,
          "pos": {
            "x": 12.34,
            "y": 0.74
          }
        },
        {
          "team": 2,
          "pos": {
            "x": -14.71,
            "y": -3.98
          }
        }
      ]
    },
    {
      "time": -0.46,
      "ball": {
        "pos": {
          "x": 11.474,
          "y": 0.577,
          "z": 2.883
        }
      },
      "players": [
        {
          "team": 1,
          "pos": {
            "x": 12.32,
            "y": 0.7
          }
        },
        {
          "team": 2,
          "pos": {
            "x": -14.75,
            "y": -3.95
          }
        }
      ]
    },
    {
      "time": -0.44,
      "ball": {
        "pos": {
          "x": 11.46,
          "y": 0.581,
          "z": 2.929
        }
      },
      "players": [
        {
          "team": 1,
          "pos": {
            "x": 12.3,
            "y": 0.74
          }
        },
        {
          "team": 2,
          "pos": {
            "x": -14.78,
            "y": -3.93
          }
        }
      ]
    },
    {
      "time": -0.42,
      "ball": {
        "pos": {
          "x": 11.446,
          "y": 0.585,
          "z": 2.971
        }
      },
      "players": [
        {
          "team": 1,
          "pos": {
            "x": 12.28,
            "y": 0.78
          }
        },
        {
          "team": 2,
          "pos": {
            "x": -14.79,
            "y": -3.95
          }
        }
      ]
    },
    {
      "time": -0.4,
      "ball": {
        "pos": {
          "x": 11.432,
          "y": 0.589,
          "z": 3.009
        }
      },
      "players": [
        {
          "team": 1,
          "pos": {
            "x": 12.28,
            "y": 0.76
          }
        },
        {
          "team": 2,
          "pos": {
            "x": -14.85,
            "y": -3.94
          }
        }
      ]
    },
    {
      "time": -0.38,
      "ball": {
        "pos": {
          "x": 11.419,
          "y": 0.593,
          "z": 3.044
        }
      },
      "players": [
        {
          "team": 1,
          "pos": {
            "x": 12.26,
            "y": 0.7
          }
        },
        {
          "team": 2,
          "pos": {
            "x": -14.93,
            "y": -3.93
          }
        }
      ]
    },
    {
      "time": -0.36,
      "ball": {
        "pos": {
          "x": 11.406,
          "y": 0.597,
          "z": 3.074
        }
      },
      "players": [
        {
          "team": 1,
          "pos": {
            "x": 12.28,
            "y": 0.65
          }
        },
        {
          "team": 2,
          "pos": {
            "x": -14.99,
            "y": -3.93
          }
        }
      ]
    },
    {
      "time": -0.34,
      "ball": {
        "pos": {
          "x": 11.393,
          "y": 0.602,
          "z": 3.101
        }
      },
      "players": [
        {
          "team": 1,
          "pos": {
            "x": 12.32,
            "y": 0.67
          }
        },
        {
          "team": 2,
          "pos": {
            "x": -14.99,
            "y": -3.89
          }
        }
      ]
    },
    {
      "time": -0.32,
      "ball": {
        "pos": {
          "x": 11.38,
          "y": 0.606,
          "z": 3.124
        }
      },
      "players": [
        {
          "team": 1,
          "pos": {
            "x": 12.32,
            "y": 0.76
          }
        },
        {
          "team": 2,
          "pos": {
            "x": -14.98,
            "y": -3.85
          }
        }
      ]
    },
    {
      "time": -0.3,
      "ball": {
        "pos": {
          "x": 11.368,
          "y": 0.611,
          "z": 3.143
        }
      },
      "players": [
        {
          "team": 1,
          "pos": {
            "x": 12.34,
            "y": 0.79
          }
        },
        {
          "team": 2,
          "pos": {
            "x": -14.98,
            "y": -3.87
          }
        }
      ]
    },
    {
      "time": -0.28,
      "ball": {
        "pos": {
          "x": 11.356,
          "y": 0.616,
          "z": 3.159
        }
      },
      "players": [
        {
          "team": 1,
          "pos": {
            "x": 12.34,
            "y": 0.76
          }
        },
        {
          "team": 2,
          "pos": {
            "x": -14.99,
            "y": -3.85
          }
        }
      ]
    },
    {
      "time": -0.26,
      "ball": {
        "pos": {
          "x": 11.345,
          "y": 0.621,
          "z": 3.17
        }
      },
      "players": [
        {
          "team": 1,
          "pos": {
            "x": 12.28,
            "y": 0.8
          }
        },
        {
          "team": 2,
          "pos": {
            "x": -14.99,
            "y": -3.83
          }
        }
      ]
    },
    {
      "time": -0.24,
      "ball": {
        "pos": {
          "x": 11.333,
          "y": 0.626,
          "z": 3.178
        }
      },
      "players": [
        {
          "team": 1,
          "pos": {
            "x": 12.21,
            "y": 0.85
          }
        },
        {
          "team": 2,
          "pos": {
            "x": -14.95,
            "y": -3.79
          }
        }
      ]
    },
    {
      "time": -0.22,
      "ball": {
        "pos": {
          "x": 11.322,
          "y": 0.631,
          "z": 3.182
        }
      },
      "players": [
        {
          "team": 1,
          "pos": {
            "x": 12.15,
            "y": 0.89
          }
        },
        {
          "team": 2,
          "pos": {
            "x": -14.95,
            "y": -3.81
          }
        }
      ]
    },
    {
      "time": -0.209,
      "ball": {
        "pos": {
          "x": 11.316,
          "y": 0.634,
          "z": 3.183
        }
      },
      "players": [
        {
          "team": 1,
          "pos": {
            "x": 12.09,
            "y": 0.92
          }
        },
        {
          "team": 2,
          "pos": {
            "x": -14.94,
            "y": -3.8
          }
        }
      ]
    },
    {
      "time": -0.2,
      "ball": {
        "pos": {
          "x": 11.311,
          "y": 0.636,
          "z": 3.182
        }
      },
      "players": [
        {
          "team": 1,
          "pos": {
            "x": 12.07,
            "y": 0.93
          }
        },
        {
          "team": 2,
          "pos": {
            "x": -14.94,
            "y": -3.81
          }
        }
      ]
    },
    {
      "time": -0.18,
      "ball": {
        "pos": {
          "x": 11.301,
          "y": 0.641,
          "z": 3.179
        }
      },
      "players": [
        {
          "team": 1,
          "pos": {
            "x": 12.0,
            "y": 0.95
          }
        },
        {
          "team": 2,
          "pos": {
            "x": -14.92,
            "y": -3.78
          }
        }
      ]
    },
    {
      "time": -0.16,
      "ball": {
        "pos": {
          "x": 11.29,
          "y": 0.646,
          "z": 3.172
        }
      },
      "players": [
        {
          "team": 1,
          "pos": {
            "x": 11.93,
            "y": 0.95
          }
        },
        {
          "team": 2,
          "pos": {
            "x": -14.89,
            "y": -3.8
          }
        }
      ]
    },
    {
      "time": -0.14,
      "ball": {
        "pos": {
          "x": 11.28,
          "y": 0.652,
          "z": 3.16
        }
      },
      "players": [
        {
          "team": 1,
          "pos": {
            "x": 11.88,
            "y": 0.95
          }
        },
        {
          "team": 2,
          "pos": {
            "x": -14.86,
            "y": -3.77
          }
        }
      ]
    },
    {
      "time": -0.12,
      "ball": {
        "pos": {
          "x": 11.27,
          "y": 0.657,
          "z": 3.146
        }
      },
      "players": [
        {
          "team": 1,
          "pos": {
            "x": 11.82,
            "y": 0.96
          }
        },
        {
          "team": 2,
          "pos": {
            "x": -14.84,
            "y": -3.77
          }
        }
      ]
    },
    {
      "time": -0.1,
      "ball": {
        "pos": {
          "x": 11.26,
          "y": 0.663,
          "z": 3.127
        }
      },
      "players": [
        {
          "team": 1,
          "pos": {
            "x": 11.75,
            "y": 0.97
          }
        },
        {
          "team": 2,
          "pos": {
            "x": -14.8,
            "y": -3.75
          }
        }
      ]
    },
    {
      "time": -0.08,
      "ball": {
        "pos": {
          "x": 11.25,
          "y": 0.669,
          "z": 3.105
        }
      },
      "players": [
        {
          "team": 1,
          "pos": {
            "x": 11.7,
            "y": 0.99
          }
        },
        {
          "team": 2,
          "pos": {
            "x": -14.76,
            "y": -3.72
          }
        }
      ]
    },
    {
      "time": -0.06,
      "ball": {
        "pos": {
          "x": 11.241,
          "y": 0.675,
          "z": 3.079
        }
      },
      "players": [
        {
          "team": 1,
          "pos": {
            "x": 11.65,
            "y": 0.98
          }
        },
        {
          "team": 2,
          "pos": {
            "x": -14.74,
            "y": -3.66
          }
        }
      ]
    },
    {
      "time": -0.04,
      "ball": {
        "pos": {
          "x": 11.231,
          "y": 0.68,
          "z": 3.049
        }
      },
      "players": [
        {
          "team": 1,
          "pos": {
            "x": 11.57,
            "y": 1.0
          }
        },
        {
          "team": 2,
          "pos": {
            "x": -14.73,
            "y": -3.62
          }
        }
      ]
    },
    {
      "time": -0.02,
      "ball": {
        "pos": {
          "x": 11.222,
          "y": 0.686,
          "z": 3.016
        }
      },
      "players": [
        {
          "team": 1,
          "pos": {
            "x": 11.55,
            "y": 0.99
          }
        },
        {
          "team": 2,
          "pos": {
            "x": -14.72,
            "y": -3.57
          }
        }
      ]
    },
    {
      "time": 0.0,
      "event": "hit",
      "ball": {
        "pos": {
          "x": 11.212,
          "y": 0.692,
          "z": 2.979
        }
      },
      "players": [
        {
          "team": 1,
          "pos": {
            "x": 11.53,
            "y": 0.97
          }
        },
        {
          "team": 2,
          "pos": {
            "x": -14.7,
            "y": -3.57
          }
        }
      ]
    },
    {
      "time": 0.02,
      "ball": {
        "pos": {
          "x": 10.08,
          "y": 0.583,
          "z": 2.833
        }
      },
      "players": [
        {
          "team": 1,
          "pos": {
            "x": 11.46,
            "y": 0.9
          }
        },
        {
          "team": 2,
          "pos": {
            "x": -14.65,
            "y": -3.59
          }
        }
      ]
    },
    {
      "time": 0.04,
      "ball": {
        "pos": {
          "x": 8.973,
          "y": 0.478,
          "z": 2.687
        }
      },
      "players": [
        {
          "team": 1,
          "pos": {
            "x": 11.41,
            "y": 0.84
          }
        },
        {
          "team": 2,
          "pos": {
            "x": -14.6,
            "y": -3.58
          }
        }
      ]
    },
    {
      "time": 0.06,
      "ball": {
        "pos": {
          "x": 7.892,
          "y": 0.378,
          "z": 2.542
        }
      },
      "players": [
        {
          "team": 1,
          "pos": {
            "x": 11.35,
            "y": 0.78
          }
        },
        {
          "team": 2,
          "pos": {
            "x": -14.56,
            "y": -3.59
          }
        }
      ]
    },
    {
      "time": 0.08,
      "ball": {
        "pos": {
          "x": 6.834,
          "y": 0.283,
          "z": 2.397
        }
      },
      "players": [
        {
          "team": 1,
          "pos": {
            "x": 11.23,
            "y": 0.72
          }
        },
        {
          "team": 2,
          "pos": {
            "x": -14.62,
            "y": -3.62
          }
        }
      ]
    },
    {
      "time": 0.1,
      "ball": {
        "pos": {
          "x": 5.8,
          "y": 0.193,
          "z": 2.252
        }
      },
      "players": [
        {
          "team": 1,
          "pos": {
            "x": 11.16,
            "y": 0.7
          }
        },
        {
          "team": 2,
          "pos": {
            "x": -14.59,
            "y": -3.59
          }
        }
      ]
    },
    {
      "time": 0.12,
      "ball": {
        "pos": {
          "x": 4.788,
          "y": 0.107,
          "z": 2.108
        }
      },
      "players": [
        {
          "team": 1,
          "pos": {
            "x": 11.13,
            "y": 0.68
          }
        },
        {
          "team": 2,
          "pos": {
            "x": -14.54,
            "y": -3.56
          }
        }
      ]
    },
    {
      "time": 0.14,
      "ball": {
        "pos": {
          "x": 3.798,
          "y": 0.026,
          "z": 1.963
        }
      },
      "players": [
        {
          "team": 1,
          "pos": {
            "x": 11.11,
            "y": 0.64
          }
        },
        {
          "team": 2,
          "pos": {
            "x": -14.49,
            "y": -3.53
          }
        }
      ]
    },
    {
      "time": 0.16,
      "ball": {
        "pos": {
          "x": 2.829,
          "y": -0.051,
          "z": 1.819
        }
      },
      "players": [
        {
          "team": 1,
          "pos": {
            "x": 11.09,
            "y": 0.63
          }
        },
        {
          "team": 2,
          "pos": {
            "x": -14.47,
            "y": -3.53
          }
        }
      ]
    },
    {
      "time": 0.18,
      "ball": {
        "pos": {
          "x": 1.879,
          "y": -0.123,
          "z": 1.674
        }
      },
      "players": [
        {
          "team": 1,
          "pos": {
            "x": 11.04,
            "y": 0.63
          }
        },
        {
          "team": 2,
          "pos": {
            "x": -14.53,
            "y": -3.54
          }
        }
      ]
    },
    {
      "time": 0.2,
      "ball": {
        "pos": {
          "x": 0.949,
          "y": -0.191,
          "z": 1.529
        }
      },
      "players": [
        {
          "team": 1,
          "pos": {
            "x": 11.03,
            "y": 0.58
          }
        },
        {
          "team": 2,
          "pos": {
            "x": -14.53,
            "y": -3.54
          }
        }
      ]
    },
    {
      "time": 0.22,
      "ball": {
        "pos": {
          "x": 0.037,
          "y": -0.255,
          "z": 1.384
        }
      },
      "players": [
        {
          "team": 1,
          "pos": {
            "x": 11.01,
            "y": 0.57
          }
        },
        {
          "team": 2,
          "pos": {
            "x": -14.55,
            "y": -3.54
          }
        }
      ]
    },
    {
      "time": 0.221,
      "ball": {
        "pos": {
          "x": -0.0,
          "y": -0.257,
          "z": 1.378
        }
      },
      "players": [
        {
          "team": 1,
          "pos": {
            "x": 11.0,
            "y": 0.58
          }
        },
        {
          "team": 2,
          "pos": {
            "x": -14.56,
            "y": -3.53
          }
        }
      ]
    },
    {
      "time": 0.24,
      "ball": {
        "pos": {
          "x": -0.858,
          "y": -0.314,
          "z": 1.238
        }
      },
      "players": [
        {
          "team": 1,
          "pos": {
            "x": 11.01,
            "y": 0.59
          }
        },
        {
          "team": 2,
          "pos": {
            "x": -14.57,
            "y": -3.53
          }
        }
      ]
    },
    {
      "time": 0.26,
      "ball": {
        "pos": {
          "x": -1.736,
          "y": -0.369,
          "z": 1.092
        }
      },
      "players": [
        {
          "team": 1,
          "pos": {
            "x": 10.99,
            "y": 0.6
          }
        },
        {
          "team": 2,
          "pos": {
            "x": -14.58,
            "y": -3.53
          }
        }
      ]
    },
    {
      "time": 0.28,
      "ball": {
        "pos": {
          "x": -2.598,
          "y": -0.42,
          "z": 0.946
        }
      },
      "players": [
        {
          "team": 1,
          "pos": {
            "x": 11.0,
            "y": 0.63
          }
        },
        {
          "team": 2,
          "pos": {
            "x": -14.6,
            "y": -3.53
          }
        }
      ]
    },
    {
      "time": 0.3,
      "ball": {
        "pos": {
          "x": -3.446,
          "y": -0.466,
          "z": 0.799
        }
      },
      "players": [
        {
          "team": 1,
          "pos": {
            "x": 10.99,
            "y": 0.65
          }
        },
        {
          "team": 2,
          "pos": {
            "x": -14.6,
            "y": -3.52
          }
        }
      ]
    },
    {
      "time": 0.32,
      "ball": {
        "pos": {
          "x": -4.279,
          "y": -0.509,
          "z": 0.652
        }
      },
      "players": [
        {
          "team": 1,
          "pos": {
            "x": 10.99,
            "y": 0.63
          }
        },
        {
          "team": 2,
          "pos": {
            "x": -14.62,
            "y": -3.51
          }
        }
      ]
    },
    {
      "time": 0.34,
      "ball": {
        "pos": {
          "x": -5.099,
          "y": -0.547,
          "z": 0.504
        }
      },
      "players": [
        {
          "team": 1,
          "pos": {
            "x": 11.01,
            "y": 0.63
          }
        },
        {
          "team": 2,
          "pos": {
            "x": -14.64,
            "y": -3.5
          }
        }
      ]
    },
    {
      "time": 0.36,
      "ball": {
        "pos": {
          "x": -5.907,
          "y": -0.582,
          "z": 0.355
        }
      },
      "players": [
        {
          "team": 1,
          "pos": {
            "x": 11.03,
            "y": 0.6
          }
        },
        {
          "team": 2,
          "pos": {
            "x": -14.66,
            "y": -3.5
          }
        }
      ]
    },
    {
      "time": 0.38,
      "ball": {
        "pos": {
          "x": -6.703,
          "y": -0.613,
          "z": 0.205
        }
      },
      "players": [
        {
          "team": 1,
          "pos": {
            "x": 11.03,
            "y": 0.61
          }
        },
        {
          "team": 2,
          "pos": {
            "x": -14.68,
            "y": -3.48
          }
        }
      ]
    },
    {
      "time": 0.4,
      "ball": {
        "pos": {
          "x": -7.488,
          "y": -0.64,
          "z": 0.055
        }
      },
      "players": [
        {
          "team": 1,
          "pos": {
            "x": 11.01,
            "y": 0.61
          }
        },
        {
          "team": 2,
          "pos": {
            "x": -14.69,
            "y": -3.46
          }
        }
      ]
    },
    {
      "time": 0.402,
      "event": "bounce",
      "ball": {
        "pos": {
          "x": -7.547,
          "y": -0.642,
          "z": 0.043
        }
      },
      "players": [
        {
          "team": 1,
          "pos": {
            "x": 10.99,
            "y": 0.61
          }
        },
        {
          "team": 2,
          "pos": {
            "x": -14.7,
            "y": -3.45
          }
        }
      ]
    },
    {
      "time": 0.42,
      "ball": {
        "pos": {
          "x": -8.127,
          "y": -0.667,
          "z": 0.129
        }
      },
      "players": [
        {
          "team": 1,
          "pos": {
            "x": 10.98,
            "y": 0.6
          }
        },
        {
          "team": 2,
          "pos": {
            "x": -14.7,
            "y": -3.43
          }
        }
      ]
    },
    {
      "time": 0.44,
      "ball": {
        "pos": {
          "x": -8.725,
          "y": -0.692,
          "z": 0.251
        }
      },
      "players": [
        {
          "team": 1,
          "pos": {
            "x": 10.92,
            "y": 0.61
          }
        },
        {
          "team": 2,
          "pos": {
            "x": -14.7,
            "y": -3.4
          }
        }
      ]
    },
    {
      "time": 0.46,
      "ball": {
        "pos": {
          "x": -9.316,
          "y": -0.715,
          "z": 0.365
        }
      },
      "players": [
        {
          "team": 1,
          "pos": {
            "x": 10.89,
            "y": 0.58
          }
        },
        {
          "team": 2,
          "pos": {
            "x": -14.71,
            "y": -3.36
          }
        }
      ]
    },
    {
      "time": 0.48,
      "ball": {
        "pos": {
          "x": -9.899,
          "y": -0.735,
          "z": 0.47
        }
      },
      "players": [
        {
          "team": 1,
          "pos": {
            "x": 10.84,
            "y": 0.55
          }
        },
        {
          "team": 2,
          "pos": {
            "x": -14.71,
            "y": -3.3
          }
        }
      ]
    },
    {
      "time": 0.5,
      "ball": {
        "pos": {
          "x": -10.475,
          "y": -0.754,
          "z": 0.568
        }
      },
      "players": [
        {
          "team": 1,
          "pos": {
            "x": 10.81,
            "y": 0.55
          }
        },
        {
          "team": 2,
          "pos": {
            "x": -14.7,
            "y": -3.25
          }
        }
      ]
    },
    {
      "time": 0.52,
      "ball": {
        "pos": {
          "x": -11.044,
          "y": -0.77,
          "z": 0.657
        }
      },
      "players": [
        {
          "team": 1,
          "pos": {
            "x": 10.78,
            "y": 0.52
          }
        },
        {
          "team": 2,
          "pos": {
            "x": -14.7,
            "y": -3.18
          }
        }
      ]
    },
    {
      "time": 0.54,
      "ball": {
        "pos": {
          "x": -11.606,
          "y": -0.784,
          "z": 0.739
        }
      },
      "players": [
        {
          "team": 1,
          "pos": {
            "x": 10.74,
            "y": 0.53
          }
        },
        {
          "team": 2,
          "pos": {
            "x": -14.68,
            "y": -3.1
          }
        }
      ]
    },
    {
      "time": 0.56,
      "ball": {
        "pos": {
          "x": -12.16,
          "y": -0.795,
          "z": 0.813
        }
      },
      "players": [
        {
          "team": 1,
          "pos": {
            "x": 10.71,
            "y": 0.52
          }
        },
        {
          "team": 2,
          "pos": {
            "x": -14.65,
            "y": -3.02
          }
        }
      ]
    },
    {
      "time": 0.58,
      "ball": {
        "pos": {
          "x": -12.707,
          "y": -0.804,
          "z": 0.88
        }
      },
      "players": [
        {
          "team": 1,
          "pos": {
            "x": 10.67,
            "y": 0.54
          }
        },
        {
          "team": 2,
          "pos": {
            "x": -14.62,
            "y": -2.92
          }
        }
      ]
    },
    {
      "time": 0.6,
      "ball": {
        "pos": {
          "x": -13.247,
          "y": -0.811,
          "z": 0.939
        }
      },
      "players": [
        {
          "team": 1,
          "pos": {
            "x": 10.64,
            "y": 0.54
          }
        },
        {
          "team": 2,
          "pos": {
            "x": -14.6,
            "y": -2.84
          }
        }
      ]
    },
    {
      "time": 0.62,
      "ball": {
        "pos": {
          "x": -13.779,
          "y": -0.815,
          "z": 0.991
        }
      },
      "players": [
        {
          "team": 1,
          "pos": {
            "x": 10.61,
            "y": 0.53
          }
        },
        {
          "team": 2,
          "pos": {
            "x": -14.6,
            "y": -2.77
          }
        }
      ]
    },
    {
      "time": 0.64,
      "ball": {
        "pos": {
          "x": -14.305,
          "y": -0.818,
          "z": 1.036
        }
      },
      "players": [
        {
          "team": 1,
          "pos": {
            "x": 10.57,
            "y": 0.54
          }
        },
        {
          "team": 2,
          "pos": {
            "x": -14.6,
            "y": -2.71
          }
        }
      ]
    },
    {
      "time": 0.66,
      "ball": {
        "pos": {
          "x": -14.823,
          "y": -0.818,
          "z": 1.074
        }
      },
      "players": [
        {
          "team": 1,
          "pos": {
            "x": 10.53,
            "y": 0.52
          }
        },
        {
          "team": 2,
          "pos": {
            "x": -14.57,
            "y": -2.62
          }
        }
      ]
    },
    {
      "time": 0.664,
      "event": "hit",
      "ball": {
        "pos": {
          "x": -14.93,
          "y": -0.817,
          "z": 1.081
        }
      },
      "players": [
        {
          "team": 1,
          "pos": {
            "x": 10.49,
            "y": 0.55
          }
        },
        {
          "team": 2,
          "pos": {
            "x": -14.56,
            "y": -2.59
          }
        }
      ]
    },
    {
      "time": 0.68,
      "ball": {
        "pos": {
          "x": -14.937,
          "y": -0.617,
          "z": 0.838
        }
      },
      "players": [
        {
          "team": 1,
          "pos": {
            "x": 10.46,
            "y": 0.54
          }
        },
        {
          "team": 2,
          "pos": {
            "x": -14.55,
            "y": -2.56
          }
        }
      ]
    },
    {
      "time": 0.7,
      "ball": {
        "pos": {
          "x": -14.946,
          "y": -0.366,
          "z": 0.532
        }
      },
      "players": [
        {
          "team": 1,
          "pos": {
            "x": 10.41,
            "y": 0.51
          }
        },
        {
          "team": 2,
          "pos": {
            "x": -14.54,
            "y": -2.5
          }
        }
      ]
    },
    {
      "time": 0.72,
      "ball": {
        "pos": {
          "x": -14.955,
          "y": -0.119,
          "z": 0.225
        }
      },
      "players": [
        {
          "team": 1,
          "pos": {
            "x": 10.36,
            "y": 0.49
          }
        },
        {
          "team": 2,
          "pos": {
            "x": -14.51,
            "y": -2.42
          }
        }
      ]
    },
    {
      "time": 0.731,
      "event": "bounce",
      "ball": {
        "pos": {
          "x": -14.961,
          "y": 0.017,
          "z": 0.055
        }
      },
      "players": [
        {
          "team": 1,
          "pos": {
            "x": 10.32,
            "y": 0.47
          }
        },
        {
          "team": 2,
          "pos": {
            "x": -14.49,
            "y": -2.36
          }
        }
      ]
    },
    {
      "time": 0.74,
      "ball": {
        "pos": {
          "x": -14.961,
          "y": 0.082,
          "z": 0.065
        }
      },
      "players": [
        {
          "team": 1,
          "pos": {
            "x": 10.31,
            "y": 0.47
          }
        },
        {
          "team": 2,
          "pos": {
            "x": -14.48,
            "y": -2.35
          }
        }
      ]
    },
    {
      "time": 0.76,
      "ball": {
        "pos": {
          "x": -14.954,
          "y": 0.174,
          "z": 0.278
        }
      },
      "players": [
        {
          "team": 1,
          "pos": {
            "x": 10.25,
            "y": 0.44
          }
        },
        {
          "team": 2,
          "pos": {
            "x": -14.48,
            "y": -2.27
          }
        }
      ]
    },
    {
      "time": 0.78,
      "ball": {
        "pos": {
          "x": -14.948,
          "y": 0.265,
          "z": 0.486
        }
      },
      "players": [
        {
          "team": 1,
          "pos": {
            "x": 10.19,
            "y": 0.41
          }
        },
        {
          "team": 2,
          "pos": {
            "x": -14.5,
            "y": -2.2
          }
        }
      ]
    },
    {
      "time": 0.8,
      "ball": {
        "pos": {
          "x": -14.942,
          "y": 0.357,
          "z": 0.688
        }
      },
      "players": [
        {
          "team": 1,
          "pos": {
            "x": 10.11,
            "y": 0.4
          }
        },
        {
          "team": 2,
          "pos": {
            "x": -14.52,
            "y": -2.13
          }
        }
      ]
    },
    {
      "time": 0.82,
      "ball": {
        "pos": {
          "x": -14.936,
          "y": 0.449,
          "z": 0.885
        }
      },
      "players": [
        {
          "team": 1,
          "pos": {
            "x": 10.11,
            "y": 0.4
          }
        },
        {
          "team": 2,
          "pos": {
            "x": -14.52,
            "y": -2.13
          }
        }
      ]
    },
    {
      "time": 0.84,
      "ball": {
        "pos": {
          "x": -14.931,
          "y": 0.541,
          "z": 1.077
        }
      },
      "players": [
        {
          "team": 1,
          "pos": {
            "x": 10.11,
            "y": 0.4
          }
        },
        {
          "team": 2,
          "pos": {
            "x": -14.52,
            "y": -2.13
          }
        }
      ]
    },
    {
      "time": 0.86,
      "ball": {
        "pos": {
          "x": -14.925,
          "y": 0.633,
          "z": 1.263
        }
      },
      "players": [
        {
          "team": 1,
          "pos": {
            "x": 10.11,
            "y": 0.4
          }
        },
        {
          "team": 2,
          "pos": {
            "x": -14.52,
            "y": -2.13
          }
        }
      ]
    },
    {
      "time": 0.88,
      "ball": {
        "pos": {
          "x": -14.92,
          "y": 0.725,
          "z": 1.444
        }
      },
      "players": [
        {
          "team": 1,
          "pos": {
            "x": 10.11,
            "y": 0.4
          }
        },
        {
          "team": 2,
          "pos": {
            "x": -14.52,
            "y": -2.13
          }
        }
      ]
    },
    {
      "time": 0.9,
      "ball": {
        "pos": {
          "x": -14.915,
          "y": 0.817,
          "z": 1.619
        }
      },
      "players": [
        {
          "team": 1,
          "pos": {
            "x": 10.11,
            "y": 0.4
          }
        },
        {
          "team": 2,
          "pos": {
            "x": -14.52,
            "y": -2.13
          }
        }
      ]
    },
    {
      "time": 0.92,
      "ball": {
        "pos": {
          "x": -14.911,
          "y": 0.909,
          "z": 1.79
        }
      },
      "players": [
        {
          "team": 1,
          "pos": {
            "x": 10.11,
            "y": 0.4
          }
        },
        {
          "team": 2,
          "pos": {
            "x": -14.52,
            "y": -2.13
          }
        }
      ]
    },
    {
      "time": 0.94,
      "ball": {
        "pos": {
          "x": -14.906,
          "y": 1.001,
          "z": 1.955
        }
      },
      "players": [
        {
          "team": 1,
          "pos": {
            "x": 10.11,
            "y": 0.4
          }
        },
        {
          "team": 2,
          "pos": {
            "x": -14.52,
            "y": -2.13
          }
        }
      ]
    },
    {
      "time": 0.96,
      "ball": {
        "pos": {
          "x": -14.902,
          "y": 1.093,
          "z": 2.116
        }
      },
      "players": [
        {
          "team": 1,
          "pos": {
            "x": 10.11,
            "y": 0.4
          }
        },
        {
          "team": 2,
          "pos": {
            "x": -14.52,
            "y": -2.13
          }
        }
      ]
    },
    {
      "time": 0.98,
      "ball": {
        "pos": {
          "x": -14.897,
          "y": 1.186,
          "z": 2.271
        }
      },
      "players": [
        {
          "team": 1,
          "pos": {
            "x": 10.11,
            "y": 0.4
          }
        },
        {
          "team": 2,
          "pos": {
            "x": -14.52,
            "y": -2.13
          }
        }
      ]
    },
    {
      "time": 1.0,
      "ball": {
        "pos": {
          "x": -14.893,
          "y": 1.278,
          "z": 2.422
        }
      },
      "players": [
        {
          "team": 1,
          "pos": {
            "x": 10.11,
            "y": 0.4
          }
        },
        {
          "team": 2,
          "pos": {
            "x": -14.52,
            "y": -2.13
          }
        }
      ]
    },
    {
      "time": 1.02,
      "ball": {
        "pos": {
          "x": -14.889,
          "y": 1.37,
          "z": 2.568
        }
      },
      "players": [
        {
          "team": 1,
          "pos": {
            "x": 10.11,
            "y": 0.4
          }
        },
        {
          "team": 2,
          "pos": {
            "x": -14.52,
            "y": -2.13
          }
        }
      ]
    },
    {
      "time": 1.04,
      "ball": {
        "pos": {
          "x": -14.884,
          "y": 1.462,
          "z": 2.709
        }
      },
      "players": [
        {
          "team": 1,
          "pos": {
            "x": 10.11,
            "y": 0.4
          }
        },
        {
          "team": 2,
          "pos": {
            "x": -14.52,
            "y": -2.13
          }
        }
      ]
    },
    {
      "time": 1.06,
      "ball": {
        "pos": {
          "x": -14.88,
          "y": 1.555,
          "z": 2.846
        }
      },
      "players": [
        {
          "team": 1,
          "pos": {
            "x": 10.11,
            "y": 0.4
          }
        },
        {
          "team": 2,
          "pos": {
            "x": -14.52,
            "y": -2.13
          }
        }
      ]
    },
    {
      "time": 1.08,
      "ball": {
        "pos": {
          "x": -14.876,
          "y": 1.647,
          "z": 2.977
        }
      },
      "players": [
        {
          "team": 1,
          "pos": {
            "x": 10.11,
            "y": 0.4
          }
        },
        {
          "team": 2,
          "pos": {
            "x": -14.52,
            "y": -2.13
          }
        }
      ]
    },
    {
      "time": 1.1,
      "ball": {
        "pos": {
          "x": -14.872,
          "y": 1.739,
          "z": 3.105
        }
      },
      "players": [
        {
          "team": 1,
          "pos": {
            "x": 10.11,
            "y": 0.4
          }
        },
        {
          "team": 2,
          "pos": {
            "x": -14.52,
            "y": -2.13
          }
        }
      ]
    },
    {
      "time": 1.12,
      "ball": {
        "pos": {
          "x": -14.868,
          "y": 1.832,
          "z": 3.228
        }
      },
      "players": [
        {
          "team": 1,
          "pos": {
            "x": 10.11,
            "y": 0.4
          }
        },
        {
          "team": 2,
          "pos": {
            "x": -14.52,
            "y": -2.13
          }
        }
      ]
    },
    {
      "time": 1.14,
      "ball": {
        "pos": {
          "x": -14.864,
          "y": 1.924,
          "z": 3.346
        }
      },
      "players": [
        {
          "team": 1,
          "pos": {
            "x": 10.11,
            "y": 0.4
          }
        },
        {
          "team": 2,
          "pos": {
            "x": -14.52,
            "y": -2.13
          }
        }
      ]
    },
    {
      "time": 1.16,
      "ball": {
        "pos": {
          "x": -14.86,
          "y": 2.016,
          "z": 3.46
        }
      },
      "players": [
        {
          "team": 1,
          "pos": {
            "x": 10.11,
            "y": 0.4
          }
        },
        {
          "team": 2,
          "pos": {
            "x": -14.52,
            "y": -2.13
          }
        }
      ]
    },
    {
      "time": 1.18,
      "ball": {
        "pos": {
          "x": -14.856,
          "y": 2.108,
          "z": 3.57
        }
      },
      "players": [
        {
          "team": 1,
          "pos": {
            "x": 10.11,
            "y": 0.4
          }
        },
        {
          "team": 2,
          "pos": {
            "x": -14.52,
            "y": -2.13
          }
        }
      ]
    },
    {
      "time": 1.184,
      "ball": {
        "pos": {
          "x": -14.855,
          "y": 2.129,
          "z": 3.594
        }
      },
      "players": [
        {
          "team": 1,
          "pos": {
            "x": 10.11,
            "y": 0.4
          }
        },
        {
          "team": 2,
          "pos": {
            "x": -14.52,
            "y": -2.13
          }
        }
      ]
    },
    {
      "time": 1.2,
      "players": [
        {
          "team": 1,
          "pos": {
            "x": 10.11,
            "y": 0.4
          }
        },
        {
          "team": 2,
          "pos": {
            "x": -14.52,
            "y": -2.13
          }
        }
      ]
    },
    {
      "time": 1.22,
      "players": [
        {
          "team": 1,
          "pos": {
            "x": 10.11,
            "y": 0.4
          }
        },
        {
          "team": 2,
          "pos": {
            "x": -14.52,
            "y": -2.13
          }
        }
      ]
    },
    {
      "time": 1.24,
      "players": [
        {
          "team": 1,
          "pos": {
            "x": 10.11,
            "y": 0.4
          }
        },
        {
          "team": 2,
          "pos": {
            "x": -14.52,
            "y": -2.13
          }
        }
      ]
    },
    {
      "time": 1.26,
      "players": [
        {
          "team": 1,
          "pos": {
            "x": 10.11,
            "y": 0.4
          }
        },
        {
          "team": 2,
          "pos": {
            "x": -14.52,
            "y": -2.13
          }
        }
      ]
    },
    {
      "time": 1.28,
      "players": [
        {
          "team": 1,
          "pos": {
            "x": 10.11,
            "y": 0.4
          }
        },
        {
          "team": 2,
          "pos": {
            "x": -14.52,
            "y": -2.13
          }
        }
      ]
    },
    {
      "time": 1.3,
      "players": [
        {
          "team": 1,
          "pos": {
            "x": 10.11,
            "y": 0.4
          }
        },
        {
          "team": 2,
          "pos": {
            "x": -14.52,
            "y": -2.13
          }
        }
      ]
    },
    {
      "time": 1.32,
      "players": [
        {
          "team": 1,
          "pos": {
            "x": 10.11,
            "y": 0.4
          }
        },
        {
          "team": 2,
          "pos": {
            "x": -14.52,
            "y": -2.13
          }
        }
      ]
    },
    {
      "time": 1.34,
      "players": [
        {
          "team": 1,
          "pos": {
            "x": 10.11,
            "y": 0.4
          }
        },
        {
          "team": 2,
          "pos": {
            "x": -14.52,
            "y": -2.13
          }
        }
      ]
    },
    {
      "time": 1.36,
      "players": [
        {
          "team": 1,
          "pos": {
            "x": 10.11,
            "y": 0.4
          }
        },
        {
          "team": 2,
          "pos": {
            "x": -14.52,
            "y": -2.13
          }
        }
      ]
    },
    {
      "time": 1.38,
      "players": [
        {
          "team": 1,
          "pos": {
            "x": 10.11,
            "y": 0.4
          }
        },
        {
          "team": 2,
          "pos": {
            "x": -14.52,
            "y": -2.13
          }
        }
      ]
    },
    {
      "time": 1.4,
      "players": [
        {
          "team": 1,
          "pos": {
            "x": 10.11,
            "y": 0.4
          }
        },
        {
          "team": 2,
          "pos": {
            "x": -14.52,
            "y": -2.13
          }
        }
      ]
    },
    {
      "time": 1.42,
      "players": [
        {
          "team": 1,
          "pos": {
            "x": 10.11,
            "y": 0.4
          }
        },
        {
          "team": 2,
          "pos": {
            "x": -14.52,
            "y": -2.13
          }
        }
      ]
    },
    {
      "time": 1.44,
      "players": [
        {
          "team": 1,
          "pos": {
            "x": 10.11,
            "y": 0.4
          }
        },
        {
          "team": 2,
          "pos": {
            "x": -14.52,
            "y": -2.13
          }
        }
      ]
    },
    {
      "time": 1.46,
      "players": [
        {
          "team": 1,
          "pos": {
            "x": 10.11,
            "y": 0.4
          }
        },
        {
          "team": 2,
          "pos": {
            "x": -14.52,
            "y": -2.13
          }
        }
      ]
    },
    {
      "time": 1.48,
      "players": [
        {
          "team": 1,
          "pos": {
            "x": 10.11,
            "y": 0.4
          }
        },
        {
          "team": 2,
          "pos": {
            "x": -14.52,
            "y": -2.13
          }
        }
      ]
    },
    {
      "time": 1.5,
      "players": [
        {
          "team": 1,
          "pos": {
            "x": 10.11,
            "y": 0.4
          }
        },
        {
          "team": 2,
          "pos": {
            "x": -14.52,
            "y": -2.13
          }
        }
      ]
    },
    {
      "time": 1.52,
      "players": [
        {
          "team": 1,
          "pos": {
            "x": 10.11,
            "y": 0.4
          }
        },
        {
          "team": 2,
          "pos": {
            "x": -14.52,
            "y": -2.13
          }
        }
      ]
    },
    {
      "time": 1.54,
      "players": [
        {
          "team": 1,
          "pos": {
            "x": 10.11,
            "y": 0.4
          }
        },
        {
          "team": 2,
          "pos": {
            "x": -14.52,
            "y": -2.13
          }
        }
      ]
    },
    {
      "time": 1.56,
      "players": [
        {
          "team": 1,
          "pos": {
            "x": 10.11,
            "y": 0.4
          }
        },
        {
          "team": 2,
          "pos": {
            "x": -14.52,
            "y": -2.13
          }
        }
      ]
    },
    {
      "time": 1.58,
      "players": [
        {
          "team": 1,
          "pos": {
            "x": 10.11,
            "y": 0.4
          }
        },
        {
          "team": 2,
          "pos": {
            "x": -14.52,
            "y": -2.13
          }
        }
      ]
    },
    {
      "time": 1.6,
      "players": [
        {
          "team": 1,
          "pos": {
            "x": 10.11,
            "y": 0.4
          }
        },
        {
          "team": 2,
          "pos": {
            "x": -14.52,
            "y": -2.13
          }
        }
      ]
    },
    {
      "time": 1.62,
      "players": [
        {
          "team": 1,
          "pos": {
            "x": 10.11,
            "y": 0.4
          }
        },
        {
          "team": 2,
          "pos": {
            "x": -14.52,
            "y": -2.13
          }
        }
      ]
    },
    {
      "time": 1.64,
      "players": [
        {
          "team": 1,
          "pos": {
            "x": 10.11,
            "y": 0.4
          }
        },
        {
          "team": 2,
          "pos": {
            "x": -14.52,
            "y": -2.13
          }
        }
      ]
    },
    {
      "time": 1.66,
      "players": [
        {
          "team": 1,
          "pos": {
            "x": 10.11,
            "y": 0.4
          }
        },
        {
          "team": 2,
          "pos": {
            "x": -14.52,
            "y": -2.13
          }
        }
      ]
    },
    {
      "time": 1.68,
      "players": [
        {
          "team": 1,
          "pos": {
            "x": 10.11,
            "y": 0.4
          }
        },
        {
          "team": 2,
          "pos": {
            "x": -14.52,
            "y": -2.13
          }
        }
      ]
    },
    {
      "time": 1.7,
      "players": [
        {
          "team": 1,
          "pos": {
            "x": 10.11,
            "y": 0.4
          }
        },
        {
          "team": 2,
          "pos": {
            "x": -14.52,
            "y": -2.13
          }
        }
      ]
    }
  ]
}