{
  "id": "bd523dd8-eea9-4c36-9fc0-568317590b2e",
  "sequences": {
    "set": 3,
    "game": 8,
    "point": 6,
    "serve": 1,
    "rally": 1
  },
  "match": {
    "season": 2025,
    "tournament_id": 9999,
    "draw_code": "MS001",
    "court_id": 1,
    "players": [
      {
        "forename": "Andy",
        "surname": "Bernard",
        "team": 1,
        "external_id": "AB12"
      },
      {
        "forename": "Cedric",
        "surname": "Diggory",
        "team": 2,
        "external_id": "CD34"
      }
    ]
  },
  "shots": [
    {
      "shot_no": 1,
      "team": 1,
      "stroke": "serve",
      "spin": {
        "type": "backspin",
        "rpm": -2198.38
      },
      "speed_ms": 55.742,
      "call": "out",
      "distance": 0.559,
      "time_utc": "2025-01-01T13:11:28.297Z",
      "time": 0.0,
      "duration": 0.85
    }
  ],
  "samples": [
    {
      "time": -2.0,
      "players": [
        {
          "team": 1,
          "pos": {
            "x": 12.12,
            "y": -1.05
          }
        },
        {
          "team": 2,
          "pos": {
            "x": -15.7,
            "y": 3.66
          }
        }
      ]
    },
    {
      "time": -1.98,
      "players": [
        {
          "team": 1,
          "pos": {
            "x": 12.12,
            "y": -1.05
          }
        },
        {
          "team": 2,
          "pos": {
            "x": -15.7,
            "y": 3.66
          }
        }
      ]
    },
    {
      "time": -1.96,
      "players": [
        {
          "team": 1,
          "pos": {
            "x": 12.1,
            "y": -1.05
          }
        },
        {
          "team": 2,
          "pos": {
            "x": -15.7,
            "y": 3.66
          }
        }
      ]
    },
    {
      "time": -1.94,
      "players": [
        {
          "team": 1,
          "pos": {
            "x": 12.07,
            "y": -1.07
          }
        },
        {
          "team": 2,
          "pos": {
            "x": -15.7,
            "y": 3.66
          }
        }
      ]
    },
    {
      "time": -1.92,
      "players": [
        {
          "team": 1,
          "pos": {
            "x": 12.06,
            "y": -1.07
          }
        },
        {
          "team": 2,
          "pos": {
            "x": -15.7,
            "y": 3.66
          }
        }
      ]
    },
    {
      "time": -1.9,
      "players": [
        {
          "team": 1,
          "pos": {
            "x": 12.08,
            "y": -1.11
          }
        },
        {
          "team": 2,
          "pos": {
            "x": -15.7,
            "y": 3.66
          }
        }
      ]
    },
    {
      "time": -1.88,
      "players": [
        {
          "team": 1,
          "pos": {
            "x": 12.1,
            "y": -1.14
          }
        },
        {
          "team": 2,
          "pos": {
            "x": -15.7,
            "y": 3.66
          }
        }
      ]
    },
    {
      "time": -1.86,
      "players": [
        {
          "team": 1,
          "pos": {
            "x": 12.08,
            "y": -1.15
          }
        },
        {
          "team": 2,
          "pos": {
            "x": -15.7,
            "y": 3.66
          }
        }
      ]
    },
    {
      "time": -1.84,
      "players": [
        {
          "team": 1,
          "pos": {
            "x": 12.11,
            "y": -1.17
          }
        },
        {
          "team": 2,
          "pos": {
            "x": -15.7,
            "y": 3.66
          }
        }
      ]
    },
    {
      "time": -1.82,
      "players": [
        {
          "team": 1,
          "pos": {
            "x": 12.11,
            "y": -1.19
          }
        },
        {
          "team": 2,
          "pos": {
            "x": -15.7,
            "y": 3.66
          }
        }
      ]
    },
    {
      "time": -1.8,
      "players": [
        {
          "team": 1,
          "pos": {
            "x": 12.11,
            "y": -1.17
          }
        },
        {
          "team": 2,
          "pos": {
            "x": -15.7,
            "y": 3.66
          }
        }
      ]
    },
    {
      "time": -1.78,
      "players": [
        {
          "team": 1,
          "pos": {
            "x": 12.13,
            "y": -1.2
          }
        },
        {
          "team": 2,
          "pos": {
            "x": -15.7,
            "y": 3.66
          }
        }
      ]
    },
    {
      "time": -1.76,
      "players": [
        {
          "team": 1,
          "pos": {
            "x": 12.11,
            "y": -1.23
          }
        },
        {
          "team": 2,
          "pos": {
            "x": -15.7,
            "y": 3.66
          }
        }
      ]
    },
    {
      "time": -1.74,
      "players": [
        {
          "team": 1,
          "pos": {
            "x": 12.1,
            "y": -1.21
          }
        },
        {
          "team": 2,
          "pos": {
            "x": -15.7,
            "y": 3.66
          }
        }
      ]
    },
    {
      "time": -1.72,
      "players": [
        {
          "team": 1,
          "pos": {
            "x": 12.08,
            "y": -1.18
          }
        },
        {
          "team": 2,
          "pos": {
            "x": -15.7,
            "y": 3.66
          }
        }
      ]
    },
    {
      "time": -1.7,
      "players": [
        {
          "team": 1,
          "pos": {
            "x": 12.07,
            "y": -1.17
          }
        },
        {
          "team": 2,
          "pos": {
            "x": -15.7,
            "y": 3.65
          }
        }
      ]
    },
    {
      "time": -1.68,
      "players": [
        {
          "team": 1,
          "pos": {
            "x": 12.08,
            "y": -1.17
          }
        },
        {
          "team": 2,
          "pos": {
            "x": -15.69,
            "y": 3.65
          }
        }
      ]
    },
    {
      "time": -1.66,
      "players": [
        {
          "team": 1,
          "pos": {
            "x": 12.09,
            "y": -1.16
          }
        },
        {
          "team": 2,
          "pos": {
            "x": -15.68,
            "y": 3.64
          }
        }
      ]
    },
    {
      "time": -1.64,
      "players": [
        {
          "team": 1,
          "pos": {
            "x": 12.1,
            "y": -1.2
          }
        },
        {
          "team": 2,
          "pos": {
            "x": -15.69,
            "y": 3.65
          }
        }
      ]
    },
    {
      "time": -1.62,
      "players": [
        {
          "team": 1,
          "pos": {
            "x": 12.05,
            "y": -1.21
          }
        },
        {
          "team": 2,
          "pos": {
            "x": -15.69,
            "y": 3.63
          }
        }
      ]
    },
    {
      "time": -1.6,
      "players": [
        {
          "team": 1,
          "pos": {
            "x": 12.03,
            "y": -1.21
          }
        },
        {
          "team": 2,
          "pos": {
            "x": -15.71,
            "y": 3.62
          }
        }
      ]
    },
    {
      "time": -1.58,
      "players": [
        {
          "team": 1,
          "pos": {
            "x": 12.04,
            "y": -1.22
          }
        },
        {
          "team": 2,
          "pos": {
            "x": -15.69,
            "y": 3.6
          }
        }
      ]
    },
    {
      "time": -1.56,
      "players": [
        {
          "team": 1,
          "pos": {
            "x": 12.04,
            "y": -1.2
          }
        },
        {
          "team": 2,
          "pos": {
            "x": -15.68,
            "y": 3.55
          }
        }
      ]
    },
    {
      "time": -1.54,
      "players": [
        {
          "team": 1,
          "pos": {
            "x": 12.05,
            "y": -1.19
          }
        },
        {
          "team": 2,
          "pos": {
            "x": -15.63,
            "y": 3.5
          }
        }
      ]
    },
    {
      "time": -1.52,
      "players": [
        {
          "team": 1,
          "pos": {
            "x": 12.05,
            "y": -1.18
          }
        },
        {
          "team": 2,
          "pos": {
            "x": -15.6,
            "y": 3.46
          }
        }
      ]
    },
    {
      "time": -1.5,
      "players": [
        {
          "team": 1,
          "pos": {
            "x": 12.05,
            "y": -1.17
          }
        },
        {
          "team": 2,
          "pos": {
            "x": -15.55,
            "y": 3.41
          }
        }
      ]
    },
    {
      "time": -1.48,
      "players": [
        {
          "team": 1,
          "pos": {
            "x": 12.05,
            "y": -1.17
          }
        },
        {
          "team": 2,
          "pos": {
            "x": -15.54,
            "y": 3.43
          }
        }
      ]
    },
    {
      "time": -1.46,
      "players": [
        {
          "team": 1,
          "pos": {
            "x": 12.06,
            "y": -1.2
          }
        },
        {
          "team": 2,
          "pos": {
            "x": -15.57,
            "y": 3.41
          }
        }
      ]
    },
    {
      "time": -1.44,
      "players": [
        {
          "team": 1,
          "pos": {
            "x": 12.07,
            "y": -1.26
          }
        },
        {
          "team": 2,
          "pos": {
            "x": -15.58,
            "y": 3.43
          }
        }
      ]
    },
    {
      "time": -1.42,
      "players": [
        {
          "team": 1,
          "pos": {
            "x": 12.08,
            "y": -1.29
          }
        },
        {
          "team": 2,
          "pos": {
            "x": -15.61,
            "y": 3.46
          }
        }
      ]
    },
    {
      "time": -1.4,
      "players": [
        {
          "team": 1,
          "pos": {
            "x": 12.05,
            "y": -1.31
          }
        },
        {
          "team": 2,
          "pos": {
            "x": -15.59,
            "y": 3.43
          }
        }
      ]
    },
    {
      "time": -1.38,
      "players": [
        {
          "team": 1,
          "pos": {
            "x": 12.05,
            "y": -1.34
          }
        },
        {
          "team": 2,
          "pos": {
            "x": -15.55,
            "y": 3.43
          }
        }
      ]
    },
    {
      "time": -1.36,
      "players": [
        {
          "team": 1,
          "pos": {
            "x": 12.05,
            "y": -1.39
          }
        },
        {
          "team": 2,
          "pos": {
            "x": -15.58,
            "y": 3.42
          }
        }
      ]
    },
    {
      "time": -1.34,
      "players": [
        {
          "team": 1,
          "pos": {
            "x": 12.06,
            "y": -1.43
          }
        },
        {
          "team": 2,
          "pos": {
            "x": -15.54,
            "y": 3.44
          }
        }
      ]
    },
    {
      "time": -1.32,
      "players": [
        {
          "team": 1,
          "pos": {
            "x": 12.07,
            "y": -1.48
          }
        },
        {
          "team": 2,
          "pos": {
            "x": -15.51,
            "y": 3.43
          }
        }
      ]
    },
    {
      "time": -1.3,
      "players": [
        {
          "team": 1,
          "pos": {
            "x": 12.05,
            "y": -1.49
          }
        },
        {
          "team": 2,
          "pos": {
            "x": -15.4,
            "y": 3.47
          }
        }
      ]
    },
    {
      "time": -1.28,
      "players": [
        {
          "team": 1,
          "pos": {
            "x": 12.05,
            "y": -1.52
          }
        },
        {
          "team": 2,
          "pos": {
            "x": -15.38,
            "y": 3.49
          }
        }
      ]
    },
    {
      "time": -1.264,
      "ball": {
        "pos": {
          "x": 11.976,
          "y": -1.131,
          "z": 0.544
        }
      },
      "players": [
        {
          "team": 1,
          "pos": {
            "x": 12.07,
            "y": -1.56
          }
        },
        {
          "team": 2,
          "pos": {
            "x": -15.41,
            "y": 3.49
          }
        }
      ]
    },
    {
      "time": -1.26,
      "ball": {
        "pos": {
          "x": 11.971,
          "y": -1.12,
          "z": 0.566
        }
      },
      "players": [
        {
          "team": 1,
          "pos": {
            "x": 12.07,
            "y": -1.56
          }
        },
        {
          "team": 2,
          "pos": {
            "x": -15.35,
            "y": 3.49
          }
        }
      ]
    },
    {
      "time": -1.24,
      "ball": {
        "pos": {
          "x": 11.95,
          "y": -1.072,
          "z": 0.661
        }
      },
      "players": [
        {
          "team": 1,
          "pos": {
            "x": 12.06,
            "y": -1.6
          }
        },
        {
          "team": 2,
          "pos": {
            "x": -15.37,
            "y": 3.53
          }
        }
      ]
    },
    {
      "time": -1.22,
      "ball": {
        "pos": {
          "x": 11.929,
          "y": -1.028,
          "z": 0.755
        }
      },
      "players": [
        {
          "team": 1,
          "pos": {
            "x": 12.07,
            "y": -1.63
          }
        },
        {
          "team": 2,
          "pos": {
            "x": -15.44,
            "y": 3.53
          }
        }
      ]
    },
    {
      "time": -1.2,
      "ball": {
        "pos": {
          "x": 11.908,
          "y": -0.986,
          "z": 0.85
        }
      },
      "players": [
        {
          "team": 1,
          "pos": {
            "x": 12.06,
            "y": -1.65
          }
        },
        {
          "team": 2,
          "pos": {
            "x": -15.43,
            "y": 3.51
          }
        }
      ]
    },
    {
      "time": -1.18,
      "ball": {
        "pos": {
          "x": 11.889,
          "y": -0.948,
          "z": 0.944
        }
      },
      "players": [
        {
          "team": 1,
          "pos": {
            "x": 12.07,
            "y": -1.64
          }
        },
        {
          "team": 2,
          "pos": {
            "x": -15.43,
            "y": 3.53
          }
        }
      ]
    },
    {
      "time": -1.16,
      "ball": {
        "pos": {
          "x": 11.869,
          "y": -0.912,
          "z": 1.038
        }
      },
      "players": [
        {
          "team": 1,
          "pos": {
            "x": 12.06,
            "y": -1.59
          }
        },
        {
          "team": 2,
          "pos": {
            "x": -15.45,
            "y": 3.52
          }
        }
      ]
    },
    {
      "time": -1.14,
      "ball": {
        "pos": {
          "x": 11.851,
          "y": -0.879,
          "z": 1.131
        }
      },
      "players": [
        {
          "team": 1,
          "pos": {
            "x": 12.06,
            "y": -1.58
          }
        },
        {
          "team": 2,
          "pos": {
            "x": -15.47,
            "y": 3.53
          }
        }
      ]
    },
    {
      "time": -1.12,
      "ball": {
        "pos": {
          "x": 11.833,
          "y": -0.849,
          "z": 1.224
        }
      },
      "players": [
        {
          "team": 1,
          "pos": {
            "x": 12.06,
            "y": -1.52
          }
        },
        {
          "team": 2,
          "pos": {
            "x": -15.52,
            "y": 3.53
          }
        }
      ]
    },
    {
      "time": -1.1,
      "ball": {
        "pos": {
          "x": 11.815,
          "y": -0.822,
          "z": 1.316
        }
      },
      "players": [
        {
          "team": 1,
          "pos": {
            "x": 12.08,
            "y": -1.48
          }
        },
        {
          "team": 2,
          "pos": {
            "x": -15.51,
            "y": 3.53
          }
        }
      ]
    },
    {
      "time": -1.08,
      "ball": {
        "pos": {
          "x": 11.798,
          "y": -0.797,
          "z": 1.407
        }
      },
      "players": [
        {
          "team": 1,
          "pos": {
            "x": 12.1,
            "y": -1.46
          }
        },
        {
          "team": 2,
          "pos": {
            "x": -15.51,
            "y": 3.53
          }
        }
      ]
    },
    {
      "time": -1.06,
      "ball": {
        "pos": {
          "x": 11.782,
          "y": -0.775,
          "z": 1.497
        }
      },
      "players": [
        {
          "team": 1,
          "pos": {
            "x": 12.11,
            "y": -1.43
          }
        },
        {
          "team": 2,
          "pos": {
            "x": -15.54,
            "y": 3.54
          }
        }
      ]
    },
    {
      "time": -1.04,
      "ball": {
        "pos": {
          "x": 11.766,
          "y": -0.755,
          "z": 1.587
        }
      },
      "players": [
        {
          "team": 1,
          "pos": {
            "x": 12.09,
            "y": -1.42
          }
        },
        {
          "team": 2,
          "pos": {
            "x": -15.46,
            "y": 3.51
          }
        }
      ]
    },
    {
      "time": -1.02,
      "ball": {
        "pos": {
          "x": 11.75,
          "y": -0.738,
          "z": 1.675
        }
      },
      "players": [
        {
          "team": 1,
          "pos": {
            "x": 12.07,
            "y": -1.44
          }
        },
        {
          "team": 2,
          "pos": {
            "x": -15.47,
            "y": 3.52
          }
        }
      ]
    },
    {
      "time": -1.0,
      "ball": {
        "pos": {
          "x": 11.735,
          "y": -0.722,
          "z": 1.762
        }
      },
      "players": [
        {
          "team": 1,
          "pos": {
            "x": 12.06,
            "y": -1.43
          }
        },
        {
          "team": 2,
          "pos": {
            "x": -15.47,
            "y": 3.54
          }
        }
      ]
    },
    {
      "time": -0.98,
      "ball": {
        "pos": {
          "x": 11.721,
          "y": -0.71,
          "z": 1.849
        }
      },
      "players": [
        {
          "team": 1,
          "pos": {
            "x": 12.08,
            "y": -1.45
          }
        },
        {
          "team": 2,
          "pos": {
            "x": -15.46,
            "y": 3.54
          }
        }
      ]
    },
    {
      "time": -0.96,
      "ball": {
        "pos": {
          "x": 11.707,
          "y": -0.699,
          "z": 1.933
        }
      },
      "players": [
        {
          "team": 1,
          "pos": {
            "x": 12.1,
            "y": -1.39
          }
        },
        {
          "team": 2,
          "pos": {
            "x": -15.46,
            "y": 3.56
          }
        }
      ]
    },
    {
      "time": -0.94,
      "ball": {
        "pos": {
          "x": 11.693,
          "y": -0.691,
          "z": 2.017
        }
      },
      "players": [
        {
          "team": 1,
          "pos": {
            "x": 12.12,
            "y": -1.32
          }
        },
        {
          "team": 2,
          "pos": {
            "x": -15.45,
            "y": 3.55
          }
        }
      ]
    },
    {
      "time": -0.92,
      "ball": {
        "pos": {
          "x": 11.68,
          "y": -0.684,
          "z": 2.099
        }
      },
      "players": [
        {
          "team": 1,
          "pos": {
            "x": 12.15,
            "y": -1.28
          }
        },
        {
          "team": 2,
          "pos": {
            "x": -15.46,
            "y": 3.53
          }
        }
      ]
    },
    {
      "time": -0.9,
      "ball": {
        "pos": {
          "x": 11.667,
          "y": -0.68,
          "z": 2.179
        }
      },
      "players": [
        {
          "team": 1,
          "pos": {
            "x": 12.19,
            "y": -1.26
          }
        },
        {
          "team": 2,
          "pos": {
            "x": -15.46,
            "y": 3.52
          }
        }
      ]
    },
    {
      "time": -0.88,
      "ball": {
        "pos": {
          "x": 11.655,
          "y": -0.677,
          "z": 2.258
        }
      },
      "players": [
        {
          "team": 1,
          "pos": {
            "x": 12.16,
            "y": -1.21
          }
        },
        {
          "team": 2,
          "pos": {
            "x": -15.43,
            "y": 3.49
          }
        }
      ]
    },
    {
      "time": -0.86,
      "ball": {
        "pos": {
          "x": 11.643,
          "y": -0.677,
          "z": 2.335
        }
      },
      "players": [
        {
          "team": 1,
          "pos": {
            "x": 12.12,
            "y": -1.23
          }
        },
        {
          "team": 2,
          "pos": {
            "x": -15.42,
            "y": 3.47
          }
        }
      ]
    },
    {
      "time": -0.84,
      "ball": {
        "pos": {
          "x": 11.631,
          "y": -0.678,
          "z": 2.41
        }
      },
      "players": [
        {
          "team": 1,
          "pos": {
            "x": 12.14,
            "y": -1.19
          }
        },
        {
          "team": 2,
          "pos": {
            "x": -15.4,
            "y": 3.45
          }
        }
      ]
    },
    {
      "time": -0.82,
      "ball": {
        "pos": {
          "x": 11.62,
          "y": -0.681,
          "z": 2.484
        }
      },
      "players": [
        {
          "team": 1,
          "pos": {
            "x": 12.14,
            "y": -1.14
          }
        },
        {
          "team": 2,
          "pos": {
            "x": -15.38,
            "y": 3.41
          }
        }
      ]
    },
    {
      "time": -0.8,
      "ball": {
        "pos": {
          "x": 11.609,
          "y": -0.685,
          "z": 2.556
        }
      },
      "players": [
        {
          "team": 1,
          "pos": {
            "x": 12.17,
            "y": -1.12
          }
        },
        {
          "team": 2,
          "pos": {
            "x": -15.35,
            "y": 3.39
          }
        }
      ]
    },
    {
      "time": -0.78,
      "ball": {
        "pos": {
          "x": 11.599,
          "y": -0.691,
          "z": 2.625
        }
      },
      "players": [
        {
          "team": 1,
          "pos": {
            "x": 12.17,
            "y": -1.07
          }
        },
        {
          "team": 2,
          "pos": {
            "x": -15.34,
            "y": 3.38
          }
        }
      ]
    },
    {
      "time": -0.76,
      "ball": {
        "pos": {
          "x": 11.589,
          "y": -0.699,
          "z": 2.693
        }
      },
      "players": [
        {
          "team": 1,
          "pos": {
            "x": 12.18,
            "y": -1.03
          }
        },
        {
          "team": 2,
          "pos": {
            "x": -15.3,
            "y": 3.37
          }
        }
      ]
    },
    {
      "time": -0.74,
      "ball": {
        "pos": {
          "x": 11.579,
          "y": -0.708,
          "z": 2.758
        }
      },
      "players": [
        {
          "team": 1,
          "pos": {
            "x": 12.2,
            "y": -1.0
          }
        },
        {
          "team": 2,
          "pos": {
            "x": -15.28,
            "y": 3.37
          }
        }
      ]
    },
    {
      "time": -0.72,
      "ball": {
        "pos": {
          "x": 11.57,
          "y": -0.719,
          "z": 2.821
        }
      },
      "players": [
        {
          "team": 1,
          "pos": {
            "x": 12.22,
            "y": -0.96
          }
        },
        {
          "team": 2,
          "pos": {
            "x": -15.28,
            "y": 3.35
          }
        }
      ]
    },
    {
      "time": -0.7,
      "ball": {
        "pos": {
          "x": 11.561,
          "y": -0.73,
          "z": 2.881
        }
      },
      "players": [
        {
          "team": 1,
          "pos": {
            "x": 12.23,
            "y": -0.93
          }
        },
        {
          "team": 2,
          "pos": {
            "x": -15.27,
            "y": 3.34
          }
        }
      ]
    },
    {
      "time": -0.68,
      "ball": {
        "pos": {
          "x": 11.552,
          "y": -0.743,
          "z": 2.939
        }
      },
      "players": [
        {
          "team": 1,
          "pos": {
            "x": 12.23,
            "y": -0.95
          }
        },
        {
          "team": 2,
          "pos": {
            "x": -15.21,
            "y": 3.34
          }
        }
      ]
    },
    {
      "time": -0.66,
      "ball": {
        "pos": {
          "x": 11.544,
          "y": -0.757,
          "z": 2.995
        }
      },
      "players": [
        {
          "team": 1,
          "pos": {
            "x": 12.23,
            "y": -0.96
          }
        },
        {
          "team": 2,
          "pos": {
            "x": -15.15,
            "y": 3.31
          }
        }
      ]
    },
    {
      "time": -0.64,
      "ball": {
        "pos": {
          "x": 11.536,
          "y": -0.773,
          "z": 3.048
        }
      },
      "players": [
        {
          "team": 1,
          "pos": {
            "x": 12.23,
            "y": -1.0
          }
        },
        {
          "team": 2,
          "pos": {
            "x": -15.14,
            "y": 3.29
          }
        }
      ]
    },
    {
      "time": -0.62,
      "ball": {
        "pos": {
          "x": 11.528,
          "y": -0.789,
          "z": 3.098
        }
      },
      "players": [
        {
          "team": 1,
          "pos": {
            "x": 12.23,
            "y": -1.03
          }
        },
        {
          "team": 2,
          "pos": {
            "x": -15.12,
            "y": 3.24
          }
        }
      ]
    },
    {
      "time": -0.6,
      "ball": {
        "pos": {
          "x": 11.52,
          "y": -0.806,
          "z": 3.146
        }
      },
      "players": [
        {
          "team": 1,
          "pos": {
            "x": 12.24,
            "y": -1.02
          }
        },
        {
          "team": 2,
          "pos": {
            "x": -15.1,
            "y": 3.21
          }
        }
      ]
    },
    {
      "time": -0.58,
      "ball": {
        "pos": {
          "x": 11.513,
          "y": -0.824,
          "z": 3.191
        }
      },
      "players": [
        {
          "team": 1,
          "pos": {
            "x": 12.26,
            "y": -1.02
          }
        },
        {
          "team": 2,
          "pos": {
            "x": -15.12,
            "y": 3.2
          }
        }
      ]
    },
    {
      "time": -0.56,
      "ball": {
        "pos": {
          "x": 11.506,
          "y": -0.843,
          "z": 3.232
        }
      },
      "players": [
        {
          "team": 1,
          "pos": {
            "x": 12.27,
            "y": -1.05
          }
        },
        {
          "team": 2,
          "pos": {
            "x": -15.13,
            "y": 3.17
          }
        }
      ]
    },
    {
      "time": -0.54,
      "ball": {
        "pos": {
          "x": 11.499,
          "y": -0.863,
          "z": 3.271
        }
      },
      "players": [
        {
          "team": 1,
          "pos": {
            "x": 12.3,
            "y": -1.03
          }
        },
        {
          "team": 2,
          "pos": {
            "x": -15.15,
            "y": 3.15
          }
        }
      ]
    },
    {
      "time": -0.52,
      "ball": {
        "pos": {
          "x": 11.492,
          "y": -0.883,
          "z": 3.307
        }
      },
      "players": [
        {
          "team": 1,
          "pos": {
            "x": 12.33,
            "y": -1.01
          }
        },
        {
          "team": 2,
          "pos": {
            "x": -15.16,
            "y": 3.12
          }
        }
      ]
    },
    {
      "time": -0.5,
      "ball": {
        "pos": {
          "x": 11.486,
          "y": -0.904,
          "z": 3.339
        }
      },
      "players": [
        {
          "team": 1,
          "pos": {
            "x": 12.36,
            "y": -1.0
          }
        },
        {
          "team": 2,
          "pos": {
            "x": -15.14,
            "y": 3.09
          }
        }
      ]
    },
    {
      "time": -0.48,
      "ball": {
        "pos": {
          "x": 11.48,
          "y": -0.926,
          "z": 3.368
        }
      },
      "players": [
        {
          "team": 1,
          "pos": {
            "x": 12.4,
            "y": -0.97
          }
        },
        {
          "team": 2,
          "pos": {
            "x": -15.13,
            "y": 3.09
          }
        }
      ]
    },
    {
      "time": -0.46,
      "ball": {
        "pos": {
          "x": 11.474,
          "y": -0.948,
          "z": 3.394
        }
      },
      "players": [
        {
          "team": 1,
          "pos": {
            "x": 12.42,
            "y": -0.96
          }
        },
        {
          "team": 2,
          "pos": {
            "x": -15.15,
            "y": 3.08
          }
        }
      ]
    },
    {
      "time": -0.44,
      "ball": {
        "pos": {
          "x": 11.468,
          "y": -0.97,
          "z": 3.416
        }
      },
      "players": [
        {
          "team": 1,
          "pos": {
            "x": 12.44,
            "y": -0.94
          }
        },
        {
          "team": 2,
          "pos": {
            "x": -15.16,
            "y": 3.06
          }
        }
      ]
    },
    {
      "time": -0.42,
      "ball": {
        "pos": {
          "x": 11.462,
          "y": -0.993,
          "z": 3.435
        }
      },
      "players": [
        {
          "team": 1,
          "pos": {
            "x": 12.46,
            "y": -0.93
          }
        },
        {
          "team": 2,
          "pos": {
            "x": -15.18,
            "y": 3.07
          }
        }
      ]
    },
    {
      "time": -0.4,
      "ball": {
        "pos": {
          "x": 11.456,
          "y": -1.016,
          "z": 3.45
        }
      },
      "players": [
        {
          "team": 1,
          "pos": {
            "x": 12.47,
            "y": -0.91
          }
        },
        {
          "team": 2,
          "pos": {
            "x": -15.17,
            "y": 3.04
          }
        }
      ]
    },
    {
      "time": -0.38,
      "ball": {
        "pos": {
          "x": 11.451,
          "y": -1.039,
          "z": 3.461
        }
      },
      "players": [
        {
          "team": 1,
          "pos": {
            "x": 12.48,
            "y": -0.89
          }
        },
        {
          "team": 2,
          "pos": {
            "x": -15.16,
            "y": 3.05
          }
        }
      ]
    },
    {
      "time": -0.36,
      "ball": {
        "pos": {
          "x": 11.446,
          "y": -1.063,
          "z": 3.469
        }
      },
      "players": [
        {
          "team": 1,
          "pos": {
            "x": 12.46,
            "y": -0.87
          }
        },
        {
          "team": 2,
          "pos": {
            "x": -15.15,
            "y": 3.03
          }
        }
      ]
    },
    {
      "time": -0.34,
      "ball": {
        "pos": {
          "x": 11.441,
          "y": -1.086,
          "z": 3.473
        }
      },
      "players": [
        {
          "team": 1,
          "pos": {
            "x": 12.41,
            "y": -0.87
          }
        },
        {
          "team": 2,
          "pos": {
            "x": -15.13,
            "y": 3.0
          }
        }
      ]
    },
    {
      "time": -0.331,
      "ball": {
        "pos": {
          "x": 11.438,
          "y": -1.097,
          "z": 3.473
        }
      },
      "players": [
        {
          "team": 1,
          "pos": {
            "x": 12.37,
            "y": -0.89
          }
        },
        {
          "team": 2,
          "pos": {
            "x": -15.14,
            "y": 3.02
          }
        }
      ]
    },
    {
      "time": -0.32,
      "ball": {
        "pos": {
          "x": 11.435,
          "y": -1.11,
          "z": 3.473
        }
      },
      "players": [
        {
          "team": 1,
          "pos": {
            "x": 12.36,
            "y": -0.91
          }
        },
        {
          "team": 2,
          "pos": {
            "x": -15.1,
            "y": 2.97
          }
        }
      ]
    },
    {
      "time": -0.3,
      "ball": {
        "pos": {
          "x": 11.43,
          "y": -1.133,
          "z": 3.469
        }
      },
      "players": [
        {
          "team": 1,
          "pos": {
            "x": 12.31,
            "y": -0.96
          }
        },
        {
          "team": 2,
          "pos": {
            "x": -15.07,
            "y": 2.93
          }
        }
      ]
    },
    {
      "time": -0.28,
      "ball": {
        "pos": {
          "x": 11.426,
          "y": -1.156,
          "z": 3.46
        }
      },
      "players": [
        {
          "team": 1,
          "pos": {
            "x": 12.28,
            "y": -1.05
          }
        },
        {
          "team": 2,
          "pos": {
            "x": -15.03,
            "y": 2.9
          }
        }
      ]
    },
    {
      "time": -0.26,
      "ball": {
        "pos": {
          "x": 11.421,
          "y": -1.179,
          "z": 3.448
        }
      },
      "players": [
        {
          "team": 1,
          "pos": {
            "x": 12.28,
            "y": -1.13
          }
        },
        {
          "team": 2,
          "pos": {
            "x": -14.99,
            "y": 2.87
          }
        }
      ]
    },
    {
      "time": -0.24,
      "ball": {
        "pos": {
          "x": 11.416,
          "y": -1.202,
          "z": 3.431
        }
      },
      "players": [
        {
          "team": 1,
          "pos": {
            "x": 12.28,
            "y": -1.14
          }
        },
        {
          "team": 2,
          "pos": {
            "x": -14.95,
            "y": 2.83
          }
        }
      ]
    },
    {
      "time": -0.22,
      "ball": {
        "pos": {
          "x": 11.411,
          "y": -1.224,
          "z": 3.41
        }
      },
      "players": [
        {
          "team": 1,
          "pos": {
            "x": 12.27,
            "y": -1.17
          }
        },
        {
          "team": 2,
          "pos": {
            "x": -14.91,
            "y": 2.88
          }
        }
      ]
    },
    {
      "time": -0.2,
      "ball": {
        "pos": {
          "x": 11.407,
          "y": -1.246,
          "z": 3.384
        }
      },
      "players": [
        {
          "team": 1,
          "pos": {
            "x": 12.24,
            "y": -1.21
          }
        },
        {
          "team": 2,
          "pos": {
            "x": -14.89,
            "y": 2.88
          }
        }
      ]
    },
    {
      "time": -0.18,
      "ball": {
        "pos": {
          "x": 11.402,
          "y": -1.268,
          "z": 3.354
        }
      },
      "players": [
        {
          "team": 1,
          "pos": {
            "x": 12.19,
            "y": -1.27
          }
        },
        {
          "team": 2,
          "pos": {
            "x": -14.82,
            "y": 2.88
          }
        }
      ]
    },
    {
      "time": -0.16,
      "ball": {
        "pos": {
          "x": 11.397,
          "y": -1.289,
          "z": 3.32
        }
      },
      "players": [
        {
          "team": 1,
          "pos": {
            "x": 12.18,
            "y": -1.31
          }
        },
        {
          "team": 2,
          "pos": {
            "x": -14.73,
            "y": 2.94
          }
        }
      ]
    },
    {
      "time": -0.14,
      "ball": {
        "pos": {
          "x": 11.393,
          "y": -1.309,
          "z": 3.28
        }
      },
      "players": [
        {
          "team": 1,
          "pos": {
            "x": 12.11,
            "y": -1.35
          }
        },
        {
          "team": 2,
          "pos": {
            "x": -14.65,
            "y": 3.0
          }
        }
      ]
    },
    {
      "time": -0.12,
      "ball": {
        "pos": {
          "x": 11.388,
          "y": -1.329,
          "z": 3.236
        }
      },
      "players": [
        {
          "team": 1,
          "pos": {
            "x": 12.06,
            "y": -1.37
          }
        },
        {
          "team": 2,
          "pos": {
            "x": -14.59,
            "y": 2.99
          }
        }
      ]
    },
    {
      "time": -0.1,
      "ball": {
        "pos": {
          "x": 11.384,
          "y": -1.348,
          "z": 3.187
        }
      },
      "players": [
        {
          "team": 1,
          "pos": {
            "x": 11.96,
            "y": -1.36
          }
        },
        {
          "team": 2,
          "pos": {
            "x": -14.56,
            "y": 2.97
          }
        }
      ]
    },
    {
      "time": -0.08,
      "ball": {
        "pos": {
          "x": 11.379,
          "y": -1.366,
          "z": 3.133
        }
      },
      "players": [
        {
          "team": 1,
          "pos": {
            "x": 11.9,
            "y": -1.34
          }
        },
        {
          "team": 2,
          "pos": {
            "x": -14.57,
            "y": 3.02
          }
        }
      ]
    },
    {
      "time": -0.06,
      "ball": {
        "pos": {
          "x": 11.374,
          "y": -1.383,
          "z": 3.074
        }
      },
      "players": [
        {
          "team": 1,
          "pos": {
            "x": 11.85,
            "y": -1.31
          }
        },
        {
          "team": 2,
          "pos": {
            "x": -14.57,
            "y": 3.02
          }
        }
      ]
    },
    {
      "time": -0.04,
      "ball": {
        "pos": {
          "x": 11.37,
          "y": -1.399,
          "z": 3.01
        }
      },
      "players": [
        {
          "team": 1,
          "pos": {
            "x": 11.78,
            "y": -1.27
          }
        },
        {
          "team": 2,
          "pos": {
            "x": -14.55,
            "y": 3.03
          }
        }
      ]
    },
    {
      "time": -0.02,
      "ball": {
        "pos": {
          "x": 11.365,
          "y": -1.414,
          "z": 2.94
        }
      },
      "players": [
        {
          "team": 1,
          "pos": {
            "x": 11.76,
            "y": -1.25
          }
        },
        {
          "team": 2,
          "pos": {
            "x": -14.45,
            "y": 3.11
          }
        }
      ]
    },
    {
      "time": 0.0,
      "event": "hit",
      "ball": {
        "pos": {
          "x": 11.36,
          "y": -1.429,
          "z": 2.866
        }
      },
      "players": [
        {
          "team": 1,
          "pos": {
            "x": 11.69,
            "y": -1.19
          }
        },
        {
          "team": 2,
          "pos": {
            "x": -14.37,
            "y": 3.14
          }
        }
      ]
    },
    {
      "time": 0.02,
      "ball": {
        "pos": {
          "x": 10.323,
          "y": -1.073,
          "z": 2.759
        }
      },
      "players": [
        {
          "team": 1,
          "pos": {
            "x": 11.62,
            "y": -1.15
          }
        },
        {
          "team": 2,
          "pos": {
            "x": -14.35,
            "y": 3.2
          }
        }
      ]
    },
    {
      "time": 0.04,
      "ball": {
        "pos": {
          "x": 9.31,
          "y": -0.725,
          "z": 2.649
        }
      },
      "players": [
        {
          "team": 1,
          "pos": {
            "x": 11.53,
            "y": -1.14
          }
        },
        {
          "team": 2,
          "pos": {
            "x": -14.3,
            "y": 3.22
          }
        }
      ]
    },
    {
      "time": 0.06,
      "ball": {
        "pos": {
          "x": 8.321,
          "y": -0.387,
          "z": 2.537
        }
      },
      "players": [
        {
          "team": 1,
          "pos": {
            "x": 11.51,
            "y": -1.11
          }
        },
        {
          "team": 2,
          "pos": {
            "x": -14.26,
            "y": 3.24
          }
        }
      ]
    },
    {
      "time": 0.08,
      "ball": {
        "pos": {
          "x": 7.355,
          "y": -0.056,
          "z": 2.421
        }
      },
      "players": [
        {
          "team": 1,
          "pos": {
            "x": 11.42,
            "y": -1.09
          }
        },
        {
          "team": 2,
          "pos": {
            "x": -14.2,
            "y": 3.22
          }
        }
      ]
    },
    {
      "time": 0.1,
      "ball": {
        "pos": {
          "x": 6.412,
          "y": 0.266,
          "z": 2.303
        }
      },
      "players": [
        {
          "team": 1,
          "pos": {
            "x": 11.36,
            "y": -1.07
          }
        },
        {
          "team": 2,
          "pos": {
            "x": -14.17,
            "y": 3.21
          }
        }
      ]
    },
    {
      "time": 0.12,
      "ball": {
        "pos": {
          "x": 5.489,
          "y": 0.581,
          "z": 2.181
        }
      },
      "players": [
        {
          "team": 1,
          "pos": {
            "x": 11.32,
            "y": -1.04
          }
        },
        {
          "team": 2,
          "pos": {
            "x": -14.18,
            "y": 3.22
          }
        }
      ]
    },
    {
      "time": 0.14,
      "ball": {
        "pos": {
          "x": 4.588,
          "y": 0.888,
          "z": 2.057
        }
      },
      "players": [
        {
          "team": 1,
          "pos": {
            "x": 11.28,
            "y": -1.01
          }
        },
        {
          "team": 2,
          "pos": {
            "x": -14.19,
            "y": 3.22
          }
        }
      ]
    },
    {
      "time": 0.16,
      "ball": {
        "pos": {
          "x": 3.706,
          "y": 1.189,
          "z": 1.93
        }
      },
      "players": [
        {
          "team": 1,
          "pos": {
            "x": 11.27,
            "y": -1.01
          }
        },
        {
          "team": 2,
          "pos": {
            "x": -14.2,
            "y": 3.23
          }
        }
      ]
    },
    {
      "time": 0.18,
      "ball": {
        "pos": {
          "x": 2.843,
          "y": 1.482,
          "z": 1.801
        }
      },
      "players": [
        {
          "team": 1,
          "pos": {
            "x": 11.24,
            "y": -1.0
          }
        },
        {
          "team": 2,
          "pos": {
            "x": -14.21,
            "y": 3.22
          }
        }
      ]
    },
    {
      "time": 0.2,
      "ball": {
        "pos": {
          "x": 1.999,
          "y": 1.769,
          "z": 1.669
        }
      },
      "players": [
        {
          "team": 1,
          "pos": {
            "x": 11.26,
            "y": -0.98
          }
        },
        {
          "team": 2,
          "pos": {
            "x": -14.23,
            "y": 3.2
          }
        }
      ]
    },
    {
      "time": 0.22,
      "ball": {
        "pos": {
          "x": 1.172,
          "y": 2.05,
          "z": 1.535
        }
      },
      "players": [
        {
          "team": 1,
          "pos": {
            "x": 11.25,
            "y": -0.97
          }
        },
        {
          "team": 2,
          "pos": {
            "x": -14.23,
            "y": 3.2
          }
        }
      ]
    },
    {
      "time": 0.24,
      "ball": {
        "pos": {
          "x": 0.363,
          "y": 2.326,
          "z": 1.399
        }
      },
      "players": [
        {
          "team": 1,
          "pos": {
            "x": 11.29,
            "y": -0.96
          }
        },
        {
          "team": 2,
          "pos": {
            "x": -14.24,
            "y": 3.21
          }
        }
      ]
    },
    {
      "time": 0.249,
      "ball": {
        "pos": {
          "x": 0.0,
          "y": 2.449,
          "z": 1.336
        }
      },
      "players": [
        {
          "team": 1,
          "pos": {
            "x": 11.31,
            "y": -0.99
          }
        },
        {
          "team": 2,
          "pos": {
            "x": -14.23,
            "y": 3.2
          }
        }
      ]
    },
    {
      "time": 0.26,
      "ball": {
        "pos": {
          "x": -0.431,
          "y": 2.595,
          "z": 1.26
        }
      },
      "players": [
        {
          "team": 1,
          "pos": {
            "x": 11.32,
            "y": -0.99
          }
        },
        {
          "team": 2,
          "pos": {
            "x": -14.25,
            "y": 3.2
          }
        }
      ]
    },
    {
      "time": 0.28,
      "ball": {
        "pos": {
          "x": -1.21,
          "y": 2.86,
          "z": 1.119
        }
      },
      "players": [
        {
          "team": 1,
          "pos": {
            "x": 11.35,
            "y": -0.99
          }
        },
        {
          "team": 2,
          "pos": {
            "x": -14.25,
            "y": 3.2
          }
        }
      ]
    },
    {
      "time": 0.3,
      "ball": {
        "pos": {
          "x": -1.973,
          "y": 3.119,
          "z": 0.976
        }
      },
      "players": [
        {
          "team": 1,
          "pos": {
            "x": 11.31,
            "y": -0.99
          }
        },
        {
          "team": 2,
          "pos": {
            "x": -14.25,
            "y": 3.21
          }
        }
      ]
    },
    {
      "time": 0.32,
      "ball": {
        "pos": {
          "x": -2.724,
          "y": 3.374,
          "z": 0.831
        }
      },
      "players": [
        {
          "team": 1,
          "pos": {
            "x": 11.34,
            "y": -1.01
          }
        },
        {
          "team": 2,
          "pos": {
            "x": -14.23,
            "y": 3.23
          }
        }
      ]
    },
    {
      "time": 0.34,
      "ball": {
        "pos": {
          "x": -3.461,
          "y": 3.624,
          "z": 0.685
        }
      },
      "players": [
        {
          "team": 1,
          "pos": {
            "x": 11.35,
            "y": -1.03
          }
        },
        {
          "team": 2,
          "pos": {
            "x": -14.18,
            "y": 3.23
          }
        }
      ]
    },
    {
      "time": 0.36,
      "ball": {
        "pos": {
          "x": -4.186,
          "y": 3.87,
          "z": 0.536
        }
      },
      "players": [
        {
          "team": 1,
          "pos": {
            "x": 11.35,
            "y": -1.04
          }
        },
        {
          "team": 2,
          "pos": {
            "x": -14.16,
            "y": 3.25
          }
        }
      ]
    },
    {
      "time": 0.38,
      "ball": {
        "pos": {
          "x": -4.899,
          "y": 4.113,
          "z": 0.386
        }
      },
      "players": [
        {
          "team": 1,
          "pos": {
            "x": 11.34,
            "y": -1.04
          }
        },
        {
          "team": 2,
          "pos": {
            "x": -14.16,
            "y": 3.26
          }
        }
      ]
    },
    {
      "time": 0.4,
      "ball": {
        "pos": {
          "x": -5.602,
          "y": 4.352,
          "z": 0.234
        }
      },
      "players": [
        {
          "team": 1,
          "pos": {
            "x": 11.31,
            "y": -1.04
          }
        },
        {
          "team": 2,
          "pos": {
            "x": -14.15,
            "y": 3.27
          }
        }
      ]
    },
    {
      "time": 0.42,
      "ball": {
        "pos": {
          "x": -6.294,
          "y": 4.588,
          "z": 0.08
        }
      },
      "players": [
        {
          "team": 1,
          "pos": {
            "x": 11.28,
            "y": -1.05
          }
        },
        {
          "team": 2,
          "pos": {
            "x": -14.14,
            "y": 3.3
          }
        }
      ]
    },
    {
      "time": 0.426,
      "event": "bounce",
      "ball": {
        "pos": {
          "x": -6.516,
          "y": 4.663,
          "z": 0.031
        }
      },
      "players": [
        {
          "team": 1,
          "pos": {
            "x": 11.27,
            "y": -1.03
          }
        },
        {
          "team": 2,
          "pos": {
            "x": -14.15,
            "y": 3.27
          }
        }
      ]
    },
    {
      "time": 0.44,
      "ball": {
        "pos": {
          "x": -6.893,
          "y": 4.789,
          "z": 0.078
        }
      },
      "players": [
        {
          "team": 1,
          "pos": {
            "x": 11.25,
            "y": -1.03
          }
        },
        {
          "team": 2,
          "pos": {
            "x": -14.13,
            "y": 3.33
          }
        }
      ]
    },
    {
      "time": 0.46,
      "ball": {
        "pos": {
          "x": -7.409,
          "y": 4.96,
          "z": 0.204
        }
      },
      "players": [
        {
          "team": 1,
          "pos": {
            "x": 11.23,
            "y": -1.04
          }
        },
        {
          "team": 2,
          "pos": {
            "x": -14.13,
            "y": 3.37
          }
        }
      ]
    },
    {
      "time": 0.48,
      "ball": {
        "pos": {
          "x": -7.917,
          "y": 5.128,
          "z": 0.32
        }
      },
      "players": [
        {
          "team": 1,
          "pos": {
            "x": 11.21,
            "y": -1.02
          }
        },
        {
          "team": 2,
          "pos": {
            "x": -14.13,
            "y": 3.37
          }
        }
      ]
    },
    {
      "time": 0.5,
      "ball": {
        "pos": {
          "x": -8.417,
          "y": 5.293,
          "z": 0.427
        }
      },
      "players": [
        {
          "team": 1,
          "pos": {
            "x": 11.21,
            "y": -1.02
          }
        },
        {
          "team": 2,
          "pos": {
            "x": -14.13,
            "y": 3.37
          }
        }
      ]
    },
    {
      "time": 0.52,
      "ball": {
        "pos": {
          "x": -8.909,
          "y": 5.456,
          "z": 0.526
        }
      },
      "players": [
        {
          "team": 1,
          "pos": {
            "x": 11.21,
            "y": -1.02
          }
        },
        {
          "team": 2,
          "pos": {
            "x": -14.13,
            "y": 3.37
          }
        }
      ]
    },
    {
      "time": 0.54,
      "ball": {
        "pos": {
          "x": -9.394,
          "y": 5.616,
          "z": 0.616
        }
      },
      "players": [
        {
          "team": 1,
          "pos": {
            "x": 11.21,
            "y": -1.02
          }
        },
        {
          "team": 2,
          "pos": {
            "x": -14.13,
            "y": 3.37
          }
        }
      ]
    },
    {
      "time": 0.56,
      "ball": {
        "pos": {
          "x": -9.873,
          "y": 5.774,
          "z": 0.699
        }
      },
      "players": [
        {
          "team": 1,
          "pos": {
            "x": 11.21,
            "y": -1.02
          }
        },
        {
          "team": 2,
          "pos": {
            "x": -14.13,
            "y": 3.37
          }
        }
      ]
    },
    {
      "time": 0.58,
      "ball": {
        "pos": {
          "x": -10.346,
          "y": 5.931,
          "z": 0.774
        }
      },
      "players": [
        {
          "team": 1,
          "pos": {
            "x": 11.21,
            "y": -1.02
          }
        },
        {
          "team": 2,
          "pos": {
            "x": -14.13,
            "y": 3.37
          }
        }
      ]
    },
    {
      "time": 0.6,
      "ball": {
        "pos": {
          "x": -10.815,
          "y": 6.086,
          "z": 0.842
        }
      },
      "players": [
        {
          "team": 1,
          "pos": {
            "x": 11.21,
            "y": -1.02
          }
        },
        {
          "team": 2,
          "pos": {
            "x": -14.13,
            "y": 3.37
          }
        }
      ]
    },
    {
      "time": 0.62,
      "ball": {
        "pos": {
          "x": -11.279,
          "y": 6.239,
          "z": 0.903
        }
      },
      "players": [
        {
          "team": 1,
          "pos": {
            "x": 11.21,
            "y": -1.02
          }
        },
        {
          "team": 2,
          "pos": {
            "x": -14.13,
            "y": 3.37
          }
        }
      ]
    },
    {
      "time": 0.64,
      "ball": {
        "pos": {
          "x": -11.739,
          "y": 6.391,
          "z": 0.957
        }
      },
      "players": [
        {
          "team": 1,
          "pos": {
            "x": 11.21,
            "y": -1.02
          }
        },
        {
          "team": 2,
          "pos": {
            "x": -14.13,
            "y": 3.37
          }
        }
      ]
    },
    {
      "time": 0.66,
      "ball": {
        "pos": {
          "x": -12.197,
          "y": 6.542,
          "z": 1.005
        }
      },
      "players": [
        {
          "team": 1,
          "pos": {
            "x": 11.21,
            "y": -1.02
          }
        },
        {
          "team": 2,
          "pos": {
            "x": -14.13,
            "y": 3.37
          }
        }
      ]
    },
    {
      "time": 0.68,
      "ball": {
        "pos": {
          "x": -12.651,
          "y": 6.693,
          "z": 1.048
        }
      },
      "players": [
        {
          "team": 1,
          "pos": {
            "x": 11.21,
            "y": -1.02
          }
        },
        {
          "team": 2,
          "pos": {
            "x": -14.13,
            "y": 3.37
          }
        }
      ]
    },
    {
      "time": 0.7,
      "ball": {
        "pos": {
          "x": -13.105,
          "y": 6.843,
          "z": 1.085
        }
      },
      "players": [
        {
          "team": 1,
          "pos": {
            "x": 11.21,
            "y": -1.02
          }
        },
        {
          "team": 2,
          "pos": {
            "x": -14.13,
            "y": 3.37
          }
        }
      ]
    },
    {
      "time": 0.72,
      "ball": {
        "pos": {
          "x": -13.557,
          "y": 6.992,
          "z": 1.116
        }
      },
      "players": [
        {
          "team": 1,
          "pos": {
            "x": 11.21,
            "y": -1.02
          }
        },
        {
          "team": 2,
          "pos": {
            "x": -14.13,
            "y": 3.37
          }
        }
      ]
    },
    {
      "time": 0.74,
      "ball": {
        "pos": {
          "x": -14.008,
          "y": 7.141,
          "z": 1.143
        }
      },
      "players": [
        {
          "team": 1,
          "pos": {
            "x": 11.21,
            "y": -1.02
          }
        },
        {
          "team": 2,
          "pos": {
            "x": -14.13,
            "y": 3.37
          }
        }
      ]
    },
    {
      "time": 0.76,
      "ball": {
        "pos": {
          "x": -14.46,
          "y": 7.29,
          "z": 1.166
        }
      },
      "players": [
        {
          "team": 1,
          "pos": {
            "x": 11.21,
            "y": -1.02
          }
        },
        {
          "team": 2,
          "pos": {
            "x": -14.13,
            "y": 3.37
          }
        }
      ]
    },
    {
      "time": 0.78,
      "ball": {
        "pos": {
          "x": -14.912,
          "y": 7.44,
          "z": 1.185
        }
      },
      "players": [
        {
          "team": 1,
          "pos": {
            "x": 11.21,
            "y": -1.02
          }
        },
        {
          "team": 2,
          "pos": {
            "x": -14.13,
            "y": 3.37
          }
        }
      ]
    },
    {
      "time": 0.8,
      "ball": {
        "pos": {
          "x": -15.365,
          "y": 7.59,
          "z": 1.199
        }
      },
      "players": [
        {
          "team": 1,
          "pos": {
            "x": 11.21,
            "y": -1.02
          }
        },
        {
          "team": 2,
          "pos": {
            "x": -14.13,
            "y": 3.37
          }
        }
      ]
    },
    {
      "time": 0.82,
      "ball": {
        "pos": {
          "x": -15.821,
          "y": 7.74,
          "z": 1.211
        }
      },
      "players": [
        {
          "team": 1,
          "pos": {
            "x": 11.21,
            "y": -1.02
          }
        },
        {
          "team": 2,
          "pos": {
            "x": -14.13,
            "y": 3.37
          }
        }
      ]
    },
    {
      "time": 0.84,
      "ball": {
        "pos": {
          "x": -16.279,
          "y": 7.892,
          "z": 1.219
        }
      },
      "players": [
        {
          "team": 1,
          "pos": {
            "x": 11.21,
            "y": -1.02
          }
        },
        {
          "team": 2,
          "pos": {
            "x": -14.13,
            "y": 3.37
          }
        }
      ]
    },
    {
      "time": 0.85,
      "ball": {
        "pos": {
          "x": -16.499,
          "y": 7.964,
          "z": 1.222
        }
      },
      "players": [
        {
          "team": 1,
          "pos": {
            "x": 11.21,
            "y": -1.02
          }
        },
        {
          "team": 2,
          "pos": {
            "x": -14.13,
            "y": 3.37
          }
        }
      ]
    },
    {
      "time": 0.86,
      "players": [
        {
          "team": 1,
          "pos": {
            "x": 11.21,
            "y": -1.02
          }
        },
        {
          "team": 2,
          "pos": {
            "x": -14.13,
            "y": 3.37
          }
        }
      ]
    },
    {
      "time": 0.88,
      "players": [
        {
          "team": 1,
          "pos": {
            "x": 11.21,
            "y": -1.02
          }
        },
        {
          "team": 2,
          "pos": {
            "x": -14.13,
            "y": 3.37
          }
        }
      ]
    },
    {
      "time": 0.9,
      "players": [
        {
          "team": 1,
          "pos": {
            "x": 11.21,
            "y": -1.02
          }
        },
        {
          "team": 2,
          "pos": {
            "x": -14.13,
            "y": 3.37
          }
        }
      ]
    },
    {
      "time": 0.92,
      "players": [
        {
          "team": 1,
          "pos": {
            "x": 11.21,
            "y": -1.02
          }
        },
        {
          "team": 2,
          "pos": {
            "x": -14.13,
            "y": 3.37
          }
        }
      ]
    },
    {
      "time": 0.94,
      "players": [
        {
          "team": 1,
          "pos": {
            "x": 11.21,
            "y": -1.02
          }
        },
        {
          "team": 2,
          "pos": {
            "x": -14.13,
            "y": 3.37
          }
        }
      ]
    },
    {
      "time": 0.96,
      "players": [
        {
          "team": 1,
          "pos": {
            "x": 11.21,
            "y": -1.02
          }
        },
        {
          "team": 2,
          "pos": {
            "x": -14.13,
            "y": 3.37
          }
        }
      ]
    },
    {
      "time": 0.98,
      "players": [
        {
          "team": 1,
          "pos": {
            "x": 11.21,
            "y": -1.02
          }
        },
        {
          "team": 2,
          "pos": {
            "x": -14.13,
            "y": 3.37
          }
        }
      ]
    },
    {
      "time": 1.0,
      "players": [
        {
          "team": 1,
          "pos": {
            "x": 11.21,
            "y": -1.02
          }
        },
        {
          "team": 2,
          "pos": {
            "x": -14.13,
            "y": 3.37
          }
        }
      ]
    },
    {
      "time": 1.02,
      "players": [
        {
          "team": 1,
          "pos": {
            "x": 11.21,
            "y": -1.02
          }
        },
        {
          "team": 2,
          "pos": {
            "x": -14.13,
            "y": 3.37
          }
        }
      ]
    },
    {
      "time": 1.04,
      "players": [
        {
          "team": 1,
          "pos": {
            "x": 11.21,
            "y": -1.02
          }
        },
        {
          "team": 2,
          "pos": {
            "x": -14.13,
            "y": 3.37
          }
        }
      ]
    },
    {
      "time": 1.06,
      "players": [
        {
          "team": 1,
          "pos": {
            "x": 11.21,
            "y": -1.02
          }
        },
        {
          "team": 2,
          "pos": {
            "x": -14.13,
            "y": 3.37
          }
        }
      ]
    },
    {
      "time": 1.08,
      "players": [
        {
          "team": 1,
          "pos": {
            "x": 11.21,
            "y": -1.02
          }
        },
        {
          "team": 2,
          "pos": {
            "x": -14.13,
            "y": 3.37
          }
        }
      ]
    },
    {
      "time": 1.1,
      "players": [
        {
          "team": 1,
          "pos": {
            "x": 11.21,
            "y": -1.02
          }
        },
        {
          "team": 2,
          "pos": {
            "x": -14.13,
            "y": 3.37
          }
        }
      ]
    },
    {
      "time": 1.12,
      "players": [
        {
          "team": 1,
          "pos": {
            "x": 11.21,
            "y": -1.02
          }
        },
        {
          "team": 2,
          "pos": {
            "x": -14.13,
            "y": 3.37
          }
        }
      ]
    },
    {
      "time": 1.14,
      "players": [
        {
          "team": 1,
          "pos": {
            "x": 11.21,
            "y": -1.02
          }
        },
        {
          "team": 2,
          "pos": {
            "x": -14.13,
            "y": 3.37
          }
        }
      ]
    },
    {
      "time": 1.16,
      "players": [
        {
          "team": 1,
          "pos": {
            "x": 11.21,
            "y": -1.02
          }
        },
        {
          "team": 2,
          "pos": {
            "x": -14.13,
            "y": 3.37
          }
        }
      ]
    },
    {
      "time": 1.18,
      "players": [
        {
          "team": 1,
          "pos": {
            "x": 11.21,
            "y": -1.02
          }
        },
        {
          "team": 2,
          "pos": {
            "x": -14.13,
            "y": 3.37
          }
        }
      ]
    },
    {
      "time": 1.2,
      "players": [
        {
          "team": 1,
          "pos": {
            "x": 11.21,
            "y": -1.02
          }
        },
        {
          "team": 2,
          "pos": {
            "x": -14.13,
            "y": 3.37
          }
        }
      ]
    },
    {
      "time": 1.22,
      "players": [
        {
          "team": 1,
          "pos": {
            "x": 11.21,
            "y": -1.02
          }
        },
        {
          "team": 2,
          "pos": {
            "x": -14.13,
            "y": 3.37
          }
        }
      ]
    },
    {
      "time": 1.24,
      "players": [
        {
          "team": 1,
          "pos": {
            "x": 11.21,
            "y": -1.02
          }
        },
        {
          "team": 2,
          "pos": {
            "x": -14.13,
            "y": 3.37
          }
        }
      ]
    },
    {
      "time": 1.26,
      "players": [
        {
          "team": 1,
          "pos": {
            "x": 11.21,
            "y": -1.02
          }
        },
        {
          "team": 2,
          "pos": {
            "x": -14.13,
            "y": 3.37
          }
        }
      ]
    },
    {
      "time": 1.28,
      "players": [
        {
          "team": 1,
          "pos": {
            "x": 11.21,
            "y": -1.02
          }
        },
        {
          "team": 2,
          "pos": {
            "x": -14.13,
            "y": 3.37
          }
        }
      ]
    },
    {
      "time": 1.3,
      "players": [
        {
          "team": 1,
          "pos": {
            "x": 11.21,
            "y": -1.02
          }
        },
        {
          "team": 2,
          "pos": {
            "x": -14.13,
            "y": 3.37
          }
        }
      ]
    },
    {
      "time": 1.32,
      "players": [
        {
          "team": 1,
          "pos": {
            "x": 11.21,
            "y": -1.02
          }
        },
        {
          "team": 2,
          "pos": {
            "x": -14.13,
            "y": 3.37
          }
        }
      ]
    },
    {
      "time": 1.34,
      "players": [
        {
          "team": 1,
          "pos": {
            "x": 11.21,
            "y": -1.02
          }
        },
        {
          "team": 2,
          "pos": {
            "x": -14.13,
            "y": 3.37
          }
        }
      ]
    },
    {
      "time": 1.36,
      "players": [
        {
          "team": 1,
          "pos": {
            "x": 11.21,
            "y": -1.02
          }
        },
        {
          "team": 2,
          "pos": {
            "x": -14.13,
            "y": 3.37
          }
        }
      ]
    },
    {
      "time": 1.38,
      "players": [
        {
          "team": 1,
          "pos": {
            "x": 11.21,
            "y": -1.02
          }
        },
        {
          "team": 2,
          "pos": {
            "x": -14.13,
            "y": 3.37
          }
        }
      ]
    },
    {
      "time": 1.4,
      "players": [
        {
          "team": 1,
          "pos": {
            "x": 11.21,
            "y": -1.02
          }
        },
        {
          "team": 2,
          "pos": {
            "x": -14.13,
            "y": 3.37
          }
        }
      ]
    },
    {
      "time": 1.42,
      "players": [
        {
          "team": 1,
          "pos": {
            "x": 11.21,
            "y": -1.02
          }
        },
        {
          "team": 2,
          "pos": {
            "x": -14.13,
            "y": 3.37
          }
        }
      ]
    },
    {
      "time": 1.44,
      "players": [
        {
          "team": 1,
          "pos": {
            "x": 11.21,
            "y": -1.02
          }
        },
        {
          "team": 2,
          "pos": {
            "x": -14.13,
            "y": 3.37
          }
        }
      ]
    },
    {
      "time": 1.46,
      "players": [
        {
          "team": 1,
          "pos": {
            "x": 11.21,
            "y": -1.02
          }
        },
        {
          "team": 2,
          "pos": {
            "x": -14.13,
            "y": 3.37
          }
        }
      ]
    },
    {
      "time": 1.48,
      "players": [
        {
          "team": 1,
          "pos": {
            "x": 11.21,
            "y": -1.02
          }
        },
        {
          "team": 2,
          "pos": {
            "x": -14.13,
            "y": 3.37
          }
        }
      ]
    },
    {
      "time": 1.5,
      "players": [
        {
          "team": 1,
          "pos": {
            "x": 11.21,
            "y": -1.02
          }
        },
        {
          "team": 2,
          "pos": {
            "x": -14.13,
            "y": 3.37
          }
        }
      ]
    },
    {
      "time": 1.52,
      "players": [
        {
          "team": 1,
          "pos": {
            "x": 11.21,
            "y": -1.02
          }
        },
        {
          "team": 2,
          "pos": {
            "x": -14.13,
            "y": 3.37
          }
        }
      ]
    },
    {
      "time": 1.54,
      "players": [
        {
          "team": 1,
          "pos": {
            "x": 11.21,
            "y": -1.02
          }
        },
        {
          "team": 2,
          "pos": {
            "x": -14.13,
            "y": 3.37
          }
        }
      ]
    },
    {
      "time": 1.56,
      "players": [
        {
          "team": 1,
          "pos": {
            "x": 11.21,
            "y": -1.02
          }
        },
        {
          "team": 2,
          "pos": {
            "x": -14.13,
            "y": 3.37
          }
        }
      ]
    },
    {
      "time": 1.58,
      "players": [
        {
          "team": 1,
          "pos": {
            "x": 11.21,
            "y": -1.02
          }
        },
        {
          "team": 2,
          "pos": {
            "x": -14.13,
            "y": 3.37
          }
        }
      ]
    },
    {
      "time": 1.6,
      "players": [
        {
          "team": 1,
          "pos": {
            "x": 11.21,
            "y": -1.02
          }
        },
        {
          "team": 2,
          "pos": {
            "x": -14.13,
            "y": 3.37
          }
        }
      ]
    },
    {
      "time": 1.62,
      "players": [
        {
          "team": 1,
          "pos": {
            "x": 11.21,
            "y": -1.02
          }
        },
        {
          "team": 2,
          "pos": {
            "x": -14.13,
            "y": 3.37
          }
        }
      ]
    },
    {
      "time": 1.64,
      "players": [
        {
          "team": 1,
          "pos": {
            "x": 11.21,
            "y": -1.02
          }
        },
        {
          "team": 2,
          "pos": {
            "x": -14.13,
            "y": 3.37
          }
        }
      ]
    },
    {
      "time": 1.66,
      "players": [
        {
          "team": 1,
          "pos": {
            "x": 11.21,
            "y": -1.02
          }
        },
        {
          "team": 2,
          "pos": {
            "x": -14.13,
            "y": 3.37
          }
        }
      ]
    },
    {
      "time": 1.68,
      "players": [
        {
          "team": 1,
          "pos": {
            "x": 11.21,
            "y": -1.02
          }
        },
        {
          "team": 2,
          "pos": {
            "x": -14.13,
            "y": 3.37
          }
        }
      ]
    },
    {
      "time": 1.7,
      "players": [
        {
          "team": 1,
          "pos": {
            "x": 11.21,
            "y": -1.02
          }
        },
        {
          "team": 2,
          "pos": {
            "x": -14.13,
            "y": 3.37
          }
        }
      ]
    },
    {
      "time": 1.72,
      "players": [
        {
          "team": 1,
          "pos": {
            "x": 11.21,
            "y": -1.02
          }
        },
        {
          "team": 2,
          "pos": {
            "x": -14.13,
            "y": 3.37
          }
        }
      ]
    },
    {
      "time": 1.74,
      "players": [
        {
          "team": 1,
          "pos": {
            "x": 11.21,
            "y": -1.02
          }
        },
        {
          "team": 2,
          "pos": {
            "x": -14.13,
            "y": 3.37
          }
        }
      ]
    },
    {
      "time": 1.76,
      "players": [
        {
          "team": 1,
          "pos": {
            "x": 11.21,
            "y": -1.02
          }
        },
        {
          "team": 2,
          "pos": {
            "x": -14.13,
            "y": 3.37
          }
        }
      ]
    },
    {
      "time": 1.78,
      "players": [
        {
          "team": 1,
          "pos": {
            "x": 11.21,
            "y": -1.02
          }
        },
        {
          "team": 2,
          "pos": {
            "x": -14.13,
            "y": 3.37
          }
        }
      ]
    },
    {
      "time": 1.8,
      "players": [
        {
          "team": 1,
          "pos": {
            "x": 11.21,
            "y": -1.02
          }
        },
        {
          "team": 2,
          "pos": {
            "x": -14.13,
            "y": 3.37
          }
        }
      ]
    },
    {
      "time": 1.82,
      "players": [
        {
          "team": 1,
          "pos": {
            "x": 11.21,
            "y": -1.02
          }
        },
        {
          "team": 2,
          "pos": {
            "x": -14.13,
            "y": 3.37
          }
        }
      ]
    },
    {
      "time": 1.84,
      "players": [
        {
          "team": 1,
          "pos": {
            "x": 11.21,
            "y": -1.02
          }
        },
        {
          "team": 2,
          "pos": {
            "x": -14.13,
            "y": 3.37
          }
        }
      ]
    },
    {
      "time": 1.86,
      "players": [
        {
          "team": 1,
          "pos": {
            "x": 11.21,
            "y": -1.02
          }
        },
        {
          "team": 2,
          "pos": {
            "x": -14.13,
            "y": 3.37
          }
        }
      ]
    },
    {
      "time": 1.88,
      "players": [
        {
          "team": 1,
          "pos": {
            "x": 11.21,
            "y": -1.02
          }
        },
        {
          "team": 2,
          "pos": {
            "x": -14.13,
            "y": 3.37
          }
        }
      ]
    },
    {
      "time": 1.9,
      "players": [
        {
          "team": 1,
          "pos": {
            "x": 11.21,
            "y": -1.02
          }
        },
        {
          "team": 2,
          "pos": {
            "x": -14.13,
            "y": 3.37
          }
        }
      ]
    },
    {
      "time": 1.92,
      "players": [
        {
          "team": 1,
          "pos": {
            "x": 11.21,
            "y": -1.02
          }
        },
        {
          "team": 2,
          "pos": {
            "x": -14.13,
            "y": 3.37
          }
        }
      ]
    },
    {
      "time": 1.94,
      "players": [
        {
          "team": 1,
          "pos": {
            "x": 11.21,
            "y": -1.02
          }
        },
        {
          "team": 2,
          "pos": {
            "x": -14.13,
            "y": 3.37
          }
        }
      ]
    },
    {
      "time": 1.96,
      "players": [
        {
          "team": 1,
          "pos": {
            "x": 11.21,
            "y": -1.02
          }
        },
        {
          "team": 2,
          "pos": {
            "x": -14.13,
            "y": 3.37
          }
        }
      ]
    },
    {
      "time": 1.98,
      "players": [
        {
          "team": 1,
          "pos": {
            "x": 11.21,
            "y": -1.02
          }
        },
        {
          "team": 2,
          "pos": {
            "x": -14.13,
            "y": 3.37
          }
        }
      ]
    },
    {
      "time": 2.0,
      "players": [
        {
          "team": 1,
          "pos": {
            "x": 11.21,
            "y": -1.02
          }
        },
        {
          "team": 2,
          "pos": {
            "x": -14.13,
            "y": 3.37
          }
        }
      ]
    },
    {
      "time": 2.02,
      "players": [
        {
          "team": 1,
          "pos": {
            "x": 11.21,
            "y": -1.02
          }
        },
        {
          "team": 2,
          "pos": {
            "x": -14.13,
            "y": 3.37
          }
        }
      ]
    },
    {
      "time": 2.04,
      "players": [
        {
          "team": 1,
          "pos": {
            "x": 11.21,
            "y": -1.02
          }
        },
        {
          "team": 2,
          "pos": {
            "x": -14.13,
            "y": 3.37
          }
        }
      ]
    },
    {
      "time": 2.06,
      "players": [
        {
          "team": 1,
          "pos": {
            "x": 11.21,
            "y": -1.02
          }
        },
        {
          "team": 2,
          "pos": {
            "x": -14.13,
            "y": 3.37
          }
        }
      ]
    },
    {
      "time": 2.08,
      "players": [
        {
          "team": 1,
          "pos": {
            "x": 11.21,
            "y": -1.02
          }
        },
        {
          "team": 2,
          "pos": {
            "x": -14.13,
            "y": 3.37
          }
        }
      ]
    },
    {
      "time": 2.1,
      "players": [
        {
          "team": 1,
          "pos": {
            "x": 11.21,
            "y": -1.02
          }
        },
        {
          "team": 2,
          "pos": {
            "x": -14.13,
            "y": 3.37
          }
        }
      ]
    },
    {
      "time": 2.12,
      "players": [
        {
          "team": 1,
          "pos": {
            "x": 11.21,
            "y": -1.02
          }
        },
        {
          "team": 2,
          "pos": {
            "x": -14.13,
            "y": 3.37
          }
        }
      ]
    },
    {
      "time": 2.14,
      "players": [
        {
          "team": 1,
          "pos": {
            "x": 11.21,
            "y": -1.02
          }
        },
        {
          "team": 2,
          "pos": {
            "x": -14.13,
            "y": 3.37
          }
        }
      ]
    },
    {
      "time": 2.16,
      "players": [
        {
          "team": 1,
          "pos": {
            "x": 11.21,
            "y": -1.02
          }
        },
        {
          "team": 2,
          "pos": {
            "x": -14.13,
            "y": 3.37
          }
        }
      ]
    },
    {
      "time": 2.18,
      "players": [
        {
          "team": 1,
          "pos": {
            "x": 11.21,
            "y": -1.02
          }
        },
        {
          "team": 2,
          "pos": {
            "x": -14.13,
            "y": 3.37
          }
        }
      ]
    },
    {
      "time": 2.2,
      "players": [
        {
          "team": 1,
          "pos": {
            "x": 11.21,
            "y": -1.02
          }
        },
        {
          "team": 2,
          "pos": {
            "x": -14.13,
            "y": 3.37
          }
        }
      ]
    },
    {
      "time": 2.22,
      "players": [
        {
          "team": 1,
          "pos": {
            "x": 11.21,
            "y": -1.02
          }
        },
        {
          "team": 2,
          "pos": {
            "x": -14.13,
            "y": 3.37
          }
        }
      ]
    },
    {
      "time": 2.24,
      "players": [
        {
          "team": 1,
          "pos": {
            "x": 11.21,
            "y": -1.02
          }
        },
        {
          "team": 2,
          "pos": {
            "x": -14.13,
            "y": 3.37
          }
        }
      ]
    },
    {
      "time": 2.26,
      "players": [
        {
          "team": 1,
          "pos": {
            "x": 11.21,
            "y": -1.02
          }
        },
        {
          "team": 2,
          "pos": {
            "x": -14.13,
            "y": 3.37
          }
        }
      ]
    },
    {
      "time": 2.28,
      "players": [
        {
          "team": 1,
          "pos": {
            "x": 11.21,
            "y": -1.02
          }
        },
        {
          "team": 2,
          "pos": {
            "x": -14.13,
            "y": 3.37
          }
        }
      ]
    },
    {
      "time": 2.3,
      "players": [
        {
          "team": 1,
          "pos": {
            "x": 11.21,
            "y": -1.02
          }
        },
        {
          "team": 2,
          "pos": {
            "x": -14.13,
            "y": 3.37
          }
        }
      ]
    },
    {
      "time": 2.32,
      "players": [
        {
          "team": 1,
          "pos": {
            "x": 11.21,
            "y": -1.02
          }
        },
        {
          "team": 2,
          "pos": {
            "x": -14.13,
            "y": 3.37
          }
        }
      ]
    },
    {
      "time": 2.34,
      "players": [
        {
          "team": 1,
          "pos": {
            "x": 11.21,
            "y": -1.02
          }
        },
        {
          "team": 2,
          "pos": {
            "x": -14.13,
            "y": 3.37
          }
        }
      ]
    },
    {
      "time": 2.36,
      "players": [
        {
          "team": 1,
          "pos": {
            "x": 11.21,
            "y": -1.02
          }
        },
        {
          "team": 2,
          "pos": {
            "x": -14.13,
            "y": 3.37
          }
        }
      ]
    },
    {
      "time": 2.38,
      "players": [
        {
          "team": 1,
          "pos": {
            "x": 11.21,
            "y": -1.02
          }
        },
        {
          "team": 2,
          "pos": {
            "x": -14.13,
            "y": 3.37
          }
        }
      ]
    },
    {
      "time": 2.4,
      "players": [
        {
          "team": 1,
          "pos": {
            "x": 11.21,
            "y": -1.02
          }
        },
        {
          "team": 2,
          "pos": {
            "x": -14.13,
            "y": 3.37
          }
        }
      ]
    },
    {
      "time": 2.42,
      "players": [
        {
          "team": 1,
          "pos": {
            "x": 11.21,
            "y": -1.02
          }
        },
        {
          "team": 2,
          "pos": {
            "x": -14.13,
            "y": 3.37
          }
        }
      ]
    },
    {
      "time": 2.44,
      "players": [
        {
          "team": 1,
          "pos": {
            "x": 11.21,
            "y": -1.02
          }
        },
        {
          "team": 2,
          "pos": {
            "x": -14.13,
            "y": 3.37
          }
        }
      ]
    },
    {
      "time": 2.46,
      "players": [
        {
          "team": 1,
          "pos": {
            "x": 11.21,
            "y": -1.02
          }
        },
        {
          "team": 2,
          "pos": {
            "x": -14.13,
            "y": 3.37
          }
        }
      ]
    },
    {
      "time": 2.48,
      "players": [
        {
          "team": 1,
          "pos": {
            "x": 11.21,
            "y": -1.02
          }
        },
        {
          "team": 2,
          "pos": {
            "x": -14.13,
            "y": 3.37
          }
        }
      ]
    },
    {
      "time": 2.5,
      "players": [
        {
          "team": 1,
          "pos": {
            "x": 11.21,
            "y": -1.02
          }
        },
        {
          "team": 2,
          "pos": {
            "x": -14.13,
            "y": 3.37
          }
        }
      ]
    },
    {
      "time": 2.52,
      "players": [
        {
          "team": 1,
          "pos": {
            "x": 11.21,
            "y": -1.02
          }
        },
        {
          "team": 2,
          "pos": {
            "x": -14.13,
            "y": 3.37
          }
        }
      ]
    },
    {
      "time": 2.54,
      "players": [
        {
          "team": 1,
          "pos": {
            "x": 11.21,
            "y": -1.02
          }
        },
        {
          "team": 2,
          "pos": {
            "x": -14.13,
            "y": 3.37
          }
        }
      ]
    },
    {
      "time": 2.56,
      "players": [
        {
          "team": 1,
          "pos": {
            "x": 11.21,
            "y": -1.02
          }
        },
        {
          "team": 2,
          "pos": {
            "x": -14.13,
            "y": 3.37
          }
        }
      ]
    },
    {
      "time": 2.58,
      "players": [
        {
          "team": 1,
          "pos": {
            "x": 11.21,
            "y": -1.02
          }
        },
        {
          "team": 2,
          "pos": {
            "x": -14.13,
            "y": 3.37
          }
        }
      ]
    },
    {
      "time": 2.6,
      "players": [
        {
          "team": 1,
          "pos": {
            "x": 11.21,
            "y": -1.02
          }
        },
        {
          "team": 2,
          "pos": {
            "x": -14.13,
            "y": 3.37
          }
        }
      ]
    },
    {
      "time": 2.62,
      "players": [
        {
          "team": 1,
          "pos": {
            "x": 11.21,
            "y": -1.02
          }
        },
        {
          "team": 2,
          "pos": {
            "x": -14.13,
            "y": 3.37
          }
        }
      ]
    },
    {
      "time": 2.64,
      "players": [
        {
          "team": 1,
          "pos": {
            "x": 11.21,
            "y": -1.02
          }
        },
        {
          "team": 2,
          "pos": {
            "x": -14.13,
            "y": 3.37
          }
        }
      ]
    },
    {
      "time": 2.66,
      "players": [
        {
          "team": 1,
          "pos": {
            "x": 11.21,
            "y": -1.02
          }
        },
        {
          "team": 2,
          "pos": {
            "x": -14.13,
            "y": 3.37
          }
        }
      ]
    },
    {
      "time": 2.68,
      "players": [
        {
          "team": 1,
          "pos": {
            "x": 11.21,
            "y": -1.02
          }
        },
        {
          "team": 2,
          "pos": {
            "x": -14.13,
            "y": 3.37
          }
        }
      ]
    },
    {
      "time": 2.7,
      "players": [
        {
          "team": 1,
          "pos": {
            "x": 11.21,
            "y": -1.02
          }
        },
        {
          "team": 2,
          "pos": {
            "x": -14.13,
            "y": 3.37
          }
        }
      ]
    },
    {
      "time": 2.72,
      "players": [
        {
          "team": 1,
          "pos": {
            "x": 11.21,
            "y": -1.02
          }
        },
        {
          "team": 2,
          "pos": {
            "x": -14.13,
            "y": 3.37
          }
        }
      ]
    },
    {
      "time": 2.74,
      "players": [
        {
          "team": 1,
          "pos": {
            "x": 11.21,
            "y": -1.02
          }
        },
        {
          "team": 2,
          "pos": {
            "x": -14.13,
            "y": 3.37
          }
        }
      ]
    },
    {
      "time": 2.76,
      "players": [
        {
          "team": 1,
          "pos": {
            "x": 11.21,
            "y": -1.02
          }
        },
        {
          "team": 2,
          "pos": {
            "x": -14.13,
            "y": 3.37
          }
        }
      ]
    },
    {
      "time": 2.78,
      "players": [
        {
          "team": 1,
          "pos": {
            "x": 11.21,
            "y": -1.02
          }
        },
        {
          "team": 2,
          "pos": {
            "x": -14.13,
            "y": 3.37
          }
        }
      ]
    },
    {
      "time": 2.8,
      "players": [
        {
          "team": 1,
          "pos": {
            "x": 11.21,
            "y": -1.02
          }
        },
        {
          "team": 2,
          "pos": {
            "x": -14.13,
            "y": 3.37
          }
        }
      ]
    },
    {
      "time": 2.82,
      "players": [
        {
          "team": 1,
          "pos": {
            "x": 11.21,
            "y": -1.02
          }
        },
        {
          "team": 2,
          "pos": {
            "x": -14.13,
            "y": 3.37
          }
        }
      ]
    },
    {
      "time": 2.84,
      "players": [
        {
          "team": 1,
          "pos": {
            "x": 11.21,
            "y": -1.02
          }
        },
        {
          "team": 2,
          "pos": {
            "x": -14.13,
            "y": 3.37
          }
        }
      ]
    },
    {
      "time": 2.86,
      "players": [
        {
          "team": 1,
          "pos": {
            "x": 11.21,
            "y": -1.02
          }
        },
        {
          "team": 2,
          "pos": {
            "x": -14.13,
            "y": 3.37
          }
        }
      ]
    },
    {
      "time": 2.88,
      "players": [
        {
          "team": 1,
          "pos": {
            "x": 11.21,
            "y": -1.02
          }
        },
        {
          "team": 2,
          "pos": {
            "x": -14.13,
            "y": 3.37
          }
        }
      ]
    },
    {
      "time": 2.9,
      "players": [
        {
          "team": 1,
          "pos": {
            "x": 11.21,
            "y": -1.02
          }
        },
        {
          "team": 2,
          "pos": {
            "x": -14.13,
            "y": 3.37
          }
        }
      ]
    },
    {
      "time": 2.92,
      "players": [
        {
          "team": 1,
          "pos": {
            "x": 11.21,
            "y": -1.02
          }
        },
        {
          "team": 2,
          "pos": {
            "x": -14.13,
            "y": 3.37
          }
        }
      ]
    },
    {
      "time": 2.94,
      "players": [
        {
          "team": 1,
          "pos": {
            "x": 11.21,
            "y": -1.02
          }
        },
        {
          "team": 2,
          "pos": {
            "x": -14.13,
            "y": 3.37
          }
        }
      ]
    },
    {
      "time": 2.96,
      "players": [
        {
          "team": 1,
          "pos": {
            "x": 11.21,
            "y": -1.02
          }
        },
        {
          "team": 2,
          "pos": {
            "x": -14.13,
            "y": 3.37
          }
        }
      ]
    },
    {
      "time": 2.98,
      "players": [
        {
          "team": 1,
          "pos": {
            "x": 11.21,
            "y": -1.02
          }
        },
        {
          "team": 2,
          "pos": {
            "x": -14.13,
            "y": 3.37
          }
        }
      ]
    },
    {
      "time": 3.0,
      "players": [
        {
          "team": 1,
          "pos": {
            "x": 11.21,
            "y": -1.02
          }
        },
        {
          "team": 2,
          "pos": {
            "x": -14.13,
            "y": 3.37
          }
        }
      ]
    },
    {
      "time": 3.02,
      "players": [
        {
          "team": 1,
          "pos": {
            "x": 11.21,
            "y": -1.02
          }
        },
        {
          "team": 2,
          "pos": {
            "x": -14.13,
            "y": 3.37
          }
        }
      ]
    },
    {
      "time": 3.04,
      "players": [
        {
          "team": 1,
          "pos": {
            "x": 11.21,
            "y": -1.02
          }
        },
        {
          "team": 2,
          "pos": {
            "x": -14.13,
            "y": 3.37
          }
        }
      ]
    },
    {
      "time": 3.06,
      "players": [
        {
          "team": 1,
          "pos": {
            "x": 11.21,
            "y": -1.02
          }
        },
        {
          "team": 2,
          "pos": {
            "x": -14.13,
            "y": 3.37
          }
        }
      ]
    },
    {
      "time": 3.08,
      "players": [
        {
          "team": 1,
          "pos": {
            "x": 11.21,
            "y": -1.02
          }
        },
        {
          "team": 2,
          "pos": {
            "x": -14.13,
            "y": 3.37
          }
        }
      ]
    },
    {
      "time": 3.1,
      "players": [
        {
          "team": 1,
          "pos": {
            "x": 11.21,
            "y": -1.02
          }
        },
        {
          "team": 2,
          "pos": {
            "x": -14.13,
            "y": 3.37
          }
        }
      ]
    }
  ]
}